timestamp,site
2014-01-29 08:13:58,office14client.microsoft.com
2014-01-29 08:13:58,office.microsoft.com
2014-01-29 08:14:00,office.microsoft.com
2014-01-29 08:14:01,office.microsoft.com
2014-01-29 08:15:20,go.microsoft.com
2014-01-29 08:15:21,windows.microsoft.com
2014-01-29 08:15:21,ajax.microsoft.com
2014-01-29 08:15:21,res2.windows.microsoft.com
2014-01-29 08:15:21,res1.windows.microsoft.com
2014-01-29 08:15:21,js.microsoft.com
2014-01-29 08:15:25,www.bing.com
2014-01-29 08:16:38,ieonline.microsoft.com
2014-01-29 09:04:51,www.bing.com
2014-01-29 09:04:52,www.bing.com
2014-01-29 09:04:53,www.bing.com
2014-01-29 09:04:54,www.bing.com
2014-01-29 09:04:54,cms.abmr.net
2014-01-29 09:05:02,www.bing.com
2014-01-29 09:05:03,www.bing.com
2014-01-29 09:05:03,login.live.com
2014-01-29 09:05:04,ginoux.univ-tln.fr
2014-01-29 09:16:43,www.google.fr
2014-01-29 09:16:55,www.google.fr
2014-01-29 09:16:58,www.google.com
2014-01-29 09:16:58,apis.google.com
2014-01-29 09:17:02,login.wikimedia.org
2014-01-29 09:17:02,fr.wikipedia.org
2014-01-29 09:17:02,www.google.com
2014-01-29 09:17:02,apis.google.com
2014-01-29 09:17:02,bits.wikimedia.org
2014-01-29 09:17:02,www.google.fr
2014-01-29 09:17:03,bits.wikimedia.org
2014-01-29 09:17:04,fr.wikipedia.org
2014-01-29 09:17:04,bits.wikimedia.org
2014-01-29 09:17:04,meta.wikimedia.org
2014-01-29 09:17:05,bits.wikimedia.org
2014-01-29 09:52:46,www.bing.com
2014-01-29 09:52:47,www.bing.com
2014-01-29 09:52:48,www.bing.com
2014-01-29 09:52:52,www.bing.com
2014-01-29 09:52:52,fr.wikipedia.org
2014-01-29 09:52:52,meta.wikimedia.org
2014-01-29 09:52:52,bits.wikimedia.org
2014-01-29 09:52:58,login.live.com
2014-01-29 09:53:32,bits.wikimedia.org
2014-01-29 09:53:32,meta.wikimedia.org
2014-01-29 09:53:32,fr.wikipedia.org
2014-01-29 09:53:33,meta.wikimedia.org
2014-01-29 10:04:55,www.bing.com
2014-01-29 10:04:57,www.bing.com
2014-01-29 10:04:57,login.live.com
2014-02-26 08:05:05,api.bing.com
2014-02-26 08:05:08,api.bing.com
2014-02-26 08:05:09,www.bing.com
2014-02-26 08:05:10,www.bing.com
2014-02-26 08:05:11,login.live.com
2014-02-26 08:05:11,cms.abmr.net
2014-02-26 08:05:11,www.bing.com
2014-02-26 08:05:53,player.vimeo.com
2014-02-26 08:05:54,fpdownload2.macromedia.com
2014-02-26 08:06:45,ad.foxitsoftware.com
2014-02-26 08:06:45,pis.foxitsoftware.com
2014-02-26 08:08:59,javadl-esd.sun.com
2014-02-26 08:09:00,javadl-esd.sun.com
2014-02-26 08:23:31,www.bing.com
2014-02-26 08:23:32,www.bing.com
2014-02-26 08:23:34,www.bing.com
2014-02-26 08:23:45,login.live.com
2014-02-26 08:45:46,www.bing.com
2014-02-26 08:45:47,www.bing.com
2014-02-26 08:45:48,ts1.mm.bing.net
2014-02-26 08:45:48,ts3.mm.bing.net
2014-02-26 08:45:48,ts4.mm.bing.net
2014-02-26 08:45:48,www.bing.com
2014-02-26 08:45:49,ts1.mm.bing.net
2014-02-26 08:45:49,ts3.explicit.bing.net
2014-02-26 08:45:49,ts4.mm.bing.net
2014-02-26 08:45:49,www.bing.com
2014-02-26 08:45:49,ts2.mm.bing.net
2014-02-26 08:45:49,ts3.mm.bing.net
2014-02-26 08:45:50,www.bing.com
2014-02-26 08:45:50,ts1.mm.bing.net
2014-02-26 08:45:50,ts4.mm.bing.net
2014-02-26 08:45:50,ts2.mm.bing.net
2014-02-26 08:45:50,geniorama.com
2014-02-26 08:45:50,ts3.mm.bing.net
2014-02-26 08:45:51,ts2.mm.bing.net
2014-02-26 08:45:51,ts4.mm.bing.net
2014-02-26 08:45:51,www.bing.com
2014-02-26 08:45:51,ts1.mm.bing.net
2014-02-26 08:45:51,ts3.mm.bing.net
2014-02-26 08:45:52,ts3.mm.bing.net
2014-02-26 08:45:52,ts2.mm.bing.net
2014-02-26 08:45:52,www.bing.com
2014-02-26 08:45:52,ts1.mm.bing.net
2014-02-26 08:45:52,ts4.mm.bing.net
2014-02-26 08:45:53,ts1.mm.bing.net
2014-02-26 08:45:53,ts3.mm.bing.net
2014-02-26 08:45:53,www.bing.com
2014-02-26 08:45:53,ts2.mm.bing.net
2014-02-26 08:45:53,ts4.mm.bing.net
2014-02-26 08:45:53,ts2.explicit.bing.net
2014-02-26 08:45:54,www.bing.com
2014-02-26 08:45:54,www.lagribouille.com
2014-02-26 08:45:54,ts1.mm.bing.net
2014-02-26 08:45:54,ts3.mm.bing.net
2014-02-26 08:45:54,arpc167.epfl.ch
2014-02-26 08:45:54,ts4.mm.bing.net
2014-02-26 08:45:54,f.hypotheses.org
2014-02-26 08:45:54,ts2.mm.bing.net
2014-02-26 08:45:55,lelivrescolaire.fr
2014-02-26 08:45:55,lenversdelacaverne.unblog.fr
2014-02-26 08:45:55,halmape.files.wordpress.com
2014-02-26 08:45:55,ts1.mm.bing.net
2014-02-26 08:45:55,ts4.mm.bing.net
2014-02-26 08:45:55,ecriturecreative.files.wordpress.com
2014-02-26 08:45:55,ts2.mm.bing.net
2014-02-26 08:45:55,www.bing.com
2014-02-26 08:45:56,ts3.mm.bing.net
2014-02-26 08:45:56,ts1.mm.bing.net
2014-02-26 08:45:56,ts2.mm.bing.net
2014-02-26 08:45:56,ts4.mm.bing.net
2014-02-26 08:45:56,www.bing.com
2014-02-26 08:45:57,ts4.mm.bing.net
2014-02-26 08:45:57,www.etlaqualite.com
2014-02-26 08:45:57,ts1.mm.bing.net
2014-02-26 08:45:57,ts3.mm.bing.net
2014-02-26 08:45:57,www.bing.com
2014-02-26 08:45:57,www.passion-estampes.com
2014-02-26 08:45:58,ts2.mm.bing.net
2014-02-26 08:45:58,ts1.mm.bing.net
2014-02-26 08:45:58,www.bing.com
2014-02-26 08:45:58,ts3.mm.bing.net
2014-02-26 08:45:59,ts1.mm.bing.net
2014-02-26 08:45:59,www.bing.com
2014-02-26 08:45:59,lh3.ggpht.com
2014-02-26 08:45:59,www.communication.uvsq.fr
2014-02-26 08:46:00,ts1.mm.bing.net
2014-02-26 08:46:00,www.bing.com
2014-02-26 08:46:01,www.bing.com
2014-02-26 08:46:01,ts4.mm.bing.net
2014-02-26 08:46:01,static.freepik.com
2014-02-26 08:46:01,ts1.mm.bing.net
2014-02-26 08:46:02,ts2.mm.bing.net
2014-02-26 08:46:02,www.bing.com
2014-02-26 08:46:02,michel.lalos.free.fr
2014-02-26 08:46:02,ts1.mm.bing.net
2014-02-26 08:46:03,henrikaufman.typepad.com
2014-02-26 08:46:03,www.bing.com
2014-02-26 08:46:03,img0.gtsstatic.com
2014-02-26 08:46:03,ts1.mm.bing.net
2014-02-26 08:46:03,ts4.mm.bing.net
2014-02-26 08:46:05,ts1.mm.bing.net
2014-02-26 08:46:06,login.live.com
2014-02-26 08:46:08,www.bing.com
2014-02-26 08:46:09,www.bing.com
2014-02-26 08:46:09,ts1.mm.bing.net
2014-02-26 08:46:10,www.cmontmorency.qc.ca
2014-02-26 08:46:10,www.bing.com
2014-02-26 08:46:10,img0.gtsstatic.com
2014-02-26 08:46:11,www.bing.com
2014-02-26 08:46:11,ts1.mm.bing.net
2014-02-26 08:46:12,henrikaufman.typepad.com
2014-02-26 08:46:12,www.bing.com
2014-02-26 08:46:12,www.thevache.net
2014-02-26 08:46:12,ts1.mm.bing.net
2014-02-26 08:46:14,www.bing.com
2014-02-26 08:46:14,ts1.mm.bing.net
2014-02-26 08:46:19,www.bing.com
2014-02-26 08:46:20,ssl.bing.com
2014-02-26 08:46:20,www.bing.com
2014-02-26 08:46:21,ts1.mm.bing.net
2014-02-26 08:46:22,www.bing.com
2014-02-26 08:46:22,ts1.mm.bing.net
2014-02-26 08:46:23,ssl.bing.com
2014-02-26 08:46:23,ts1.mm.bing.net
2014-02-26 08:46:23,www.bing.com
2014-02-26 08:46:24,www.bing.com
2014-02-26 08:46:25,ts1.mm.bing.net
2014-02-26 08:46:26,www.bing.com
2014-02-26 08:46:27,www.bing.com
2014-02-26 08:46:27,ts1.mm.bing.net
2014-02-26 08:46:29,www.bing.com
2014-02-26 08:46:31,www.bing.com
2014-02-26 08:46:31,ts1.mm.bing.net
2014-02-26 08:46:32,www.rennes-le-chateau-archive.com
2014-02-26 08:46:32,www.decumanos.com
2014-02-26 08:46:33,projet.pcf.fr
2014-02-26 08:46:33,www.passion-estampes.com
2014-02-26 08:46:33,ts1.mm.bing.net
2014-02-26 08:46:33,tof.canardpc.com
2014-02-26 08:46:33,afrikhepri.org
2014-02-26 08:46:33,www.laboutiquedesjoailliers.com
2014-02-26 08:46:33,img.museesdumonde.com
2014-02-26 08:46:34,img.geocaching.com
2014-02-26 08:46:36,www.bing.com
2014-02-26 08:46:37,ts1.mm.bing.net
2014-02-26 08:48:55,www.bing.com
2014-02-26 08:48:56,ts1.mm.bing.net
2014-02-26 08:48:56,www.bing.com
2014-02-26 08:48:57,www.bing.com
2014-02-26 08:48:57,ts3.mm.bing.net
2014-02-26 08:48:57,ts2.mm.bing.net
2014-02-26 08:48:57,ts4.mm.bing.net
2014-02-26 08:48:57,ts1.mm.bing.net
2014-02-26 08:48:58,ts2.mm.bing.net
2014-02-26 08:48:58,ts3.mm.bing.net
2014-02-26 08:48:58,ts1.mm.bing.net
2014-02-26 08:48:58,ts4.mm.bing.net
2014-02-26 08:48:59,ts4.mm.bing.net
2014-02-26 08:48:59,ts2.mm.bing.net
2014-02-26 08:48:59,ts3.mm.bing.net
2014-02-26 08:48:59,www.bing.com
2014-02-26 08:48:59,ts1.mm.bing.net
2014-02-26 08:49:00,www.bing.com
2014-02-26 08:49:00,ts2.mm.bing.net
2014-02-26 08:49:00,ts4.mm.bing.net
2014-02-26 08:49:00,ts4.explicit.bing.net
2014-02-26 08:49:00,ts3.mm.bing.net
2014-02-26 08:49:00,ts1.mm.bing.net
2014-02-26 08:49:01,ts3.mm.bing.net
2014-02-26 08:49:01,ts1.mm.bing.net
2014-02-26 08:49:01,ts4.mm.bing.net
2014-02-26 08:49:02,www.bing.com
2014-02-26 08:49:03,ts1.mm.bing.net
2014-02-26 08:49:03,www.bing.com
2014-02-26 08:49:04,www.bing.com
2014-02-26 08:49:04,ts1.mm.bing.net
2014-02-26 08:49:05,ts3.mm.bing.net
2014-02-26 08:49:05,ts4.mm.bing.net
2014-02-26 08:49:05,ts2.mm.bing.net
2014-02-26 08:49:05,ts1.mm.bing.net
2014-02-26 08:49:05,www.bing.com
2014-02-26 08:49:06,ts4.mm.bing.net
2014-02-26 08:49:06,ts3.mm.bing.net
2014-02-26 08:49:06,www.bing.com
2014-02-26 08:49:06,ts1.mm.bing.net
2014-02-26 08:49:06,ts4.explicit.bing.net
2014-02-26 08:49:06,ts2.mm.bing.net
2014-02-26 08:49:07,www.bing.com
2014-02-26 08:49:07,ts2.mm.bing.net
2014-02-26 08:49:07,ts1.mm.bing.net
2014-02-26 08:49:07,ts3.mm.bing.net
2014-02-26 08:49:07,ts4.mm.bing.net
2014-02-26 08:49:08,ts2.mm.bing.net
2014-02-26 08:49:08,www.bing.com
2014-02-26 08:49:08,ts3.mm.bing.net
2014-02-26 08:49:08,ts1.explicit.bing.net
2014-02-26 08:49:08,ts1.mm.bing.net
2014-02-26 08:49:08,ts3.explicit.bing.net
2014-02-26 08:49:08,ts4.explicit.bing.net
2014-02-26 08:49:08,ts4.mm.bing.net
2014-02-26 08:49:09,ts2.mm.bing.net
2014-02-26 08:49:09,ts1.mm.bing.net
2014-02-26 08:49:09,ts4.mm.bing.net
2014-02-26 08:49:09,ts3.mm.bing.net
2014-02-26 08:49:10,ts3.mm.bing.net
2014-02-26 08:49:10,ts1.mm.bing.net
2014-02-26 08:49:10,ts2.mm.bing.net
2014-02-26 08:49:10,www.bing.com
2014-02-26 08:49:10,ts4.mm.bing.net
2014-02-26 08:49:11,ts1.mm.bing.net
2014-02-26 08:49:11,ts4.explicit.bing.net
2014-02-26 08:49:11,ts4.mm.bing.net
2014-02-26 08:49:11,ts2.mm.bing.net
2014-02-26 08:49:11,ts2.explicit.bing.net
2014-02-26 08:49:11,ts3.mm.bing.net
2014-02-26 08:49:12,ts4.mm.bing.net
2014-02-26 08:49:12,ts1.mm.bing.net
2014-02-26 08:49:12,ts3.mm.bing.net
2014-02-26 08:49:12,www.bing.com
2014-02-26 08:49:12,ts2.mm.bing.net
2014-02-26 08:49:13,www.bing.com
2014-02-26 08:49:15,www.bing.com
2014-02-26 08:49:18,www.bing.com
2014-02-26 08:49:27,www.bing.com
2014-02-26 08:49:27,ts1.mm.bing.net
2014-02-26 08:49:28,ts1.mm.bing.net
2014-02-26 08:49:28,www.bing.com
2014-02-26 08:49:29,ts1.mm.bing.net
2014-02-26 08:49:29,www.bing.com
2014-02-26 08:49:31,www.bing.com
2014-02-26 08:49:34,www.bing.com
2014-02-26 08:49:34,img0.gtsstatic.com
2014-02-26 08:49:36,www.les13chaudrons.fr
2014-02-26 08:49:36,ts1.mm.bing.net
2014-02-26 08:49:36,buzzedinlog.files.wordpress.com
2014-02-26 08:49:36,www.franceinter.fr
2014-02-26 08:49:36,images.doctissimo.fr
2014-02-26 08:49:36,angelsplace.perso.sfr.fr
2014-02-26 08:49:37,letemplate.com
2014-02-26 08:49:37,ts1.mm.bing.net
2014-02-26 08:49:37,www.bing.com
2014-02-26 08:49:38,d6metropolefroide.files.wordpress.com
2014-02-26 08:49:39,www.bing.com
2014-02-26 08:49:42,ts1.mm.bing.net
2014-02-26 08:49:44,www.bing.com
2014-02-26 08:49:46,www.boutiquesdemusees.fr
2014-02-26 08:49:46,www.bing.com
2014-02-26 08:49:49,www.bing.com
2014-02-26 08:49:50,www.bing.com
2014-02-26 08:49:51,www.bing.com
2014-02-26 08:49:52,ts1.mm.bing.net
2014-02-26 08:49:52,www.bing.com
2014-02-26 08:49:56,ts4.mm.bing.net
2014-02-26 08:49:56,ts2.mm.bing.net
2014-02-26 08:49:56,ts1.mm.bing.net
2014-02-26 08:49:56,ts3.mm.bing.net
2014-02-26 08:49:56,www.bing.com
2014-02-26 08:49:57,ts2.mm.bing.net
2014-02-26 08:49:57,www.bing.com
2014-02-26 08:49:57,ts4.mm.bing.net
2014-02-26 08:49:57,ts3.mm.bing.net
2014-02-26 08:49:57,ts4.explicit.bing.net
2014-02-26 08:49:57,ts1.mm.bing.net
2014-02-26 08:49:58,ts3.mm.bing.net
2014-02-26 08:49:58,ts1.mm.bing.net
2014-02-26 08:49:58,ts2.mm.bing.net
2014-02-26 08:49:58,ts4.mm.bing.net
2014-02-26 08:49:58,ts4.explicit.bing.net
2014-02-26 08:49:58,ts3.explicit.bing.net
2014-02-26 08:49:58,www.bing.com
2014-02-26 08:49:59,ts1.mm.bing.net
2014-02-26 08:49:59,www.bing.com
2014-02-26 08:49:59,ts2.mm.bing.net
2014-02-26 08:49:59,ts4.mm.bing.net
2014-02-26 08:49:59,ts3.mm.bing.net
2014-02-26 08:49:59,ts4.explicit.bing.net
2014-02-26 08:50:00,ts1.mm.bing.net
2014-02-26 08:50:00,ts3.mm.bing.net
2014-02-26 08:50:00,ts2.mm.bing.net
2014-02-26 08:50:00,ts4.mm.bing.net
2014-02-26 08:50:01,ts3.explicit.bing.net
2014-02-26 08:50:01,ts4.mm.bing.net
2014-02-26 08:50:01,ts3.mm.bing.net
2014-02-26 08:50:01,www.bing.com
2014-02-26 08:50:01,ts2.mm.bing.net
2014-02-26 08:50:01,ts1.mm.bing.net
2014-02-26 08:50:01,ts1.explicit.bing.net
2014-02-26 08:50:01,ts4.explicit.bing.net
2014-02-26 08:50:02,ts4.mm.bing.net
2014-02-26 08:50:02,ts1.mm.bing.net
2014-02-26 08:50:02,ts2.mm.bing.net
2014-02-26 08:50:03,www.bing.com
2014-02-26 08:50:06,ts1.mm.bing.net
2014-02-26 08:50:06,www.bing.com
2014-02-26 08:50:07,ts1.mm.bing.net
2014-02-26 08:50:07,www.bing.com
2014-02-26 08:50:08,ts1.mm.bing.net
2014-02-26 08:50:08,www.bing.com
2014-02-26 08:50:09,login.live.com
2014-02-26 08:50:09,ts1.mm.bing.net
2014-02-26 08:50:09,www.bing.com
2014-02-26 08:50:10,www.bing.com
2014-02-26 08:50:11,www.bing.com
2014-02-26 08:50:13,ts1.explicit.bing.net
2014-02-26 08:50:13,ts1.mm.bing.net
2014-02-26 08:50:13,ts2.mm.bing.net
2014-02-26 08:50:13,ts2.explicit.bing.net
2014-02-26 08:50:13,ts4.mm.bing.net
2014-02-26 08:50:13,ssl.bing.com
2014-02-26 08:50:13,ts3.mm.bing.net
2014-02-26 08:50:13,www.bing.com
2014-02-26 08:50:14,ts4.mm.bing.net
2014-02-26 08:50:14,ts2.mm.bing.net
2014-02-26 08:50:14,ts1.explicit.bing.net
2014-02-26 08:50:14,ts3.mm.bing.net
2014-02-26 08:50:14,ts1.mm.bing.net
2014-02-26 08:50:14,www.bing.com
2014-02-26 08:50:14,ts2.explicit.bing.net
2014-02-26 08:50:15,ts3.mm.bing.net
2014-02-26 08:50:15,www.bing.com
2014-02-26 08:50:16,ts3.mm.bing.net
2014-02-26 08:50:16,ts2.mm.bing.net
2014-02-26 08:50:16,ts4.explicit.bing.net
2014-02-26 08:50:16,ts2.explicit.bing.net
2014-02-26 08:50:16,ts1.mm.bing.net
2014-02-26 08:50:16,ts4.mm.bing.net
2014-02-26 08:50:17,ts3.mm.bing.net
2014-02-26 08:50:17,ts4.mm.bing.net
2014-02-26 08:50:17,ts1.mm.bing.net
2014-02-26 08:50:17,www.bing.com
2014-02-26 08:50:18,www.bing.com
2014-02-26 08:50:18,ts4.mm.bing.net
2014-02-26 08:50:18,ts1.mm.bing.net
2014-02-26 08:50:18,ts2.mm.bing.net
2014-02-26 08:50:18,ts3.explicit.bing.net
2014-02-26 08:50:18,ts4.explicit.bing.net
2014-02-26 08:50:18,ts1.explicit.bing.net
2014-02-26 08:50:18,ts3.mm.bing.net
2014-02-26 08:50:19,ts4.mm.bing.net
2014-02-26 08:50:19,www.bing.com
2014-02-26 08:50:19,ts1.mm.bing.net
2014-02-26 08:50:19,ts2.mm.bing.net
2014-02-26 08:50:19,ts3.mm.bing.net
2014-02-26 08:50:22,www.bing.com
2014-02-26 08:50:24,ts1.mm.bing.net
2014-02-26 08:50:25,ts1.mm.bing.net
2014-02-26 08:50:25,www.bing.com
2014-02-26 08:50:26,www.bing.com
2014-02-26 08:50:27,www.bing.com
2014-02-26 08:50:28,www.bing.com
2014-02-26 08:50:30,ts1.mm.bing.net
2014-02-26 08:50:30,www.bing.com
2014-02-26 08:50:31,www.bing.com
2014-02-26 08:50:32,ts1.mm.bing.net
2014-02-26 08:50:32,ts3.mm.bing.net
2014-02-26 08:50:32,ts2.mm.bing.net
2014-02-26 08:50:32,ts4.mm.bing.net
2014-02-26 08:50:32,www.bing.com
2014-02-26 08:50:33,ts2.mm.bing.net
2014-02-26 08:50:33,ts1.mm.bing.net
2014-02-26 08:50:33,ts3.mm.bing.net
2014-02-26 08:50:33,ts4.mm.bing.net
2014-02-26 08:50:34,ts4.mm.bing.net
2014-02-26 08:50:34,ts1.mm.bing.net
2014-02-26 08:50:34,ts2.mm.bing.net
2014-02-26 08:50:34,ts3.mm.bing.net
2014-02-26 08:50:35,www.bing.com
2014-02-26 08:51:37,ts1.mm.bing.net
2014-02-26 08:51:41,ts1.explicit.bing.net
2014-02-26 08:51:41,ts2.mm.bing.net
2014-02-26 08:51:41,ts1.mm.bing.net
2014-02-26 08:51:41,www.bing.com
2014-02-26 08:51:41,ts4.mm.bing.net
2014-02-26 08:51:41,ts3.mm.bing.net
2014-02-26 08:51:42,ts2.mm.bing.net
2014-02-26 08:51:42,www.bing.com
2014-02-26 08:51:42,ts3.mm.bing.net
2014-02-26 08:51:42,ts4.mm.bing.net
2014-02-26 08:51:42,ts1.mm.bing.net
2014-02-26 08:51:43,ts2.explicit.bing.net
2014-02-26 08:51:43,www.bing.com
2014-02-26 08:51:43,ts1.mm.bing.net
2014-02-26 08:51:43,ts2.mm.bing.net
2014-02-26 08:51:43,ts4.mm.bing.net
2014-02-26 08:51:43,ts3.mm.bing.net
2014-02-26 08:51:44,ts1.explicit.bing.net
2014-02-26 08:51:44,ts4.mm.bing.net
2014-02-26 08:51:44,ts3.mm.bing.net
2014-02-26 08:51:44,ts1.mm.bing.net
2014-02-26 08:51:44,ts2.mm.bing.net
2014-02-26 08:51:45,www.bing.com
2014-02-26 08:51:45,ts4.mm.bing.net
2014-02-26 08:51:45,ts3.mm.bing.net
2014-02-26 08:51:45,ts1.mm.bing.net
2014-02-26 08:51:45,ts2.mm.bing.net
2014-02-26 08:51:46,www.bing.com
2014-02-26 08:51:46,ts4.mm.bing.net
2014-02-26 08:51:46,ts2.mm.bing.net
2014-02-26 08:51:46,ts1.mm.bing.net
2014-02-26 08:51:46,ts3.mm.bing.net
2014-02-26 08:51:47,ts2.explicit.bing.net
2014-02-26 08:51:47,ts2.mm.bing.net
2014-02-26 08:51:47,ts3.mm.bing.net
2014-02-26 08:51:47,ts4.mm.bing.net
2014-02-26 08:51:47,www.bing.com
2014-02-26 08:51:47,ts1.mm.bing.net
2014-02-26 08:51:48,ts4.mm.bing.net
2014-02-26 08:51:48,ts2.mm.bing.net
2014-02-26 08:51:48,ts3.mm.bing.net
2014-02-26 08:51:48,ts1.mm.bing.net
2014-02-26 08:51:49,ts3.mm.bing.net
2014-02-26 08:51:49,ts2.mm.bing.net
2014-02-26 08:51:49,ts4.mm.bing.net
2014-02-26 08:51:49,ts1.mm.bing.net
2014-02-26 08:51:49,www.bing.com
2014-02-26 08:51:50,ts4.mm.bing.net
2014-02-26 08:51:50,ts3.explicit.bing.net
2014-02-26 08:51:50,ts1.mm.bing.net
2014-02-26 08:51:50,ts1.explicit.bing.net
2014-02-26 08:51:50,ts3.mm.bing.net
2014-02-26 08:51:50,ts2.mm.bing.net
2014-02-26 08:51:51,ts1.mm.bing.net
2014-02-26 08:51:52,ts1.mm.bing.net
2014-02-26 08:51:53,ts1.mm.bing.net
2014-02-26 08:51:59,www.bing.com
2014-02-26 08:51:59,ts1.mm.bing.net
2014-02-26 08:52:00,www.bing.com
2014-02-26 08:52:02,www.bing.com
2014-02-26 08:52:05,www.bing.com
2014-02-26 08:52:15,ts2.mm.bing.net
2014-02-26 08:52:15,ts1.mm.bing.net
2014-02-26 08:52:15,www.bing.com
2014-02-26 08:52:15,ts4.mm.bing.net
2014-02-26 08:52:15,ts3.mm.bing.net
2014-02-26 08:52:16,ts3.mm.bing.net
2014-02-26 08:52:16,ts1.mm.bing.net
2014-02-26 08:52:16,ts2.mm.bing.net
2014-02-26 08:52:16,ts4.mm.bing.net
2014-02-26 08:52:17,ts3.mm.bing.net
2014-02-26 08:52:17,ts1.mm.bing.net
2014-02-26 08:52:17,ts4.mm.bing.net
2014-02-26 08:52:17,ts2.mm.bing.net
2014-02-26 08:52:18,www.bing.com
2014-02-26 08:52:18,ts2.mm.bing.net
2014-02-26 08:52:18,ts1.mm.bing.net
2014-02-26 08:52:18,ts4.mm.bing.net
2014-02-26 08:52:18,ts3.mm.bing.net
2014-02-26 08:52:19,ts4.mm.bing.net
2014-02-26 08:52:19,ts3.explicit.bing.net
2014-02-26 08:52:19,ts3.mm.bing.net
2014-02-26 08:52:19,ts1.mm.bing.net
2014-02-26 08:52:19,ts1.explicit.bing.net
2014-02-26 08:52:19,ts2.mm.bing.net
2014-02-26 08:52:20,ts3.mm.bing.net
2014-02-26 08:52:20,ts1.mm.bing.net
2014-02-26 08:52:20,www.bing.com
2014-02-26 08:52:20,ts2.mm.bing.net
2014-02-26 08:52:21,ts1.mm.bing.net
2014-02-26 08:52:21,www.bing.com
2014-02-26 08:52:21,ts3.mm.bing.net
2014-02-26 08:52:23,ts1.mm.bing.net
2014-02-26 08:52:23,www.bing.com
2014-02-26 08:52:24,ts1.mm.bing.net
2014-02-26 08:52:24,www.bing.com
2014-02-26 08:52:27,www.bing.com
2014-02-26 08:52:28,www.bing.com
2014-02-26 08:52:29,www.bing.com
2014-02-26 08:52:29,login.live.com
2014-02-26 08:52:35,ssl.bing.com
2014-02-26 08:52:35,ts3.mm.bing.net
2014-02-26 08:52:35,ts4.mm.bing.net
2014-02-26 08:52:35,ts2.mm.bing.net
2014-02-26 08:52:35,www.bing.com
2014-02-26 08:52:36,ts3.mm.bing.net
2014-02-26 08:52:36,ts4.mm.bing.net
2014-02-26 08:52:36,ts2.mm.bing.net
2014-02-26 08:52:36,www.bing.com
2014-02-26 08:52:36,ts2.explicit.bing.net
2014-02-26 08:52:36,ts1.mm.bing.net
2014-02-26 08:52:37,www.bing.com
2014-02-26 08:52:37,ts4.mm.bing.net
2014-02-26 08:52:37,ts3.mm.bing.net
2014-02-26 08:52:37,ts2.mm.bing.net
2014-02-26 08:52:37,ts1.mm.bing.net
2014-02-26 08:52:39,ts3.mm.bing.net
2014-02-26 08:52:39,ts2.mm.bing.net
2014-02-26 08:52:39,ts1.mm.bing.net
2014-02-26 08:52:39,ts3.explicit.bing.net
2014-02-26 08:52:39,ts1.explicit.bing.net
2014-02-26 08:52:39,ts4.mm.bing.net
2014-02-26 08:52:40,ts2.mm.bing.net
2014-02-26 08:52:40,ts4.mm.bing.net
2014-02-26 08:52:40,ts4.explicit.bing.net
2014-02-26 08:52:40,ts1.mm.bing.net
2014-02-26 08:52:40,ts3.mm.bing.net
2014-02-26 08:52:41,www.bing.com
2014-02-26 08:52:41,ts3.mm.bing.net
2014-02-26 08:52:41,ts1.mm.bing.net
2014-02-26 08:52:42,ts3.mm.bing.net
2014-02-26 08:52:42,ts4.mm.bing.net
2014-02-26 08:52:42,ts1.mm.bing.net
2014-02-26 08:52:42,ts2.mm.bing.net
2014-02-26 08:52:43,login.live.com
2014-02-26 08:52:43,ts4.mm.bing.net
2014-02-26 08:52:43,ts3.mm.bing.net
2014-02-26 08:52:44,ts3.mm.bing.net
2014-02-26 08:52:44,ts2.mm.bing.net
2014-02-26 08:52:44,www.bing.com
2014-02-26 08:52:44,ts1.mm.bing.net
2014-02-26 08:52:44,ts4.mm.bing.net
2014-02-26 08:52:44,ssl.bing.com
2014-02-26 08:52:45,ts3.mm.bing.net
2014-02-26 08:52:45,ts2.mm.bing.net
2014-02-26 08:52:45,ts4.mm.bing.net
2014-02-26 08:52:45,ts1.mm.bing.net
2014-02-26 08:52:46,www.bing.com
2014-02-26 08:52:46,ts3.explicit.bing.net
2014-02-26 08:52:46,ts3.mm.bing.net
2014-02-26 08:52:46,ts2.mm.bing.net
2014-02-26 08:52:46,ts1.mm.bing.net
2014-02-26 08:52:46,ts4.mm.bing.net
2014-02-26 08:52:47,www.bing.com
2014-02-26 08:52:47,ts4.mm.bing.net
2014-02-26 08:52:47,ts3.mm.bing.net
2014-02-26 08:52:47,ts2.mm.bing.net
2014-02-26 08:52:47,ts1.mm.bing.net
2014-02-26 08:52:48,ts3.mm.bing.net
2014-02-26 08:52:48,ts4.mm.bing.net
2014-02-26 08:52:48,ts2.mm.bing.net
2014-02-26 08:52:48,ts1.mm.bing.net
2014-02-26 08:52:49,ts3.mm.bing.net
2014-02-26 08:52:49,ts1.mm.bing.net
2014-02-26 08:52:49,www.bing.com
2014-02-26 08:52:49,ts2.mm.bing.net
2014-02-26 08:52:57,www.bing.com
2014-02-26 08:52:57,ts2.mm.bing.net
2014-02-26 08:52:57,ts1.mm.bing.net
2014-02-26 08:52:57,ts4.explicit.bing.net
2014-02-26 08:52:57,ts3.mm.bing.net
2014-02-26 08:52:58,ts3.mm.bing.net
2014-02-26 08:52:58,www.bing.com
2014-02-26 08:52:58,ts2.mm.bing.net
2014-02-26 08:52:58,ts4.mm.bing.net
2014-02-26 08:52:58,ts1.mm.bing.net
2014-02-26 08:52:59,ts1.mm.bing.net
2014-02-26 08:52:59,ts3.mm.bing.net
2014-02-26 08:52:59,ts2.mm.bing.net
2014-02-26 08:53:00,ts3.mm.bing.net
2014-02-26 08:53:00,ts1.mm.bing.net
2014-02-26 08:53:00,ts4.mm.bing.net
2014-02-26 08:53:00,www.bing.com
2014-02-26 08:53:00,ts2.mm.bing.net
2014-02-26 08:53:01,ts1.mm.bing.net
2014-02-26 08:53:01,www.bing.com
2014-02-26 08:53:01,ts2.mm.bing.net
2014-02-26 08:53:01,ts3.mm.bing.net
2014-02-26 08:53:01,ts4.mm.bing.net
2014-02-26 08:53:02,www.bing.com
2014-02-26 08:53:02,ts3.mm.bing.net
2014-02-26 08:53:02,ts1.mm.bing.net
2014-02-26 08:53:03,ts2.mm.bing.net
2014-02-26 08:53:04,ts1.mm.bing.net
2014-02-26 08:53:04,www.bing.com
2014-02-26 08:53:04,ts2.mm.bing.net
2014-02-26 08:53:04,ts4.mm.bing.net
2014-02-26 08:53:04,ts3.mm.bing.net
2014-02-26 08:53:05,ts1.mm.bing.net
2014-02-26 08:53:05,ssl.bing.com
2014-02-26 08:53:05,login.live.com
2014-02-26 08:53:05,ts3.mm.bing.net
2014-02-26 08:53:05,ts4.mm.bing.net
2014-02-26 08:53:05,www.bing.com
2014-02-26 08:53:05,ts2.mm.bing.net
2014-02-26 08:53:06,ts1.mm.bing.net
2014-02-26 08:53:06,ts3.mm.bing.net
2014-02-26 08:53:06,ts4.mm.bing.net
2014-02-26 08:53:06,ts2.mm.bing.net
2014-02-26 08:53:07,ts4.mm.bing.net
2014-02-26 08:53:07,ts2.mm.bing.net
2014-02-26 08:53:07,ts1.mm.bing.net
2014-02-26 08:53:07,ts3.mm.bing.net
2014-02-26 08:53:07,www.bing.com
2014-02-26 08:53:08,ts2.mm.bing.net
2014-02-26 08:53:08,ts4.mm.bing.net
2014-02-26 08:53:08,ts1.mm.bing.net
2014-02-26 08:53:08,ts3.mm.bing.net
2014-02-26 08:53:08,www.bing.com
2014-02-26 08:53:09,ts2.mm.bing.net
2014-02-26 08:53:09,ts4.mm.bing.net
2014-02-26 08:53:09,www.bing.com
2014-02-26 08:53:09,ts3.mm.bing.net
2014-02-26 08:53:09,ts1.mm.bing.net
2014-02-26 08:53:10,ts1.mm.bing.net
2014-02-26 08:53:10,ts4.mm.bing.net
2014-02-26 08:53:10,ts2.mm.bing.net
2014-02-26 08:53:10,ts3.mm.bing.net
2014-02-26 08:53:11,ts2.mm.bing.net
2014-02-26 08:53:11,ts1.mm.bing.net
2014-02-26 08:53:11,ts3.mm.bing.net
2014-02-26 08:53:11,ts4.mm.bing.net
2014-02-26 08:53:11,www.bing.com
2014-02-26 08:53:12,ts4.mm.bing.net
2014-02-26 08:53:12,ts1.mm.bing.net
2014-02-26 08:53:12,www.bing.com
2014-02-26 08:53:12,ts2.mm.bing.net
2014-02-26 08:53:13,ts2.mm.bing.net
2014-02-26 08:53:13,ts3.mm.bing.net
2014-02-26 08:53:13,ts4.mm.bing.net
2014-02-26 08:53:13,www.bing.com
2014-02-26 08:53:13,ts1.mm.bing.net
2014-02-26 08:53:15,www.bing.com
2014-02-26 08:53:18,www.bing.com
2014-02-26 08:53:23,www.bing.com
2014-02-26 08:53:23,ts1.mm.bing.net
2014-02-26 08:53:24,ts1.mm.bing.net
2014-02-26 08:53:25,www.bing.com
2014-02-26 08:53:28,www.bing.com
2014-02-26 08:53:29,ts1.mm.bing.net
2014-02-26 08:53:29,www.bing.com
2014-02-26 08:53:30,ts4.explicit.bing.net
2014-02-26 08:53:30,ts4.mm.bing.net
2014-02-26 08:53:30,ts2.mm.bing.net
2014-02-26 08:53:30,ts3.mm.bing.net
2014-02-26 08:53:30,www.bing.com
2014-02-26 08:53:30,ts1.mm.bing.net
2014-02-26 08:53:31,ts1.mm.bing.net
2014-02-26 08:53:31,ts3.mm.bing.net
2014-02-26 08:53:31,ts2.mm.bing.net
2014-02-26 08:53:31,ts4.mm.bing.net
2014-02-26 08:53:32,www.bing.com
2014-02-26 08:53:32,ts3.mm.bing.net
2014-02-26 08:53:32,ts1.mm.bing.net
2014-02-26 08:53:32,ts4.mm.bing.net
2014-02-26 08:53:33,www.bing.com
2014-02-26 08:53:36,www.bing.com
2014-02-26 08:53:39,ts1.mm.bing.net
2014-02-26 08:53:39,www.bing.com
2014-02-26 08:53:40,ts1.mm.bing.net
2014-02-26 08:53:40,www.bing.com
2014-02-26 08:53:42,www.bing.com
2014-02-26 08:53:43,ts1.mm.bing.net
2014-02-26 08:53:44,ts1.mm.bing.net
2014-02-26 08:53:45,ts3.mm.bing.net
2014-02-26 08:53:45,ts2.mm.bing.net
2014-02-26 08:53:45,ts1.mm.bing.net
2014-02-26 08:53:45,www.bing.com
2014-02-26 08:53:46,ts1.mm.bing.net
2014-02-26 08:53:46,ts2.mm.bing.net
2014-02-26 08:53:46,ts3.mm.bing.net
2014-02-26 08:53:46,ts4.mm.bing.net
2014-02-26 08:53:47,www.bing.com
2014-02-26 08:53:47,ts2.mm.bing.net
2014-02-26 08:53:47,ts4.mm.bing.net
2014-02-26 08:53:47,ts3.mm.bing.net
2014-02-26 08:53:47,ts1.mm.bing.net
2014-02-26 08:53:48,ts3.mm.bing.net
2014-02-26 08:53:48,ts1.mm.bing.net
2014-02-26 08:53:48,ts4.mm.bing.net
2014-02-26 08:53:48,ts2.mm.bing.net
2014-02-26 08:53:48,www.bing.com
2014-02-26 08:53:49,ts3.mm.bing.net
2014-02-26 08:53:49,ts4.mm.bing.net
2014-02-26 08:53:49,ts2.mm.bing.net
2014-02-26 08:53:49,ts1.mm.bing.net
2014-02-26 08:53:50,ts3.mm.bing.net
2014-02-26 08:53:50,ts2.mm.bing.net
2014-02-26 08:53:50,ts4.mm.bing.net
2014-02-26 08:53:50,ts1.mm.bing.net
2014-02-26 08:53:51,ts1.mm.bing.net
2014-02-26 08:53:51,ts3.mm.bing.net
2014-02-26 08:53:51,ts2.mm.bing.net
2014-02-26 08:53:52,www.bing.com
2014-02-26 08:53:52,ts1.mm.bing.net
2014-02-26 08:53:52,ts4.mm.bing.net
2014-02-26 08:53:52,ts3.mm.bing.net
2014-02-26 08:53:52,ts2.mm.bing.net
2014-02-26 08:53:54,www.bing.com
2014-02-26 08:53:55,www.bing.com
2014-02-26 08:53:56,asticoteurdecouleurs.hautetfort.com
2014-02-26 08:53:56,a402.idata.over-blog.com
2014-02-26 08:53:56,idata.over-blog.com
2014-02-26 08:53:56,ts1.mm.bing.net
2014-02-26 08:53:56,www.bing.com
2014-02-26 08:53:56,ts2.mm.bing.net
2014-02-26 08:53:56,humour-mathematiques.com
2014-02-26 08:53:57,www.retrouversonnord.be
2014-02-26 08:53:57,img.over-blog.com
2014-02-26 08:53:57,www.letstudio.fr
2014-02-26 08:53:57,www.markuswelz.de
2014-02-26 08:53:57,a405.idata.over-blog.com
2014-02-26 08:53:57,ts1.mm.bing.net
2014-02-26 08:53:57,laurent.zamo.pagesperso-orange.fr
2014-02-26 08:53:57,www.jacquier.org
2014-02-26 08:53:57,www.guide-bijoux.com
2014-02-26 08:53:58,ts1.mm.bing.net
2014-02-26 08:53:58,ts2.mm.bing.net
2014-02-26 08:53:59,www.bing.com
2014-02-26 08:54:00,www.bing.com
2014-02-26 08:54:00,www.cepolina.com
2014-02-26 08:54:06,www.bing.com
2014-02-26 08:54:07,ts1.mm.bing.net
2014-02-26 08:54:08,www.bing.com
2014-02-26 08:54:08,ts1.mm.bing.net
2014-02-26 08:54:10,www.bing.com
2014-02-26 08:54:11,www.bing.com
2014-02-26 08:54:12,www.bing.com
2014-02-26 08:54:14,www.bing.com
2014-02-26 08:54:17,www.bing.com
2014-02-26 08:54:25,ts1.mm.bing.net
2014-02-26 08:54:26,www.bing.com
2014-02-26 08:54:26,ts1.mm.bing.net
2014-02-26 08:54:27,www.bing.com
2014-02-26 08:54:27,images.math.cnrs.fr
2014-02-26 08:54:27,ts4.mm.bing.net
2014-02-26 08:54:27,ts1.mm.bing.net
2014-02-26 08:54:28,media.cultura.com
2014-02-26 08:54:28,www.chateau-de-mezerville.org
2014-02-26 08:54:28,www.bing.com
2014-02-26 08:54:28,ts4.mm.bing.net
2014-02-26 08:54:28,www.sizonenko.com
2014-02-26 08:54:28,folmer.luxgateway.com
2014-02-26 08:54:29,img.over-blog-kiwi.com
2014-02-26 08:54:29,therese.eveilleau.pagesperso-orange.fr
2014-02-26 08:54:29,pagesperso-orange.fr
2014-02-26 08:54:29,mathinventiondecouverte.files.wordpress.com
2014-02-26 08:54:29,ts1.mm.bing.net
2014-02-26 08:54:30,lenombredor.wikispaces.com
2014-02-26 08:54:30,ts1.mm.bing.net
2014-02-26 08:54:32,www.bing.com
2014-02-26 08:54:33,www.bing.com
2014-02-26 08:54:34,www.bing.com
2014-02-26 08:54:35,www.bing.com
2014-02-26 08:54:36,www.bing.com
2014-02-26 08:54:38,www.bing.com
2014-02-26 08:54:41,www.bing.com
2014-02-26 08:54:42,www.bing.com
2014-02-26 08:54:44,www.bing.com
2014-02-26 08:54:47,www.bing.com
2014-02-26 08:54:57,www.bing.com
2014-02-26 08:54:58,ts1.mm.bing.net
2014-02-26 08:54:58,www.bing.com
2014-02-26 08:55:00,www.bing.com
2014-02-26 08:55:01,www.bing.com
2014-02-26 08:55:03,ts1.mm.bing.net
2014-02-26 08:55:04,ts1.mm.bing.net
2014-02-26 08:55:05,www.bing.com
2014-02-26 08:55:05,ts1.explicit.bing.net
2014-02-26 08:55:05,ts1.mm.bing.net
2014-02-26 08:55:06,ts4.mm.bing.net
2014-02-26 08:55:06,www.bing.com
2014-02-26 08:55:06,ts2.mm.bing.net
2014-02-26 08:55:06,ts1.mm.bing.net
2014-02-26 08:55:06,ts3.mm.bing.net
2014-02-26 08:55:07,www.bing.com
2014-02-26 08:55:07,ts2.mm.bing.net
2014-02-26 08:55:07,ts3.mm.bing.net
2014-02-26 08:55:07,ts4.mm.bing.net
2014-02-26 08:55:07,ts1.mm.bing.net
2014-02-26 08:55:08,ts4.mm.bing.net
2014-02-26 08:55:08,ts1.mm.bing.net
2014-02-26 08:55:08,ts3.mm.bing.net
2014-02-26 08:55:08,ts2.mm.bing.net
2014-02-26 08:55:09,ts1.mm.bing.net
2014-02-26 08:55:09,ts4.mm.bing.net
2014-02-26 08:55:09,ts3.mm.bing.net
2014-02-26 08:55:09,ts4.explicit.bing.net
2014-02-26 08:55:09,www.bing.com
2014-02-26 08:55:09,ts2.mm.bing.net
2014-02-26 08:55:10,ts4.mm.bing.net
2014-02-26 08:55:10,ts2.mm.bing.net
2014-02-26 08:55:10,ts3.mm.bing.net
2014-02-26 08:55:10,ts1.mm.bing.net
2014-02-26 08:55:11,ts4.mm.bing.net
2014-02-26 08:55:11,ts3.mm.bing.net
2014-02-26 08:55:11,www.bing.com
2014-02-26 08:55:11,ts2.mm.bing.net
2014-02-26 08:55:11,ts1.mm.bing.net
2014-02-26 08:55:12,ts3.mm.bing.net
2014-02-26 08:55:12,ts1.mm.bing.net
2014-02-26 08:58:05,ts1.mm.bing.net
2014-02-26 08:58:06,ts1.mm.bing.net
2014-02-26 08:58:06,www.bing.com
2014-02-26 08:58:08,www.bing.com
2014-02-26 08:58:11,www.bing.com
2014-02-26 08:58:19,www.bing.com
2014-02-26 08:58:20,ts1.mm.bing.net
2014-02-26 08:58:35,ts1.mm.bing.net
2014-02-26 09:09:11,ts1.mm.bing.net
2014-02-26 09:09:21,ts1.mm.bing.net
2014-02-26 09:09:22,ts1.mm.bing.net
2014-02-26 09:09:24,www.bing.com
2014-02-26 09:09:38,www.bing.com
2014-02-26 09:09:39,www.bing.com
2014-02-26 09:09:39,ts3.mm.bing.net
2014-02-26 09:09:39,ts4.mm.bing.net
2014-02-26 09:09:39,ts2.mm.bing.net
2014-02-26 09:09:40,ts4.mm.bing.net
2014-02-26 09:09:40,ts3.mm.bing.net
2014-02-26 09:09:40,ts1.mm.bing.net
2014-02-26 09:09:40,www.bing.com
2014-02-26 09:09:40,ts2.explicit.bing.net
2014-02-26 09:09:40,ts2.mm.bing.net
2014-02-26 09:09:41,ts4.mm.bing.net
2014-02-26 09:09:41,ts1.mm.bing.net
2014-02-26 09:09:41,ts3.mm.bing.net
2014-02-26 09:09:42,ts2.mm.bing.net
2014-02-26 09:09:42,ts1.mm.bing.net
2014-02-26 09:09:42,www.bing.com
2014-02-26 09:09:42,ts3.mm.bing.net
2014-02-26 09:09:46,bits.wikimedia.org
2014-02-26 09:09:46,fr.wikipedia.org
2014-02-26 09:09:46,www.bing.com
2014-02-26 09:09:47,bits.wikimedia.org
2014-02-26 09:09:47,meta.wikimedia.org
2014-02-26 09:09:47,fr.wikipedia.org
2014-02-26 09:09:47,login.wikimedia.org
2014-02-26 09:09:56,login.live.com
2014-02-26 09:41:10,www.bing.com
2014-02-26 09:41:13,www.bing.com
2014-02-26 09:41:14,bits.wikimedia.org
2014-02-26 09:41:15,bits.wikimedia.org
2014-02-26 09:41:15,fr.wikipedia.org
2014-02-26 09:41:16,meta.wikimedia.org
2014-02-26 09:41:16,fr.wikipedia.org
2014-02-26 09:41:16,bits.wikimedia.org
2014-02-26 09:41:17,fr.wikipedia.org
2014-02-26 09:41:18,commons.wikimedia.org
2014-02-26 09:41:18,login.wikimedia.org
2014-02-26 09:41:18,www.mediawiki.org
2014-02-26 09:41:18,bits.wikimedia.org
2014-02-26 09:41:18,meta.wikimedia.org
2014-02-26 09:41:21,fr.wikipedia.org
2014-02-26 09:41:23,meta.wikimedia.org
2014-02-26 09:41:24,login.live.com
2014-02-26 09:47:52,www.bing.com
2014-02-26 09:47:53,www.bing.com
2014-02-26 09:47:55,login.live.com
2014-02-26 09:47:55,www.bing.com
2014-02-26 09:48:03,www.bing.com
2014-02-26 09:48:08,www.bing.com
2014-02-26 09:48:10,login.live.com
2014-02-26 09:48:10,www.bing.com
2014-02-26 09:48:18,www.bing.com
2014-02-26 09:48:38,www.bing.com
2014-02-26 09:48:40,login.live.com
2014-02-26 09:48:40,www.bing.com
2014-02-26 09:48:48,www.bing.com
2014-02-26 09:49:21,www.bing.com
2014-02-26 09:49:23,fr.wikipedia.org
2014-02-26 09:49:23,bits.wikimedia.org
2014-02-26 09:49:23,meta.wikimedia.org
2014-02-26 09:49:23,www.bing.com
2014-02-26 09:49:23,login.live.com
2014-02-26 09:49:23,ssl.bing.com
2014-02-26 09:50:11,www.bing.com
2014-02-26 09:50:13,login.live.com
2014-02-26 09:50:13,www.bing.com
2014-02-26 09:50:21,www.bing.com
2014-02-26 09:50:25,www.bing.com
2014-02-26 09:50:27,login.live.com
2014-02-26 09:50:28,www.bing.com
2014-02-26 09:50:36,www.bing.com
2014-02-26 09:50:40,bits.wikimedia.org
2014-02-26 09:50:40,ssl.bing.com
2014-02-26 09:50:40,www.bing.com
2014-02-26 09:50:40,fr.wikipedia.org
2014-02-26 09:50:42,meta.wikimedia.org
2014-02-26 09:50:42,fr.wikipedia.org
2014-02-26 09:50:52,www.bing.com
2014-02-26 09:57:36,www.bing.com
2014-02-26 09:57:38,bits.wikimedia.org
2014-02-26 09:57:38,www.bing.com
2014-02-26 09:57:38,login.live.com
2014-02-26 09:57:38,fr.wikipedia.org
2014-02-26 09:57:39,meta.wikimedia.org
2014-02-26 09:57:39,fr.wikipedia.org
2014-02-26 09:58:00,www.bing.com
2014-02-26 09:58:02,login.live.com
2014-02-26 09:58:03,www.bing.com
2014-02-26 09:58:06,www.bing.com
2014-02-26 09:58:07,fr.wikipedia.org
2014-02-26 09:58:07,meta.wikimedia.org
2014-02-26 09:58:25,ssl.bing.com
2014-02-26 09:58:25,meta.wikimedia.org
2014-02-26 09:58:25,fr.wikipedia.org
2014-02-26 10:02:01,api.bing.com
2014-02-26 10:02:02,api.bing.com
2014-02-26 10:02:03,www.bing.com
2014-02-26 10:02:04,www.bing.com
2014-02-26 10:02:05,login.live.com
2014-02-26 10:04:44,api.bing.com
2014-02-26 10:04:45,api.bing.com
2014-02-26 10:04:46,api.bing.com
2014-02-26 10:04:47,www.bing.com
2014-02-26 10:04:48,www.bing.com
2014-02-26 10:04:49,login.live.com
2014-04-23 09:13:38,sci.sciences.univ-bpclermont.fr
2014-04-23 09:13:39,sci.sciences.univ-bpclermont.fr
2014-04-23 09:13:52,www.google.com
2014-04-23 09:13:52,www.bing.com
2014-04-23 09:14:03,sci.sciences.univ-bpclermont.fr
2014-04-23 09:14:31,o2i.univ-bpclermont.fr
2014-04-23 09:14:31,c2i.univ-bpclermont.fr
2014-04-23 09:15:23,o2i.univ-bpclermont.fr
2014-04-23 09:15:30,o2i.univ-bpclermont.fr
2014-04-23 09:15:47,go.microsoft.com
2014-04-23 09:15:47,ieonline.microsoft.com
2014-04-23 09:16:16,o2i.univ-bpclermont.fr
2014-04-23 09:47:58,o2i.univ-bpclermont.fr
2014-04-23 09:48:08,o2i.univ-bpclermont.fr
