timestamp,site
2013-09-12 15:01:55,fpdownload2.macromedia.com
2013-09-12 15:02:28,search.mywebs.pro
2013-09-12 15:02:28,fr.ask.com
2013-09-12 15:02:29,fr.ask.com
2013-09-12 15:02:29,sp.fr.ask.com
2013-09-12 15:02:47,fr.ask.com
2013-09-12 15:02:48,fr.ask.com
2013-09-12 15:02:49,fr.ask.com
2013-09-12 15:03:00,fr.ask.com
2013-09-12 15:03:01,fr.ask.com
2013-09-12 15:03:08,fr.ask.com
2013-09-12 15:03:09,fr.ask.com
2013-09-12 15:03:12,fr.ask.com
2013-09-12 15:03:13,www.google.com
2013-09-12 15:03:13,fr.ask.com
2013-09-12 15:03:18,fr.ask.com
2013-09-12 15:03:19,fr.ask.com
2013-09-12 15:03:20,sp.ask.com
2013-09-12 15:03:21,events.foreseeresults.com
2013-09-12 15:03:24,events.foreseeresults.com
2013-09-12 15:03:26,fr.ask.com
2013-09-12 15:03:27,img.youtube.com
2013-09-12 15:03:27,sp.fr.ask.com
2013-09-12 15:03:27,fr.ask.com
2013-09-12 15:03:37,search.mywebs.pro
2013-09-12 15:03:38,fr.ask.com
2013-09-12 15:03:50,www.google.fr
2013-09-12 15:04:05,www.google.fr
2013-09-12 15:04:09,www.google.com
2013-09-12 15:04:23,www.google.com
2013-09-12 15:04:37,plus.google.com
2013-09-12 15:04:38,plus.google.com
2013-09-12 15:04:39,www.google.fr
2013-09-12 15:04:39,plus.google.com
2013-09-12 15:04:42,plus.google.com
2013-09-12 15:04:43,plus.google.com
2013-09-12 15:04:44,plus.google.com
2013-09-12 15:04:50,plus.google.com
2013-09-12 15:04:50,www.google.com
2013-09-12 15:04:51,plus.google.com
2013-09-12 15:04:53,accounts.google.com
2013-09-12 15:04:54,lh3.ggpht.com
2013-09-12 15:05:01,accounts.google.com
2013-09-12 15:05:05,accounts.youtube.com
2013-09-12 15:05:52,accounts.google.fr
2013-09-12 15:05:53,accounts.youtube.com
2013-09-12 15:05:53,accounts.google.fr
2013-09-12 15:05:53,plus.google.com
2013-09-12 15:05:53,accounts.google.com
2013-09-12 15:05:55,plus.google.com
2013-09-12 15:05:56,apis.google.com
2013-09-12 15:05:58,plus.google.com
2013-09-12 15:05:58,apis.google.com
2013-09-12 15:06:04,lh3.ggpht.com
2013-09-12 15:06:04,plus.google.com
2013-09-12 15:06:16,lh3.ggpht.com
2013-09-12 15:06:16,plus.google.com
2013-09-12 15:07:06,drive.google.com
2013-09-12 15:07:07,drive.google.com
2013-09-12 15:07:07,apis.google.com
2013-09-12 15:07:08,drive.google.com
2013-09-12 15:07:08,apis.google.com
2013-09-12 15:07:09,apis.google.com
2013-09-12 15:07:09,drive.google.com
2013-09-12 15:07:10,drive.google.com
2013-09-12 15:07:12,drive.google.com
2013-09-12 15:07:23,docs.google.com
2013-09-12 15:07:24,docs.google.com
2013-09-12 15:07:24,drive.google.com
2013-09-12 15:07:25,0.drive.google.com
2013-09-12 15:07:25,docs.google.com
2013-09-12 15:07:26,docs.google.com
2013-09-12 15:07:27,www.google.com
2013-09-12 15:07:27,docs.google.com
2013-09-12 15:07:28,0.drive.google.com
2013-09-12 15:07:28,www.google.com
2013-09-12 15:07:32,www.google.com
2013-09-12 15:07:43,drive.google.com
2013-09-12 15:07:45,www.google.com
2013-09-12 15:07:49,drive.google.com
2013-09-12 15:08:10,gg.google.com
2013-09-12 15:08:11,docs.google.com
2013-09-12 15:08:12,plus.google.com
2013-09-12 15:08:14,clients2.google.com
2013-09-12 15:08:14,docs.google.com
2013-09-12 15:08:17,www.google.com
2013-09-12 15:08:17,docs.google.com
2013-09-12 15:08:21,clients2.google.com
2013-09-12 15:08:22,docs.google.com
2013-09-12 15:08:23,docs.google.com
2013-09-12 15:08:23,apis.google.com
2013-09-12 15:08:23,clients6.google.com
2013-09-12 15:08:24,0.docs.google.com
2013-09-12 15:08:24,accounts.google.com
2013-09-12 15:08:34,0.docs.google.com
2013-09-12 15:08:43,drive.google.com
2013-09-12 15:08:45,apis.google.com
2013-09-12 15:08:45,clients6.google.com
2013-09-12 15:08:45,docs.google.com
2013-09-12 15:08:53,clients2.google.com
2013-09-12 15:08:56,1.docs.google.com
2013-09-12 15:09:12,drive.google.com
2013-09-12 15:09:36,docs.google.com
2013-09-12 15:09:36,1.docs.google.com
2013-09-12 15:09:37,docs.google.com
2013-09-12 15:09:40,www.google.com
2013-09-12 15:09:43,clients2.google.com
2013-09-12 15:09:45,docs.google.com
2013-09-12 15:09:46,2.docs.google.com
2013-09-12 15:09:46,drive.google.com
2013-09-12 15:09:52,docs.google.com
2013-09-12 15:09:52,clients6.google.com
2013-09-12 15:09:56,docs.google.com
2013-09-12 15:09:56,clients2.google.com
2013-09-12 15:09:56,3.docs.google.com
2013-09-12 15:09:57,docs.google.com
2013-09-12 15:11:05,docs.google.com
2013-09-12 15:11:05,2.docs.google.com
2013-09-12 15:11:12,drive.google.com
2013-09-12 15:11:25,clients6.google.com
2013-09-12 15:11:25,docs.google.com
2013-09-12 15:11:28,www.google.com
2013-09-12 15:11:32,docs.google.com
2013-09-12 15:11:39,4.docs.google.com
2013-09-12 15:11:55,4.docs.google.com
2013-09-12 15:11:56,docs.google.com
2013-09-12 15:12:00,docs.google.com
2013-09-12 15:12:00,clients6.google.com
2013-09-12 15:12:03,www.google.com
2013-09-12 15:12:07,docs.google.com
2013-09-12 15:12:07,5.docs.google.com
2013-09-12 15:12:10,clients6.google.com
2013-09-12 15:12:11,gg.google.com
2013-09-12 15:12:30,docs.google.com
2013-09-12 15:12:51,drive.google.com
2013-09-12 15:12:55,5.docs.google.com
2013-09-12 15:12:55,docs.google.com
2013-09-12 15:12:58,clients2.google.com
2013-09-12 15:12:59,docs.google.com
2013-09-12 15:12:59,6.docs.google.com
2013-09-12 15:13:56,clients6.google.com
2013-09-12 15:14:32,docs.google.com
2013-09-12 15:14:42,docs.google.com
2013-09-12 15:14:42,www.google.fr
2013-09-12 15:14:43,3.docs.google.com
2013-09-12 15:14:50,www.google.fr
2013-09-12 15:14:51,docs.google.com
2013-09-12 15:14:51,www.google.fr
2013-09-12 15:14:51,www.bbc.co.uk
2013-09-12 15:14:51,www.live.bbc.co.uk
2013-09-12 15:14:51,static.bbci.co.uk
2013-09-12 15:14:51,node1.bbcimg.co.uk
2013-09-12 15:14:52,www.bbc.co.uk
2013-09-12 15:14:52,node1.bbcimg.co.uk
2013-09-12 15:14:52,static.bbci.co.uk
2013-09-12 15:14:53,news.bbcimg.co.uk
2013-09-12 15:14:53,www.bbc.co.uk
2013-09-12 15:14:53,ichef.bbci.co.uk
2013-09-12 15:14:53,static.bbci.co.uk
2013-09-12 15:14:54,static.bbci.co.uk
2013-09-12 15:14:54,ichef.bbci.co.uk
2013-09-12 15:14:56,docs.google.com
2013-09-12 15:15:04,ichef.bbc.co.uk
2013-09-12 15:15:05,ichef.bbc.co.uk
2013-09-12 15:15:05,static.bbci.co.uk
2013-09-12 15:15:05,ichef.bbci.co.uk
2013-09-12 15:15:06,ichef.bbci.co.uk
2013-09-12 15:15:06,static.bbci.co.uk
2013-09-12 15:15:06,ichef.bbc.co.uk
2013-09-12 15:15:07,www.bbc.co.uk
2013-09-12 15:15:07,static.bbci.co.uk
2013-09-12 15:15:07,www.live.bbc.co.uk
2013-09-12 15:15:08,sa.bbc.com
2013-09-12 15:15:08,www.bbc.co.uk
2013-09-12 15:15:08,static.bbci.co.uk
2013-09-12 15:15:14,sa.bbc.com
2013-09-12 15:15:15,www.live.bbc.co.uk
2013-09-12 15:15:15,www.bbc.co.uk
2013-09-12 15:15:15,news.bbcimg.co.uk
2013-09-12 15:15:16,node1.bbcimg.co.uk
2013-09-12 15:15:16,emp.bbci.co.uk
2013-09-12 15:15:16,static.bbci.co.uk
2013-09-12 15:15:16,news.bbc.co.uk
2013-09-12 15:15:16,open.live.bbc.co.uk
2013-09-12 15:15:16,news.bbcimg.co.uk
2013-09-12 15:15:17,www.bbc.co.uk
2013-09-12 15:15:17,news.bbcimg.co.uk
2013-09-12 15:15:17,emp.bbci.co.uk
2013-09-12 15:15:17,static.bbci.co.uk
2013-09-12 15:15:18,news.bbcimg.co.uk
2013-09-12 15:15:26,news.bbcimg.co.uk
2013-09-12 15:15:27,static.bbci.co.uk
2013-09-12 15:15:27,news.bbcimg.co.uk
2013-09-12 15:15:27,node1.bbcimg.co.uk
2013-09-12 15:15:28,www.bbc.co.uk
2013-09-12 15:15:28,static.bbc.co.uk
2013-09-12 15:15:28,open.bbci.co.uk
2013-09-12 15:15:28,static.bbci.co.uk
2013-09-12 15:15:28,sa.bbc.com
2013-09-12 15:16:37,static.bbci.co.uk
2013-09-12 15:16:51,drive.google.com
2013-09-12 15:17:02,www.live.bbc.co.uk
2013-09-12 15:17:02,www.bbc.co.uk
2013-09-12 15:17:02,static.bbci.co.uk
2013-09-12 15:17:04,www.live.bbc.co.uk
2013-09-12 15:17:04,www.bbc.co.uk
2013-09-12 15:17:09,sa.bbc.com
2013-09-12 15:17:09,www.bbc.co.uk
2013-09-12 15:17:09,www.live.bbc.co.uk
2013-09-12 15:17:12,drive.google.com
2013-09-12 15:17:31,www.google.fr
2013-09-12 15:17:32,www.google.fr
2013-09-12 15:17:33,www.ted.com
2013-09-12 15:17:33,images.ted.com
2013-09-12 15:17:33,ajax.googleapis.com
2013-09-12 15:17:34,images.ted.com
2013-09-12 15:18:42,0.drive.google.com
2013-09-12 15:19:47,docs.google.com
2013-09-12 15:19:53,accounts.google.com
2013-09-12 15:19:56,accounts.youtube.com
2013-09-12 15:19:57,www.google.com
2013-09-12 15:19:57,accounts.google.fr
2013-09-12 15:19:57,accounts.google.com
2013-09-12 15:19:57,www.google.fr
2013-09-12 15:19:58,accounts.youtube.com
2013-09-12 15:19:58,drive.google.com
2013-09-12 15:19:58,www.google.com
2013-09-12 15:19:58,accounts.google.fr
2013-09-12 15:20:01,accounts.google.com
2013-09-12 15:20:02,0.drive.google.com
2013-09-12 15:20:11,accounts.youtube.com
2013-09-12 15:20:11,docs.google.com
2013-09-12 15:20:11,6.docs.google.com
2013-11-25 10:51:13,search.mywebs.pro
2013-11-25 10:51:14,search.mywebs.pro
2013-11-25 10:51:15,search.mywebs.pro
2013-11-25 10:51:19,fpdownload2.macromedia.com
2013-11-25 10:51:41,webresultado.com
2013-11-27 08:15:06,search.mywebs.pro
2013-11-27 08:15:10,www.google.fr
2013-11-27 08:15:11,www.google.fr
2013-11-27 08:15:13,www.google.fr
2013-11-27 08:15:13,www.google.com
2013-11-27 08:15:13,webresultado.com
2013-11-27 08:15:14,apis.google.com
2013-11-27 08:15:30,www.google.fr
2013-11-27 08:15:30,www.google.com
2013-11-27 08:15:31,www.cs.cornell.edu
2013-11-27 08:16:14,www.google.fr
2013-11-27 08:16:21,apis.google.com
2013-11-27 08:16:31,www.google.fr
2013-11-27 08:33:25,search.mywebs.pro
2013-11-27 08:33:27,www.google.fr
2013-11-27 08:33:28,www.google.fr
2013-11-27 08:33:28,apis.google.com
2013-11-27 08:33:29,www.google.com
2013-11-27 08:34:37,www.google.com
2013-11-27 08:34:37,apis.google.com
2013-11-27 08:34:47,www.google.fr
2013-11-27 08:41:20,search.mywebs.pro
2013-11-27 08:41:21,search.mywebs.pro
2013-11-27 08:41:22,www.google.fr
2013-11-27 08:41:23,www.google.com
2013-11-27 08:41:24,apis.google.com
2013-11-27 08:41:25,www.google.fr
2013-11-27 08:41:29,www.google.fr
2013-11-27 08:41:29,www.google.com
2013-11-27 08:41:30,www.mathworks.fr
2013-11-27 08:41:30,www.mathworks.com
2013-11-27 08:41:31,www.google.fr
2013-11-27 08:41:31,www.mathworks.fr
2013-11-27 08:41:31,apis.google.com
2013-11-27 08:41:32,www.mathworks.fr
2013-11-27 08:41:32,www.google.fr
2013-11-27 08:41:33,www.mathworks.fr
2013-11-27 08:41:34,www.mathworks.fr
2013-11-27 08:41:35,www.mathworks.fr
2013-11-27 08:41:37,www.mathworks.fr
2013-11-27 08:41:41,www.mathworks.fr
2013-11-27 08:41:42,www.mathworks.fr
2013-11-27 08:41:44,www.mathworks.fr
2013-11-27 08:41:45,www.mathworks.fr
2013-11-27 08:41:50,p.typekit.net
2013-11-27 08:41:51,metrics.mathworks.com
2013-11-27 08:41:51,www.mathworks.fr
2013-11-27 08:41:56,www.mathworks.fr
2013-11-27 09:48:06,search.mywebs.pro
2013-11-27 09:48:07,www.google.fr
2013-11-27 09:48:07,search.mywebs.pro
2013-11-27 09:48:08,www.google.com
2013-11-27 09:48:08,apis.google.com
2013-11-27 09:48:46,perso.univ-rennes1.fr
2013-11-27 09:48:46,webresultado.com
2013-11-27 09:48:46,www.google.fr
2013-11-27 09:48:46,www.google.com
2013-11-27 09:48:46,apis.google.com
2013-11-27 09:48:47,perso.univ-rennes1.fr
2013-11-27 09:48:49,perso.univ-rennes1.fr
2013-11-27 09:48:49,blogperso.univ-rennes1.fr
2013-11-27 09:49:54,www.google.fr
2013-11-27 10:09:09,search.mywebs.pro
2013-11-27 10:09:12,www.google.fr
2013-11-27 10:09:14,c.fr.msn.com
2013-11-27 10:09:14,www.bing.com
2013-11-27 10:09:14,fr.msn.com
2013-11-27 10:09:14,www.google.fr
2013-11-27 10:09:15,h2.msn.com
2013-11-27 10:09:16,h2.msn.com
2013-11-27 10:09:16,www.mail.live.com
2013-11-27 10:09:16,c.fr.msn.com
2013-11-27 10:09:16,cntr.adrcntr.com
2013-11-27 10:09:16,g.msn.com
2013-11-27 10:09:17,h2.msn.com
2013-11-27 10:09:17,spot.static.meetic.com
2013-11-27 10:09:18,picda.ilius.net
2013-11-27 10:09:18,spot.static.meetic.com
2013-11-27 10:09:19,picda.ilius.net
2013-11-27 10:09:21,login.live.com
2013-11-27 10:09:25,login.live.com
2013-11-27 10:09:30,windowslive.tt.omtrdc.net
2013-11-27 10:09:42,login.live.com
2013-11-27 10:09:42,windowslive.tt.omtrdc.net
2013-11-27 10:09:43,login.live.com
2013-11-27 10:09:46,mail.live.com
2013-11-27 10:09:48,dub125.mail.live.com
2013-11-27 10:09:48,windowslive.tt.omtrdc.net
2013-11-27 10:09:48,cid-80d487bb24995721.users.storage.live.com
2013-11-27 10:09:49,h.live.com
2013-11-27 10:09:53,h.live.com
2013-11-27 10:09:58,people.directory.live.com
2013-11-27 10:09:59,h.live.com
2013-11-27 10:10:00,h.live.com
2013-11-27 10:10:00,dub125.mail.live.com
2013-11-27 10:10:00,secure.shared.live.com
2013-11-27 10:10:01,secure.shared.live.com
2013-11-27 10:10:02,login.live.com
2013-11-27 10:10:03,byfiles.storage.msn.com
2013-11-27 10:10:04,js.live.net
2013-11-27 10:10:07,prod.registrar.skype.com
2013-11-27 10:10:17,go.trouter.io
2013-11-27 10:10:38,storage.live.com
2013-11-27 10:10:39,dub125.mail.live.com
2013-11-27 10:10:39,h2.msn.com
2013-11-27 10:10:39,api.skype.com
2013-11-27 10:10:39,secure.shared.live.com
2013-11-27 10:10:44,h2.msn.com
2013-11-27 10:10:50,h2.msn.com
2013-11-27 10:10:50,g.msn.com
2013-11-27 10:10:50,dub125.mail.live.com
2013-11-27 10:10:50,h.live.com
2013-11-27 10:10:51,dub125.mail.live.com
2013-11-27 10:10:52,dub125.mail.live.com
2013-11-27 10:10:53,dub125.mail.live.com
2013-11-27 10:10:54,dub125.mail.live.com
2013-11-27 10:11:28,search.mywebs.pro
2013-11-27 10:11:30,www.google.com
2013-11-27 10:11:30,www.google.fr
2013-11-27 10:11:31,apis.google.com
2013-11-27 10:11:40,www.google.fr
2013-11-27 10:11:48,www.google.fr
2013-11-27 10:11:48,www.google.com
2013-11-27 10:11:49,apis.google.com
2013-11-27 10:11:49,www.apple.com
2013-11-27 10:11:49,support.apple.com
2013-11-27 10:11:49,www.google.fr
2013-11-27 10:11:50,images.apple.com
2013-11-27 10:11:50,km.support.apple.com
2013-11-27 10:11:50,support.apple.com
2013-11-27 10:11:50,www.apple.com
2013-11-27 10:11:51,km.support.apple.com
2013-11-27 10:11:52,images.apple.com
2013-11-27 10:11:52,km.support.apple.com
2013-11-27 10:11:53,images.apple.com
2013-11-27 10:11:53,km.support.apple.com
2013-11-27 10:11:54,km.support.apple.com
2013-11-27 10:11:54,images.apple.com
2013-11-27 10:11:54,dub125.mail.live.com
2013-11-27 10:11:55,dub125.mail.live.com
2013-11-27 10:11:55,km.support.apple.com
2013-11-27 10:11:55,images.apple.com
2013-11-27 10:11:56,dub125.mail.live.com
2013-11-27 10:11:56,km.support.apple.com
2013-11-27 10:11:56,images.apple.com
2013-11-27 10:11:57,km.support.apple.com
2013-11-27 10:11:57,images.apple.com
2013-11-27 10:11:57,metrics.apple.com
2013-11-27 10:11:58,cid-80d487bb24995721.users.storage.live.com
2013-11-27 10:11:58,www.apple.com
2013-11-27 10:11:58,support.apple.com
2013-11-27 10:11:58,h.live.com
2013-11-27 10:11:58,km.support.apple.com
2013-11-27 10:11:59,dub125.mail.live.com
2013-11-27 10:14:52,p.sfx.ms
2013-11-27 10:14:53,prod.registrar.skype.com
2013-11-27 10:14:53,login.live.com
2013-11-27 10:14:53,cid-80d487bb24995721.users.storage.live.com
2013-11-27 10:14:53,p.sfx.ms
2013-11-27 10:14:54,dub125.mail.live.com
2013-11-27 10:14:54,p.sfx.ms
2013-11-27 10:14:54,h.live.com
2013-11-27 10:14:55,g.live.com
2013-11-27 10:14:56,proxy-bay-people.directory.live.com
2013-11-27 10:14:56,go.trouter.io
2013-11-27 10:14:56,login.skype.com
2013-11-27 10:14:56,p.sfx.ms
2013-11-27 10:15:12,windowslive.tt.omtrdc.net
2013-11-27 10:47:49,search.mywebs.pro
2013-11-27 10:48:11,www.google.fr
2013-11-27 10:48:11,www.mathworks.com
2013-11-27 10:48:12,www.mathworks.fr
2013-11-27 10:48:13,www.mathworks.fr
2013-11-27 10:48:14,metrics.mathworks.com
2013-11-27 10:48:14,www.mathworks.fr
2013-11-27 10:48:14,p.typekit.net
2013-11-27 10:48:46,www.google.fr
2013-11-27 10:48:52,www.google.fr
2013-11-27 10:48:53,webresultado.com
2013-11-27 10:48:53,www.google.fr
2013-11-27 10:48:53,www.mathworks.com
2013-11-27 10:48:56,metrics.mathworks.com
2013-11-27 10:48:56,www.mathworks.com
2013-11-27 10:48:57,www.mathworks.com
2013-11-27 11:18:52,www.google.fr
2013-11-27 11:18:53,www.les-mathematiques.net
2013-11-27 11:18:53,www.google.fr
2013-11-27 11:18:54,www.les-mathematiques.net
2013-11-27 11:18:55,www.les-mathematiques.net
2013-11-27 11:18:56,www.les-mathematiques.net
2013-11-27 11:18:57,www.les-mathematiques.net
2013-11-27 11:18:58,www.les-mathematiques.net
2014-02-19 11:52:02,search.mywebs.pro
2014-02-19 11:52:35,webresultado.com
2014-02-19 11:53:12,player.vimeo.com
2014-02-19 11:58:53,search.mywebs.pro
2014-02-19 11:58:59,search.mywebs.pro
2014-02-19 11:59:00,www.google.com
2014-02-19 11:59:00,fr.ask.com
2014-02-19 11:59:00,sp.fr.ask.com
2014-02-19 11:59:01,fr.ask.com
2014-02-19 11:59:01,sp.fr.ask.com
2014-02-19 11:59:01,www.google.com
2014-02-19 11:59:05,www.google.fr
2014-02-19 11:59:30,www.google.fr
2014-02-19 11:59:31,apis.google.com
2014-02-19 11:59:34,www.google.com
2014-02-19 11:59:46,apis.google.com
2014-02-19 11:59:46,www.google.com
2014-02-19 11:59:46,www.google.fr
2014-02-19 11:59:47,www.google.fr
2014-02-19 11:59:47,www.google.com
2014-02-19 11:59:47,www.shell.com
2014-02-19 11:59:48,s00.static-shell.com
2014-02-19 11:59:48,s06.static-shell.com
2014-02-19 11:59:48,s04.static-shell.com
2014-02-19 11:59:48,s08.static-shell.com
2014-02-19 11:59:48,s07.static-shell.com
2014-02-19 11:59:48,s05.static-shell.com
2014-02-19 11:59:48,s01.static-shell.com
2014-02-19 11:59:48,s03.static-shell.com
2014-02-19 11:59:48,s02.static-shell.com
2014-02-19 11:59:49,www.shell.com
2014-02-19 11:59:50,www.shell.com
2014-02-19 11:59:50,s00.static-shell.com
2014-02-19 12:00:44,www.google.fr
2014-02-19 12:00:45,www.google.fr
2014-02-19 12:00:45,idata.over-blog.com
2014-02-19 12:00:45,ddata.over-blog.com
2014-02-19 12:00:45,fdata.over-blog.net
2014-02-19 12:00:45,a401.idata.over-blog.com
2014-02-19 12:00:45,www.timupsinsa.com
2014-02-19 12:00:46,platform.twitter.com
2014-02-19 12:00:46,ddata.over-blog.com
2014-02-19 12:00:46,yui.yahooapis.com
2014-02-19 12:00:46,fdata.over-blog.net
2014-02-19 12:00:46,www.facebook.com
2014-02-19 12:00:46,www.audienceinsights.net
2014-02-19 12:00:47,s-static.ak.facebook.com
2014-02-19 12:00:47,apis.google.com
2014-02-19 12:00:47,www.anonymousdmp.com
2014-02-19 12:00:47,platform.linkedin.com
2014-02-19 12:00:47,static.ak.facebook.com
2014-02-19 12:00:47,connect.facebook.net
2014-02-19 12:00:47,fdata.over-blog.net
2014-02-19 12:00:47,www.linkedin.com
2014-02-19 12:00:47,www.facebook.com
2014-02-19 12:00:47,www.timupsinsa.com
2014-02-19 12:00:47,fpdownload2.macromedia.com
2014-02-19 12:01:10,twitter.com
2014-02-19 12:01:13,accounts.google.com
2014-02-19 12:01:15,fdata.over-blog.net
2014-02-19 12:01:41,twitter.com
2014-02-19 12:05:13,accounts.google.com
2014-02-19 12:30:14,www.linkedin.com
2014-03-04 11:54:50,www.google.fr
2014-03-04 11:55:06,www.google.fr
2014-03-04 13:54:33,search.mywebs.pro
2014-03-04 13:54:34,fr.ask.com
2014-03-04 13:54:34,www.google.com
2014-03-04 13:54:34,sp.fr.ask.com
2014-03-04 13:54:35,fr.ask.com
2014-03-04 13:54:35,www.google.com
2014-03-04 13:54:37,fr.ask.com
2014-03-04 13:54:38,media3.picsearch.com
2014-03-04 13:54:38,fr.ask.com
2014-03-04 13:54:38,media2.picsearch.com
2014-03-04 13:54:38,media5.picsearch.com
2014-03-04 13:54:38,www.google.com
2014-03-04 13:54:38,media4.picsearch.com
2014-03-04 13:54:38,media1.picsearch.com
2014-03-04 13:54:44,www.google.fr
2014-03-04 13:55:04,media3.picsearch.com
2014-03-04 13:55:04,fr.ask.com
2014-03-04 13:55:04,sp.fr.ask.com
2014-03-04 13:55:04,media2.picsearch.com
2014-03-04 13:55:04,media1.picsearch.com
2014-03-04 13:55:04,www.google.com
2014-03-04 13:55:04,media4.picsearch.com
2014-03-04 13:55:04,media5.picsearch.com
2014-03-04 13:55:07,www.google.fr
2014-03-04 13:55:09,www.google.fr
2014-03-04 13:55:10,www.google.fr
2014-03-04 13:55:11,apis.google.com
2014-03-04 13:55:13,www.google.com
2014-03-04 13:55:20,www.google.fr
2014-03-04 13:55:20,www.google.com
2014-03-04 13:55:21,www.google.fr
2014-03-04 13:55:21,apis.google.com
2014-03-04 13:55:34,clients1.google.fr
2014-03-04 13:55:35,apis.google.com
2014-03-04 13:55:35,www.google.com
2014-03-04 13:55:35,clients1.google.fr
2014-03-04 13:55:35,id.google.fr
2014-03-04 13:55:35,www.google.fr
2014-03-04 13:55:37,www.google.fr
2014-03-04 13:55:40,www.google.fr
2014-03-04 13:55:40,images.forum-auto.com
2014-03-04 13:55:40,www.forum-auto.com
2014-03-04 13:55:40,staticclub.caradisiac.com
2014-03-04 13:55:41,staticclub.caradisiac.com
2014-03-04 13:55:41,axafr.commander1.com
2014-03-04 13:55:41,images.forum-auto.com
2014-03-04 13:55:41,fpdownload2.macromedia.com
2014-03-04 13:55:42,fpdownload2.macromedia.com
2014-03-04 13:55:42,images.caradisiac.com
2014-03-04 13:55:42,images.forum-auto.com
2014-03-04 13:55:42,staticclub.caradisiac.com
2014-03-04 13:55:43,club.caradisiac.com
2014-03-04 13:55:43,listener.ezakus.net
2014-03-04 13:55:43,www.google.com
2014-03-04 13:55:50,www.google.fr
2014-03-04 13:55:51,images.caradisiac.com
2014-03-04 13:55:51,listener.ezakus.net
2014-03-04 13:55:52,club.caradisiac.com
2014-03-04 13:55:52,staticclub.caradisiac.com
2014-03-04 13:56:22,id.google.fr
2014-03-04 13:56:22,www.google.fr
2014-03-04 13:56:22,clients1.google.fr
2014-03-04 13:56:22,www.google.com
2014-03-04 13:56:22,apis.google.com
2014-03-04 13:56:36,clients1.google.fr
2014-03-04 13:56:36,www.google.fr
2014-03-04 14:00:46,www.google.fr
2014-03-04 14:10:17,www.google.fr
2014-03-04 14:28:02,www.google.fr
2014-03-04 14:28:02,clients1.google.fr
2014-03-04 14:28:06,www.google.com
2014-03-04 14:28:06,www.google.fr
2014-03-04 14:28:07,apis.google.com
2014-03-04 14:28:07,static.directindustry.fr
2014-03-04 14:28:07,img.directindustry.fr
2014-03-04 14:28:07,www.directindustry.fr
2014-03-04 14:28:07,www.google.fr
2014-03-04 14:28:08,www.google.com
2014-03-04 14:28:08,img.nauticexpo.fr
2014-03-04 14:28:08,www.google.fr
2014-03-04 14:28:08,img.directindustry.fr
2014-03-04 14:28:08,www.directindustry.fr
2014-03-04 14:28:08,static.directindustry.fr
2014-03-04 14:28:10,i1-js-14-3-01-10977-182137099-i.init.cedexis-radar.net
2014-03-04 14:28:13,us-west1.joyent.bench.cedexis.com
2014-03-04 14:28:14,us-west1.joyent.bench.cedexis.com
2014-03-04 14:28:18,www.directindustry.fr
2014-03-04 14:28:18,img.directindustry.fr
2014-03-04 14:28:21,www.directindustry.fr
2014-03-04 14:28:23,www.directindustry.fr
2014-03-04 14:28:26,www.directindustry.fr
2014-03-04 14:28:27,www.directindustry.fr
2014-03-04 14:28:27,static.directindustry.fr
2014-03-04 14:28:27,img.directindustry.fr
2014-03-04 14:28:28,img.directindustry.fr
2014-03-04 14:28:28,www.google.com
2014-03-04 14:28:28,www.google.fr
2014-03-04 14:28:29,i1-js-14-3-01-10977-85682317-i.init.cedexis-radar.net
2014-03-04 14:28:31,onapp.cedexis.com
2014-03-04 14:28:33,img.directindustry.fr
2014-03-04 14:28:35,img.directindustry.com
2014-03-04 14:28:35,img.directindustry.fr
2014-03-04 14:57:03,barreau.matthieu.free.fr
2014-03-04 15:15:04,barreau.matthieu.free.fr
2014-03-04 15:15:13,barreau.matthieu.free.fr
2014-03-04 15:15:26,barreau.matthieu.free.fr
2014-03-04 15:15:31,barreau.matthieu.free.fr
2014-03-04 15:15:40,barreau.matthieu.free.fr
2014-03-04 15:15:43,barreau.matthieu.free.fr
2014-03-04 15:16:04,barreau.matthieu.free.fr
2014-03-04 15:16:05,barreau.matthieu.free.fr
2014-03-04 15:21:54,search.mywebs.pro
2014-03-04 15:21:54,fr.ask.com
2014-03-04 15:21:54,www.google.com
2014-03-04 15:21:55,fr.ask.com
2014-03-04 15:21:57,www.google.fr
2014-03-04 15:22:05,www.google.com
2014-03-04 15:22:05,fr.ask.com
2014-03-04 15:22:06,www.google.com
2014-03-04 15:22:06,sp.fr.ask.com
2014-03-04 15:22:06,fr.ask.com
2014-03-04 15:22:11,www.google.fr
2014-03-04 15:22:22,www.google.fr
2014-03-04 15:22:23,www.google.fr
2014-03-04 15:22:24,apis.google.com
2014-03-04 15:22:26,www.google.com
2014-03-04 15:22:30,apis.google.com
2014-03-04 15:22:30,www.google.fr
2014-03-04 15:22:30,www.google.com
2014-03-04 15:22:44,www.google.fr
2014-03-04 15:22:44,apis.google.com
2014-03-04 15:22:44,clients1.google.fr
2014-03-04 15:23:52,www.google.fr
2014-03-21 10:30:19,go.microsoft.com
2014-03-21 10:30:20,res1.windows.microsoft.com
2014-03-21 10:30:20,res2.windows.microsoft.com
2014-03-21 10:30:20,js.microsoft.com
2014-03-21 10:30:20,ajax.microsoft.com
2014-03-21 10:30:20,windows.microsoft.com
2014-03-21 10:30:23,www.google.fr
2014-03-21 10:30:24,www.bing.com
2014-03-21 10:30:37,www.google.fr
2014-03-21 10:30:38,apis.google.com
2014-03-21 10:30:40,www.google.com
2014-03-21 10:31:05,www.mathworks.com
2014-03-21 10:31:05,www.google.fr
2014-03-21 10:31:05,www.google.com
2014-03-21 10:31:05,apis.google.com
2014-03-21 10:31:06,www.mathworks.com
2014-03-21 10:31:06,www.mathworks.fr
2014-03-21 10:31:06,www.google.fr
2014-03-21 10:31:07,metrics.mathworks.com
2014-03-21 10:31:07,www.mathworks.fr
2014-03-21 10:31:08,s3.amazonaws.com
2014-03-21 10:31:08,www.mathworks.fr
2014-03-21 10:31:40,ljk.imag.fr
2014-03-21 10:31:40,www.google.fr
2014-03-21 10:32:06,stackoverflow.com
2014-03-21 10:32:06,ajax.googleapis.com
2014-03-21 10:32:06,www.google.fr
2014-03-21 10:32:06,cdn-careers.sstatic.net
2014-03-21 10:32:07,stackoverflow.com
2014-03-21 10:32:07,cdn-careers.sstatic.net
2014-03-21 10:32:07,careers.stackoverflow.com
2014-03-21 10:32:15,www.gravatar.com
2014-03-21 10:32:21,stackauth.com
2014-03-21 10:32:21,adzerk-www.s3.amazonaws.com
2014-03-21 10:32:59,www.google.fr
2014-03-21 10:32:59,ece.uwaterloo.ca
2014-03-21 10:33:00,ece.uwaterloo.ca
2014-03-21 10:33:00,uwaterloo.ca
2014-03-21 10:33:01,ece.uwaterloo.ca
2014-03-21 10:33:17,ieonline.microsoft.com
2014-03-21 10:33:18,go.microsoft.com
2014-03-21 10:33:28,lumimath.univ-mrs.fr
2014-03-21 10:33:28,www.google.fr
2014-03-21 10:33:29,lumimath.univ-mrs.fr
2014-03-21 10:33:30,lumimath.univ-mrs.fr
2014-03-21 10:33:48,www.google.fr
2014-03-21 10:43:35,www.google.fr
2014-03-21 10:43:46,www.google.fr
2014-03-21 10:43:47,apis.google.com
2014-03-21 10:43:50,www.google.com
2014-03-21 10:44:07,www.google.fr
2014-03-21 10:44:07,www.mathworks.com
2014-03-21 10:44:07,www.mathworks.fr
2014-03-21 10:44:07,www.google.com
2014-03-21 10:44:07,apis.google.com
2014-03-21 10:44:15,s3.amazonaws.com
2014-03-21 10:44:15,metrics.mathworks.com
2014-03-21 10:44:15,www.mathworks.fr
2014-03-21 10:44:16,p.typekit.net
2014-03-21 10:44:16,www.mathworks.fr
2014-03-21 10:59:17,www.mathworks.fr
2014-03-21 11:20:16,www.google.fr
2014-03-21 11:20:18,perso.telecom-paristech.fr
2014-03-21 11:22:18,www.google.fr
2014-03-21 11:58:25,www.google.fr
2014-03-21 11:58:37,www.google.fr
2014-03-21 11:58:38,apis.google.com
2014-03-21 11:58:41,www.google.com
2014-03-21 12:00:47,apis.google.com
2014-03-21 12:00:47,www.google.com
2014-03-21 12:00:47,www.google.fr
2014-03-28 11:02:50,www.google.fr
2014-03-28 11:03:03,www.google.fr
2014-03-28 11:03:04,apis.google.com
2014-03-28 11:03:06,www.google.com
2014-03-28 11:03:20,apis.google.com
2014-03-28 11:03:20,www.google.com
2014-03-28 11:03:20,www.google.fr
2014-03-28 11:03:21,www.mathworks.com
2014-03-28 11:03:21,www.mathworks.fr
2014-03-28 11:03:22,www.google.fr
2014-03-28 11:03:22,www.mathworks.fr
2014-03-28 11:03:29,www.mathworks.fr
2014-03-28 11:03:30,s3.amazonaws.com
2014-03-28 11:03:30,p.typekit.net
2014-03-28 11:03:30,metrics.mathworks.com
2014-03-28 11:03:30,www.mathworks.fr
2014-03-28 11:05:58,ieonline.microsoft.com
2014-03-28 11:20:14,www.google.fr
2014-03-28 11:20:16,www.google.fr
2014-03-28 11:20:17,www.google.fr
2014-03-28 11:20:17,nf.nci.org.au
2014-03-28 11:20:18,nf.nci.org.au
2014-03-28 11:22:18,www.google.fr
2014-03-28 11:27:47,www.google.fr
2014-03-28 11:27:48,www.mathworks.fr
2014-03-28 11:27:48,www.mathworks.com
2014-03-28 11:27:49,p.typekit.net
2014-03-28 11:27:49,www.mathworks.fr
2014-03-28 11:27:49,metrics.mathworks.com
2014-03-28 11:30:03,www.google.fr
2014-03-28 11:31:36,www.mathworks.fr
2014-03-28 11:31:36,www.mathworks.com
2014-03-28 11:31:36,www.google.fr
2014-03-28 11:31:37,www.mathworks.fr
2014-03-28 11:31:38,p.typekit.net
2014-03-28 11:31:38,www.mathworks.fr
2014-03-28 11:31:38,metrics.mathworks.com
2014-03-28 11:35:32,www.google.fr
2014-03-28 11:58:57,www.google.fr
2014-03-28 11:58:57,www.mathworks.com
2014-03-28 11:58:57,www.mathworks.fr
2014-03-28 11:58:58,www.mathworks.fr
2014-03-28 11:58:59,metrics.mathworks.com
2014-03-28 11:58:59,www.mathworks.fr
2014-03-28 11:58:59,p.typekit.net
2014-03-28 12:00:42,www.google.fr
2014-04-25 10:59:08,office14client.microsoft.com
2014-04-25 10:59:09,office.microsoft.com
2014-04-25 10:59:10,office.microsoft.com
