timestamp,site
2013-12-20 13:57:38,fpdownload2.macromedia.com
2013-12-20 13:57:45,www.bing.com
2013-12-20 13:57:45,www.google.com
2013-12-20 13:57:47,www.google.fr
2013-12-20 13:57:48,www.google.fr
2013-12-20 13:57:49,apis.google.com
2013-12-20 13:57:50,www.google.com
2013-12-20 13:57:56,www.google.fr
2013-12-20 13:57:56,apis.google.com
2013-12-20 13:57:57,www.google.fr
2013-12-20 13:57:57,www.google.com
2013-12-20 14:00:40,go.microsoft.com
2013-12-20 14:00:40,ieonline.microsoft.com
2013-12-20 14:02:20,javadl-esd-secure.oracle.com
2013-12-20 14:02:32,javadl-esd-secure.oracle.com
2013-12-20 14:09:31,registration2.services.openoffice.org
2013-12-20 14:09:34,registration2.services.openoffice.org
2013-12-20 14:13:30,www.google.fr
2013-12-20 14:13:31,www.google.fr
2013-12-20 14:13:55,www.f2smhstaps.ups-tlse.fr
2013-12-20 14:13:55,www.google.fr
2013-12-20 14:13:56,www.f2smhstaps.ups-tlse.fr
2013-12-20 14:14:08,caratome.free.fr
2013-12-20 14:14:08,www.google.fr
2013-12-20 14:14:28,www.google.fr
2013-12-20 14:14:29,login.wikimedia.org
2013-12-20 14:14:29,www.google.fr
2013-12-20 14:14:29,fr.wikipedia.org
2013-12-20 14:14:29,bits.wikimedia.org
2013-12-20 14:14:30,meta.wikimedia.org
2013-12-20 14:14:30,fr.wikipedia.org
2013-12-20 14:14:30,bits.wikimedia.org
2013-12-20 14:14:31,bits.wikimedia.org
2013-12-20 14:15:31,bits.wikimedia.org
2014-01-04 14:18:16,gmail.com
2014-01-04 14:18:16,mail.google.com
2014-01-04 14:18:30,accounts.google.com
2014-01-04 14:18:33,accounts.youtube.com
2014-01-04 14:18:54,accounts.youtube.com
2014-01-04 14:19:02,accounts.google.fr
2014-01-04 14:19:03,www.google.com
2014-01-04 14:19:05,mail.google.com
2014-01-04 14:19:08,accounts.google.com
2014-01-04 14:19:08,accounts.google.fr
2014-01-04 14:19:08,mail.google.com
2014-01-04 14:19:08,clients2.google.com
2014-01-04 14:19:08,www.google.com
2014-01-04 14:19:09,apis.google.com
2014-01-04 14:19:09,clients2.google.com
2014-01-04 14:19:09,www.google.com
2014-01-04 14:19:09,mail.google.com
2014-01-04 14:19:10,apis.google.com
2014-01-04 14:19:11,plus.google.com
2014-01-04 14:19:12,accounts.google.com
2014-01-04 14:19:12,mail.google.com
2014-01-04 14:19:13,mail.google.com
2014-01-04 14:19:14,chatenabled.mail.google.com
2014-01-04 14:19:17,mail.google.com
2014-01-04 14:19:25,plus.google.com
2014-01-04 14:19:26,drive.google.com
2014-01-04 14:19:29,apis.google.com
2014-01-04 14:19:30,drive.google.com
2014-01-04 14:19:32,0.drive.google.com
2014-01-04 14:19:34,drive.google.com
2014-01-04 14:19:35,drive.google.com
2014-01-04 14:19:35,apis.google.com
2014-01-04 14:19:35,0.drive.google.com
2014-01-04 14:19:53,plus.google.com
2014-01-04 14:19:53,docs.google.com
2014-01-04 14:20:27,docs.google.com
2014-01-04 14:20:29,gg.google.com
2014-01-04 14:20:29,docs.google.com
2014-01-04 14:20:30,docs.google.com
2014-01-04 14:20:31,docs.google.com
2014-01-04 14:20:32,docs.google.com
2014-01-04 14:20:32,apis.google.com
2014-01-04 14:20:32,www.google.com
2014-01-04 14:20:33,apis.google.com
2014-01-04 14:20:34,0.docs.google.com
2014-01-04 14:20:36,0.docs.google.com
2014-01-04 14:20:44,accounts.google.com
2014-01-04 14:20:45,apis.google.com
2014-01-04 14:20:47,clients6.google.com
2014-01-04 14:21:12,ieonline.microsoft.com
2014-01-04 14:21:30,drive.google.com
2014-01-04 14:23:12,plus.google.com
2014-01-04 14:23:12,apis.google.com
2014-01-04 14:23:14,plus.google.com
2014-01-04 14:23:15,www.google.com
2014-01-04 14:23:15,chatenabled.mail.google.com
2014-01-04 14:23:17,mail.google.com
2014-01-04 14:23:53,docs.google.com
2014-01-04 14:23:53,plus.google.com
2014-01-04 14:24:29,gg.google.com
2014-01-04 14:24:37,docs.google.com
2014-01-04 14:24:44,accounts.google.com
2014-01-04 14:24:47,apis.google.com
2014-01-04 14:24:47,clients6.google.com
2014-01-04 14:25:21,apis.google.com
2014-01-04 14:25:21,mail.google.com
2014-01-04 14:25:25,mail.google.com
2014-01-04 14:25:25,plus.google.com
2014-01-04 14:25:30,drive.google.com
2014-01-04 14:25:32,docs.google.com
2014-01-04 14:25:33,plus.google.com
2014-01-04 14:25:33,mail.google.com
2014-01-04 14:25:35,docs.google.com
2014-01-04 14:25:36,docs.google.com
2014-01-04 14:25:38,1.docs.google.com
2014-01-04 14:25:39,1.docs.google.com
2014-01-04 14:25:40,docs.google.com
2014-01-04 14:25:40,1.talkgadget.google.com
2014-01-04 14:25:40,apis.google.com
2014-01-04 14:25:41,docs.google.com
2014-01-04 14:26:41,1.talkgadget.google.com
2014-01-04 14:28:10,1.talkgadget.google.com
2014-01-04 14:29:14,plus.google.com
2014-01-04 14:29:14,apis.google.com
2014-01-04 14:29:37,0.talkgadget.google.com
2014-01-04 14:29:40,plus.google.com
2014-01-04 14:29:41,1.talkgadget.google.com
2014-01-04 14:29:42,docs.google.com
2014-01-04 14:30:06,docs.google.com
2014-01-04 14:30:11,www.googleapis.com
2014-01-04 14:30:14,2.docs.google.com
2014-01-04 14:30:16,2.docs.google.com
2014-01-04 14:30:41,www.google.com
2014-01-04 14:30:42,www.google.com
2014-01-04 14:31:30,drive.google.com
2014-01-04 14:32:10,mail.google.com
2014-01-04 14:32:11,docs.google.com
2014-01-04 14:33:15,plus.google.com
2014-01-04 14:33:25,plus.google.com
2014-01-04 14:33:26,docs.google.com
2014-01-04 14:33:27,ajax.googleapis.com
2014-01-04 14:33:37,0.talkgadget.google.com
2014-01-04 14:33:38,0.talkgadget.google.com
2014-01-04 14:33:40,plus.google.com
2014-01-04 14:33:54,plus.google.com
2014-01-04 14:34:04,plus.google.com
2014-01-04 14:34:12,www.googleapis.com
2014-01-04 14:34:38,www.google.com
2014-01-04 14:35:01,drive.google.com
2014-01-04 14:37:27,ajax.googleapis.com
2014-01-04 14:39:11,docs.google.com
2014-01-04 14:39:30,drive.google.com
2014-01-04 14:43:27,docs.google.com
2014-01-04 14:43:48,docs.google.com
2014-01-04 14:44:06,docs.google.com
2014-01-04 14:44:11,docs.google.com
2014-01-04 14:45:15,2.docs.google.com
2014-01-04 14:45:30,drive.google.com
2014-01-04 14:47:17,drive.google.com
2014-01-04 14:47:17,www.google.fr
2014-01-04 14:47:19,www.google.fr
2014-01-04 14:47:22,www.google.com
2014-01-04 14:47:26,www.google.com
2014-01-04 14:47:26,s.ytimg.com
2014-01-04 14:47:26,www.google.fr
2014-01-04 14:47:27,www.google.fr
2014-01-04 14:47:27,s.ytimg.com
2014-01-04 14:47:27,www.youtube.com
2014-01-04 14:47:27,plus.google.com
2014-01-04 14:47:27,i1.ytimg.com
2014-01-04 14:47:27,fpdownload2.macromedia.com
2014-01-04 14:47:28,s.ytimg.com
2014-01-04 14:47:28,yt3.ggpht.com
2014-01-04 14:47:28,apis.google.com
2014-01-04 14:47:28,i1.ytimg.com
2014-01-04 14:47:29,www.youtube.com
2014-01-04 14:47:29,s.ytimg.com
2014-01-04 14:47:30,s.youtube.com
2014-01-04 14:47:30,s.ytimg.com
2014-01-04 14:47:30,r1---sn-gxo5uxg-jqbe.googlevideo.com
2014-01-04 14:47:30,accounts.google.com
2014-01-04 14:47:30,www.youtube.com
2014-01-04 14:47:31,r1---sn-gxo5uxg-jqbe.googlevideo.com
2014-01-04 14:47:31,s.youtube.com
2014-01-04 14:47:31,s.ytimg.com
2014-01-04 14:47:31,accounts.google.com
2014-01-04 14:47:33,s.ytimg.com
2014-01-04 14:47:35,s.ytimg.com
2014-01-04 14:47:35,s.youtube.com
2014-01-04 14:47:35,clients1.google.com
2014-01-04 14:47:38,yt3.ggpht.com
2014-01-04 14:47:38,www.youtube.com
2014-01-04 14:47:38,s.ytimg.com
2014-01-04 14:47:38,r3---sn-gxo5uxg-jqbe.googlevideo.com
2014-01-04 14:47:38,www.youtube-nocookie.com
2014-01-04 14:47:38,i1.ytimg.com
2014-01-04 14:47:38,www.google.com
2014-01-04 14:47:39,s.ytimg.com
2014-01-04 14:47:39,www.youtube.com
2014-01-04 14:47:39,i3.ytimg.com
2014-01-04 14:47:39,s.youtube.com
2014-01-04 14:47:40,apis.google.com
2014-01-04 14:47:40,plus.googleapis.com
2014-01-04 14:47:40,www.youtube.com
2014-01-04 14:47:40,i1.ytimg.com
2014-01-04 14:47:40,gdata.youtube.com
2014-01-04 14:47:40,r3---sn-gxo5uxg-jqbe.googlevideo.com
2014-01-04 14:47:40,s.youtube.com
2014-01-04 14:47:41,s.youtube.com
2014-01-04 14:47:41,gdata.youtube.com
2014-01-04 14:47:41,r3---sn-gxo5uxg-jqbe.googlevideo.com
2014-01-04 14:47:41,plus.googleapis.com
2014-01-04 14:47:47,www.youtube.com
2014-01-04 14:47:48,plus.googleapis.com
2014-01-04 14:47:48,www.youtube.com
2014-01-04 14:47:48,s.youtube.com
2014-01-04 14:47:48,r3---sn-gxo5uxg-jqbe.googlevideo.com
2014-01-04 14:47:48,www.google.com
2014-01-04 14:47:48,i1.ytimg.com
2014-01-04 14:47:50,s.youtube.com
2014-01-04 14:47:51,r3---sn-gxo5uxg-jqbe.googlevideo.com
2014-01-04 14:47:52,s.youtube.com
2014-01-04 14:47:55,s.youtube.com
2014-01-04 14:47:58,s.youtube.com
2014-01-04 14:47:59,r3---sn-gxo5uxg-jqbe.googlevideo.com
2014-01-04 14:48:02,i1.ytimg.com
2014-01-04 14:48:04,i1.ytimg.com
2014-01-04 14:48:04,r3---sn-gxo5uxg-jqbe.googlevideo.com
2014-01-04 14:48:05,s.youtube.com
2014-01-04 14:48:08,s.youtube.com
2014-01-04 14:48:15,s.youtube.com
2014-01-04 14:48:21,r3---sn-gxo5uxg-jqbe.googlevideo.com
2014-01-04 14:48:28,s.youtube.com
2014-01-04 14:48:44,r3---sn-gxo5uxg-jqbe.googlevideo.com
2014-01-04 14:48:54,r3---sn-gxo5uxg-jqbe.googlevideo.com
2014-01-04 14:48:56,s.youtube.com
2014-01-04 14:48:58,s.youtube.com
2014-01-04 14:49:08,docs.google.com
2014-01-04 14:49:28,s.youtube.com
2014-01-04 14:49:36,s.youtube.com
2014-01-04 14:49:44,www.youtube.com
2014-01-04 14:49:58,s.youtube.com
2014-01-04 14:50:11,clients1.google.com
2014-01-04 14:50:12,clients1.google.com
2014-01-04 14:50:13,clients1.google.com
2014-01-04 14:50:14,clients1.google.com
2014-01-04 14:50:16,s.youtube.com
2014-01-04 14:50:17,www.youtube.com
2014-01-04 14:50:17,www.google.com
2014-01-04 14:50:18,s.youtube.com
2014-01-04 14:50:18,s.ytimg.com
2014-01-04 14:50:18,i1.ytimg.com
2014-01-04 14:50:18,www.youtube.com
2014-01-04 14:50:18,plus.google.com
2014-01-04 14:50:18,www.google.com
2014-01-04 14:50:18,drive.google.com
2014-01-04 14:50:23,i1.ytimg.com
2014-01-04 14:50:26,i1.ytimg.com
2014-01-04 14:50:27,i1.ytimg.com
2014-01-04 14:52:39,mail.google.com
2014-01-04 14:53:25,plus.google.com
2014-01-04 14:53:40,www.google.fr
2014-01-04 14:53:40,drive.google.com
2014-01-04 14:53:49,www.google.fr
2014-01-04 14:53:49,translate.google.fr
2014-01-04 14:53:50,translate.google.fr
2014-01-04 14:53:53,translate.google.fr
2014-01-04 14:53:53,www.google.com
2014-01-04 14:53:54,translate.google.fr
2014-01-04 14:53:55,translate.google.fr
2014-01-04 14:53:56,translate.google.fr
2014-01-04 14:53:57,translate.google.fr
2014-01-04 14:53:58,translate.google.fr
2014-01-04 14:54:03,translate.google.fr
2014-01-04 14:54:11,docs.google.com
2014-01-04 14:55:59,docs.google.com
2014-01-04 14:56:00,0.docs.google.com
2014-01-04 14:56:18,3.docs.google.com
2014-01-04 14:56:19,3.docs.google.com
2014-01-04 14:56:20,3.docs.google.com
2014-01-04 14:56:21,docs.google.com
2014-01-04 14:56:21,3.talkgadget.google.com
2014-01-04 14:56:22,docs.google.com
2014-01-04 14:57:06,apis.google.com
2014-01-04 14:57:22,clients6.google.com
2014-01-04 14:57:22,3.talkgadget.google.com
2014-01-04 14:57:55,plus.google.com
2014-01-04 14:58:05,docs.google.com
2014-01-04 14:58:53,docs.google.com
2014-01-04 15:00:04,drive.google.com
2014-01-04 15:00:21,apis.google.com
2014-01-04 15:00:21,3.talkgadget.google.com
2014-01-04 15:00:23,plus.google.com
2014-01-04 15:01:22,www.google.com
2014-01-04 15:01:30,drive.google.com
2014-01-04 15:04:11,docs.google.com
2014-01-04 15:04:25,docs.google.com
2014-01-04 15:07:30,drive.google.com
2014-01-04 15:07:55,plus.google.com
2014-01-04 15:08:05,docs.google.com
2014-01-04 15:08:06,plus.google.com
2014-01-04 15:11:30,drive.google.com
2014-01-04 15:12:15,mail.google.com
2014-01-04 15:12:20,docs.google.com
2014-01-04 15:13:25,plus.google.com
2014-01-04 15:14:05,plus.google.com
2014-01-04 15:14:11,docs.google.com
2014-01-04 15:17:04,docs.google.com
2014-01-04 15:17:15,mail.google.com
2014-01-04 15:17:30,drive.google.com
2014-01-04 15:21:13,0.drive.google.com
2014-01-04 15:22:15,mail.google.com
2014-01-04 15:22:59,docs.google.com
2014-01-04 15:23:41,drive.google.com
2014-01-04 15:24:09,mail.google.com
2014-01-04 15:24:11,docs.google.com
2014-01-04 15:24:18,apis.google.com
2014-01-04 15:25:30,drive.google.com
2014-01-04 15:26:37,1.docs.google.com
2014-01-04 15:26:59,docs.google.com
2014-01-04 15:27:15,mail.google.com
2014-01-04 15:28:06,plus.google.com
2014-01-04 15:29:30,drive.google.com
2014-01-04 15:30:58,mail.google.com
2014-01-04 15:30:59,plus.google.com
2014-01-04 15:30:59,1.docs.google.com
2014-01-04 15:30:59,docs.google.com
2014-01-04 15:30:59,mail.google.com
2014-01-04 15:30:59,0.drive.google.com
2014-01-04 15:31:00,docs.google.com
2014-01-04 15:31:00,plus.google.com
2014-01-04 15:31:00,3.docs.google.com
2014-01-04 15:31:00,2.docs.google.com
2014-01-28 14:09:56,fpdownload2.macromedia.com
2014-01-28 14:10:12,www.google.com
2014-01-28 14:10:26,go.microsoft.com
2014-01-28 14:10:26,ieonline.microsoft.com
2014-01-28 14:13:23,mail.google.com
2014-01-28 14:13:23,gmail.com
2014-01-28 14:13:34,accounts.google.com
2014-01-28 14:13:36,ieonline.microsoft.com
2014-01-28 14:13:37,accounts.youtube.com
2014-01-28 14:13:41,mail.google.com
2014-01-28 14:13:59,accounts.google.fr
2014-01-28 14:14:04,mail.google.com
2014-01-28 14:14:05,accounts.youtube.com
2014-01-28 14:14:05,plus.google.com
2014-01-28 14:14:05,apis.google.com
2014-01-28 14:14:05,accounts.google.com
2014-01-28 14:14:05,clients2.google.com
2014-01-28 14:14:05,accounts.google.fr
2014-01-28 14:14:05,mail.google.com
2014-01-28 14:14:07,mail.google.com
2014-01-28 14:14:07,www.google.com
2014-01-28 14:14:08,mail.google.com
2014-01-28 14:14:28,mail.google.com
2014-01-28 14:14:41,mail.google.com
2014-01-28 14:14:41,www.google.com
2014-01-28 14:14:41,plus.google.com
2014-01-28 14:14:41,apis.google.com
2014-01-28 14:14:42,accounts.google.com
2014-01-28 14:14:42,mail.google.com
2014-01-28 14:14:54,www.google.com
2014-01-28 14:14:56,plus.google.com
2014-01-28 14:15:01,apis.google.com
2014-01-28 14:15:04,mail.google.com
2014-01-28 14:15:04,chatenabled.mail.google.com
2014-01-28 14:15:05,apis.google.com
2014-01-28 14:16:11,apis.google.com
2014-01-28 14:17:39,mail.google.com
2014-01-28 14:17:49,apis.google.com
2014-01-28 14:17:52,apis.google.com
2014-01-28 14:19:04,chatenabled.mail.google.com
2014-01-28 14:20:05,plus.google.com
2014-01-28 14:20:18,mail.google.com
2014-01-28 14:21:23,mail.google.com
2014-01-28 14:21:40,drive.google.com
2014-01-28 14:21:43,mail.google.com
2014-01-28 14:22:06,apis.google.com
2014-01-28 14:22:06,mail.google.com
2014-01-28 14:22:06,clients6.google.com
2014-01-28 14:22:06,plus.google.com
2014-01-28 14:22:08,mail.google.com
2014-01-28 14:22:32,mail.google.com
2014-01-28 14:22:32,drive.google.com
2014-01-28 14:22:33,drive.google.com
2014-01-28 14:22:33,apis.google.com
2014-01-28 14:22:46,docs.google.com
2014-01-28 14:22:49,docs.google.com
2014-01-28 14:22:52,docs.google.com
2014-01-28 14:22:59,docs.google.com
2014-01-28 14:23:02,docs.google.com
2014-01-28 14:23:04,0.docs.google.com
2014-01-28 14:23:05,docs.google.com
2014-01-28 14:23:05,0.docs.google.com
2014-01-28 14:23:06,docs.google.com
2014-01-28 14:23:06,0.talkgadget.google.com
2014-01-28 14:23:06,0.docs.google.com
2014-01-28 14:23:07,0.talkgadget.google.com
2014-01-28 14:23:08,apis.google.com
2014-01-28 14:23:08,docs.google.com
2014-01-28 14:23:09,docs.google.com
2014-01-28 14:23:09,apis.google.com
2014-01-28 14:23:10,plus.google.com
2014-01-28 14:23:10,docs.google.com
2014-01-28 14:23:29,gg.google.com
2014-01-28 14:23:31,docs.google.com
2014-01-28 14:23:52,docs.google.com
2014-01-28 14:24:10,0.talkgadget.google.com
2014-01-28 14:24:10,plus.google.com
2014-01-28 14:24:15,www.google.com
2014-01-28 14:24:25,plus.google.com
2014-01-28 14:24:49,drive.google.com
2014-01-28 14:24:51,drive.google.com
2014-01-28 14:24:52,apis.google.com
2014-01-28 14:24:52,drive.google.com
2014-01-28 14:24:53,drive.google.com
2014-01-28 14:24:55,0.drive.google.com
2014-01-28 14:25:11,www.google.com
2014-01-28 14:25:11,drive.google.com
2014-01-28 14:25:14,docs.google.com
2014-01-28 14:25:14,plus.google.com
2014-01-28 14:25:14,www.google.com
2014-01-28 14:25:15,docs.google.com
2014-01-28 14:25:18,apis.google.com
2014-01-28 14:25:18,docs.google.com
2014-01-28 14:25:20,www.google.com
2014-01-28 14:25:21,1.docs.google.com
2014-01-28 14:25:21,accounts.google.com
2014-01-28 14:25:21,docs.google.com
2014-01-28 14:25:22,docs.google.com
2014-01-28 14:25:29,1.talkgadget.google.com
2014-01-28 14:25:33,clients6.google.com
2014-01-28 14:25:33,plus.google.com
2014-01-28 14:25:54,gg.google.com
2014-01-28 14:26:06,clients6.google.com
2014-01-28 14:26:18,apis.google.com
2014-01-28 14:26:31,www.google.com
2014-01-28 14:26:32,mail.google.com
2014-01-28 14:26:33,mail.google.com
2014-01-28 14:27:29,gg.google.com
2014-01-28 14:27:31,apis.google.com
2014-01-28 14:28:15,www.google.com
2014-01-28 14:28:15,docs.google.com
2014-01-28 14:28:26,plus.google.com
2014-01-28 14:28:32,docs.google.com
2014-01-28 14:28:36,plus.google.com
2014-01-28 14:28:44,drive.google.com
2014-01-28 14:28:51,docs.google.com
2014-01-28 14:29:15,docs.google.com
2014-01-28 14:29:21,accounts.google.com
2014-01-28 14:29:29,1.talkgadget.google.com
2014-01-28 14:29:30,1.talkgadget.google.com
2014-01-28 14:29:33,plus.google.com
2014-01-28 14:29:54,gg.google.com
2014-01-28 14:30:02,www.google.fr
2014-01-28 14:30:10,plus.google.com
2014-01-28 14:30:12,fr-fr.facebook.com
2014-01-28 14:30:13,www.google.com
2014-01-28 14:30:13,www.google.fr
2014-01-28 14:30:13,mail.google.com
2014-01-28 14:30:31,www.google.com
2014-01-28 14:31:28,plus.google.com
2014-01-28 14:31:29,www.google.fr
2014-01-28 14:31:29,plus.google.com
2014-01-28 14:31:31,mail.google.com
2014-01-28 14:31:51,mail.google.com
2014-01-28 14:32:34,docs.google.com
2014-01-28 14:32:45,drive.google.com
2014-01-28 14:33:07,drive.google.com
2014-01-28 14:34:12,www.google.fr
2014-01-28 14:35:06,drive.google.com
2014-01-28 14:35:28,mail.google.com
2014-01-28 14:35:29,plus.google.com
2014-01-28 14:35:41,mail.google.com
2014-01-28 14:35:51,chatenabled.mail.google.com
2014-01-28 14:36:04,plus.google.com
2014-01-28 14:39:07,drive.google.com
2014-01-28 14:39:15,plus.google.com
2014-01-28 14:39:25,plus.google.com
2014-01-28 14:39:46,0.drive.google.com
2014-01-28 14:40:15,docs.google.com
2014-01-28 14:44:29,www.google.com
2014-01-28 14:45:06,drive.google.com
2014-01-28 14:45:56,docs.google.com
2014-01-28 14:48:33,mail.google.com
2014-01-28 14:48:36,plus.google.com
2014-01-28 14:48:40,mail.google.com
2014-01-28 14:49:07,drive.google.com
2014-01-28 14:50:35,docs.google.com
2014-01-28 14:50:40,docs.google.com
2014-01-28 14:50:44,docs.google.com
2014-01-28 14:50:51,docs.google.com
2014-01-28 14:50:51,0.docs.google.com
2014-01-28 14:51:40,docs.google.com
2014-01-28 14:51:41,mail.google.com
2014-01-28 14:51:45,docs.google.com
2014-01-28 14:51:49,docs.google.com
2014-01-28 14:51:53,docs.google.com
2014-01-28 14:51:54,0.docs.google.com
2014-01-28 14:51:54,docs.google.com
2014-01-28 14:52:45,docs.google.com
2014-01-28 14:53:41,mail.google.com
2014-01-28 14:55:06,drive.google.com
2014-01-28 14:55:37,plus.google.com
2014-01-28 14:56:41,mail.google.com
2014-01-28 14:58:42,mail.google.com
2014-01-28 14:58:57,docs.google.com
2014-01-28 14:59:07,drive.google.com
2014-01-28 14:59:08,docs.google.com
2014-01-28 14:59:11,docs.google.com
2014-01-28 14:59:13,docs.google.com
2014-01-28 14:59:17,docs.google.com
2014-01-28 14:59:18,1.docs.google.com
2014-01-28 14:59:19,docs.google.com
2014-01-28 15:01:02,mail.google.com
2014-01-28 15:01:49,mail.google.com
2014-01-28 15:03:42,mail.google.com
2014-01-28 15:04:37,docs.google.com
2014-01-28 15:04:41,docs.google.com
2014-01-28 15:04:46,docs.google.com
2014-01-28 15:08:19,mail.google.com
2014-01-28 15:08:36,plus.google.com
2014-01-28 15:11:07,drive.google.com
2014-01-28 15:14:25,docs.google.com
2014-01-28 15:14:30,docs.google.com
2014-01-28 15:14:34,docs.google.com
2014-01-28 15:14:37,docs.google.com
2014-01-28 15:14:37,1.docs.google.com
2014-01-28 15:14:39,0.drive.google.com
2014-01-28 15:14:39,docs.google.com
2014-01-28 15:14:40,docs.google.com
2014-01-28 15:14:41,0.docs.google.com
2014-01-28 15:14:45,mail.google.com
2014-01-28 15:14:46,plus.google.com
2014-01-28 15:14:46,www.google.com
2014-01-28 15:14:47,www.google.fr
2014-01-28 15:14:47,accounts.youtube.com
2014-01-28 15:14:48,docs.google.com
2014-01-28 15:14:49,mail.google.com
2014-01-28 15:14:49,accounts.youtube.com
2014-01-28 15:14:49,accounts.google.com
2014-01-28 15:14:49,accounts.google.fr
2014-04-02 14:11:04,gmail.com
2014-04-02 14:11:04,mail.google.com
2014-04-02 14:11:17,accounts.google.com
2014-04-02 14:11:19,accounts.youtube.com
2014-04-02 14:11:20,mail.google.com
2014-04-02 14:11:20,accounts.google.com
2014-04-02 14:11:31,mail.google.com
2014-04-02 14:11:38,accounts.google.fr
2014-04-02 14:11:41,accounts.google.com
2014-04-02 14:11:41,accounts.youtube.com
2014-04-02 14:11:41,accounts.google.fr
2014-04-02 14:11:42,mail.google.com
2014-04-02 14:11:42,clients2.google.com
2014-04-02 14:11:42,apis.google.com
2014-04-02 14:11:42,plus.google.com
2014-04-02 14:11:43,clients2.google.com
2014-04-02 14:11:44,www.google.com
2014-04-02 14:11:47,chatenabled.mail.google.com
2014-04-02 14:11:47,mail.google.com
2014-04-02 14:11:49,plus.google.com
2014-04-02 14:11:49,chatenabled.mail.google.com
2014-04-02 14:11:49,www.google.com
2014-04-02 14:11:49,accounts.google.com
2014-04-02 14:11:49,apis.google.com
2014-04-02 14:11:52,mail.google.com
2014-04-02 14:11:56,plus.google.com
2014-04-02 14:12:11,mail.google.com
2014-04-02 14:12:14,plus.google.com
2014-04-02 14:12:15,apis.google.com
2014-04-02 14:12:22,apis.google.com
2014-04-02 14:12:35,drive.google.com
2014-04-02 14:12:36,apis.google.com
2014-04-02 14:12:36,drive.google.com
2014-04-02 14:12:37,drive.google.com
2014-04-02 14:12:37,apis.google.com
2014-04-02 14:12:38,0.drive.google.com
2014-04-02 14:12:39,drive.google.com
2014-04-02 14:12:39,0.drive.google.com
2014-04-02 14:12:44,drive.google.com
2014-04-02 14:12:51,docs.google.com
2014-04-02 14:12:53,docs.google.com
2014-04-02 14:12:53,www.google.com
2014-04-02 14:12:53,plus.google.com
2014-04-02 14:12:54,www.google.com
2014-04-02 14:12:54,apis.google.com
2014-04-02 14:12:54,docs.google.com
2014-04-02 14:12:55,docs.google.com
2014-04-02 14:12:55,www.google.com
2014-04-02 14:12:55,apis.google.com
2014-04-02 14:12:56,apis.google.com
2014-04-02 14:12:57,0.docs.google.com
2014-04-02 14:12:57,apis.google.com
2014-04-02 14:12:57,www.google.com
2014-04-02 14:12:58,0.docs.google.com
2014-04-02 14:12:58,accounts.google.com
2014-04-02 14:13:05,0.talkgadget.google.com
2014-04-02 14:13:10,clients6.google.com
2014-04-02 14:13:11,plus.google.com
2014-04-02 14:13:36,gg.google.com
2014-04-02 14:14:06,accounts.google.com
2014-04-02 14:14:06,0.talkgadget.google.com
2014-04-02 14:14:09,ieonline.microsoft.com
2014-04-02 14:15:52,apis.google.com
2014-04-02 14:16:15,mail.google.com
2014-04-02 14:16:23,www.google.com
2014-04-02 14:16:31,0.talkgadget.google.com
2014-04-02 14:16:32,www.google.com
2014-04-02 14:16:36,mail.google.com
2014-04-02 14:16:36,www.google.com
2014-04-02 14:16:36,plus.google.com
2014-04-02 14:16:37,www.google.com
2014-04-02 14:16:41,docs.google.com
2014-04-02 14:16:53,plus.google.com
2014-04-02 14:16:54,docs.google.com
2014-04-02 14:16:59,drive.google.com
2014-04-02 14:17:06,0.talkgadget.google.com
2014-04-02 14:17:10,apis.google.com
2014-04-02 14:17:10,clients6.google.com
2014-04-02 14:17:11,plus.google.com
2014-04-02 14:17:12,0.drive.google.com
2014-04-02 14:17:36,gg.google.com
2014-04-02 14:20:36,www.google.com
2014-04-02 14:22:39,drive.google.com
2014-04-02 14:25:48,plus.google.com
2014-04-02 14:25:53,docs.google.com
2014-04-02 14:25:58,plus.google.com
2014-04-02 14:26:03,docs.google.com
2014-04-02 14:26:54,plus.google.com
2014-04-02 14:27:04,plus.google.com
2014-04-02 14:28:25,docs.google.com
2014-04-02 14:28:39,drive.google.com
2014-04-02 14:29:16,mail.google.com
2014-04-02 14:32:23,mail.google.com
2014-04-02 14:33:37,mail.google.com
2014-04-02 14:33:37,www.google.fr
2014-04-02 14:33:42,docs.google.com
2014-04-02 14:33:48,www.google.fr
2014-04-02 14:33:58,www.google.fr
2014-04-02 14:33:58,fpdownload2.macromedia.com
2014-04-02 14:33:58,translate.google.fr
2014-04-02 14:33:58,plus.google.com
2014-04-02 14:33:58,www.google.com
2014-04-02 14:34:02,www.google.com
2014-04-02 14:34:02,translate.google.fr
2014-04-02 14:34:16,translate.google.fr
2014-04-02 14:34:16,www.google.fr
2014-04-02 14:34:16,plus.google.com
2014-04-02 14:34:17,translate.google.fr
2014-04-02 14:34:18,translate.google.fr
2014-04-02 14:34:23,translate.google.fr
2014-04-02 14:34:25,translate.google.fr
2014-04-02 14:34:39,drive.google.com
2014-04-02 14:37:23,mail.google.com
2014-04-02 14:39:17,mail.google.com
2014-04-02 14:41:54,docs.google.com
2014-04-02 14:42:23,mail.google.com
2014-04-02 14:43:57,docs.google.com
2014-04-02 14:44:03,plus.google.com
2014-04-02 14:44:17,mail.google.com
2014-04-02 14:44:39,drive.google.com
2014-04-02 14:45:12,docs.google.com
2014-04-02 14:47:04,plus.google.com
2014-04-02 14:47:23,mail.google.com
2014-04-02 14:48:04,plus.google.com
2014-04-02 14:48:14,plus.google.com
2014-04-02 14:49:12,docs.google.com
2014-04-02 14:49:18,mail.google.com
2014-04-02 14:52:23,mail.google.com
2014-04-02 14:53:52,docs.google.com
2014-04-02 14:54:19,mail.google.com
2014-04-02 14:56:39,drive.google.com
2014-04-02 14:56:44,mail.google.com
2014-04-02 14:59:19,mail.google.com
2014-04-02 14:59:22,docs.google.com
2014-04-02 15:02:12,gg.google.com
2014-04-02 15:02:23,mail.google.com
2014-04-02 15:04:14,plus.google.com
2014-04-02 15:04:20,mail.google.com
2014-04-02 15:05:51,docs.google.com
2014-04-02 15:06:13,gg.google.com
2014-04-02 15:06:29,0.drive.google.com
2014-04-02 15:06:33,docs.google.com
2014-04-02 15:07:05,plus.google.com
2014-04-02 15:07:23,mail.google.com
2014-04-02 15:08:14,plus.google.com
2014-04-02 15:09:20,mail.google.com
2014-04-02 15:12:23,mail.google.com
2014-04-02 15:12:29,translate.google.fr
2014-04-02 15:12:30,translate.google.fr
2014-04-02 15:12:31,translate.google.fr
2014-04-02 15:12:32,translate.google.fr
2014-04-02 15:12:33,translate.google.fr
2014-04-02 15:12:38,translate.google.fr
2014-04-02 15:12:39,drive.google.com
2014-04-02 15:13:09,translate.google.fr
2014-04-02 15:13:10,translate.google.fr
2014-04-02 15:13:12,translate.google.fr
2014-04-02 15:13:17,translate.google.fr
2014-04-02 15:13:38,translate.google.fr
2014-04-02 15:13:38,mail.google.com
2014-04-02 15:13:40,translate.google.fr
2014-04-02 15:13:42,translate.google.fr
2014-04-02 15:13:47,translate.google.fr
2014-04-02 15:14:08,translate.google.fr
2014-04-02 15:14:09,translate.google.fr
2014-04-02 15:14:10,translate.google.fr
2014-04-02 15:14:12,translate.google.fr
2014-04-02 15:14:17,translate.google.fr
2014-04-02 15:14:18,0.docs.google.com
2014-04-02 15:15:57,docs.google.com
2014-04-02 15:16:40,drive.google.com
2014-04-02 15:17:23,mail.google.com
2014-04-02 15:18:47,docs.google.com
2014-04-02 15:19:21,mail.google.com
2014-04-02 15:24:00,drive.google.com
2014-04-02 15:24:07,docs.google.com
2014-04-02 15:24:14,plus.google.com
2014-04-02 15:24:22,mail.google.com
2014-04-02 15:27:05,plus.google.com
2014-04-02 15:27:26,mail.google.com
2014-04-02 15:28:17,plus.google.com
2014-04-02 15:28:58,docs.google.com
2014-04-02 15:31:26,mail.google.com
2014-04-02 15:32:48,0.drive.google.com
2014-04-02 15:32:59,docs.google.com
2014-04-02 15:33:23,docs.google.com
2014-04-02 15:33:30,drive.google.com
2014-04-02 15:33:35,plus.google.com
2014-04-02 15:33:38,accounts.google.com
2014-04-02 15:33:40,accounts.google.com
2014-04-02 15:33:42,accounts.youtube.com
2014-04-02 15:33:43,www.google.com
2014-04-02 15:33:43,0.drive.google.com
2014-04-02 15:33:43,apis.google.com
2014-04-02 15:33:43,mail.google.com
2014-04-02 15:33:45,mail.google.com
2014-04-02 15:33:46,accounts.google.fr
2014-04-02 15:33:46,www.google.fr
2014-04-02 15:33:50,mail.google.com
2014-04-02 15:33:50,accounts.youtube.com
2014-04-02 15:33:50,accounts.google.com
2014-04-02 15:33:50,www.google.com
2014-04-02 15:33:50,0.docs.google.com
2014-04-02 15:33:50,drive.google.com
2014-04-02 15:33:50,accounts.google.fr
