timestamp,site
2013-02-12 09:57:01,cnfg.toolbarservices.com
2013-02-12 09:57:01,www.google.com
2013-02-12 09:57:01,utils.delta-search.com
2013-02-12 09:57:02,ajax.googleapis.com
2013-02-12 09:57:04,img.babylon.com
2013-02-12 09:57:04,ajax.googleapis.com
2013-02-12 09:58:15,cnfg.toolbarservices.com
2013-02-12 09:58:16,img.babylon.com
2013-02-12 09:58:53,img.babylon.com
2013-02-12 09:59:07,www.google.fr
2013-02-12 09:59:11,apis.google.com
2013-02-12 09:59:12,www.google.com
2013-02-12 09:59:18,www.squid-cache.org
2013-02-12 09:59:35,www.google.fr
2013-02-12 09:59:35,www.google.com
2013-02-12 09:59:35,apis.google.com
2013-02-12 10:00:51,img.babylon.com
2013-02-12 10:01:20,img.babylon.com
2013-02-12 10:01:20,ieonline.microsoft.com
2013-02-12 10:01:48,img.babylon.com
2013-02-12 10:02:36,img.babylon.com
2013-02-12 10:04:18,img.babylon.com
2013-02-12 10:06:10,img.babylon.com
2013-02-12 10:10:40,dl.javafx.com
2013-02-12 10:23:35,dl.javafx.com
2013-02-12 11:25:52,cnfg.toolbarservices.com
2013-02-12 11:25:53,www.google.com
2013-02-12 11:25:53,ajax.googleapis.com
2013-02-12 11:25:53,utils.delta-search.com
2013-02-12 11:25:55,ajax.googleapis.com
2013-02-12 11:25:56,ajax.googleapis.com
2013-02-12 11:25:56,img.babylon.com
2013-02-12 11:26:05,www.google.fr
2013-02-12 11:26:06,www.google.fr
2013-02-12 11:26:07,www.google.com
2013-02-12 11:26:07,apis.google.com
2013-02-12 11:26:14,maps.google.fr
2013-02-12 11:26:14,www.google.fr
2013-02-12 11:26:14,apis.google.com
2013-02-12 11:26:14,mts1.google.com
2013-02-12 11:26:14,www.google.com
2013-02-12 11:26:14,mts0.google.com
2013-02-12 11:26:15,mts0.google.com
2013-02-12 11:26:15,mts1.google.com
2013-02-12 11:26:16,mts1.google.com
2013-02-12 11:26:17,mts1.google.com
2013-02-12 11:26:23,mts1.google.com
2013-02-12 11:26:23,mts0.google.com
2013-02-12 11:26:25,maps.google.fr
2013-02-12 11:26:25,mts1.google.com
2013-02-12 11:26:25,mts0.google.com
2013-02-12 11:26:26,mts1.google.com
2013-02-12 11:26:26,mts0.google.com
2013-02-12 11:26:37,mts1.google.com
2013-02-12 11:26:37,maps.google.fr
2013-02-12 11:26:37,mts0.google.com
2013-02-12 11:26:38,khms0.google.fr
2013-02-12 11:26:38,khms1.google.fr
2013-02-12 11:26:39,khms0.google.fr
2013-02-12 11:26:39,khms1.google.fr
2013-02-12 11:27:37,maps.google.fr
2013-02-12 11:27:37,mts1.google.com
2013-02-12 11:27:37,mts0.google.com
2013-02-12 11:27:37,khms0.google.fr
2013-02-12 11:27:37,khms1.google.fr
2013-02-12 11:27:38,khms1.google.fr
2013-02-12 11:27:38,khms0.google.fr
2013-02-12 11:27:39,khms1.google.fr
2013-02-12 11:27:42,khms1.google.fr
2013-02-12 11:27:46,mts1.google.com
2013-02-12 11:27:46,mts0.google.com
2013-02-12 11:27:46,maps.google.fr
2013-02-12 11:27:46,khms1.google.fr
2013-02-12 11:27:46,khms0.google.fr
2013-02-12 11:27:47,khms0.google.fr
2013-02-12 11:27:47,mts1.google.com
2013-02-12 11:27:47,khms1.google.fr
2013-02-12 11:27:47,mts0.google.com
2013-02-12 11:27:48,khms0.google.fr
2013-02-12 11:27:56,khms0.google.fr
2013-02-12 11:27:57,khms0.google.fr
2013-02-12 11:27:58,khms0.google.fr
2013-02-12 11:27:58,maps.google.fr
2013-02-12 11:27:58,khms1.google.fr
2013-02-12 11:27:58,mts1.google.com
2013-02-12 11:27:58,mts0.google.com
2013-02-12 11:27:59,mts0.google.com
2013-02-12 11:27:59,khms1.google.fr
2013-02-12 11:27:59,khms0.google.fr
2013-02-12 11:27:59,mts1.google.com
2013-02-12 11:28:00,khms1.google.fr
2013-02-12 11:28:00,khms0.google.fr
2013-02-12 11:28:46,ieonline.microsoft.com
2013-02-12 11:29:00,javadl-esd-secure.oracle.com
2013-02-12 11:29:59,maps.google.fr
2013-02-12 11:29:59,khms1.google.fr
2013-02-12 11:29:59,khms0.google.fr
2013-02-12 11:29:59,mts0.google.com
2013-02-12 11:29:59,mts1.google.com
2013-02-12 11:30:00,khms1.google.fr
2013-02-12 11:30:00,khms0.google.fr
2013-02-12 11:30:00,mts0.google.com
2013-02-12 11:30:00,mts1.google.com
2013-02-12 11:30:01,mts0.google.com
2013-02-12 11:30:01,maps.google.fr
2013-02-12 11:30:01,mts1.google.com
2013-02-12 11:30:02,khms1.google.fr
2013-02-12 11:30:02,khms0.google.fr
2013-02-12 11:30:02,maps.google.fr
2013-02-12 11:30:02,mts1.google.com
2013-02-12 11:30:03,mts0.google.com
2013-02-12 11:30:03,mts1.google.com
2013-02-12 11:30:04,mts1.google.com
2013-02-12 11:32:13,mts0.google.com
2013-02-12 11:32:13,khms1.google.fr
2013-02-12 11:32:13,khms0.google.fr
2013-02-12 11:32:13,mts1.google.com
2013-02-12 11:32:13,maps.google.fr
2013-02-12 11:34:05,mts1.google.com
2013-02-12 11:34:05,khms1.google.fr
2013-02-12 11:34:05,khms0.google.fr
2013-02-12 11:34:05,mts0.google.com
2013-02-12 11:34:06,khms0.google.fr
2013-02-12 11:34:06,mts0.google.com
2013-02-12 11:34:06,mts1.google.com
2013-02-12 11:34:12,mts0.google.com
2013-02-12 11:34:14,khms0.google.fr
2013-02-12 11:36:56,mts1.google.com
2013-02-12 11:36:56,khms1.google.fr
2013-02-12 11:36:56,maps.google.fr
2013-02-12 11:36:56,khms0.google.fr
2013-02-12 11:36:56,mts0.google.com
2013-02-12 11:37:57,mts1.google.com
2013-02-12 11:37:57,khms0.google.fr
2013-02-12 11:37:57,khms1.google.fr
2013-02-12 11:39:57,maps.google.fr
2013-02-12 11:39:57,mts0.google.com
2013-02-12 11:47:14,javadl-esd-secure.oracle.com
2013-02-12 14:47:42,cnfg.toolbarservices.com
2013-02-12 14:47:42,www.google.com
2013-02-12 14:47:43,www.squid-cache.org
2013-02-12 14:47:43,ajax.googleapis.com
2013-02-12 14:47:43,maps.google.fr
2013-02-12 14:47:44,ajax.googleapis.com
2013-02-12 14:47:44,mts0.google.com
2013-02-12 14:47:44,mts1.google.com
2013-02-12 14:47:44,maps.google.fr
2013-02-12 14:47:45,apis.google.com
2013-02-12 14:47:45,mts1.google.com
2013-02-12 14:47:45,mts0.google.com
2013-02-12 14:47:45,ajax.googleapis.com
2013-02-12 14:47:45,img.babylon.com
2013-02-12 14:47:46,mts1.google.com
2013-02-12 14:47:46,mts0.google.com
2013-02-12 14:47:47,maps.google.fr
2013-02-12 14:47:47,mts0.google.com
2013-02-12 14:47:56,mts0.google.com
2013-02-12 14:47:56,maps.google.fr
2013-02-12 14:47:57,mts0.google.com
2013-02-12 14:47:57,mts1.google.com
2013-02-12 14:47:57,maps.google.fr
2013-02-12 14:48:05,mts1.google.com
2013-02-12 14:48:05,maps.google.fr
2013-02-12 14:48:05,mts0.google.com
2013-02-12 14:48:06,mts0.google.com
2013-02-12 14:48:06,mts1.google.com
2013-02-12 14:48:06,maps.google.fr
2013-02-12 14:48:07,mts1.google.com
2013-02-12 14:48:07,mts0.google.com
2013-02-12 14:48:07,maps.google.fr
2013-02-12 14:48:08,mts1.google.com
2013-02-12 14:48:09,mts1.google.com
2013-02-12 14:48:09,mts0.google.com
2013-02-12 14:48:09,maps.google.fr
2013-02-12 14:48:10,maps.google.fr
2013-02-12 14:48:10,mts1.google.com
2013-02-12 14:48:10,mts0.google.com
2013-02-12 14:48:10,khms0.google.fr
2013-02-12 14:48:10,khms1.google.fr
2013-02-12 14:48:11,khms1.google.fr
2013-02-12 14:48:11,khms0.google.fr
2013-02-12 14:48:12,khms1.google.fr
2013-02-12 14:48:12,khms0.google.fr
2013-02-12 14:48:12,mts1.google.com
2013-02-12 14:48:12,mts0.google.com
2013-02-12 14:48:13,khms0.google.fr
2013-02-12 14:48:13,mts0.google.com
2013-02-12 14:48:13,khms1.google.fr
2013-02-12 14:48:13,mts1.google.com
2013-02-12 14:48:14,mts1.google.com
2013-02-12 14:48:14,khms1.google.fr
2013-02-12 14:48:14,khms0.google.fr
2013-02-12 14:48:14,mts0.google.com
2013-02-12 14:50:36,ieonline.microsoft.com
2013-02-12 14:52:15,mts0.google.com
2013-02-12 14:52:35,mts1.google.com
2013-02-12 14:52:35,maps.google.fr
2013-02-12 14:52:35,mts0.google.com
2013-02-12 14:52:35,khms0.google.fr
2013-02-12 14:52:35,khms1.google.fr
2013-02-12 15:00:39,img.babylon.com
2013-02-12 15:00:47,www.google.fr
2013-02-12 15:00:48,www.google.fr
2013-02-12 15:00:49,www.google.com
2013-02-12 15:00:54,www.google.fr
2013-02-12 15:00:54,www.google.com
2013-02-12 15:01:47,img.babylon.com
2013-02-12 15:01:48,ad.foxitsoftware.com
2013-02-12 15:02:09,img.babylon.com
2013-02-12 15:15:31,maps.google.fr
2013-02-12 15:15:31,mts0.google.com
2013-02-12 15:15:31,mts1.google.com
2013-02-12 15:15:31,khms1.google.fr
2013-02-12 15:15:31,khms0.google.fr
2013-02-12 15:15:32,mts0.google.com
2013-02-12 15:15:32,maps.google.fr
2013-02-12 15:15:32,mts1.google.com
2013-02-12 15:15:32,khms1.google.fr
2013-02-12 15:15:32,khms0.google.fr
2013-02-12 15:15:33,mts1.google.com
2013-02-12 15:15:33,mts0.google.com
2013-02-12 15:15:40,mts0.google.com
2013-02-12 15:15:45,mts0.google.com
2013-02-12 15:15:46,mts1.google.com
2013-02-12 15:15:53,mts1.google.com
2013-02-12 15:15:53,khms0.google.fr
2013-02-12 15:15:53,khms1.google.fr
2013-02-12 15:15:58,mts1.google.com
2013-02-12 15:15:58,mts0.google.com
2013-02-12 15:15:58,khms0.google.fr
2013-02-12 15:15:58,khms1.google.fr
2013-02-12 15:15:58,maps.google.fr
2013-02-12 15:15:59,khms1.google.fr
2013-02-12 15:15:59,khms0.google.fr
2013-02-12 15:16:01,khms0.google.fr
2013-02-12 15:18:05,mts0.google.com
2013-02-12 15:18:05,maps.google.fr
2013-02-12 15:18:05,khms1.google.fr
2013-02-12 15:18:05,mts1.google.com
2013-02-12 15:18:05,khms0.google.fr
2013-02-12 15:18:08,www.google.com
2013-02-12 15:18:13,maps.google.fr
2013-02-12 15:18:17,mts1.google.com
2013-02-12 15:18:17,mts0.google.com
2013-02-12 15:18:17,www.google.com
2013-02-12 15:18:17,maps.google.fr
2013-02-12 15:18:18,mts1.google.com
2013-02-12 15:18:18,mts0.google.com
2013-02-12 15:18:18,khms1.google.fr
2013-02-12 15:18:18,khms0.google.fr
2013-02-12 15:20:21,khms0.google.fr
2013-02-12 15:20:21,mts0.google.com
2013-02-12 15:20:21,maps.google.fr
2013-04-12 09:57:42,cnfg.toolbarservices.com
2013-04-12 09:57:43,www.google.com
2013-04-12 09:57:43,utils.delta-search.com
2013-04-12 09:57:44,ajax.googleapis.com
2013-04-12 09:57:50,img.babylon.com
2013-04-12 09:57:50,ajax.googleapis.com
2013-04-12 09:58:07,www.google.fr
2013-04-12 09:58:11,apis.google.com
2013-04-12 09:58:11,www.google.com
2013-04-12 09:58:17,www.google.fr
2013-04-12 09:58:17,www.google.com
2013-04-12 09:58:17,apis.google.com
2013-04-12 09:58:20,messagerie.sfr.fr
2013-04-12 09:58:20,www.google.fr
2013-04-12 09:58:20,messagerie-13.sfr.fr
2013-04-12 09:58:21,www.sfr.fr
2013-04-12 09:58:21,www.google.fr
2013-04-12 09:58:22,s1.s-sfr.fr
2013-04-12 09:58:22,static.s-sfr.fr
2013-04-12 09:58:22,s2.s-sfr.fr
2013-04-12 09:58:24,static.s-sfr.fr
2013-04-12 09:58:24,s1.s-sfr.fr
2013-04-12 09:58:24,s2.s-sfr.fr
2013-04-12 09:58:24,www.google.fr
2013-04-12 09:58:25,static.s-sfr.fr
2013-04-12 09:58:25,www.sfr.fr
2013-04-12 09:58:36,www.sfr.fr
2013-04-12 09:58:37,s1.s-sfr.fr
2013-04-12 09:58:37,messagerie-13.sfr.fr
2013-04-12 09:58:37,msc1.s-sfr.fr
2013-04-12 09:58:37,static.s-sfr.fr
2013-04-12 09:58:37,s2.s-sfr.fr
2013-04-12 09:58:38,msc1.s-sfr.fr
2013-04-12 09:58:38,static.s-sfr.fr
2013-04-12 09:58:39,metrics.sfr.fr
2013-04-12 09:58:39,www.sfr.fr
2013-04-12 09:58:39,msc1.s-sfr.fr
2013-04-12 09:58:39,static.s-sfr.fr
2013-04-12 09:58:39,msc2.s-sfr.fr
2013-04-12 09:58:39,com-sfr.netmng.com
2013-04-12 09:58:40,msc1.s-sfr.fr
2013-04-12 09:58:40,msc2.s-sfr.fr
2013-04-12 09:58:40,static.s-sfr.fr
2013-04-12 09:58:40,com-sfr.netmng.com
2013-04-12 09:58:40,www.google.com
2013-04-12 09:58:40,www.sfr.fr
2013-04-12 09:58:40,www.google.fr
2013-04-12 09:58:41,www.premiere.fr
2013-04-12 09:58:41,msc1.s-sfr.fr
2013-04-12 09:58:41,static.s-sfr.fr
2013-04-12 09:58:41,msc2.s-sfr.fr
2013-04-12 09:58:41,messagerie-13.sfr.fr
2013-04-12 09:58:41,www.sfr.fr
2013-04-12 09:58:41,info.sfr.fr
2013-04-12 09:58:41,static-tv.s-sfr.fr
2013-04-12 09:58:42,messagerie-13.sfr.fr
2013-04-12 09:58:42,msc2.s-sfr.fr
2013-04-12 09:58:43,messagerie-13.sfr.fr
2013-04-12 09:58:43,msc1.s-sfr.fr
2013-04-12 09:58:46,msc2.s-sfr.fr
2013-04-12 09:58:47,msc2.s-sfr.fr
2013-04-12 09:58:47,www.sfr.fr
2013-04-12 09:58:47,static.s-sfr.fr
2013-04-12 09:58:47,msc1.s-sfr.fr
2013-04-12 09:58:47,messagerie-13.sfr.fr
2013-04-12 09:58:50,messagerie-13.sfr.fr
2013-04-12 09:58:51,rbp.mxptint.net
2013-04-12 09:58:52,static.s-sfr.fr
2013-04-12 09:58:53,messagerie-13.sfr.fr
2013-04-12 09:59:21,msc2.s-sfr.fr
2013-04-12 09:59:22,messagerie-13.sfr.fr
2013-04-12 09:59:24,msc1.s-sfr.fr
2013-04-12 09:59:24,msc2.s-sfr.fr
2013-04-12 09:59:24,messagerie-13.sfr.fr
2013-04-12 09:59:26,eulerian.canal-plus.com
2013-04-12 09:59:27,messagerie-13.sfr.fr
2013-04-12 09:59:33,messagerie-13.sfr.fr
2013-04-12 09:59:34,messagerie-13.sfr.fr
2013-04-12 09:59:36,rubicon-match.dotomi.com
2013-04-12 09:59:36,dtm.ccs.com
2013-04-12 09:59:56,ieonline.microsoft.com
2013-04-12 10:00:27,eulerian.canal-plus.com
2013-04-12 10:00:34,eulerian.canal-plus.com
2013-11-12 13:35:37,www.crystalmaker.com
2013-11-12 13:38:22,javadl-esd-secure.oracle.com
2013-11-12 13:38:26,javadl-esd-secure.oracle.com
2013-12-17 13:33:30,javadl-esd-secure.oracle.com
2013-12-17 13:49:42,javadl-esd-secure.oracle.com
