timestamp,site
2013-11-12 16:42:18,fpdownload2.macromedia.com
2013-11-12 16:50:33,player.vimeo.com
2013-11-12 17:01:21,www.bing.com
2013-11-12 17:01:22,www.bing.com
2013-11-12 17:01:23,www.bing.com
2013-11-12 17:01:23,cms.abmr.net
2013-11-12 17:01:23,www.facebook.com
2013-11-12 17:01:23,login.live.com
2013-11-12 17:02:05,www.bing.com
2013-11-12 17:02:06,www.bing.com
2013-11-12 17:02:11,google.fr
2013-11-12 17:02:11,www.google.fr
2013-11-12 17:02:20,login.live.com
2013-11-12 17:02:22,www.bing.com
2013-11-12 17:02:23,www.google.fr
2013-11-12 17:02:24,login.live.com
2013-11-12 17:02:24,bits.wikimedia.org
2013-11-12 17:02:24,login.wikimedia.org
2013-11-12 17:02:24,fr.wikipedia.org
2013-11-12 17:02:24,www.bing.com
2013-11-12 17:02:25,fr.wikipedia.org
2013-11-12 17:02:25,meta.wikimedia.org
2013-11-12 17:02:25,bits.wikimedia.org
2013-11-12 17:02:39,bits.wikimedia.org
2013-11-12 17:03:39,bits.wikimedia.org
2013-11-12 17:03:46,fr.wikipedia.org
2013-11-12 17:04:21,www.bing.com
2013-11-12 17:04:35,login.live.com
2013-11-12 17:04:38,www.bing.com
2013-11-12 17:04:40,login.live.com
2013-11-12 17:04:40,meta.wikimedia.org
2013-11-12 17:04:40,bits.wikimedia.org
2013-11-12 17:04:40,fr.wikipedia.org
2013-11-12 17:04:40,www.bing.com
2013-11-12 17:04:49,ssl.bing.com
2013-11-12 17:04:51,bits.wikimedia.org
2013-11-12 17:04:51,fr.wikipedia.org
2013-11-12 17:04:52,meta.wikimedia.org
2013-11-12 17:04:55,commons.wikimedia.org
2013-11-12 17:04:55,bits.wikimedia.org
2013-11-12 17:04:56,bits.wikimedia.org
2013-11-12 17:04:56,login.wikimedia.org
2013-11-12 17:04:56,commons.wikimedia.org
2013-11-12 17:04:56,meta.wikimedia.org
2013-11-12 17:05:02,commons.wikimedia.org
2013-11-12 17:05:02,bits.wikimedia.org
2013-11-12 17:05:03,commons.wikimedia.org
2013-11-12 17:05:05,commons.wikimedia.org
2013-11-12 17:05:33,commons.wikimedia.org
2013-11-12 17:05:33,meta.wikimedia.org
2013-11-12 17:05:34,commons.wikimedia.org
2013-11-12 17:05:35,commons.wikimedia.org
2013-11-12 17:06:05,commons.wikimedia.org
2013-11-12 17:06:06,meta.wikimedia.org
2013-11-12 17:06:06,commons.wikimedia.org
2013-11-12 17:06:07,commons.wikimedia.org
2013-11-12 17:06:08,meta.wikimedia.org
2013-11-12 17:06:08,fr.wikipedia.org
2013-11-12 17:06:14,fr.wikipedia.org
2013-11-12 17:06:15,meta.wikimedia.org
2013-11-12 17:06:17,www.bing.com
2013-11-12 17:06:32,www.bing.com
2013-11-12 17:06:34,www.bing.com
2013-11-12 17:06:34,login.live.com
2013-11-12 17:06:35,www.investiror.net
2013-11-12 17:06:36,s-static.ak.facebook.com
2013-11-12 17:06:36,www.investiror.net
2013-11-12 17:06:36,connect.facebook.net
2013-11-12 17:06:36,static.ak.facebook.com
2013-11-12 17:06:36,www.facebook.com
2013-11-12 17:06:42,login.live.com
2013-11-12 17:07:15,www.investiror.net
2013-11-12 17:07:16,s-static.ak.facebook.com
2013-11-12 17:07:16,0.gravatar.com
2013-11-12 17:07:16,1.gravatar.com
2013-11-12 17:07:16,www.investiror.net
2013-11-12 17:07:16,static.ak.facebook.com
2013-11-12 17:07:16,www.facebook.com
2013-11-12 17:07:58,static.ak.facebook.com
2013-11-12 17:07:58,s-static.ak.facebook.com
2013-11-12 17:07:58,www.facebook.com
2013-11-12 17:07:59,www.bing.com
2013-11-12 17:08:08,www.prix-or.info
2013-11-12 17:08:08,www.bing.com
2013-11-12 17:08:09,platform.twitter.com
2013-11-12 17:08:09,www.prix-or.info
2013-11-12 17:08:10,www.facebook.com
2013-11-12 17:08:10,www.prix-or.info
2013-11-12 17:08:11,www.prix-or.info
2013-11-12 17:08:12,www.google.com
2013-11-12 17:08:13,www.google.com
2013-11-12 17:08:21,google.fr
2013-11-12 17:08:21,www.google.fr
2013-11-12 17:08:23,login.live.com
2013-11-12 17:08:25,twitter.com
2013-11-12 17:08:27,twitter.com
2013-11-12 17:08:27,apis.google.com
2013-11-12 17:08:28,apis.google.com
2013-11-12 17:08:30,accounts.google.com
2013-11-12 17:08:30,apis.google.com
2013-11-12 17:08:35,www.google.fr
2013-11-12 17:08:39,www.google.com
2013-11-12 17:08:39,www.google.fr
2013-11-12 17:08:39,www.bing.com
2013-11-12 17:08:39,ecn.api.tiles.virtualearth.net
2013-11-12 17:08:39,www.pagesjaunes.fr
2013-11-12 17:08:39,logc258.at.pagesjaunes.fr
2013-11-12 17:08:40,www.bing.com
2013-11-12 17:08:50,ecn.api.tiles.virtualearth.net
2013-11-12 17:08:50,www.pagesjaunes.fr
2013-11-12 17:08:50,logc258.at.pagesjaunes.fr
2013-11-12 17:08:50,www.bing.com
2013-11-12 17:08:53,www.bing.com
2013-11-12 17:08:53,login.live.com
2013-11-12 17:08:55,login.live.com
2013-11-12 17:09:17,www.prix-or.info
2013-11-12 17:09:17,platform.twitter.com
2013-11-12 17:09:17,apis.google.com
2013-11-12 17:09:18,www.facebook.com
2013-11-12 17:09:18,apis.google.com
2013-11-12 17:09:18,accounts.google.com
2013-11-12 17:09:18,www.prix-or.info
2013-11-12 17:09:19,www.prix-or.info
2013-11-12 17:09:20,www.prix-or.info
2013-11-12 17:09:50,twitter.com
2013-11-12 17:09:52,www.prix-or.info
2013-11-12 17:09:56,www.facebook.com
2013-11-12 17:09:59,www.bing.com
2013-11-12 17:10:00,www.bing.com
2013-11-12 17:10:02,login.live.com
2013-11-12 17:10:16,apis.google.com
2013-11-12 17:10:22,ssl.bing.com
2013-11-12 17:10:22,www.bing.com
2013-11-12 17:10:27,twitter.com
2013-11-12 17:10:52,www.bing.com
2013-11-12 17:10:54,login.live.com
2013-11-12 17:10:54,www.bing.com
2013-11-12 17:11:06,www.bing.com
2013-11-12 17:11:09,login.live.com
2013-11-12 17:11:09,www.bing.com
2013-11-12 17:11:26,www.bing.com
2013-11-12 17:11:27,www.bing.com
2013-11-12 17:11:28,login.live.com
2013-11-12 17:11:28,www.abidjan.net
2013-11-12 17:11:28,news.abidjan.net
2013-11-12 17:11:28,ssl.bing.com
2013-11-12 17:11:29,news.abidjan.net
2013-11-12 17:11:29,afp.weblogy.net
2013-11-12 17:11:29,www.abidjan.net
2013-11-12 17:11:29,www.abamako.com
2013-11-12 17:11:30,static.ak.facebook.com
2013-11-12 17:11:30,hal9000.redintelligence.net
2013-11-12 17:11:30,www.abamako.com
2013-11-12 17:11:30,www.abidjan.net
2013-11-12 17:11:30,news.abidjan.net
2013-11-12 17:11:30,www.facebook.com
2013-11-12 17:11:30,s-static.ak.facebook.com
2013-11-12 17:11:31,news.abidjan.net
2013-11-12 17:11:31,www.google.com
2013-11-12 17:11:31,www.abidjan.net
2013-11-12 17:11:31,hal9000.redintelligence.net
2013-11-12 17:11:32,www.abidjan.net
2013-11-12 17:11:32,clients1.google.com
2013-11-12 17:11:32,boutique-online.orange.fr
2013-11-12 17:11:32,n9.hal9000.redintelligence.net
2013-11-12 17:11:32,hal9000.redintelligence.net
2013-11-12 17:11:32,abidjan.gchats.net
2013-11-12 17:11:32,www.google.com
2013-11-12 17:11:32,news.abidjan.net
2013-11-12 17:11:33,news.abidjan.net
2013-11-12 17:11:33,www.google.com
2013-11-12 17:11:33,www.abidjan.net
2013-11-12 17:11:33,www.news-parfums.com
2013-11-12 17:11:33,abidjan.gchats.net
2013-11-12 17:11:34,www.google.com
2013-11-12 17:11:42,www.googleapis.com
2013-11-12 17:11:52,www.abidjan.net
2013-11-12 17:12:04,news.abidjan.net
2013-11-12 17:12:04,platform.twitter.com
2013-11-12 17:12:04,www.abidjan.net
2013-11-12 17:12:05,news.abidjan.net
2013-11-12 17:12:05,www.abidjan.net
2013-11-12 17:12:05,www.facebook.com
2013-11-12 17:12:05,www.google.com
2013-11-12 17:12:05,www.googleapis.com
2013-11-12 17:12:06,www.googleapis.com
2013-11-12 17:12:06,static.ak.facebook.com
2013-11-12 17:12:06,www.facebook.com
2013-11-12 17:12:06,s-static.ak.facebook.com
2013-11-12 17:12:06,apis.google.com
2013-11-12 17:12:06,accounts.google.com
2013-11-12 17:12:06,news.abidjan.net
2013-11-12 17:12:07,platform.twitter.com
2013-11-12 17:12:07,www.google.com
2013-11-12 17:12:07,clients1.google.com
2013-11-12 17:12:07,www.facebook.com
2013-11-12 17:12:07,twitter.com
2013-11-12 17:12:09,www.google.com
2013-11-12 17:12:45,platform.twitter.com
2013-11-12 17:12:45,www.abamako.com
2013-11-12 17:12:45,www.abidjan.net
2013-11-12 17:12:45,afp.weblogy.net
2013-11-12 17:12:45,news.abidjan.net
2013-11-12 17:12:46,clients1.google.com
2013-11-12 17:12:46,www.googleapis.com
2013-11-12 17:12:46,s-static.ak.facebook.com
2013-11-12 17:12:46,www.facebook.com
2013-11-12 17:12:46,www.google.com
2013-11-12 17:12:46,abidjan.gchats.net
2013-11-12 17:12:46,www.abidjan.net
2013-11-12 17:12:46,static.ak.facebook.com
2013-11-12 17:12:47,www.google.com
2013-11-12 17:12:47,www.facebook.com
2013-11-12 17:12:49,platform.twitter.com
2013-11-12 17:12:49,news.abidjan.net
2013-11-12 17:12:50,www.googleapis.com
2013-11-12 17:12:50,www.facebook.com
2013-11-12 17:12:50,news.abidjan.net
2013-11-12 17:12:50,www.google.com
2013-11-12 17:12:51,www.facebook.com
2013-11-12 17:12:51,clients1.google.com
2013-11-12 17:12:51,www.google.com
2013-11-12 17:12:51,static.ak.facebook.com
2013-11-12 17:12:51,news.abidjan.net
2013-11-12 17:12:51,s-static.ak.facebook.com
2013-11-12 17:12:52,www.google.com
2013-11-12 17:12:52,www.facebook.com
2013-11-12 17:12:52,twitter.com
2013-11-12 17:12:53,news.abidjan.net
2013-11-12 17:13:05,platform.twitter.com
2013-11-12 17:13:05,news.abidjan.net
2013-11-12 17:13:05,www.google.com
2013-11-12 17:13:06,www.googleapis.com
2013-11-12 17:13:06,www.google.com
2013-11-12 17:13:06,www.facebook.com
2013-11-12 17:13:06,apis.google.com
2013-11-12 17:13:06,news.abidjan.net
2013-11-12 17:13:07,clients1.google.com
2013-11-12 17:13:07,static.ak.facebook.com
2013-11-12 17:13:07,www.google.com
2013-11-12 17:13:07,s-static.ak.facebook.com
2013-11-12 17:13:07,www.facebook.com
2013-11-12 17:13:08,twitter.com
2013-11-12 17:13:08,www.google.com
2013-11-12 17:13:08,www.facebook.com
2013-11-12 17:13:39,www.google.com
2013-11-12 17:14:14,apis.google.com
2013-11-12 17:14:21,www.facebook.com
2013-11-12 17:14:22,news.abidjan.net
2013-11-12 17:14:23,www.googleapis.com
2013-11-12 17:14:23,s-static.ak.facebook.com
2013-11-12 17:14:23,www.facebook.com
2013-11-12 17:14:23,static.ak.facebook.com
2013-11-12 17:14:23,apis.google.com
2013-11-12 17:14:23,clients1.google.com
2013-11-12 17:14:23,www.google.com
2013-11-12 17:14:24,twitter.com
2013-11-12 17:14:24,www.facebook.com
2013-11-12 17:14:24,www.google.com
2013-11-12 17:14:25,www.google.com
2013-11-12 17:14:34,www.bing.com
2013-11-12 17:14:35,www.bing.com
2013-11-12 17:14:36,www.sivop.com
2013-11-12 17:14:36,sivop.com
2013-11-12 17:15:01,apis.google.com
2013-11-12 17:15:02,apis.google.com
2013-11-12 17:15:02,sivop.com
2013-11-12 17:15:02,www.sivop.com
2013-11-12 17:15:04,ajax.googleapis.com
2013-11-12 17:15:04,sivop.com
2013-11-12 17:15:05,www.sivop.com
2013-11-12 17:15:05,sivop.com
2013-11-12 17:15:06,www.sivop.com
2013-11-12 17:15:06,apis.google.com
2013-11-12 17:15:06,ajax.googleapis.com
2013-11-12 17:15:06,sivop.com
2013-11-12 17:15:07,apis.google.com
2013-11-12 17:15:07,www.sivop.com
2013-11-12 17:15:07,sivop.com
2013-11-12 17:15:07,ajax.googleapis.com
2013-11-12 17:15:08,www.sivop.com
2013-11-12 17:15:08,sivop.com
2013-11-12 17:15:09,sivop.com
2013-11-12 17:15:10,sivop.com
2013-11-12 17:15:11,sivop.com
2013-11-12 17:15:12,sivop.com
2013-11-12 17:15:13,sivop.com
2013-11-12 17:15:14,sivop.com
2013-11-12 17:15:14,www.sivop.com
2013-11-12 17:15:15,sivop.com
2013-11-12 17:15:15,www.sivop.com
2013-11-12 17:15:16,www.sivop.com
2013-11-12 17:15:16,sivop.com
2013-11-12 17:15:17,www.sivop.com
2013-11-12 17:15:17,sivop.com
2013-11-12 17:15:18,www.sivop.com
2013-11-12 17:15:18,sivop.com
2013-11-12 17:15:19,www.sivop.com
2013-11-12 17:15:19,sivop.com
2013-11-12 17:15:20,sivop.com
2013-11-12 17:15:20,www.sivop.com
2013-11-12 17:15:21,sivop.com
2013-11-12 17:15:21,www.sivop.com
2013-11-12 17:15:22,www.sivop.com
2013-11-12 17:15:22,sivop.com
2013-11-12 17:15:23,sivop.com
2013-11-12 17:15:23,www.sivop.com
2013-11-12 17:15:46,sivop.com
2013-11-12 17:15:46,www.sivop.com
2013-11-12 17:15:47,www.sivop.com
2013-11-12 17:15:47,sivop.com
2013-11-12 17:15:48,www.sivop.com
2013-11-12 17:15:48,sivop.com
2013-11-12 17:15:49,sivop.com
2013-11-12 17:15:49,www.sivop.com
2013-11-12 17:15:50,www.sivop.com
2013-11-12 17:16:46,www.sivop.com
2013-11-12 17:16:46,sivop.com
2013-11-12 17:16:47,sivop.com
2013-11-12 17:16:47,www.sivop.com
2013-11-12 17:16:48,sivop.com
2013-11-12 17:16:51,www.sivop.com
2013-11-12 17:16:51,sivop.com
2013-11-12 17:16:52,sivop.com
2013-11-12 17:16:52,www.sivop.com
2013-11-12 17:16:53,www.sivop.com
2013-11-12 17:16:53,sivop.com
2013-11-12 17:16:54,www.sivop.com
2013-11-12 17:16:54,sivop.com
2013-11-12 17:16:55,www.sivop.com
2013-11-12 17:16:55,sivop.com
2013-11-12 17:16:56,www.sivop.com
2013-11-12 17:16:57,www.sivop.com
2013-11-12 17:17:31,www.sivop.com
2013-11-12 17:17:31,sivop.com
2013-11-12 17:17:32,www.sivop.com
2013-11-12 17:17:32,sivop.com
2013-11-12 17:17:33,sivop.com
2013-11-12 17:17:33,www.sivop.com
2013-11-12 17:17:34,www.sivop.com
2013-11-12 17:17:34,sivop.com
2013-11-12 17:17:35,sivop.com
2013-11-12 17:17:35,www.sivop.com
2013-11-12 17:17:36,www.sivop.com
2013-11-12 17:17:42,sivop.com
2013-11-12 17:17:42,www.sivop.com
2013-11-12 17:17:43,sivop.com
2013-11-12 17:17:43,www.sivop.com
2013-11-12 17:17:45,sivop.com
2013-11-12 17:17:45,www.sivop.com
2013-11-12 17:17:46,sivop.com
2013-11-12 17:17:46,www.sivop.com
2013-11-12 17:17:47,sivop.com
2013-11-12 17:17:47,www.sivop.com
2013-11-12 17:17:48,sivop.com
2013-11-12 17:17:48,www.sivop.com
2013-11-12 17:17:49,www.sivop.com
2013-11-12 17:17:49,sivop.com
2013-11-12 17:17:50,www.sivop.com
2013-11-12 17:17:50,sivop.com
2013-11-12 17:17:54,sivop.com
2013-11-12 17:17:54,www.sivop.com
2013-11-12 17:17:55,www.sivop.com
2013-11-12 17:17:55,sivop.com
2013-11-12 17:17:56,sivop.com
2013-11-12 17:17:56,www.sivop.com
2013-11-12 17:17:57,sivop.com
2013-11-12 17:17:57,www.sivop.com
2013-11-12 17:17:58,www.sivop.com
2013-11-12 17:17:58,sivop.com
2013-11-12 17:17:59,www.sivop.com
2013-11-12 17:18:05,sivop.com
2013-11-12 17:18:05,www.sivop.com
2013-11-12 17:18:06,www.sivop.com
2013-11-12 17:18:06,sivop.com
2013-11-12 17:18:07,www.sivop.com
2013-11-12 17:18:07,sivop.com
2013-11-12 17:18:08,sivop.com
2013-11-12 17:18:08,www.sivop.com
2013-11-12 17:18:09,www.sivop.com
2013-11-12 17:18:33,www.bing.com
2013-11-12 17:18:35,www.bing.com
2013-11-12 17:18:36,npgandour.com
2013-11-12 17:18:37,npgandour.com
2013-11-12 17:18:38,npgandour.com
2013-11-12 17:18:39,npgandour.com
2013-11-12 17:18:40,npgandour.com
2013-11-12 17:18:41,npgandour.com
2013-11-12 17:18:42,npgandour.com
2013-11-12 17:18:43,www.facebook.com
2013-11-12 17:18:43,npgandour.com
2013-11-12 17:18:44,npgandour.com
2013-11-12 17:18:45,npgandour.com
2013-11-12 17:18:46,npgandour.com
2013-11-12 17:18:47,npgandour.com
2013-11-12 17:18:51,npgandour.com
2013-11-12 17:18:52,npgandour.com
2013-11-12 17:18:53,npgandour.com
2013-11-12 17:18:54,login.live.com
2013-11-12 17:18:54,npgandour.com
2013-11-12 17:18:54,www.facebook.com
2013-11-12 17:18:55,npgandour.com
2013-11-12 17:18:56,npgandour.com
2013-11-12 17:18:57,npgandour.com
2013-11-12 17:18:58,npgandour.com
2013-11-12 17:19:06,npgandour.com
2013-11-12 17:19:07,www.facebook.com
2013-11-12 17:19:07,npgandour.com
2013-11-12 17:19:08,npgandour.com
2013-11-12 17:19:11,npgandour.com
2013-11-12 17:19:11,www.facebook.com
2013-11-12 17:19:16,www.bing.com
2013-11-12 17:19:19,www.bing.com
2013-11-12 17:19:19,www.info-clipper.com
2013-11-12 17:19:19,www.optelo.com
2013-11-12 17:19:19,login.live.com
2013-11-12 17:19:19,ssl.bing.com
2013-11-12 17:19:20,www1.paybox.com
2013-11-12 17:19:20,clifile.optelo.com
2013-11-12 17:19:20,www.info-clipper.com
2013-11-12 17:19:20,goo.gl
2013-11-12 17:19:20,common.osimatic.eu
2013-11-12 17:19:21,premium.hi-mediaserver.com
2013-11-12 17:19:21,www.facebook.com
2013-11-12 17:19:22,www.bing.com
2013-11-12 17:19:28,ajax.googleapis.com
2013-11-12 17:19:28,www.google.fr
2013-11-12 17:19:28,www.bing.com
2013-11-12 17:19:28,experts-univers.com
2013-11-12 17:19:29,media.experts-univers.com
2013-11-12 17:19:29,platform.linkedin.com
2013-11-12 17:19:29,www.google.fr
2013-11-12 17:19:41,apis.google.com
2013-11-12 17:19:41,media.experts-univers.com
2013-11-12 17:19:41,platform.twitter.com
2013-11-12 17:19:41,platform.linkedin.com
2013-11-12 17:19:42,static.ak.facebook.com
2013-11-12 17:19:42,accounts.google.com
2013-11-12 17:19:42,s-static.ak.facebook.com
2013-11-12 17:19:42,www.linkedin.com
2013-11-12 17:19:43,experts-univers.com
2013-11-12 17:19:43,images.orangepublicite.fr
2013-11-12 17:19:44,twitter.com
2013-11-12 17:19:44,www.facebook.com
2013-11-12 17:19:45,experts-univers.com
2013-11-12 17:20:00,www.bing.com
2013-11-12 17:20:00,www.linkedin.com
2013-11-12 17:20:03,login.live.com
2013-11-12 17:20:03,www.bing.com
2013-11-12 17:20:08,www.bing.com
2013-11-12 17:20:10,twitter.com
2013-11-12 17:20:11,www.bing.com
2013-11-12 17:20:11,login.live.com
2013-11-12 17:20:13,static0.viadeo-static.com
2013-11-12 17:20:13,static2.viadeo-static.com
2013-11-12 17:20:13,ssl.bing.com
2013-11-12 17:20:13,www.bing.com
2013-11-12 17:20:13,fr.viadeo.com
2013-11-12 17:20:13,static1.viadeo-static.com
2013-11-12 17:20:13,static3.viadeo-static.com
2013-11-12 17:20:14,static9.viadeo-static.com
2013-11-12 17:20:14,d2xyl0vj6bxpfi.cloudfront.net
2013-11-12 17:20:14,static3.viadeo-static.com
2013-11-12 17:20:14,static1.viadeo-static.com
2013-11-12 17:20:14,static2.viadeo-static.com
2013-11-12 17:20:15,join.viadeo.com
2013-11-12 17:20:15,fr.viadeo.com
2013-11-12 17:20:15,static2.viadeo-static.com
2013-11-12 17:20:18,i1-js-14-3-01-10169-159937769-i.init.cedexis-radar.net
2013-11-12 17:20:18,probe.cedexis.org
2013-11-12 17:20:20,probe.cedexis.org
2013-11-12 17:20:20,bitgravity.cedexis.com
2013-11-12 17:20:21,bitgravity.cedexis.com
2013-11-12 17:20:24,bitgravity.cedexis.com
2013-11-12 17:20:25,radar.cedexis.swiftserve.com
2013-11-12 17:20:29,radar.cedexis.swiftserve.com
2013-11-12 17:20:33,org-widgets.viadeo.com
2013-11-12 17:20:33,www.bing.com
2013-11-12 17:20:48,www.bing.com
2013-11-12 17:20:49,www.bing.com
2013-11-12 17:20:50,fdata.over-blog.net
2013-11-12 17:20:50,login.live.com
2013-11-12 17:20:50,www.marichesse.com
2013-11-12 17:20:50,yui.yahooapis.com
2013-11-12 17:20:51,imageshack.us
2013-11-12 17:20:51,www.facebook.com
2013-11-12 17:20:51,img.over-blog.com
2013-11-12 17:20:51,fdata.over-blog.net
2013-11-12 17:20:51,a402.idata.over-blog.com
2013-11-12 17:20:52,www.google.com
2013-11-12 17:20:52,www.marichesse.com
2013-11-12 17:20:52,i187.photobucket.com
2013-11-12 17:20:52,i321.photobucket.com
2013-11-12 17:20:52,www.facebook.com
2013-11-12 17:20:52,i1267.photobucket.com
2013-11-12 17:20:53,a141.idata.over-blog.com
2013-11-12 17:20:53,a404.idata.over-blog.com
2013-11-12 17:20:53,a398.idata.over-blog.com
2013-11-12 17:20:53,a400.idata.over-blog.com
2013-11-12 17:20:53,a397.idata.over-blog.com
2013-11-12 17:20:53,fdata.over-blog.net
2013-11-12 17:20:53,a137.idata.over-blog.com
2013-11-12 17:20:53,www.facebook.com
2013-11-12 17:20:53,i187.photobucket.com
2013-11-12 17:20:53,a392.idata.over-blog.com
2013-11-12 17:20:53,a133.idata.over-blog.com
2013-11-12 17:20:53,img.over-blog.com
2013-11-12 17:20:53,a54.idata.over-blog.com
2013-11-12 17:20:54,fdata.over-blog.net
2013-11-12 17:20:54,it3yv1v73b.s.ad6media.fr
2013-11-12 17:20:54,static.ak.facebook.com
2013-11-12 17:20:54,s-static.ak.facebook.com
2013-11-12 17:20:56,apis.google.com
2013-11-12 17:20:56,fdata.over-blog.net
2013-11-12 17:20:56,platform.linkedin.com
2013-11-12 17:20:56,www.linkedin.com
2013-11-12 17:20:56,platform.twitter.com
2013-11-12 17:20:57,twitter.com
2013-11-12 17:20:57,accounts.google.com
2013-11-12 17:20:57,fdata.over-blog.net
2013-11-12 17:20:57,www.facebook.com
2013-11-12 17:20:59,style2.ad6.fr
2013-11-12 17:20:59,m.ad6media.fr
2013-11-12 17:20:59,twitter.com
2013-11-12 17:20:59,it3yv1v73b.s.ad6media.fr
2013-11-12 17:20:59,www.facebook.com
2013-11-12 17:21:01,it3yv1v73b.s.ad6media.fr
2013-11-12 17:21:02,m.ad6media.fr
2013-11-12 17:21:02,traquee.com
2013-11-12 17:21:31,www.marichesse.com
2013-11-12 17:21:31,www.linkedin.com
2013-11-12 17:21:32,www.facebook.com
2013-11-12 17:21:32,a133.idata.over-blog.com
2013-11-12 17:21:32,img.over-blog.com
2013-11-12 17:21:32,imageshack.us
2013-11-12 17:21:33,rp.gwallet.com
2013-11-12 17:21:33,www.facebook.com
2013-11-12 17:21:34,www.marichesse.com
2013-11-12 17:21:34,img.over-blog.com
2013-11-12 17:21:34,a133.idata.over-blog.com
2013-11-12 17:21:34,a397.idata.over-blog.com
2013-11-12 17:21:34,a137.idata.over-blog.com
2013-11-12 17:21:34,www.facebook.com
2013-11-12 17:21:34,a398.idata.over-blog.com
2013-11-12 17:21:34,a141.idata.over-blog.com
2013-11-12 17:21:34,a392.idata.over-blog.com
2013-11-12 17:21:34,a400.idata.over-blog.com
2013-11-12 17:21:34,a404.idata.over-blog.com
2013-11-12 17:21:34,a54.idata.over-blog.com
2013-11-12 17:21:35,static.ak.facebook.com
2013-11-12 17:21:35,s-static.ak.facebook.com
2013-11-12 17:21:35,fdata.over-blog.net
2013-11-12 17:21:36,apis.google.com
2013-11-12 17:21:36,platform.twitter.com
2013-11-12 17:21:36,platform.linkedin.com
2013-11-12 17:21:36,www.linkedin.com
2013-11-12 17:21:37,twitter.com
2013-11-12 17:21:38,www.facebook.com
2013-11-12 17:21:38,adventori.com
2013-11-12 17:21:41,apnx-match.dotomi.com
2013-11-12 17:21:41,s-static.ak.facebook.com
2013-11-12 17:21:42,dtm.gap.com
2013-11-12 17:21:46,www.facebook.com
2013-11-12 17:21:49,www.linkedin.com
2013-11-12 17:21:49,www.marichesse.com
2013-11-12 17:21:51,img.over-blog.com
2013-11-12 17:21:51,www.facebook.com
2013-11-12 17:21:51,a402.idata.over-blog.com
2013-11-12 17:21:52,um.simpli.fi
2013-11-12 17:21:52,img.over-blog.com
2013-11-12 17:21:52,www.facebook.com
2013-11-12 17:21:53,www.marichesse.com
2013-11-12 17:21:53,static.ebz.io
2013-11-12 17:21:54,apis.google.com
2013-11-12 17:21:55,static.ak.facebook.com
2013-11-12 17:21:55,twitter.com
2013-11-12 17:21:55,s-static.ak.facebook.com
2013-11-12 17:21:55,www.marichesse.com
2013-11-12 17:21:58,www.facebook.com
2013-11-12 17:22:25,twitter.com
2013-11-12 17:24:12,www.marichesse.com
2013-11-12 17:24:13,imageshack.us
2013-11-12 17:24:13,www.marichesse.com
2013-11-12 17:24:13,img.over-blog.com
2013-11-12 17:24:13,www.facebook.com
2013-11-12 17:24:13,a395.idata.over-blog.com
2013-11-12 17:24:15,a404.idata.over-blog.com
2013-11-12 17:24:15,www.facebook.com
2013-11-12 17:24:15,img.over-blog.com
2013-11-12 17:24:15,a398.idata.over-blog.com
2013-11-12 17:24:15,a137.idata.over-blog.com
2013-11-12 17:24:15,a54.idata.over-blog.com
2013-11-12 17:24:15,a141.idata.over-blog.com
2013-11-12 17:24:15,a133.idata.over-blog.com
2013-11-12 17:24:15,a400.idata.over-blog.com
2013-11-12 17:24:15,a392.idata.over-blog.com
2013-11-12 17:24:15,a397.idata.over-blog.com
2013-11-12 17:24:16,platform.twitter.com
2013-11-12 17:24:17,www.linkedin.com
2013-11-12 17:24:17,platform.linkedin.com
2013-11-12 17:24:17,apis.google.com
2013-11-12 17:24:18,s-static.ak.facebook.com
2013-11-12 17:24:19,www.facebook.com
2013-11-12 17:24:19,www.marichesse.com
2013-11-12 17:24:19,static.ak.facebook.com
2013-11-12 17:24:39,twitter.com
2013-11-12 17:24:40,twitter.com
2013-11-12 17:24:41,accounts.google.com
2013-11-12 17:24:41,twitter.com
2013-11-12 17:24:42,twitter.com
2013-11-12 17:25:09,www.marichesse.com
2013-11-12 17:25:09,accounts.google.com
2013-11-12 17:25:10,www.linkedin.com
2013-11-12 17:25:11,img.over-blog.com
2013-11-12 17:25:11,www.facebook.com
2013-11-12 17:25:11,a133.idata.over-blog.com
2013-11-12 17:25:12,a141.idata.over-blog.com
2013-11-12 17:25:12,a400.idata.over-blog.com
2013-11-12 17:25:12,a398.idata.over-blog.com
2013-11-12 17:25:12,a392.idata.over-blog.com
2013-11-12 17:25:12,a404.idata.over-blog.com
2013-11-12 17:25:12,a133.idata.over-blog.com
2013-11-12 17:25:12,a137.idata.over-blog.com
2013-11-12 17:25:12,a397.idata.over-blog.com
2013-11-12 17:25:12,img.over-blog.com
2013-11-12 17:25:12,www.facebook.com
2013-11-12 17:25:13,match.rtbidder.net
2013-11-12 17:25:13,a404.idata.over-blog.com
2013-11-12 17:25:13,img.over-blog.com
2013-11-12 17:25:13,a398.idata.over-blog.com
2013-11-12 17:25:13,vyt3l67i3p.s.ad6media.fr
2013-11-12 17:25:13,a54.idata.over-blog.com
2013-11-12 17:25:13,style2.ad6.fr
2013-11-12 17:25:14,style2.ad6.fr
2013-11-12 17:25:14,fdata.over-blog.net
2013-11-12 17:25:14,platform.twitter.com
2013-11-12 17:25:14,platform.linkedin.com
2013-11-12 17:25:15,apis.google.com
2013-11-12 17:25:15,www.linkedin.com
2013-11-12 17:25:15,www.marichesse.com
2013-11-12 17:25:16,s-static.ak.facebook.com
2013-11-12 17:25:16,twitter.com
2013-11-12 17:25:16,static.ak.facebook.com
2013-11-12 17:25:17,www.facebook.com
2013-11-12 17:25:18,vyt3l67i3p.s.ad6media.fr
2013-11-12 17:25:18,twitter.com
2013-11-12 17:25:19,vyt3l67i3p.s.ad6media.fr
2013-11-12 17:25:19,api-mc.bouyguestelecom.fr
2013-11-12 17:25:19,www.stats.bouyguestelecom.fr
2013-11-12 17:25:19,twitter.com
2013-11-12 17:25:20,ajax.googleapis.com
2013-11-12 17:25:28,www.google.com
2013-11-12 17:25:28,api-mc.bouyguestelecom.fr
2013-11-12 17:25:28,www.stats.bouyguestelecom.fr
2013-11-12 17:25:28,www.google.fr
2013-11-12 17:25:28,js-project-eu.s3.amazonaws.com
2013-11-12 17:25:28,style2.ad6.fr
2013-11-12 17:25:29,d1447tq2m68ekg.cloudfront.net
2013-11-12 17:25:29,deliv.leboncoin.fr
2013-11-12 17:25:48,www.marichesse.com
2013-11-12 17:25:48,imageshack.us
2013-11-12 17:25:49,a404.idata.over-blog.com
2013-11-12 17:25:49,img.over-blog.com
2013-11-12 17:25:50,www.facebook.com
2013-11-12 17:25:50,www.marichesse.com
2013-11-12 17:25:52,www.facebook.com
2013-11-12 17:25:54,img.over-blog.com
2013-11-12 17:25:55,img.over-blog.com
2013-11-12 17:25:55,a137.idata.over-blog.com
2013-11-12 17:25:55,a397.idata.over-blog.com
2013-11-12 17:25:56,a400.idata.over-blog.com
2013-11-12 17:25:56,a141.idata.over-blog.com
2013-11-12 17:25:56,img.over-blog.com
2013-11-12 17:25:56,a54.idata.over-blog.com
2013-11-12 17:25:56,a133.idata.over-blog.com
2013-11-12 17:25:56,a404.idata.over-blog.com
2013-11-12 17:25:56,a392.idata.over-blog.com
2013-11-12 17:25:56,a398.idata.over-blog.com
2013-11-12 17:26:01,www.facebook.com
2013-11-12 17:26:06,vyt3l67i3p.s.ad6media.fr
2013-11-12 17:26:07,www.numericable.fr
2013-11-12 17:26:07,www.facebook.com
2013-11-12 17:26:07,static.lesoffrescanal.fr
2013-11-12 17:26:09,img.over-blog.com
2013-11-12 17:26:11,a398.idata.over-blog.com
2013-11-12 17:26:11,a141.idata.over-blog.com
2013-11-12 17:26:11,a397.idata.over-blog.com
2013-11-12 17:26:11,a133.idata.over-blog.com
2013-11-12 17:26:12,a137.idata.over-blog.com
2013-11-12 17:26:12,a133.idata.over-blog.com
2013-11-12 17:26:12,a400.idata.over-blog.com
2013-11-12 17:26:12,a54.idata.over-blog.com
2013-11-12 17:26:12,a398.idata.over-blog.com
2013-11-12 17:26:12,vyt3l67i3p.s.ad6media.fr
2013-11-12 17:26:12,a404.idata.over-blog.com
2013-11-12 17:26:12,a392.idata.over-blog.com
2013-11-12 17:26:14,vyt3l67i3p.s.ad6media.fr
2013-11-12 17:26:16,platform.twitter.com
2013-11-12 17:26:16,platform.linkedin.com
2013-11-12 17:26:17,www.linkedin.com
2013-11-12 17:26:18,www.linkedin.com
2013-11-12 17:26:25,www.linkedin.com
2013-11-12 17:26:29,twitter.com
2013-11-12 17:26:30,twitter.com
2013-11-12 17:26:30,vyt3l67i3p.s.ad6media.fr
2013-11-12 17:26:30,www.linkedin.com
2013-11-12 17:26:31,apis.google.com
2013-11-12 17:27:51,www.bing.com
2013-11-12 17:28:04,www.bing.com
2013-11-12 17:28:05,www.bing.com
2013-11-12 17:28:06,www.bing.com
2013-11-12 17:28:06,login.live.com
2013-11-12 17:28:07,www.bing.com
2013-11-12 17:28:07,login.live.com
2013-11-12 17:28:08,www.bing.com
2013-11-12 17:28:09,www.bing.com
2013-11-12 17:28:11,www.bing.com
2013-11-12 17:28:12,www.bing.com
2013-11-12 17:28:13,www.bing.com
2013-11-12 17:28:14,ts2.mm.bing.net
2013-11-12 17:28:14,www.bing.com
2013-11-12 17:28:14,ts1.mm.bing.net
2013-11-12 17:28:14,ts4.mm.bing.net
2013-11-12 17:28:15,www.bing.com
2013-11-12 17:28:15,ts4.mm.bing.net
2013-11-12 17:28:15,ts3.mm.bing.net
2013-11-12 17:28:15,ts1.mm.bing.net
2013-11-12 17:28:15,ts2.mm.bing.net
2013-11-12 17:28:16,www.bing.com
2013-11-12 17:28:16,ts2.mm.bing.net
2013-11-12 17:28:16,ts4.mm.bing.net
2013-11-12 17:28:16,ts1.mm.bing.net
2013-11-12 17:28:17,ts1.mm.bing.net
2013-11-12 17:28:17,www.bing.com
2013-11-12 17:28:18,www.bing.com
2013-11-12 17:28:19,www.bing.com
2013-11-12 17:28:21,ts1.mm.bing.net
2013-11-12 17:28:21,www.bing.com
2013-11-12 17:28:22,ts1.mm.bing.net
2013-11-12 17:28:22,www.bing.com
2013-11-12 17:28:23,www.bing.com
2013-11-12 17:28:24,www.bing.com
2013-11-12 17:28:27,ssl.bing.com
2013-11-12 17:28:29,www.bing.com
2013-11-12 17:28:30,ts2.mm.bing.net
2013-11-12 17:28:30,www.bing.com
2013-11-12 17:28:30,ts1.mm.bing.net
2013-11-12 17:28:31,ts3.mm.bing.net
2013-11-12 17:28:31,ts1.mm.bing.net
2013-11-12 17:28:31,ts4.mm.bing.net
2013-11-12 17:28:31,www.bing.com
2013-11-12 17:28:32,ts1.mm.bing.net
2013-11-12 17:28:32,ts3.mm.bing.net
2013-11-12 17:28:32,ts2.mm.bing.net
2013-11-12 17:28:32,ts4.mm.bing.net
2013-11-12 17:28:33,ts3.mm.bing.net
2013-11-12 17:28:33,ts2.mm.bing.net
2013-11-12 17:28:33,ts4.mm.bing.net
2013-11-12 17:28:33,ts1.mm.bing.net
2013-11-12 17:28:34,ts1.mm.bing.net
2013-11-12 17:28:34,ts2.mm.bing.net
2013-11-12 17:28:34,ts4.mm.bing.net
2013-11-12 17:28:35,login.live.com
2013-11-12 17:28:35,ts1.mm.bing.net
2013-11-12 17:28:35,www.bing.com
2013-11-12 17:28:36,login.live.com
2013-11-12 17:28:36,www.bing.com
2013-11-12 17:28:36,ts1.mm.bing.net
2013-11-12 17:28:37,login.live.com
2013-11-12 17:28:37,ts1.mm.bing.net
2013-11-12 17:28:37,www.bing.com
2013-11-12 17:28:38,ts1.mm.bing.net
2013-11-12 17:28:39,ts4.mm.bing.net
2013-11-12 17:28:39,ts3.mm.bing.net
2013-11-12 17:28:39,www.bing.com
2013-11-12 17:28:39,ts1.mm.bing.net
2013-11-12 17:28:39,ts2.mm.bing.net
2013-11-12 17:28:40,www.bing.com
2013-11-12 17:28:40,ts1.mm.bing.net
2013-11-12 17:28:40,ts2.mm.bing.net
2013-11-12 17:28:40,ts4.mm.bing.net
2013-11-12 17:28:40,ts3.mm.bing.net
2013-11-12 17:28:42,www.bing.com
2013-11-12 17:28:43,ts1.mm.bing.net
2013-11-12 17:28:44,www.bing.com
2013-11-12 17:28:45,ts1.mm.bing.net
2013-11-12 17:28:46,www.bing.com
2013-11-12 17:28:46,ts1.mm.bing.net
2013-11-12 17:28:47,www.bing.com
2013-11-12 17:28:47,ts1.mm.bing.net
2013-11-12 17:28:48,www.bing.com
2013-11-12 17:28:51,ssl.bing.com
2013-11-12 17:28:52,www.bing.com
2013-11-12 17:28:52,ts1.mm.bing.net
2013-11-12 17:28:55,www.bing.com
2013-11-12 17:28:56,www.bing.com
2013-11-12 17:28:57,ssl.bing.com
2013-11-12 17:28:57,www.bing.com
2013-11-12 17:29:00,www.bing.com
2013-11-12 17:29:00,login.live.com
2013-11-12 17:29:02,ssl.bing.com
2013-11-12 17:29:02,www.bing.com
2013-11-12 17:29:03,www.bing.com
2013-11-12 17:29:04,www.bing.com
2013-11-12 17:29:05,www.bing.com
2013-11-12 17:29:05,login.live.com
2013-11-12 17:29:59,ssl.bing.com
2013-11-27 16:32:25,fpdownload2.macromedia.com
2013-11-27 16:34:28,www.squid-cache.org
2013-11-27 16:36:10,www.bing.com
2013-11-27 16:41:21,www.squid-cache.org
2013-11-27 16:41:27,google.fr
2013-11-27 16:41:27,www.google.fr
2013-11-27 16:41:46,google.fr
2013-11-27 16:41:46,www.google.fr
2013-11-27 16:41:55,www.google.fr
2013-11-27 16:41:56,www.google.fr
2013-11-27 16:41:57,www.google.fr
2013-11-27 16:41:59,www.google.com
2013-11-27 16:42:15,www.google.com
2013-11-27 16:42:27,www.google.fr
2013-11-27 16:42:32,www.fsr.um5a.ac.ma
2013-11-27 16:43:17,www.google.fr
2013-11-27 16:44:19,www.google.fr
2013-11-27 16:44:22,www.obs.u-bordeaux1.fr
2013-11-27 16:45:12,www.google.fr
2013-11-27 16:46:16,www.google.fr
2013-11-27 16:46:17,www.chireux.fr
2013-11-27 16:47:12,www.google.fr
2013-11-27 16:52:53,dumas.perso.math.cnrs.fr
2013-11-27 16:52:53,www.google.fr
2013-11-27 16:53:00,www.google.fr
2013-11-27 16:53:01,legacy.futura-sciences.com
2013-11-27 16:53:01,www.google.fr
2013-11-27 16:53:01,forums.futura-sciences.com
2013-11-27 16:53:01,www.futura-sciences.com
2013-11-27 16:53:01,yui.yahooapis.com
2013-11-27 16:53:02,www.google.com
2013-11-27 16:53:02,www.google.fr
2013-11-27 16:53:02,www.futura-sciences.com
2013-11-27 16:53:02,legacy.futura-sciences.com
2013-11-27 16:53:02,forums.futura-sciences.com
2013-11-27 16:53:02,fr.intext.adfever.com
2013-11-27 16:53:03,www.google.com
2013-11-27 16:53:04,forums.futura-sciences.com
2013-11-27 16:53:04,platform.twitter.com
2013-11-27 16:53:05,connect.facebook.net
2013-11-27 16:53:05,www.google.com
2013-11-27 16:53:05,apis.google.com
2013-11-27 16:53:05,platform.twitter.com
2013-11-27 16:53:06,www.google.com
2013-11-27 16:53:06,www.facebook.com
2013-11-27 16:53:06,www.futura-sciences.com
2013-11-27 16:53:06,s-static.ak.facebook.com
2013-11-27 16:53:07,platform.twitter.com
2013-11-27 16:53:07,static.ak.facebook.com
2013-11-27 16:53:07,www.facebook.com
2013-11-27 16:53:19,www.google.fr
2013-11-27 16:53:19,apis.google.com
2013-11-27 16:53:23,www.google.fr
2013-11-27 16:53:27,twitter.com
2013-11-27 16:53:29,apis.google.com
2013-11-27 16:53:41,www.google.fr
2013-11-27 16:53:43,www-fourier.ujf-grenoble.fr
2013-11-27 16:57:02,www.google.fr
2013-11-27 16:57:27,perso-math.univ-mlv.fr
2013-11-27 16:57:27,www.google.fr
2013-11-27 17:00:38,www.google.fr
2013-11-27 17:00:38,www.google.com
2013-11-27 17:00:42,www.google.fr
2013-11-27 17:00:42,shuxue.voila.net
2013-11-27 17:01:06,desaintar.free.fr
2013-11-27 17:01:06,www.google.fr
2013-11-27 17:02:04,www.google.fr
2013-11-27 17:02:10,www.google.fr
2013-11-27 17:02:11,deptinfofds.univ-montp2.fr
2013-11-27 17:04:27,www.google.fr
2013-11-27 17:04:29,www.google.fr
2013-11-27 17:04:30,perso.crans.org
2013-11-27 17:04:47,www.google.fr
2013-11-27 17:04:48,perso.univ-rennes1.fr
2013-11-27 17:05:43,www.labri.fr
2013-11-27 17:05:43,www.google.fr
2013-11-27 17:05:44,www.labri.fr
2013-11-27 17:06:34,www.les-mathematiques.net
2013-11-27 17:06:34,www.google.fr
2013-11-27 17:06:35,www.les-mathematiques.net
2013-11-27 17:06:53,www.google.fr
2013-11-27 17:08:32,www.google.fr
2013-11-27 17:08:36,www.google.fr
2013-11-27 17:08:40,www.google.fr
2013-11-27 17:08:44,www.google.fr
2013-11-27 17:10:11,www.google.fr
2013-11-27 17:10:11,www.google.com
2013-11-27 17:10:29,www.google.fr
2014-01-30 13:39:43,fpdownload2.macromedia.com
2014-01-30 13:43:42,dl.javafx.com
2014-01-30 13:46:34,google.fr
2014-01-30 13:46:34,www.google.fr
2014-01-30 13:46:48,www.google.fr
2014-01-30 13:46:49,www.google.fr
2014-01-30 13:46:51,www.google.com
2014-01-30 13:47:01,www.google.com
2014-01-30 13:47:02,www.google.fr
2014-01-30 13:47:03,www.google.fr
2014-01-30 13:58:51,google.fr
2014-01-30 13:58:51,www.google.fr
2014-01-30 13:59:03,google.fr
2014-01-30 13:59:03,www.google.fr
2014-01-30 13:59:05,www.google.fr
2014-01-30 13:59:08,www.google.com
2014-01-30 13:59:24,news.google.fr
2014-01-30 13:59:25,i.ytimg.com
2014-01-30 13:59:25,www.google.com
2014-01-30 13:59:25,news.google.fr
2014-01-30 13:59:25,www.google.fr
2014-01-30 13:59:26,apis.google.com
2014-01-30 13:59:26,news.google.fr
2014-01-30 13:59:27,www.google.com
2014-01-30 13:59:29,apis.google.com
2014-01-30 13:59:29,news.google.fr
2014-01-30 13:59:40,www.youtube.com
2014-01-30 13:59:40,clients1.google.fr
2014-01-30 13:59:41,s.ytimg.com
2014-01-30 13:59:41,www.youtube.com
2014-01-30 13:59:41,clients1.google.fr
2014-01-30 13:59:41,i1.ytimg.com
2014-01-30 14:00:41,s.ytimg.com
2014-01-30 14:00:41,i1.ytimg.com
2014-01-30 14:00:41,www.youtube.com
2014-01-30 14:04:13,news.google.fr
2014-01-30 14:04:16,clients1.google.fr
2014-01-30 14:04:17,clients1.google.fr
2014-01-30 14:04:38,www.google.fr
2014-01-30 14:04:38,clients1.google.fr
2014-01-30 14:04:38,id.google.fr
2014-01-30 14:04:49,www.google.fr
2014-01-30 14:04:50,www.google.fr
2014-01-30 14:05:13,www.bing.com
2014-01-30 14:05:14,www.bing.com
2014-01-30 14:05:15,cms.abmr.net
2014-01-30 14:05:15,www.bing.com
2014-01-30 14:05:20,www.bing.com
2014-01-30 14:05:27,login.live.com
2014-01-30 14:05:29,login.live.com
2014-01-30 14:05:50,www.google.fr
2014-01-30 14:05:51,www.google.fr
2014-01-30 14:05:58,www.futura-sciences.com
2014-01-30 14:05:58,www.google.fr
2014-01-30 14:06:00,www.facebook.com
2014-01-30 14:06:00,www.futura-sciences.com
2014-01-30 14:06:02,www.futura-sciences.com
2014-01-30 14:06:03,www.google.com
2014-01-30 14:06:03,apis.google.com
2014-01-30 14:06:06,apis.google.com
2014-01-30 14:06:07,www.futura-sciences.com
2014-01-30 14:06:07,apis.google.com
2014-01-30 14:06:08,accounts.google.com
2014-01-30 14:06:08,hal9000.redintelligence.net
2014-01-30 14:06:08,www.futura-sciences.com
2014-01-30 14:06:09,connect.facebook.net
2014-01-30 14:06:09,s-static.ak.facebook.com
2014-01-30 14:06:09,www.facebook.com
2014-01-30 14:06:09,accounts.google.com
2014-01-30 14:06:09,apis.google.com
2014-01-30 14:06:09,platform.twitter.com
2014-01-30 14:06:09,n18.hal9000.redintelligence.net
2014-01-30 14:06:09,static.ak.facebook.com
2014-01-30 14:06:10,www.facebook.com
2014-01-30 14:06:20,twitter.com
2014-01-30 14:06:21,a.nonstoppartner.net
2014-01-30 14:06:21,platform.twitter.com
2014-01-30 14:06:21,ea.numericable.fr
2014-01-30 14:06:21,twitter.com
2014-01-30 14:06:22,twitter.com
2014-01-30 14:06:23,twitter.com
2014-01-30 14:06:26,www.futura-sciences.com
2014-01-30 14:06:42,www.google.fr
2014-01-30 14:06:42,google.fr
2014-01-30 14:06:56,www.google.fr
2014-01-30 14:06:59,www.google.com
2014-01-30 14:07:06,www.google.com
2014-01-30 14:07:25,www.google.fr
2014-01-30 14:07:27,apis.google.com
2014-01-30 14:07:27,platform.twitter.com
2014-01-30 14:07:27,www.facebook.com
2014-01-30 14:07:27,www.futura-sciences.com
2014-01-30 14:07:28,www.futura-sciences.com
2014-01-30 14:07:57,www.google.fr
2014-01-30 14:08:02,www.google.com
2014-01-30 14:08:08,www.google.fr
2014-01-30 14:08:08,id.google.fr
2014-01-30 14:08:44,www.google.fr
2014-01-30 14:08:45,www.google.fr
2014-01-30 14:08:45,www.facebook.com
2014-01-30 14:08:46,platform.twitter.com
2014-01-30 14:08:46,www.futura-sciences.com
2014-01-30 14:08:46,apis.google.com
2014-01-30 14:08:47,static.ak.facebook.com
2014-01-30 14:08:47,apis.google.com
2014-01-30 14:08:47,s-static.ak.facebook.com
2014-01-30 14:08:47,www.facebook.com
2014-01-30 14:08:49,www.google.fr
2014-01-30 14:08:52,www.google.fr
2014-01-30 14:08:53,twitter.com
2014-01-30 14:08:53,www.leparisien.fr
2014-01-30 14:08:53,www.google.fr
2014-01-30 14:08:54,s-static.ak.facebook.com
2014-01-30 14:08:54,www.leparisien.fr
2014-01-30 14:08:54,static.ak.facebook.com
2014-01-30 14:08:54,foglio.basilic.io
2014-01-30 14:08:54,apis.google.com
2014-01-30 14:08:55,videosfr.s3.amazonaws.com
2014-01-30 14:08:55,accounts.google.com
2014-01-30 14:08:55,www.leparisien.fr
2014-01-30 14:08:56,www.leparisien.fr
2014-01-30 14:08:56,s3.lprs1.fr
2014-01-30 14:08:57,www.leparisien.fr
2014-01-30 14:08:57,s3.lprs1.fr
2014-01-30 14:08:58,www.leparisien.fr
2014-01-30 14:08:58,s3.lprs1.fr
2014-01-30 14:08:59,clarins.commander1.com
2014-01-30 14:08:59,www.leparisien.fr
2014-01-30 14:08:59,www.facebook.com
2014-01-30 14:09:00,www.facebook.com
2014-01-30 14:09:00,www.leparisien.fr
2014-01-30 14:09:00,s3.lprs1.fr
2014-01-30 14:09:01,c1.adform.net
2014-01-30 14:09:02,www.facebook.com
2014-01-30 14:09:03,wtpn.twenga.fr
2014-01-30 14:09:03,www.facebook.com
2014-01-30 14:09:03,s3.lprs1.fr
2014-01-30 14:09:03,www.leparisien.fr
2014-01-30 14:09:03,rbx-cdn-tpn.c4tw.net
2014-01-30 14:09:04,s3.lprs1.fr
2014-01-30 14:09:06,s3.lprs1.fr
2014-01-30 14:09:06,www.leparisien.fr
2014-01-30 14:09:07,rbx-cdn-tpn.c4tw.net
2014-01-30 14:09:07,www.leparisien.fr
2014-01-30 14:09:07,s3.lprs1.fr
2014-01-30 14:09:07,www.facebook.com
2014-01-30 14:09:08,www.facebook.com
2014-01-30 14:09:08,platform.twitter.com
2014-01-30 14:09:08,s3.lprs1.fr
2014-01-30 14:09:08,rbx-cdn-tpn.c4tw.net
2014-01-30 14:09:08,www.leparisien.fr
2014-01-30 14:09:09,rbx-cdn-tpn.c4tw.net
2014-01-30 14:09:09,www.leparisien.fr
2014-01-30 14:09:09,www.facebook.com
2014-01-30 14:09:09,s3.lprs1.fr
2014-01-30 14:09:10,twitter.com
2014-01-30 14:09:10,its.tradelab.fr
2014-01-30 14:09:10,www.leparisien.fr
2014-01-30 14:09:11,www.leparisien.fr
2014-01-30 14:09:11,i11.twenga.com
2014-01-30 14:09:11,s0r.c4tw.net
2014-01-30 14:09:11,rbp.mxptint.net
2014-01-30 14:09:11,pr.ybp.yahoo.com
2014-01-30 14:09:20,its.tradelab.fr
2014-01-30 14:09:23,twitter.com
2014-01-30 14:09:27,pixel2368.everesttech.net
2014-01-30 14:10:44,www.google.fr
2014-01-30 14:10:44,www.bienpublic.com
2014-01-30 14:10:44,ajax.googleapis.com
2014-01-30 14:10:45,www.bienpublic.com
2014-01-30 14:10:45,ajax.googleapis.com
2014-01-30 14:10:45,www.facebook.com
2014-01-30 14:10:45,s-www.bienpublic.com
2014-01-30 14:10:45,apis.google.com
2014-01-30 14:10:46,accounts.google.com
2014-01-30 14:10:46,www.iookaz.com
2014-01-30 14:10:46,www.bienpublic.com
2014-01-30 14:10:47,www.iookaz.com
2014-01-30 14:10:47,www.bienpublic.com
2014-01-30 14:10:47,s-www.bienpublic.com
2014-01-30 14:10:48,twitter.com
2014-01-30 14:10:49,banniere.reussissonsensemble.fr
2014-01-30 14:10:49,a.nonstoppartner.net
2014-01-30 14:10:49,affiliation.service-voyages.com
2014-01-30 14:10:49,banner.nonstoppartner.net
2014-01-30 14:10:50,www.bienpublic.com
2014-01-30 14:13:10,www.google.fr
2014-01-30 14:13:25,static.rtl.fr
2014-01-30 14:13:25,www.rtl.fr
2014-01-30 14:13:25,www.google.fr
2014-01-30 14:13:26,pixel.alephd.com
2014-01-30 14:13:26,static.rtl.fr
2014-01-30 14:13:26,www.facebook.com
2014-01-30 14:13:26,media.rtl.fr
2014-01-30 14:13:27,media.rtl.fr
2014-01-30 14:13:27,static.rtl.fr
2014-01-30 14:13:27,images.orangepublicite.fr
2014-01-30 14:13:27,www.rtl.fr
2014-01-30 14:13:28,www.facebook.com
2014-01-30 14:13:28,static.rtl.fr
2014-01-30 14:13:28,www.google.com
2014-01-30 14:13:28,www.google.fr
2014-01-30 14:13:28,www.rtl.fr
2014-01-30 14:13:36,www.dailymotion.com
2014-01-30 14:13:50,www.youtube.com
2014-01-30 14:13:50,s.ytimg.com
2014-01-30 14:13:50,r4---sn-gxo5uxg-jqbe.googlevideo.com
2014-01-30 14:13:50,www.google.fr
2014-01-30 14:13:51,s.ytimg.com
2014-01-30 14:13:51,www.youtube.com
2014-01-30 14:13:51,r4---sn-gxo5uxg-jqbe.googlevideo.com
2014-01-30 14:13:51,s.youtube.com
2014-01-30 14:13:53,yt4.ggpht.com
2014-01-30 14:13:53,s.ytimg.com
2014-01-30 14:13:53,www.youtube.com
2014-01-30 14:13:53,i1.ytimg.com
2014-01-30 14:13:54,i1.ytimg.com
2014-01-30 14:13:55,s.youtube.com
2014-01-30 14:13:55,i1.ytimg.com
2014-01-30 14:13:55,r4---sn-gxo5uxg-jqbe.googlevideo.com
2014-01-30 14:13:56,i1.ytimg.com
2014-01-30 14:13:56,yt4.ggpht.com
2014-01-30 14:13:56,yt3.ggpht.com
2014-01-30 14:13:56,apis.google.com
2014-01-30 14:13:56,www.youtube.com
2014-01-30 14:13:57,yt3.ggpht.com
2014-01-30 14:13:57,plus.googleapis.com
2014-01-30 14:13:58,plus.googleapis.com
2014-01-30 14:13:59,yt4.ggpht.com
2014-01-30 14:14:01,s.youtube.com
2014-01-30 14:14:03,i1.ytimg.com
2014-01-30 14:14:05,s.youtube.com
2014-01-30 14:14:11,s.youtube.com
2014-01-30 14:14:13,r4---sn-gxo5uxg-jqbe.googlevideo.com
2014-01-30 14:14:15,s.youtube.com
2014-01-30 14:14:19,r4---sn-gxo5uxg-jqbe.googlevideo.com
2014-01-30 14:14:31,s.youtube.com
2014-01-30 14:14:35,s.youtube.com
2014-01-30 14:14:37,s.ytimg.com
2014-01-30 14:14:37,clients1.google.com
2014-01-30 14:14:41,s.youtube.com
2014-01-30 14:15:01,s.youtube.com
2014-01-30 14:15:15,s.youtube.com
2014-01-30 14:15:55,s.youtube.com
2014-01-30 14:16:31,s.youtube.com
2014-01-30 14:16:31,s.ytimg.com
2014-01-30 14:16:32,i1.ytimg.com
2014-01-30 14:16:32,yt4.ggpht.com
2014-01-30 14:16:35,s.youtube.com
2014-01-30 14:16:42,s.youtube.com
2014-01-30 14:16:45,yt4.ggpht.com
2014-01-30 14:16:45,s.youtube.com
2014-01-30 14:16:45,i1.ytimg.com
2014-01-30 14:16:45,r3---sn-gxo5uxg-jqbe.googlevideo.com
2014-01-30 14:16:45,www.youtube.com
2014-01-30 14:16:46,r3---sn-gxo5uxg-jqbe.googlevideo.com
2014-01-30 14:16:46,i1.ytimg.com
2014-01-30 14:16:46,s.youtube.com
2014-01-30 14:16:47,plus.googleapis.com
2014-01-30 14:16:49,clients1.google.com
2014-01-30 14:16:49,www.youtube.com
2014-01-30 14:16:50,s.youtube.com
2014-01-30 14:16:50,r3---sn-gxo5uxg-jqbe.googlevideo.com
2014-01-30 14:17:55,yt3.ggpht.com
2014-01-30 14:17:55,yt4.ggpht.com
2014-01-30 14:56:57,google.fr
2014-01-30 14:56:57,www.google.fr
2014-01-30 14:57:11,www.google.fr
2014-01-30 14:57:14,www.google.com
2014-01-30 14:57:27,www.google.fr
2014-01-30 14:57:28,mathprepa.fr
2014-01-30 14:57:28,www.google.fr
2014-01-30 14:57:28,www.google.com
2014-01-30 14:57:29,mathprepa.fr
2014-01-30 14:57:33,mathprepa.fr
2014-01-30 14:57:41,mathprepa.fr
2014-01-30 15:00:25,mathprepa.fr
2014-01-30 15:00:35,mathprepa.fr
2014-01-30 15:04:35,office14client.microsoft.com
2014-01-30 15:04:38,office.microsoft.com
2014-01-30 15:04:39,office.microsoft.com
2014-02-24 15:52:51,go.microsoft.com
2014-02-24 15:52:51,windows.microsoft.com
2014-02-24 15:52:51,res2.windows.microsoft.com
2014-02-24 15:52:51,res1.windows.microsoft.com
2014-02-24 15:52:51,ajax.microsoft.com
2014-02-24 15:52:51,js.microsoft.com
2014-02-24 15:52:52,res2.windows.microsoft.com
2014-02-24 15:52:52,windows.microsoft.com
2014-02-24 15:52:52,res1.windows.microsoft.com
2014-02-24 15:52:53,ieonline.microsoft.com
2014-02-24 15:52:53,js.microsoft.com
2014-02-24 15:52:53,res1.windows.microsoft.com
2014-02-24 15:52:54,www.bing.com
2014-02-24 15:54:49,go.microsoft.com
2014-02-24 15:55:49,ieonline.microsoft.com
2014-04-16 10:27:04,www.bing.com
2014-04-16 10:27:05,cms.abmr.net
2014-04-16 10:27:05,www.bing.com
2014-04-16 10:27:06,www.bing.com
2014-04-16 10:30:03,ieonline.microsoft.com
2014-04-16 10:32:51,www.google.fr
2014-04-16 10:32:51,google.fr
2014-04-16 10:33:03,www.google.fr
2014-04-16 10:33:04,www.google.fr
2014-04-16 10:33:05,www.google.fr
2014-04-16 10:33:08,www.google.com
2014-04-16 10:33:09,www.google.fr
2014-04-16 10:33:23,www.google.fr
2014-04-16 10:33:26,apis.google.com
2014-04-16 10:33:26,www.google.com
2014-04-16 10:33:45,www.google.fr
2014-04-16 10:33:45,news.google.fr
2014-04-16 10:33:45,apis.google.com
2014-04-16 10:33:45,www.google.com
2014-04-16 10:33:46,clients1.google.fr
2014-04-16 10:33:47,news.google.fr
2014-04-16 10:34:01,www.youtube.com
2014-04-16 10:34:01,s.ytimg.com
2014-04-16 10:35:06,www.google.fr
2014-04-16 10:36:01,www.youtube.com
2014-04-16 10:36:01,apis.google.com
2014-04-16 10:36:01,s.ytimg.com
2014-04-16 10:37:35,clients1.google.com
2014-04-16 10:37:35,ocsp.thawte.com
2014-04-16 10:37:35,gtglobal-ocsp.geotrust.com
2014-04-16 10:37:42,ocsp.tcs.terena.org
2014-04-16 10:37:42,clients1.google.com
2014-04-16 10:37:42,ocsp.usertrust.com
2014-04-16 10:37:43,clients1.google.com
2014-04-16 10:39:30,news.google.fr
2014-04-16 10:40:30,sb-ssl.google.com
2014-04-16 10:41:21,safebrowsing-cache.google.com
2014-04-16 10:41:21,safebrowsing.clients.google.com
2014-04-16 10:41:22,safebrowsing-cache.google.com
2014-04-16 10:44:59,ocsp.verisign.com
2014-04-16 10:45:02,clients1.google.com
2014-04-16 10:45:02,www.google.fr
2014-04-16 10:45:02,google.fr
2014-04-16 10:45:03,clients1.google.com
2014-04-16 10:45:52,www.google.fr
2014-04-16 10:45:53,ocsp.gandi.net
2014-04-16 10:45:53,learnpythonthehardway.org
2014-04-16 10:45:54,ocsp.usertrust.com
2014-04-16 10:45:55,learnpythonthehardway.org
2014-04-16 10:45:57,learnpythonthehardway.org
2014-04-16 10:46:59,ocsp.digicert.com
2014-04-16 10:47:01,paydiv.io
2014-04-16 10:47:58,apis.google.com
2014-04-16 10:48:56,www.google.com
2014-04-16 10:49:10,www.google.fr
2014-04-16 10:56:51,www.google.fr
2014-04-16 10:59:31,paydiv.io
2014-04-16 10:59:47,www.google.fr
2014-04-16 11:00:10,www.google.fr
2014-04-16 11:00:27,www.google.fr
2014-04-16 11:00:28,eultech.fnac.com
2014-04-16 11:00:29,static.fnac-static.com
2014-04-16 11:00:29,www4-fr.fnac-static.com
2014-04-16 11:00:29,www.fnac.com
2014-04-16 11:00:30,www.fnac.com
2014-04-16 11:00:30,static.fnac-static.com
2014-04-16 11:00:30,platform.twitter.com
2014-04-16 11:00:30,www4-fr.fnac-static.com
2014-04-16 11:00:31,fnac.tt.omtrdc.net
2014-04-16 11:00:31,www4-fr.fnac-static.com
2014-04-16 11:00:32,fnac.livechat.iadvize.com
2014-04-16 11:00:32,www4-fr.fnac-static.com
2014-04-16 11:00:33,manager.tagcommander.com
2014-04-16 11:00:33,eultech.fnac.com
2014-04-16 11:00:33,www4-fr.fnac-static.com
2014-04-16 11:00:34,connect.facebook.net
2014-04-16 11:00:34,static.fnac-static.com
2014-04-16 11:00:34,www4-fr.fnac-static.com
2014-04-16 11:00:35,fnac.tt.omtrdc.net
2014-04-16 11:00:35,eultech.fnac.com
2014-04-16 11:00:35,www4-fr.fnac-static.com
2014-04-16 11:00:35,manager.tagcommander.com
2014-04-16 11:00:35,metrics.fnac.com
2014-04-16 11:00:35,www.google.com
2014-04-16 11:00:36,likemastr.com
2014-04-16 11:00:36,static.ak.facebook.com
2014-04-16 11:00:36,www4-fr.fnac-static.com
2014-04-16 11:00:37,metrics.fnac.com
2014-04-16 11:00:37,fstatic.iadvize.com
2014-04-16 11:00:37,fnac.livechat.iadvize.com
2014-04-16 11:00:37,fnac.tt.omtrdc.net
2014-04-16 11:00:37,static.fnac-static.com
2014-04-16 11:00:37,www.facebook.com
2014-04-16 11:00:37,s-static.ak.facebook.com
2014-04-16 11:00:38,ocsp.digicert.com
2014-04-16 11:00:38,metrics.fnac.com
2014-04-16 11:00:39,fnac.livechat.iadvize.com
2014-04-16 11:00:40,ocsp.digicert.com
2014-04-16 11:00:40,deliv.leboncoin.fr
2014-04-16 11:00:40,fnac.livechat.iadvize.com
2014-04-16 11:00:40,clients1.google.com
2014-04-16 11:00:41,deliv.leboncoin.fr
2014-04-16 11:00:41,fnac.livechat.iadvize.com
2014-04-16 11:00:42,www.google.fr
2014-04-16 11:00:42,www.google.com
2014-04-16 11:00:43,fnac.livechat.iadvize.com
2014-04-16 11:00:47,www.fnac.com
2014-04-16 11:00:48,www.facebook.com
2014-04-16 11:00:49,de8of677fyt0b.cloudfront.net
2014-04-16 11:01:44,fnac.livechat.iadvize.com
2014-04-16 11:03:13,www.google.fr
2014-04-16 11:03:35,apis.google.com
2014-04-16 11:03:36,accounts.google.com
2014-04-16 11:03:42,www.google.fr
2014-04-16 11:03:43,k.keyade.com
2014-04-16 11:03:43,www.priceminister.com
2014-04-16 11:03:45,f995d2.r.axf8.net
2014-04-16 11:03:45,ocsp.gandi.net
2014-04-16 11:03:45,www.priceminister.com
2014-04-16 11:03:47,www.priceminister.com
2014-04-16 11:03:48,www.priceminister.com
2014-04-16 11:04:13,www.google.fr
2014-04-16 11:04:27,www.google.fr
2014-04-16 11:04:28,www.materiel.net
2014-04-16 11:04:28,media.materiel.net
2014-04-16 11:04:29,media.materiel.net
2014-04-16 11:04:29,www.materiel.net
2014-04-16 11:04:30,media.materiel.net
2014-04-16 11:04:31,www.materiel.net
2014-04-16 11:04:32,media.materiel.net
2014-04-16 11:04:33,www.youtube-nocookie.com
2014-04-16 11:04:33,media.materiel.net
2014-04-16 11:04:33,www.materiel.net
2014-04-16 11:04:34,media.materiel.net
2014-04-16 11:04:34,www.materiel.net
2014-04-16 11:04:36,www.materiel.net
2014-04-16 11:04:37,media.materiel.net
2014-04-16 11:04:37,deliv.leboncoin.fr
2014-04-16 11:04:39,media.materiel.net
2014-04-16 11:04:39,www.google.fr
2014-04-16 11:04:39,www.google.com
2014-04-16 11:04:40,media.materiel.net
2014-04-16 11:04:43,media.materiel.net
2014-04-16 11:04:52,media.materiel.net
2014-04-16 11:07:23,www.google.fr
2014-04-16 11:07:30,www.youtube-nocookie.com
2014-04-16 11:07:31,i1.ytimg.com
2014-04-16 11:07:31,s.ytimg.com
2014-04-16 11:07:32,www.google.com
2014-04-22 11:01:54,login.live.com
2014-04-22 11:04:43,ieonline.microsoft.com
2014-04-22 11:36:14,www.google.fr
2014-04-22 11:36:22,login.live.com
2014-04-22 11:36:41,login.live.com
2014-04-22 11:37:07,windowslive.tt.omtrdc.net
2014-04-22 11:37:09,login.live.com
2014-04-22 11:37:10,login.live.com
2014-04-22 11:37:15,mail.live.com
2014-04-22 11:37:15,dub130.mail.live.com
2014-04-22 11:37:21,cid-3deeab6f07ec8e6e.users.storage.live.com
2014-04-22 11:37:21,people.directory.live.com
2014-04-22 11:37:22,dub130.mail.live.com
2014-04-22 11:37:22,go.trouter.io
2014-04-22 11:37:23,secure.shared.live.com
2014-04-22 11:37:24,js.live.net
2014-04-22 11:37:24,storage.live.com
2014-04-22 11:37:24,sn2files.storage.msn.com
2014-04-22 11:37:25,h.live.com
2014-04-22 11:37:25,secure.shared.live.com
2014-04-22 11:37:26,h.bing.com
2014-04-22 11:37:30,h.bing.com
2014-04-22 11:37:30,h.live.com
2014-04-22 11:37:30,dub130.mail.live.com
2014-04-22 11:37:31,h.live.com
2014-04-22 11:37:33,dub130.mail.live.com
2014-04-22 11:37:33,go.trouter.io
2014-04-22 11:37:54,www.google.fr
2014-04-22 11:37:55,apis.google.com
2014-04-22 11:37:58,www.google.com
2014-04-22 11:38:10,www.google.fr
2014-04-22 11:38:10,apis.google.com
2014-04-22 11:38:10,www.google.com
2014-04-22 11:38:21,clients1.google.fr
2014-04-22 11:38:22,clients1.google.fr
2014-04-22 11:38:22,www.google.fr
2014-04-22 11:38:24,www.google.fr
2014-04-22 11:38:27,www.google.fr
2014-04-22 11:38:33,www.google.fr
2014-04-22 11:38:45,www.google.fr
2014-04-22 11:38:47,ajax.googleapis.com
2014-04-22 11:38:49,ajax.googleapis.com
2014-04-22 11:38:49,www.google.fr
2014-04-22 11:38:53,apis.google.com
2014-04-22 11:38:55,ajax.googleapis.com
2014-04-22 11:38:56,accounts.google.com
2014-04-22 11:38:56,www.google.fr
2014-04-22 11:38:57,apis.google.com
2014-04-22 11:38:57,accounts.google.com
2014-04-22 11:39:00,www.google.fr
2014-04-22 11:39:01,twitter.com
2014-04-22 11:39:02,www.google.fr
2014-04-22 11:39:04,twitter.com
2014-04-22 11:39:05,www.google.fr
2014-04-22 11:39:14,www.google.fr
2014-04-22 11:39:15,www.google.fr
2014-04-22 11:39:18,accounts.google.com
2014-04-22 11:39:24,twitter.com
2014-04-22 11:39:25,twitter.com
2014-04-22 11:39:29,s-static.ak.facebook.com
2014-04-22 11:39:31,twitter.com
2014-04-22 11:39:35,twitter.com
2014-04-22 11:39:41,apis.google.com
2014-04-22 11:39:41,accounts.google.com
2014-04-22 11:39:55,twitter.com
2014-04-22 11:40:21,accounts.google.com
2014-04-22 11:40:21,apis.google.com
2014-04-22 11:40:42,www.google.fr
2014-04-22 11:40:42,platform.twitter.com
2014-04-22 11:40:42,pbs.twimg.com
2014-04-22 11:40:42,accounts.google.com
2014-04-22 11:40:42,apis.google.com
2014-04-22 11:40:51,accounts.google.com
2014-04-22 11:40:51,apis.google.com
2014-04-22 11:40:54,login.live.com
2014-04-22 11:40:55,login.live.com
2014-04-22 11:40:56,login.live.com
2014-04-22 11:40:59,ssl.bing.com
2014-04-22 11:41:04,login.live.com
2014-04-22 11:41:05,apis.google.com
2014-04-22 11:41:42,ssl.bing.com
2014-04-22 11:47:24,login.live.com
2014-04-22 11:47:26,ssl.bing.com
2014-04-22 11:49:36,login.live.com
2014-04-22 11:49:52,ssl.bing.com
2014-04-22 11:49:54,login.live.com
2014-04-22 11:51:57,ssl.bing.com
2014-04-22 11:52:40,apis.google.com
2014-04-22 11:52:40,www.google.com
2014-04-22 11:52:42,accounts.google.com
2014-04-22 11:52:43,apis.google.com
2014-04-22 11:52:43,www.google.com
2014-04-22 11:52:43,accounts.google.com
2014-04-22 11:55:10,login.live.com
2014-04-22 11:55:18,login.live.com
2014-04-22 11:55:21,ssl.bing.com
2014-04-23 10:44:08,www.google.fr
2014-04-23 10:44:09,www.google.fr
2014-04-23 10:44:10,apis.google.com
2014-04-23 10:44:13,www.google.com
2014-04-23 10:44:17,www.google.fr
2014-04-23 10:44:22,www.google.fr
2014-04-23 10:44:33,apis.google.com
2014-04-23 10:44:33,www.google.com
2014-04-23 10:44:33,www.google.fr
2014-04-23 10:46:33,www.google.fr
2014-04-23 10:47:02,ieonline.microsoft.com
2014-04-23 10:53:09,www.google.fr
2014-04-23 10:53:18,www.google.fr
2014-04-23 10:53:32,apis.google.com
2014-04-23 10:53:33,www.youtube.com
2014-04-23 10:53:33,s.ytimg.com
2014-04-23 10:55:33,s.ytimg.com
2014-04-23 10:55:33,www.youtube.com
2014-04-23 10:55:33,apis.google.com
2014-04-23 10:56:50,login.live.com
2014-04-23 10:57:05,www.univ-bpclermont.fr
2014-04-23 10:57:08,www.univ-bpclermont.fr
2014-04-23 10:57:19,www.univ-bpclermont.fr
2014-04-23 10:57:33,www.univ-bpclermont.fr
2014-04-23 10:57:42,www.univ-bpclermont.fr
2014-04-23 11:05:21,www.google.fr
2014-04-23 11:05:38,enjalbert.users.greyc.fr
2014-04-23 11:05:40,enjalbert.users.greyc.fr
2014-04-23 11:05:55,enjalbert.users.greyc.fr
2014-04-23 11:06:56,www.google.fr
2014-04-23 11:08:29,www.univ-bpclermont.fr
2014-04-23 11:09:52,www.google.fr
2014-04-23 11:35:55,www.univ-bpclermont.fr
2014-04-23 11:37:42,www.univ-bpclermont.fr
2014-04-23 11:39:33,www.univ-bpclermont.fr
2014-04-23 11:49:27,www.univ-bpclermont.fr
2014-04-24 14:27:06,sci.sciences.univ-bpclermont.fr
2014-04-24 14:27:07,sci.sciences.univ-bpclermont.fr
2014-04-24 14:27:08,sci.sciences.univ-bpclermont.fr
2014-04-24 14:27:13,sci.sciences.univ-bpclermont.fr
2014-04-24 14:27:14,go.microsoft.com
2014-04-24 14:27:14,windows.microsoft.com
2014-04-24 14:27:14,res2.windows.microsoft.com
2014-04-24 14:27:14,res1.windows.microsoft.com
2014-04-24 14:27:14,ajax.microsoft.com
2014-04-24 14:27:14,js.microsoft.com
2014-04-24 14:27:15,res2.windows.microsoft.com
2014-04-24 14:27:15,res1.windows.microsoft.com
2014-04-24 14:27:15,windows.microsoft.com
2014-04-24 14:27:15,js.microsoft.com
2014-04-24 14:27:18,www.bing.com
2014-04-24 14:27:23,www.google.fr
2014-04-24 14:27:37,www.google.fr
2014-04-24 14:27:38,www.bing.com
2014-04-24 14:27:39,www.bing.com
2014-04-24 14:27:41,www.bing.com
2014-04-24 14:27:41,ent.univ-bpclermont.fr
2014-04-24 14:27:41,www.univ-bpclermont.fr
2014-04-24 14:27:55,www.univ-bpclermont.fr
2014-04-24 14:27:56,ent.univ-bpclermont.fr
2014-04-24 14:28:09,www.squid-cache.org
2014-04-24 14:28:30,ieonline.microsoft.com
2014-04-24 14:28:42,www.google.fr
2014-04-24 14:28:44,o2i.univ-bpclermont.fr
2014-04-24 14:28:44,c2i.univ-bpclermont.fr
2014-04-24 14:28:57,o2i.univ-bpclermont.fr
2014-04-24 14:29:09,o2i.univ-bpclermont.fr
2014-04-24 14:29:14,o2i.univ-bpclermont.fr
2014-04-24 14:29:33,o2i.univ-bpclermont.fr
2014-04-24 14:30:23,www.univ-bpclermont.fr
2014-04-24 14:30:37,ent.univ-bpclermont.fr
2014-04-24 14:30:38,ent.univ-bpclermont.fr
2014-04-24 14:30:38,www.univ-bpclermont.fr
2014-04-24 14:30:39,ent.univ-bpclermont.fr
2014-04-24 14:30:48,www.univ-bpclermont.fr
2014-04-24 14:30:48,ent.univ-bpclermont.fr
2014-04-24 14:30:50,claroline.univ-bpclermont.fr
2014-04-24 14:30:54,claroline.univ-bpclermont.fr
2014-04-24 14:31:04,ent.univ-bpclermont.fr
2014-04-24 14:31:04,claroline.univ-bpclermont.fr
2014-04-24 14:31:04,www.univ-bpclermont.fr
2014-04-24 14:31:05,claroline.univ-bpclermont.fr
2014-04-24 14:31:24,ent.univ-bpclermont.fr
2014-04-24 14:31:24,www.univ-bpclermont.fr
2014-04-24 14:31:25,claroline.univ-bpclermont.fr
2014-04-24 14:31:32,ent.univ-bpclermont.fr
2014-04-24 14:31:32,www.univ-bpclermont.fr
2014-04-24 14:31:33,ent.univ-bpclermont.fr
2014-04-24 14:31:33,www.univ-bpclermont.fr
2014-04-24 14:31:34,ent.univ-bpclermont.fr
2014-04-24 14:31:34,www.univ-bpclermont.fr
2014-04-24 14:31:35,javadl-esd.sun.com
2014-04-24 14:31:41,ent.univ-bpclermont.fr
2014-04-24 14:31:44,ent.univ-bpclermont.fr
2014-04-24 14:31:44,www.univ-bpclermont.fr
2014-04-24 14:31:58,www.univ-bpclermont.fr
2014-04-24 14:32:17,www.univ-bpclermont.fr
2014-04-24 14:32:17,ent.univ-bpclermont.fr
2014-04-24 14:32:17,claroline.univ-bpclermont.fr
2014-04-24 14:32:19,www.univ-bpclermont.fr
2014-04-24 14:32:19,ent.univ-bpclermont.fr
2014-04-24 14:32:20,claroline.univ-bpclermont.fr
2014-04-24 14:32:43,www.google.fr
2014-04-24 14:32:55,www.google.fr
2014-04-24 14:33:14,ent.univ-bpclermont.fr
2014-04-24 14:33:14,www.univ-bpclermont.fr
2014-04-24 14:33:14,www.google.fr
2014-04-24 14:33:15,claroline.univ-bpclermont.fr
2014-04-24 14:33:22,ent.univ-bpclermont.fr
2014-04-24 14:33:23,ent.univ-bpclermont.fr
2014-04-24 14:33:23,claroline.univ-bpclermont.fr
2014-04-24 14:33:23,www.univ-bpclermont.fr
2014-04-24 14:33:39,o2i.univ-bpclermont.fr
2014-04-24 14:33:43,o2i.univ-bpclermont.fr
2014-04-24 14:34:10,ent.univ-bpclermont.fr
2014-04-24 14:34:10,claroline.univ-bpclermont.fr
2014-04-24 14:34:10,www.univ-bpclermont.fr
2014-04-24 14:34:11,claroline.univ-bpclermont.fr
2014-04-24 14:34:16,ent.univ-bpclermont.fr
2014-04-24 14:34:16,edt.univ-bpclermont.fr
2014-04-24 14:34:16,www.univ-bpclermont.fr
2014-04-24 14:34:17,edt.univ-bpclermont.fr
2014-04-24 14:34:27,ent.univ-bpclermont.fr
2014-04-24 14:34:27,www.univ-bpclermont.fr
2014-04-24 14:34:27,reunions.univ-bpclermont.fr
2014-04-24 14:34:27,edt.univ-bpclermont.fr
2014-04-24 14:34:27,graal.univ-bpclermont.fr
2014-04-24 14:34:27,claroline.univ-bpclermont.fr
2014-04-24 14:34:28,filez.univ-bpclermont.fr
2014-04-24 14:34:28,dokudsi.univ-bpclermont.fr
2014-04-24 14:34:28,ent.univ-bpclermont.fr
2014-04-24 14:34:28,forums.univ-bpclermont.fr
2014-04-24 14:34:28,graal.univ-bpclermont.fr
2014-04-24 14:34:28,stages.univ-bpclermont.fr
2014-04-24 14:34:29,ent.univ-bpclermont.fr
2014-04-24 14:34:29,claroline.univ-bpclermont.fr
2014-04-24 14:34:36,www.google.fr
2014-04-24 14:34:58,www.google.fr
2014-04-24 14:34:58,ent.univ-bpclermont.fr
2014-04-24 14:34:59,www.univ-bpclermont.fr
2014-04-24 14:34:59,ent.univ-bpclermont.fr
2014-04-24 14:34:59,edt.univ-bpclermont.fr
2014-04-24 14:35:02,o2i.univ-bpclermont.fr
2014-04-24 14:35:05,o2i.univ-bpclermont.fr
2014-04-24 14:35:09,o2i.univ-bpclermont.fr
2014-04-24 14:35:12,o2i.univ-bpclermont.fr
2014-04-24 14:35:12,apis.google.com
2014-04-24 14:35:19,ent.univ-bpclermont.fr
2014-04-24 14:35:19,edt.univ-bpclermont.fr
2014-04-24 14:35:19,www.univ-bpclermont.fr
2014-04-24 14:35:20,claroline.univ-bpclermont.fr
2014-04-24 14:35:21,claroline.univ-bpclermont.fr
2014-04-24 14:35:24,www.univ-bpclermont.fr
2014-04-24 14:35:24,ent.univ-bpclermont.fr
2014-04-24 14:35:25,claroline.univ-bpclermont.fr
2014-04-24 14:35:29,o2i.univ-bpclermont.fr
2014-04-24 14:35:32,o2i.univ-bpclermont.fr
2014-04-24 14:35:34,o2i.univ-bpclermont.fr
2014-04-24 14:36:20,www.univ-bpclermont.fr
2014-04-24 14:36:20,ent.univ-bpclermont.fr
2014-04-24 14:36:21,ent.univ-bpclermont.fr
2014-04-24 14:36:21,claroline.univ-bpclermont.fr
2014-04-24 14:36:25,www.univ-bpclermont.fr
2014-04-24 14:36:25,ent.univ-bpclermont.fr
2014-04-24 14:36:26,claroline.univ-bpclermont.fr
2014-04-24 14:36:32,www.univ-bpclermont.fr
2014-04-24 14:36:32,ent.univ-bpclermont.fr
2014-04-24 14:36:33,claroline.univ-bpclermont.fr
2014-04-24 14:36:56,ent.univ-bpclermont.fr
2014-04-24 14:37:11,dokudsi.univ-bpclermont.fr
2014-04-24 14:37:11,forums.univ-bpclermont.fr
2014-04-24 14:37:11,filez.univ-bpclermont.fr
2014-04-24 14:37:11,www.univ-bpclermont.fr
2014-04-24 14:37:11,graal.univ-bpclermont.fr
2014-04-24 14:37:11,claroline.univ-bpclermont.fr
2014-04-24 14:37:11,edt.univ-bpclermont.fr
2014-04-24 14:37:11,stages.univ-bpclermont.fr
2014-04-24 14:37:11,reunions.univ-bpclermont.fr
2014-04-24 14:37:11,ent.univ-bpclermont.fr
2014-04-24 14:37:12,dokudsi.univ-bpclermont.fr
2014-04-24 14:37:12,claroline.univ-bpclermont.fr
2014-04-24 14:37:13,ent.univ-bpclermont.fr
2014-04-24 14:37:17,ent.univ-bpclermont.fr
2014-04-24 14:37:18,ent.univ-bpclermont.fr
2014-04-24 14:37:18,www.univ-bpclermont.fr
2014-04-24 14:37:20,www.univ-bpclermont.fr
2014-04-24 14:37:35,o2i.univ-bpclermont.fr
2014-04-24 14:37:38,o2i.univ-bpclermont.fr
2014-04-24 14:37:55,o2i.univ-bpclermont.fr
2014-04-24 14:38:01,o2i.univ-bpclermont.fr
2014-04-24 14:38:04,o2i.univ-bpclermont.fr
2014-04-24 14:38:06,o2i.univ-bpclermont.fr
2014-04-24 14:38:17,o2i.univ-bpclermont.fr
2014-04-24 14:38:23,o2i.univ-bpclermont.fr
2014-04-24 14:52:53,www.google.fr
2014-04-24 14:53:07,www.google.fr
2014-04-24 14:53:09,apis.google.com
2014-04-24 14:53:41,www.google.fr
2014-04-24 14:53:41,ent.univ-bpclermont.fr
2014-04-24 14:53:41,apis.google.com
2014-04-24 14:53:42,ent.univ-bpclermont.fr
2014-04-24 14:53:42,www.univ-bpclermont.fr
2014-04-24 14:53:54,www.google.com
2014-04-24 14:53:56,www.univ-bpclermont.fr
2014-04-24 14:53:56,ent.univ-bpclermont.fr
2014-04-24 14:54:00,www.univ-bpclermont.fr
2014-04-24 14:54:13,ent.univ-bpclermont.fr
2014-04-24 14:54:14,ent.univ-bpclermont.fr
2014-04-24 14:54:14,www.univ-bpclermont.fr
2014-04-24 14:54:15,ent.univ-bpclermont.fr
2014-04-24 14:54:17,ent.univ-bpclermont.fr
2014-04-24 14:54:18,claroline.univ-bpclermont.fr
2014-04-24 14:54:18,ent.univ-bpclermont.fr
2014-04-24 14:54:18,www.univ-bpclermont.fr
2014-04-24 14:54:19,claroline.univ-bpclermont.fr
2014-04-24 14:54:20,claroline.univ-bpclermont.fr
2014-04-24 14:54:22,ent.univ-bpclermont.fr
2014-04-24 14:54:22,www.univ-bpclermont.fr
2014-04-24 14:54:23,ent.univ-bpclermont.fr
2014-04-24 14:54:23,claroline.univ-bpclermont.fr
2014-04-24 15:11:32,o2i.univ-bpclermont.fr
2014-04-24 15:11:44,o2i.univ-bpclermont.fr
