timestamp,site
2014-02-20 15:35:04,player.vimeo.com
2014-02-20 16:07:21,windows.microsoft.com
2014-02-20 16:07:21,res2.windows.microsoft.com
2014-02-20 16:07:21,res1.windows.microsoft.com
2014-02-20 16:07:22,res1.windows.microsoft.com
2014-02-20 16:07:22,js.microsoft.com
2014-02-20 16:07:22,windows.microsoft.com
2014-02-20 16:07:29,www.bing.com
2014-02-20 16:07:30,www.bing.com
2014-02-20 16:07:31,www.bing.com
2014-02-20 16:07:32,www.bing.com
2014-02-20 16:07:32,www.cbs.dtu.dk
2014-02-20 16:07:32,cms.abmr.net
2014-02-20 16:07:33,www.cbs.dtu.dk
2014-02-20 16:07:44,login.live.com
2014-02-20 16:10:25,code.jquery.com
2014-02-20 16:10:25,www.cbs.dtu.dk
2014-02-20 16:10:26,www.cbs.dtu.dk
2014-02-20 16:10:57,www.cbs.dtu.dk
2014-02-20 16:13:53,www.cbs.dtu.dk
2014-02-20 16:14:05,www.cbs.dtu.dk
2014-02-20 16:14:55,www.bing.com
2014-02-20 16:15:02,www.cbs.dtu.dk
2014-02-20 16:15:15,www.cbs.dtu.dk
2014-02-20 16:16:16,www.bing.com
2014-02-20 16:16:18,www.bing.com
2014-02-20 16:16:18,www.cbs.dtu.dk
2014-02-20 16:16:37,www.cbs.dtu.dk
2014-02-20 16:16:39,www.cbs.dtu.dk
2014-02-20 16:19:22,www.cbs.dtu.dk
2014-02-20 16:19:22,www.bing.com
2014-02-20 16:19:49,www.cbs.dtu.dk
2014-02-20 16:19:53,www.cbs.dtu.dk
2014-02-20 16:41:40,www.bing.com
2014-02-20 16:41:41,www.bing.com
2014-02-20 16:41:41,www.ebi.ac.uk
2014-02-20 16:41:42,www.ebi.ac.uk
2014-02-20 16:41:43,www.ebi.ac.uk
2014-02-20 16:42:13,www.ebi.ac.uk
2014-02-20 16:42:16,www.ebi.ac.uk
2014-02-20 16:42:53,www.ebi.ac.uk
2014-02-20 16:42:54,www.ebi.ac.uk
2014-02-20 16:42:55,www.ebi.ac.uk
2014-02-20 16:42:56,www.ebi.ac.uk
2014-02-20 16:43:00,www.ebi.ac.uk
2014-02-20 16:43:03,www.ebi.ac.uk
2014-02-20 16:43:10,www.ebi.ac.uk
2014-02-20 16:43:11,www.ebi.ac.uk
2014-02-20 16:43:16,www.ebi.ac.uk
2014-02-20 16:43:18,www.ebi.ac.uk
2014-02-20 16:43:45,www.ebi.ac.uk
2014-02-20 16:43:46,www.ebi.ac.uk
2014-02-20 16:43:50,www.ebi.ac.uk
2014-02-20 16:43:57,www.ebi.ac.uk
2014-02-20 16:44:03,www.ebi.ac.uk
2014-02-20 16:44:04,www.ebi.ac.uk
2014-02-20 16:44:28,www.ebi.ac.uk
2014-02-20 16:44:29,www.ebi.ac.uk
2014-02-20 16:44:30,www.ebi.ac.uk
2014-02-20 16:44:31,www.ebi.ac.uk
2014-02-20 16:44:33,www.ebi.ac.uk
2014-02-20 16:44:34,www.ebi.ac.uk
2014-02-20 16:44:35,www.ebi.ac.uk
2014-02-20 16:45:50,www.bing.com
2014-02-20 16:45:52,www.bing.com
2014-02-20 16:46:00,www.bing.com
2014-02-20 16:46:03,login.live.com
2014-02-20 16:46:06,drive.google.com
2014-02-20 16:46:07,drive.google.com
2014-02-20 16:46:08,onlinestores.metaservices.microsoft.com
2014-02-20 16:46:09,go.microsoft.com
2014-02-20 16:46:09,www.google.com
2014-02-20 16:46:10,www.google.com
2014-02-20 16:46:10,apis.google.com
2014-02-20 16:46:10,drive.google.com
2014-02-20 16:46:11,www.ebi.ac.uk
2014-02-20 16:46:13,accounts.google.com
2014-02-20 16:46:36,accounts.google.com
2014-02-20 16:46:36,apis.google.com
2014-02-20 16:46:37,www.google.com
2014-02-20 16:46:37,www.google.fr
2014-02-20 16:46:37,drive.google.com
2014-02-20 16:46:42,accounts.youtube.com
2014-02-20 16:47:13,accounts.google.fr
2014-02-20 16:47:14,www.google.com
2014-02-20 16:47:15,accounts.google.com
2014-02-20 16:47:15,accounts.youtube.com
2014-02-20 16:47:16,accounts.google.fr
2014-02-20 16:47:16,drive.google.com
2014-02-20 16:47:16,apis.google.com
2014-02-20 16:47:21,0.drive.google.com
2014-02-20 16:47:22,drive.google.com
2014-02-20 16:47:23,www.ebi.ac.uk
2014-02-20 16:47:24,www.google.com
2014-02-20 16:47:24,docs.google.com
2014-02-20 16:47:25,docs.google.com
2014-02-20 16:47:25,plus.google.com
2014-02-20 16:47:25,drive.google.com
2014-02-20 16:47:26,docs.google.com
2014-02-20 16:48:18,gg.google.com
2014-02-20 16:49:21,www.ebi.ac.uk
2014-02-20 16:49:22,www.ebi.ac.uk
2014-02-20 16:49:22,platform.twitter.com
2014-02-20 16:51:17,www.ebi.ac.uk
2014-02-20 16:51:26,apis.google.com
2014-02-20 16:51:26,plus.google.com
2014-02-20 16:51:40,drive.google.com
2014-02-20 16:52:18,gg.google.com
2014-02-20 16:55:19,drive.google.com
2014-02-20 16:58:01,0.drive.google.com
2014-02-20 16:59:20,drive.google.com
2014-02-20 17:01:19,drive.google.com
2014-02-20 17:01:27,plus.google.com
2014-02-20 17:01:37,plus.google.com
2014-02-20 17:04:42,drive.google.com
2014-02-20 17:07:19,drive.google.com
2014-02-20 17:08:52,www.bing.com
2014-02-20 17:08:53,drive.google.com
2014-02-20 17:08:53,www.ebi.ac.uk
2014-02-20 17:08:53,www.bing.com
2014-02-20 17:08:58,www.ebi.ac.uk
2014-02-20 17:08:59,www.ebi.ac.uk
2014-02-20 17:09:03,www.ebi.ac.uk
2014-02-20 17:09:08,www.ebi.ac.uk
2014-02-20 17:09:09,www.ebi.ac.uk
2014-02-20 17:09:17,www.bing.com
2014-02-20 17:09:18,www.bing.com
2014-02-20 17:09:18,www.ebi.ac.uk
2014-02-20 17:09:27,www.ebi.ac.uk
2014-02-20 17:09:28,www.ebi.ac.uk
2014-02-20 17:09:29,www.ebi.ac.uk
2014-02-20 17:09:33,www.ebi.ac.uk
2014-02-20 17:09:35,www.ebi.ac.uk
2014-02-20 17:09:38,www.ebi.ac.uk
2014-02-20 17:09:46,www.ebi.ac.uk
2014-02-20 17:13:08,www.ebi.ac.uk
2014-02-20 17:16:24,0.drive.google.com
2014-02-20 17:22:14,www.bing.com
2014-02-20 17:22:16,mail.google.com
2014-02-20 17:22:16,www.bing.com
2014-02-20 17:22:18,mail.google.com
2014-02-20 17:22:23,mail.google.com
2014-02-20 17:22:25,www.bing.com
2014-02-20 17:22:29,login.live.com
2014-02-20 17:22:30,accounts.google.com
2014-02-20 17:22:33,mail.google.com
2014-02-20 17:22:38,accounts.google.com
2014-02-20 17:22:38,mail.google.com
2014-02-20 17:22:39,mail.google.com
2014-02-20 17:22:41,clients2.google.com
2014-02-20 17:22:41,mail.google.com
2014-02-20 17:22:42,mail.google.com
2014-02-20 17:22:42,clients2.google.com
2014-02-20 17:22:42,apis.google.com
2014-02-20 17:22:43,plus.google.com
2014-02-20 17:22:44,www.google.com
2014-02-20 17:22:45,accounts.google.com
2014-02-20 17:22:45,apis.google.com
2014-02-20 17:22:45,plus.google.com
2014-02-20 17:22:45,www.google.com
2014-02-20 17:22:45,mail.google.com
2014-02-20 17:22:45,talkgadget.google.com
2014-02-20 17:22:50,plus.google.com
2014-02-20 17:22:50,clients6.google.com
2014-02-20 17:22:50,mail.google.com
2014-02-20 17:22:52,accounts.google.com
2014-02-20 17:22:52,talkgadget.google.com
2014-02-20 17:22:53,apis.google.com
2014-02-20 17:22:53,clients6.google.com
2014-02-20 17:22:58,clients6.google.com
2014-02-20 17:22:59,clients6.google.com
2014-02-20 17:23:34,talkgadget.google.com
2014-02-20 17:23:34,clients6.google.com
2014-02-20 17:23:34,plus.google.com
2014-02-20 17:23:48,clients6.google.com
2014-02-20 17:23:53,mail.google.com
2014-02-20 17:24:28,apis.google.com
2014-02-20 17:24:32,apis.google.com
2014-02-20 17:24:32,clients6.google.com
2014-02-20 17:24:33,talkgadget.google.com
2014-02-20 17:24:33,clients6.google.com
2014-02-20 17:24:33,mail.google.com
2014-02-20 17:24:35,talkgadget.google.com
2014-02-20 17:26:40,www.bing.com
2014-02-20 17:26:41,www.bing.com
2014-02-20 17:26:42,www.bing.com
2014-02-20 17:26:42,mail.google.com
2014-02-20 17:26:51,www.bing.com
2014-02-20 17:26:54,login.live.com
2014-02-20 17:26:56,accounts.google.com
2014-02-20 17:26:59,mail.google.com
2014-02-20 17:27:04,accounts.google.com
2014-02-20 17:27:04,mail.google.com
2014-02-20 17:27:06,mail.google.com
2014-02-20 17:27:06,plus.google.com
2014-02-20 17:27:06,talkgadget.google.com
2014-02-20 17:27:06,clients2.google.com
2014-02-20 17:27:07,mail.google.com
2014-02-20 17:27:07,talkgadget.google.com
2014-02-20 17:27:08,mail.google.com
2014-02-20 17:27:09,ssl.bing.com
2014-02-20 17:27:10,apis.google.com
2014-02-20 17:27:10,clients2.google.com
2014-02-20 17:27:10,mail.google.com
2014-02-20 17:27:10,talkgadget.google.com
2014-02-20 17:27:11,www.google.com
2014-02-20 17:27:12,apis.google.com
2014-02-20 17:27:13,apis.google.com
2014-02-20 17:27:13,plus.google.com
2014-02-20 17:27:15,clients6.google.com
2014-02-20 17:27:16,www.google.fr
2014-02-20 17:27:16,mail.google.com
2014-02-20 17:27:16,accounts.youtube.com
2014-02-20 17:27:16,www.google.com
2014-02-20 17:27:16,accounts.google.fr
2014-02-20 17:27:16,plus.google.com
2014-02-20 17:27:17,www.google.fr
2014-02-20 17:27:17,accounts.google.com
2014-02-20 17:27:17,www.google.com
2014-02-20 17:27:17,talkgadget.google.com
2014-02-20 17:27:20,accounts.google.com
2014-02-20 17:27:20,accounts.google.fr
2014-02-20 17:27:20,accounts.youtube.com
2014-02-27 15:40:50,gtglobal-ocsp.geotrust.com
2014-02-27 15:40:50,ocsp.tcs.terena.org
2014-02-27 15:40:50,ocsp.usertrust.com
2014-02-27 15:40:50,clients1.google.com
2014-02-27 15:40:58,clients1.google.com
2014-02-27 15:41:21,clients1.google.com
2014-02-27 15:41:21,safebrowsing.clients.google.com
2014-02-27 15:41:21,safebrowsing-cache.google.com
2014-02-27 15:41:22,safebrowsing-cache.google.com
2014-02-27 15:41:41,gtssl-ocsp.geotrust.com
2014-02-27 15:43:46,sb-ssl.google.com
2014-02-27 15:54:37,clients1.google.com
2014-02-27 15:54:38,clients1.google.com
2014-02-27 15:54:38,gtglobal-ocsp.geotrust.com
2014-02-27 15:54:43,genes.mit.edu
2014-02-27 15:54:43,www.google.fr
2014-02-27 15:55:31,gtssl-ocsp.geotrust.com
2014-02-27 15:55:54,genes.mit.edu
2014-02-27 15:57:33,www.google.com
2014-02-27 15:57:33,apis.google.com
2014-02-27 15:57:35,www.google.fr
2014-02-27 15:59:21,safebrowsing.clients.google.com
2014-02-27 15:59:21,safebrowsing-cache.google.com
2014-02-27 16:00:27,ocsp.thawte.com
2014-02-27 16:02:17,sb-ssl.google.com
2014-02-27 16:02:27,ocsp.verisign.com
2014-02-27 16:04:27,ocsp.digicert.com
2014-02-27 16:15:50,www.google.fr
2014-02-27 16:15:52,img.ngfiles.com
2014-02-27 16:15:52,uimg.ngfiles.com
2014-02-27 16:15:52,js.ngfiles.com
2014-02-27 16:15:52,css.ngfiles.com
2014-02-27 16:15:52,picon.ngfiles.com
2014-02-27 16:15:52,www.newgrounds.com
2014-02-27 16:15:52,ajax.googleapis.com
2014-02-27 16:15:53,player.screenwavemedia.com
2014-02-27 16:15:53,www.newgrounds.com
2014-02-27 16:15:53,css.ngfiles.com
2014-02-27 16:15:53,img.ngfiles.com
2014-02-27 16:15:53,cssimg.ngfiles.com
2014-02-27 16:15:54,www.newgrounds.com
2014-02-27 16:15:54,player.screenwavemedia.com
2014-02-27 16:15:56,www.adobe.com
2014-02-27 16:16:11,www.google.fr
2014-02-27 16:16:12,www.ncbi.nlm.nih.gov
2014-02-27 16:18:42,www.ncbi.nlm.nih.gov
2014-02-27 16:18:43,www.ncbi.nlm.nih.gov
2014-02-27 16:19:00,www.google.com
2014-02-27 16:19:03,www.google.fr
2014-02-27 16:27:38,safebrowsing.clients.google.com
2014-02-27 16:27:38,safebrowsing-cache.google.com
2014-02-27 16:44:04,www.google.fr
2014-02-27 16:45:44,www.ncbi.nlm.nih.gov
2014-02-27 16:46:55,www.google.com
2014-02-27 16:46:58,www.google.fr
2014-02-27 16:51:57,www.google.fr
2014-02-27 16:51:57,www.ebi.ac.uk
2014-02-27 16:51:58,www.ebi.ac.uk
2014-02-27 16:52:28,www.ebi.ac.uk
2014-02-27 16:52:29,www.ebi.ac.uk
2014-02-27 16:53:40,www.ebi.ac.uk
2014-02-27 16:53:41,www.ebi.ac.uk
2014-02-27 16:53:42,www.ebi.ac.uk
2014-02-27 16:53:44,www.ebi.ac.uk
2014-02-27 16:53:45,www.ebi.ac.uk
2014-02-27 16:53:49,www.ebi.ac.uk
2014-02-27 16:53:50,www.ebi.ac.uk
2014-02-27 16:53:52,www.ebi.ac.uk
2014-02-27 16:53:53,www.ebi.ac.uk
2014-02-27 16:54:49,www.google.com
2014-02-27 16:54:53,www.google.fr
2014-02-27 16:55:16,www.ebi.ac.uk
2014-02-27 16:56:40,safebrowsing.clients.google.com
2014-02-27 16:56:40,safebrowsing-cache.google.com
2014-02-27 16:59:40,www.google.com
2014-02-27 16:59:41,www.google.com
2014-02-27 16:59:42,www.google.com
2014-02-27 16:59:43,clients1.google.com
2014-02-27 16:59:43,gtglobal-ocsp.geotrust.com
2014-02-27 16:59:45,www.google.fr
2014-02-27 16:59:45,www.ebi.ac.uk
2014-02-27 16:59:46,www.ebi.ac.uk
2014-02-27 17:00:08,www.ebi.ac.uk
2014-02-27 17:00:09,www.ebi.ac.uk
2014-02-27 17:00:10,www.ebi.ac.uk
2014-02-27 17:00:14,www.ebi.ac.uk
2014-02-27 17:00:15,www.google.fr
2014-02-27 17:00:16,www.ebi.ac.uk
2014-02-27 17:00:19,www.ebi.ac.uk
2014-02-27 17:00:20,www.ebi.ac.uk
2014-02-27 17:00:43,www.ebi.ac.uk
2014-02-27 17:00:45,www.ebi.ac.uk
2014-02-27 17:00:49,www.ebi.ac.uk
2014-02-27 17:00:51,www.ebi.ac.uk
2014-02-27 17:00:54,www.ebi.ac.uk
2014-02-27 17:00:55,www.ebi.ac.uk
2014-02-27 17:02:32,www.ebi.ac.uk
2014-02-27 17:03:09,www.google.com
2014-02-27 17:03:10,www.google.fr
2014-02-27 17:06:07,www.ebi.ac.uk
2014-02-27 17:06:09,www.ebi.ac.uk
2014-02-27 17:06:13,www.ebi.ac.uk
2014-02-27 17:09:47,mail.google.com
2014-02-27 17:09:47,clients1.google.com
2014-02-27 17:09:47,www.google.fr
2014-02-27 17:09:48,clients1.google.com
2014-02-27 17:09:51,clients1.google.com
2014-02-27 17:12:41,www.google.fr
2014-02-27 17:13:13,accounts.google.fr
2014-02-27 17:13:13,accounts.youtube.com
2014-02-27 17:13:16,mail.google.com
2014-02-27 17:13:16,www.google.com
2014-02-27 17:13:16,plus.google.com
2014-02-27 17:13:16,clients2.google.com
2014-02-27 17:13:16,apis.google.com
2014-02-27 17:13:16,talkgadget.google.com
2014-02-27 17:13:16,accounts.google.com
2014-02-27 17:13:16,clients6.google.com
2014-02-27 17:21:30,www.bing.com
2014-02-27 17:21:31,www.bing.com
2014-02-27 17:21:32,login.live.com
2014-02-27 17:21:32,www.bing.com
2014-02-27 17:21:32,mail.google.com
2014-02-27 17:21:33,www.bing.com
2014-02-27 17:21:33,cms.abmr.net
2014-02-27 17:21:41,www.bing.com
2014-02-27 17:21:45,mail.google.com
2014-02-27 17:21:47,accounts.google.com
2014-02-27 17:21:48,accounts.google.com
2014-02-27 17:21:57,accounts.youtube.com
2014-02-27 17:21:57,accounts.google.com
