timestamp,site
2014-01-16 09:03:56,go.microsoft.com
2014-01-16 09:03:57,www.iegallery.com
2014-01-16 09:03:58,www.iegallery.com
2014-01-16 09:03:59,www.iegallery.com
2014-01-16 09:04:01,www.bing.com
2014-01-16 09:05:09,ieonline.microsoft.com
2014-01-29 08:10:08,www.bing.com
2014-01-29 08:10:13,www.bing.com
2014-01-29 08:10:14,www.bing.com
2014-01-29 08:10:15,www.bing.com
2014-01-29 08:18:02,armmf.adobe.com
2014-01-29 08:18:04,armmf.adobe.com
2014-01-29 08:18:06,armmf.adobe.com
2014-01-29 08:18:08,armmf.adobe.com
2014-01-29 09:02:03,office14client.microsoft.com
2014-01-29 09:02:03,office.microsoft.com
2014-01-29 09:02:08,office.microsoft.com
2014-01-29 09:14:15,api.bing.com
2014-01-29 09:14:16,api.bing.com
2014-01-29 09:14:17,api.bing.com
2014-01-29 09:25:02,api.bing.com
2014-01-29 09:25:03,api.bing.com
2014-01-29 09:25:04,api.bing.com
2014-01-29 09:25:08,www.bing.com
2014-01-29 09:25:09,www.bing.com
2014-01-29 09:25:09,cms.abmr.net
2014-01-29 09:25:11,www.bing.com
2014-01-29 09:25:11,ssl.bing.com
2014-01-29 09:25:11,login.live.com
2014-01-29 09:25:15,www.bing.com
2014-01-29 09:25:17,ssl.bing.com
2014-01-29 09:25:17,www.jumping-bordeaux.com
2014-01-29 09:25:18,www.jumping-bordeaux.com
2014-01-29 09:25:19,www.jumping-bordeaux.com
2014-01-29 09:25:20,www.jumping-bordeaux.com
2014-01-29 09:25:21,www.jumping-bordeaux.com
2014-02-04 10:20:30,ieonline.microsoft.com
2014-02-04 10:35:38,www.google.fr
2014-02-04 10:35:51,www.google.fr
2014-02-04 10:35:52,apis.google.com
2014-02-04 10:35:54,www.google.com
2014-02-04 10:37:54,apis.google.com
2014-02-04 10:37:54,www.google.fr
2014-02-04 10:37:54,www.google.com
2014-02-04 10:45:24,www.bing.com
2014-02-04 10:45:25,cms.abmr.net
2014-02-04 10:45:25,www.bing.com
2014-02-04 10:45:26,login.live.com
2014-02-04 10:45:26,www.bing.com
2014-02-04 10:50:30,www.google.fr
2014-02-04 10:50:43,www.google.fr
2014-02-04 10:50:45,apis.google.com
2014-02-04 10:50:47,www.google.com
2014-02-04 10:50:51,apis.google.com
2014-02-04 10:50:51,www.google.com
2014-02-04 10:50:51,www.google.fr
2014-02-04 10:50:51,www.bing.com
2014-02-04 10:50:53,www.bing.com
2014-02-04 10:50:56,www.bing.com
2014-02-04 10:50:57,www.bing.com
2014-02-04 10:51:02,login.live.com
2014-02-04 10:51:04,www.bing.com
2014-02-04 10:51:05,ssl.bing.com
2014-02-04 10:51:06,www.bing.com
2014-02-04 10:51:06,login.live.com
2014-02-04 10:51:07,ssl.bing.com
2014-02-04 10:51:07,bracketchallenge.ncaa.com
2014-02-04 10:51:07,www.bing.com
2014-02-04 10:51:07,apis.google.com
2014-02-04 10:51:12,cdns.gigya.com
2014-02-04 10:51:13,bracketchallenge.ncaa.com
2014-02-04 10:51:13,cdns.gigya.com
2014-02-04 10:51:18,www.bing.com
2014-02-04 10:51:19,accounts.google.com
2014-02-04 10:51:20,www.bing.com
2014-02-04 10:51:21,static2.bleacherreport.net
2014-02-04 10:51:21,connect.facebook.net
2014-02-04 10:51:22,static.ak.facebook.com
2014-02-04 10:51:22,static2.bleacherreport.net
2014-02-04 10:51:22,accounts.google.com
2014-02-04 10:51:22,static.bleacherreport.net
2014-02-04 10:51:24,s-static.ak.facebook.com
2014-02-04 10:51:24,www.bing.com
2014-02-04 10:51:31,www.bing.com
2014-02-04 10:51:33,login.live.com
2014-02-04 10:51:33,www.bing.com
2014-02-04 10:51:33,games.espn.go.com
2014-02-04 10:51:33,broadband.espn.go.com
2014-02-04 10:51:34,assets.espn.go.com
2014-02-04 10:51:35,games-ak.espn.go.com
2014-02-04 10:51:35,login.live.com
2014-02-04 10:51:36,www.facebook.com
2014-02-04 10:51:36,log.go.com
2014-02-04 10:51:36,w88.go.com
2014-02-04 10:51:37,espn.go.com
2014-02-04 10:51:38,sports-ak.espn.go.com
2014-02-04 10:51:38,player.ooyala.com
2014-02-04 10:51:39,adm.fwmrm.net
2014-02-04 10:51:39,cdn-api.ooyala.com
2014-02-04 10:51:39,ak.c.ooyala.com
2014-02-04 10:51:39,opf.ooyala.com
2014-02-04 10:51:39,player.ooyala.com
2014-02-04 10:51:39,games.espn.go.com
2014-02-04 10:51:40,vod.espn.go.com
2014-02-04 10:51:41,l.ooyala.com
2014-02-04 10:51:43,www.bing.com
2014-02-04 10:51:44,www.bing.com
2014-02-04 10:51:45,sports-ak.espn.go.com
2014-02-04 10:51:46,www.google.com
2014-02-04 10:51:46,w88.go.com
2014-02-04 10:51:46,games.espn.go.com
2014-02-04 10:51:46,search.espn.go.com
2014-02-04 10:51:49,www.bing.com
2014-02-04 10:51:49,login.live.com
2014-02-04 10:51:51,login.live.com
2014-02-04 10:51:52,www.bing.com
2014-02-04 10:51:53,ssl.bing.com
2014-02-04 10:51:55,espnmediazone.com
2014-02-04 10:51:56,apis.google.com
2014-02-04 10:51:56,accounts.google.com
2014-02-04 10:51:56,platform.twitter.com
2014-02-04 10:51:56,eweb.espn.com
2014-02-04 10:51:56,www.facebook.com
2014-02-04 10:51:57,platform.twitter.com
2014-02-04 10:51:58,www.bing.com
2014-02-04 10:52:00,ssl.bing.com
2014-02-04 10:52:00,login.live.com
2014-02-04 10:52:00,apis.google.com
2014-02-04 10:52:00,www.bing.com
2014-02-04 10:52:03,www.bing.com
2014-02-04 10:52:04,twitter.com
2014-02-04 10:52:05,games.espn.go.com
2014-02-04 10:52:05,www.bing.com
2014-02-04 10:52:06,log.go.com
2014-02-04 10:52:06,w88.go.com
2014-02-04 10:52:06,www.facebook.com
2014-02-04 10:52:07,player.ooyala.com
2014-02-04 10:52:08,l.ooyala.com
2014-02-04 10:52:09,www.bing.com
2014-02-04 10:52:11,login.live.com
2014-02-04 10:52:11,www.bing.com
2014-02-04 10:52:16,games.espn.go.com
2014-02-04 10:52:17,ssl.bing.com
2014-02-04 10:52:17,log.go.com
2014-02-04 10:52:17,www.facebook.com
2014-02-04 10:52:18,w88.go.com
2014-02-04 10:52:18,player.ooyala.com
2014-02-04 10:52:19,l.ooyala.com
2014-02-04 10:52:20,l.ooyala.com
2014-02-04 10:52:24,games.espn.go.com
2014-02-04 10:52:24,livepassdl.conviva.com
2014-02-04 10:52:25,log.go.com
2014-02-04 10:52:25,www.facebook.com
2014-02-04 10:52:25,w88.go.com
2014-02-04 10:52:26,player.ooyala.com
2014-02-04 10:52:27,www.bing.com
2014-02-04 10:52:33,player.ooyala.com
2014-02-04 10:52:33,www.facebook.com
2014-02-04 10:52:33,w88.go.com
2014-02-04 10:52:33,log.go.com
2014-02-04 10:52:34,l.ooyala.com
2014-02-04 10:52:34,games.espn.go.com
2014-02-04 10:52:36,www.facebook.com
2014-02-04 10:52:36,log.go.com
2014-02-04 10:52:37,w88.go.com
2014-02-04 10:52:43,log.go.com
2014-02-04 10:52:43,player.ooyala.com
2014-02-04 10:52:43,www.facebook.com
2014-02-04 10:52:43,w88.go.com
2014-02-04 10:52:44,player.ooyala.com
2014-02-04 10:52:44,l.ooyala.com
2014-02-04 10:52:44,www.bing.com
2014-02-04 10:52:45,www.bing.com
2014-02-04 10:52:46,sports.cbsimg.net
2014-02-04 10:52:46,mayhem.cbssports.com
2014-02-04 10:52:46,dws.cbsimg.net
2014-02-04 10:52:46,cn.cbsimg.net
2014-02-04 10:52:47,sports.cbsimg.net
2014-02-04 10:52:47,dw.cbssports.com
2014-02-04 10:52:47,choices.truste.com
2014-02-04 10:52:47,dw.cbsi.com
2014-02-04 10:52:47,mayhem.cbssports.com
2014-02-04 10:52:47,i.i.cbsi.com
2014-02-04 10:52:49,www.bing.com
2014-02-04 10:52:50,login.live.com
2014-02-04 10:52:50,www.bing.com
2014-02-04 10:52:56,www.bing.com
2014-02-04 10:52:56,sports.cbsimg.net
2014-02-04 10:52:57,www.freebracketchallenge.1.mayhem.cbssports.com
2014-02-04 10:52:57,choices.truste.com
2014-02-04 10:52:57,sports.cbsimg.net
2014-02-04 10:52:57,dw.cbsi.com
2014-02-04 10:52:59,www.bing.com
2014-02-04 10:53:09,www.bing.com
2014-02-04 10:53:11,login.live.com
2014-02-04 10:53:12,www.bing.com
2014-02-04 10:53:13,www.bing.com
2014-02-04 10:53:14,ssl.bing.com
2014-02-04 10:53:15,login.live.com
2014-02-04 10:53:15,www.bing.com
2014-02-04 10:53:16,www.bing.com
2014-02-04 10:53:17,www.bing.com
2014-02-04 10:53:17,www.cbssports.com
2014-02-04 10:53:17,sports.cbsimg.net
2014-02-04 10:53:17,cbssports.com
2014-02-04 10:53:17,ssl.bing.com
2014-02-04 10:53:18,dw.cbsi.com
2014-02-04 10:53:18,hal9000.redintelligence.net
2014-02-04 10:53:18,sports.cbsimg.net
2014-02-04 10:53:18,choices.truste.com
2014-02-04 10:53:18,p.typekit.net
2014-02-04 10:53:19,hal9000.redintelligence.net
2014-02-04 10:53:19,api.cbssports.com
2014-02-04 10:53:19,um.simpli.fi
2014-02-04 10:53:19,www.cbssports.com
2014-02-04 10:53:19,banniere.reussissonsensemble.fr
2014-02-04 10:53:25,www.bing.com
2014-02-04 10:53:26,www.bing.com
2014-02-04 10:53:30,www.cbssports.com
2014-02-04 10:53:39,www.bing.com
2014-02-04 10:53:41,login.live.com
2014-02-04 10:53:42,www.bing.com
2014-02-04 10:53:45,www.bing.com
2014-02-04 10:53:46,sports.cbsimg.net
2014-02-04 10:53:46,ssl.bing.com
2014-02-04 10:53:46,www.bing.com
2014-02-04 10:53:46,www.cbssports.com
2014-02-04 10:53:47,platform.twitter.com
2014-02-04 10:53:47,dw.cbsi.com
2014-02-04 10:53:47,choices.truste.com
2014-02-04 10:53:47,p.typekit.net
2014-02-04 10:53:48,accounts.google.com
2014-02-04 10:53:48,apis.google.com
2014-02-04 10:53:48,platform.stumbleupon.com
2014-02-04 10:53:48,platform.twitter.com
2014-02-04 10:53:48,www.cbssports.com
2014-02-04 10:53:48,www.facebook.com
2014-02-04 10:53:50,a.nonstoppartner.net
2014-02-04 10:53:50,sports.cbsimg.net
2014-02-04 10:53:50,banniere.reussissonsensemble.fr
2014-02-04 10:53:50,ea.numericable.fr
2014-02-04 10:53:50,banner.nonstoppartner.net
2014-02-04 10:53:52,s-static.ak.facebook.com
2014-02-04 10:53:55,twitter.com
2014-02-04 10:53:57,www.facebook.com
2014-02-04 10:54:00,badge.stumbleupon.com
2014-02-04 10:54:00,platform.twitter.com
2014-02-04 10:54:18,www.cbssports.com
2014-02-04 10:54:25,twitter.com
2014-02-04 10:54:47,www.cbssports.com
2014-02-04 10:55:17,www.facebook.com
2014-02-04 10:55:17,s-static.ak.facebook.com
2014-02-04 10:55:18,www.cbssports.com
2014-02-04 10:55:48,www.cbssports.com
2014-02-04 10:56:17,www.cbssports.com
2014-02-04 10:56:48,www.cbssports.com
2014-02-04 10:57:18,www.cbssports.com
2014-02-04 10:57:48,www.cbssports.com
2014-02-04 10:58:18,www.cbssports.com
2014-02-04 10:58:48,www.cbssports.com
2014-02-04 10:59:18,www.cbssports.com
2014-02-04 10:59:48,www.cbssports.com
2014-02-04 11:00:18,www.cbssports.com
2014-02-04 11:01:18,www.cbssports.com
2014-02-04 11:01:48,www.cbssports.com
2014-02-04 11:02:18,www.cbssports.com
2014-02-04 11:02:47,www.cbssports.com
2014-02-04 11:03:11,gmail.com
2014-02-04 11:03:11,mail.google.com
2014-02-04 11:03:18,www.cbssports.com
2014-02-04 11:03:23,accounts.google.com
2014-02-04 11:03:25,mail.google.com
2014-02-04 11:03:25,accounts.google.com
2014-02-04 11:03:28,mail.google.com
2014-02-04 11:03:28,www.google.com
2014-02-04 11:03:30,apis.google.com
2014-02-04 11:03:47,www.google.com
2014-02-04 11:03:47,mail.google.com
2014-02-04 11:03:48,www.cbssports.com
2014-02-04 11:03:58,accounts.youtube.com
2014-02-04 11:03:59,accounts.google.fr
2014-02-04 11:03:59,apis.google.com
2014-02-04 11:04:01,accounts.google.fr
2014-02-04 11:04:01,accounts.google.com
2014-02-04 11:04:01,accounts.youtube.com
2014-02-04 11:04:02,plus.google.com
2014-02-04 11:04:02,www.google.com
2014-02-04 11:04:02,mail.google.com
2014-02-04 11:04:02,clients2.google.com
2014-02-04 11:04:02,apis.google.com
2014-02-04 11:04:07,mail.google.com
2014-02-04 11:04:07,chatenabled.mail.google.com
2014-02-04 11:04:13,clients2.google.com
2014-02-04 11:04:14,chatenabled.mail.google.com
2014-02-04 11:04:14,mail.google.com
2014-02-04 11:04:14,www.google.com
2014-02-04 11:04:14,apis.google.com
2014-02-04 11:04:14,plus.google.com
2014-02-04 11:04:15,mail.google.com
2014-02-04 11:04:15,plus.google.com
2014-02-04 11:04:18,www.cbssports.com
2014-02-04 11:04:19,plus.google.com
2014-02-04 11:04:19,mail.google.com
2014-02-04 11:04:20,mail.google.com
2014-02-04 11:04:20,gm1.ggpht.com
2014-02-04 11:04:22,plus.google.com
2014-02-04 11:04:22,gm1.ggpht.com
2014-02-04 11:04:22,mail.google.com
2014-02-04 11:04:22,clients6.google.com
2014-02-04 11:04:23,drive.google.com
2014-02-04 11:04:23,apis.google.com
2014-02-04 11:04:24,drive.google.com
2014-02-04 11:04:26,0.drive.google.com
2014-02-04 11:04:27,0.drive.google.com
2014-02-04 11:04:29,apis.google.com
2014-02-04 11:04:29,drive.google.com
2014-02-04 11:04:41,plus.google.com
2014-02-04 11:04:41,docs.google.com
2014-02-04 11:04:48,www.cbssports.com
2014-02-04 11:05:17,apis.google.com
2014-02-04 11:05:18,www.cbssports.com
2014-02-04 11:05:23,gm1.ggpht.com
2014-02-04 11:05:23,mail.google.com
2014-02-04 11:05:24,gg.google.com
2014-02-04 11:05:48,www.cbssports.com
2014-02-04 11:06:24,drive.google.com
2014-02-04 11:06:35,docs.google.com
2014-02-04 11:06:38,docs.google.com
2014-02-04 11:06:39,docs.google.com
2014-02-04 11:06:41,apis.google.com
2014-02-04 11:06:42,apis.google.com
2014-02-04 11:06:42,docs.google.com
2014-02-04 11:06:43,0.docs.google.com
2014-02-04 11:06:45,0.docs.google.com
2014-02-04 11:06:48,www.cbssports.com
2014-02-04 11:06:54,accounts.google.com
2014-02-04 11:06:57,clients6.google.com
2014-02-04 11:07:18,www.cbssports.com
2014-02-04 11:07:38,www.google.com
2014-02-04 11:07:38,plus.google.com
2014-02-04 11:07:38,apis.google.com
2014-02-04 11:07:40,www.google.com
2014-02-04 11:07:48,www.cbssports.com
2014-02-04 11:07:50,mail.google.com
2014-02-04 11:07:53,clients2.google.com
2014-02-04 11:07:54,plus.google.com
2014-02-04 11:07:55,www.google.com
2014-02-04 11:07:55,chatenabled.mail.google.com
2014-02-04 11:07:55,mail.google.com
2014-02-04 11:07:59,clients2.google.com
2014-02-04 11:07:59,chatenabled.mail.google.com
2014-02-04 11:07:59,apis.google.com
2014-02-04 11:08:04,mail.google.com
2014-02-04 11:08:12,docs.google.com
2014-02-04 11:08:15,clients2.google.com
2014-02-04 11:08:15,docs.google.com
2014-02-04 11:08:17,mail.google.com
2014-02-04 11:08:17,www.cbssports.com
2014-02-04 11:08:18,1.docs.google.com
2014-02-04 11:08:19,1.docs.google.com
2014-02-04 11:08:19,docs.google.com
2014-02-04 11:08:19,clients2.google.com
2014-02-04 11:08:24,drive.google.com
2014-02-04 11:08:26,1.talkgadget.google.com
2014-02-04 11:08:26,docs.google.com
2014-02-04 11:08:32,plus.google.com
2014-02-04 11:08:41,docs.google.com
2014-02-04 11:08:41,apis.google.com
2014-02-04 11:08:48,www.cbssports.com
2014-02-04 11:09:17,www.cbssports.com
2014-02-04 11:09:17,plus.google.com
2014-02-04 11:09:17,mail.google.com
2014-02-04 11:09:24,gg.google.com
2014-02-04 11:09:27,docs.google.com
2014-02-04 11:09:32,www.google.com
2014-02-04 11:09:48,www.cbssports.com
2014-02-04 11:10:18,www.cbssports.com
2014-02-04 11:10:46,docs.google.com
2014-02-04 11:10:48,www.cbssports.com
2014-02-04 11:10:54,accounts.google.com
2014-02-04 11:10:57,clients6.google.com
2014-02-04 11:10:57,apis.google.com
2014-02-04 11:11:18,www.cbssports.com
2014-02-04 11:11:40,www.google.com
2014-02-04 11:11:48,www.cbssports.com
2014-02-04 11:12:18,www.cbssports.com
2014-02-04 11:12:24,drive.google.com
2014-02-04 11:12:26,1.talkgadget.google.com
2014-02-04 11:12:27,1.talkgadget.google.com
2014-02-04 11:12:32,plus.google.com
2014-02-04 11:13:18,www.cbssports.com
2014-02-04 11:13:32,www.google.com
2014-02-04 11:13:48,www.cbssports.com
2014-02-04 11:14:48,www.cbssports.com
2014-02-04 11:15:18,www.cbssports.com
2014-02-04 11:16:26,www.cbssports.com
2014-02-04 11:17:18,www.cbssports.com
2014-02-04 11:17:48,www.cbssports.com
2014-02-04 11:18:18,www.cbssports.com
2014-02-04 11:18:24,drive.google.com
2014-02-04 11:18:42,plus.google.com
2014-02-04 11:18:48,www.cbssports.com
2014-02-04 11:18:52,plus.google.com
2014-02-04 11:19:48,www.cbssports.com
2014-02-04 11:20:18,www.cbssports.com
2014-02-04 11:20:48,www.cbssports.com
2014-02-04 11:21:18,www.cbssports.com
2014-02-04 11:22:18,www.cbssports.com
2014-02-04 11:22:24,drive.google.com
2014-02-04 11:22:30,docs.google.com
2014-02-04 11:23:18,www.cbssports.com
2014-02-04 11:23:48,www.cbssports.com
2014-02-04 11:24:18,www.cbssports.com
2014-02-04 11:24:48,www.cbssports.com
2014-02-04 11:25:18,www.cbssports.com
2014-02-04 11:26:18,www.cbssports.com
2014-02-04 11:26:24,drive.google.com
2014-02-04 11:26:48,www.cbssports.com
2014-02-04 11:27:18,www.cbssports.com
2014-02-04 11:27:30,docs.google.com
2014-02-04 11:27:35,0.drive.google.com
2014-02-04 11:27:38,docs.google.com
2014-02-04 11:28:32,docs.google.com
2014-02-04 11:28:32,1.docs.google.com
2014-02-04 11:31:39,docs.google.com
2014-02-04 11:40:21,www.google.com
2014-02-04 11:40:25,mail.google.com
2014-02-04 11:40:27,mail.google.com
2014-02-04 11:40:32,clients2.google.com
2014-02-04 11:40:33,plus.google.com
2014-02-04 11:40:33,docs.google.com
2014-02-04 11:40:34,mail.google.com
2014-02-04 11:40:34,chatenabled.mail.google.com
2014-02-04 11:40:35,accounts.google.com
2014-02-04 11:40:35,mail.google.com
2014-02-04 11:40:36,www.google.fr
2014-02-04 11:40:36,accounts.youtube.com
2014-02-04 11:40:36,mail.google.com
2014-02-04 11:40:36,clients2.google.com
2014-02-04 11:40:36,www.google.com
2014-02-04 11:40:36,plus.google.com
2014-02-04 11:40:36,chatenabled.mail.google.com
2014-02-04 11:40:36,accounts.google.fr
2014-02-04 11:40:36,0.docs.google.com
2014-02-04 11:40:37,www.google.fr
2014-02-04 11:40:37,www.google.com
2014-02-04 11:40:45,mail.google.com
2014-02-04 11:40:45,accounts.google.fr
2014-02-04 11:40:45,accounts.google.com
2014-02-04 11:40:45,accounts.youtube.com
2014-02-26 10:50:05,go.microsoft.com
2014-02-26 10:50:05,windows.microsoft.com
2014-02-26 10:50:05,res2.windows.microsoft.com
2014-02-26 10:50:05,ajax.microsoft.com
2014-02-26 10:50:05,js.microsoft.com
2014-02-26 10:50:05,res1.windows.microsoft.com
2014-02-26 10:50:06,res1.windows.microsoft.com
2014-02-26 10:50:06,res2.windows.microsoft.com
2014-02-26 10:50:06,js.microsoft.com
2014-02-26 10:50:06,windows.microsoft.com
2014-02-26 10:50:08,www.bing.com
2014-02-26 10:50:14,www.bing.com
2014-02-26 10:50:15,www.bing.com
2014-02-26 10:50:16,www.bing.com
2014-02-26 10:50:16,login.live.com
2014-02-26 10:50:16,cms.abmr.net
2014-02-26 10:51:27,player.vimeo.com
2014-02-26 10:51:44,www.gmail.com
2014-02-26 10:51:44,mail.google.com
2014-02-26 10:51:56,accounts.google.com
2014-02-26 10:51:59,accounts.youtube.com
2014-02-26 10:52:03,mail.google.com
2014-02-26 10:52:34,accounts.google.fr
2014-02-26 10:52:35,accounts.google.fr
2014-02-26 10:52:37,clients2.google.com
2014-02-26 10:52:37,mail.google.com
2014-02-26 10:52:37,accounts.google.fr
2014-02-26 10:52:37,accounts.youtube.com
2014-02-26 10:52:37,accounts.google.com
2014-02-26 10:52:38,plus.google.com
2014-02-26 10:52:38,clients2.google.com
2014-02-26 10:52:38,mail.google.com
2014-02-26 10:52:38,apis.google.com
2014-02-26 10:52:39,plus.google.com
2014-02-26 10:52:39,apis.google.com
2014-02-26 10:52:40,www.google.com
2014-02-26 10:52:43,mail.google.com
2014-02-26 10:52:43,chatenabled.mail.google.com
2014-02-26 10:52:48,accounts.google.com
2014-02-26 10:52:49,mail.google.com
2014-02-26 10:52:49,chatenabled.mail.google.com
2014-02-26 10:52:49,www.google.com
2014-02-26 10:52:50,plus.google.com
2014-02-26 10:52:50,apis.google.com
2014-02-26 10:52:52,mail.google.com
2014-02-26 10:53:01,ieonline.microsoft.com
2014-02-26 10:53:02,go.microsoft.com
2014-02-26 10:53:03,docs.google.com
2014-02-26 10:53:05,docs.google.com
2014-02-26 10:53:12,docs.google.com
2014-02-26 10:53:18,docs.google.com
2014-02-26 10:53:20,docs.google.com
2014-02-26 10:53:22,0.docs.google.com
2014-02-26 10:53:23,0.docs.google.com
2014-02-26 10:53:25,0.docs.google.com
2014-02-26 10:53:26,0.talkgadget.google.com
2014-02-26 10:53:27,apis.google.com
2014-02-26 10:53:27,0.talkgadget.google.com
2014-02-26 10:53:28,fpdownload2.macromedia.com
2014-02-26 10:53:28,plus.google.com
2014-02-26 10:54:28,apis.google.com
2014-02-26 10:54:28,0.talkgadget.google.com
2014-02-26 10:54:30,www.google.com
2014-02-26 10:56:16,plus.google.com
2014-02-26 10:56:19,mail.google.com
2014-02-26 10:56:26,drive.google.com
2014-02-26 10:56:27,plus.google.com
2014-02-26 10:56:27,drive.google.com
2014-02-26 10:56:27,www.google.com
2014-02-26 10:56:27,mail.google.com
2014-02-26 10:56:28,apis.google.com
2014-02-26 10:56:28,drive.google.com
2014-02-26 10:56:30,0.drive.google.com
2014-02-26 10:56:31,0.drive.google.com
2014-02-26 10:56:33,www.google.com
2014-02-26 10:56:33,drive.google.com
2014-02-26 10:56:33,plus.google.com
2014-02-26 10:56:33,docs.google.com
2014-02-26 10:56:34,docs.google.com
2014-02-26 10:56:34,drive.google.com
2014-02-26 10:56:40,docs.google.com
2014-02-26 10:56:45,docs.google.com
2014-02-26 10:56:47,docs.google.com
2014-02-26 10:56:49,docs.google.com
2014-02-26 10:56:50,www.google.com
2014-02-26 10:56:50,clients2.google.com
2014-02-26 10:56:50,apis.google.com
2014-02-26 10:56:51,1.docs.google.com
2014-02-26 10:56:53,1.docs.google.com
2014-02-26 10:57:03,accounts.google.com
2014-02-26 10:57:06,clients6.google.com
2014-02-26 10:57:27,0.talkgadget.google.com
2014-02-26 10:57:27,docs.google.com
2014-02-26 10:57:27,apis.google.com
2014-02-26 10:57:28,plus.google.com
2014-02-26 10:57:30,gg.google.com
2014-02-26 10:58:30,www.google.com
2014-02-26 10:58:47,docs.google.com
2014-02-26 11:00:35,docs.google.com
2014-02-26 11:00:48,drive.google.com
2014-02-26 11:00:49,docs.google.com
2014-02-26 11:00:51,www.google.com
2014-02-26 11:01:03,accounts.google.com
2014-02-26 11:01:06,apis.google.com
2014-02-26 11:01:06,clients6.google.com
2014-02-26 11:01:30,gg.google.com
2014-02-26 11:03:40,docs.google.com
2014-02-26 11:05:31,docs.google.com
2014-02-26 11:06:28,drive.google.com
2014-02-26 11:10:34,plus.google.com
2014-02-26 11:10:43,docs.google.com
2014-02-26 11:10:44,plus.google.com
2014-02-26 11:12:29,drive.google.com
2014-02-26 11:14:50,mail.google.com
2014-02-26 11:15:49,docs.google.com
2014-02-26 11:16:20,mail.google.com
2014-02-26 11:16:29,drive.google.com
2014-02-26 11:17:13,docs.google.com
2014-02-26 11:18:53,docs.google.com
2014-02-26 11:20:20,mail.google.com
2014-02-26 11:20:29,drive.google.com
2014-02-26 11:20:31,plus.google.com
2014-02-26 11:21:26,docs.google.com
2014-02-26 11:21:37,docs.google.com
2014-02-26 11:21:42,docs.google.com
2014-02-26 11:21:43,docs.google.com
2014-02-26 11:21:51,docs.google.com
2014-02-26 11:21:52,docs.google.com
2014-02-26 11:21:59,2.docs.google.com
2014-02-26 11:22:00,2.docs.google.com
2014-02-26 11:22:01,2.talkgadget.google.com
2014-02-26 11:22:01,docs.google.com
2014-02-26 11:22:02,plus.google.com
2014-02-26 11:22:27,docs.google.com
2014-02-26 11:22:27,0.docs.google.com
2014-02-26 11:22:35,docs.google.com
2014-02-26 11:23:05,www.google.com
2014-02-26 11:23:06,docs.google.com
2014-02-26 11:25:51,go.microsoft.com
2014-02-26 11:25:51,search.microsoft.com
2014-02-26 11:25:52,nexus.ensighten.com
2014-02-26 11:25:52,i.s-microsoft.com
2014-02-26 11:25:52,js.microsoft.com
2014-02-26 11:25:52,search.microsoft.com
2014-02-26 11:25:53,www.microsoft.com
2014-02-26 11:25:53,nexus.ensighten.com
2014-02-26 11:25:56,docs.google.com
2014-02-26 11:26:01,2.talkgadget.google.com
2014-02-26 11:26:02,2.talkgadget.google.com
2014-02-26 11:26:02,plus.google.com
2014-02-26 11:26:03,0.drive.google.com
2014-02-26 11:26:54,docs.google.com
2014-02-26 11:26:58,2.docs.google.com
2014-02-26 11:26:58,www.google.com
2014-02-26 11:26:58,docs.google.com
2014-02-26 11:28:29,drive.google.com
2014-02-26 11:36:49,docs.google.com
2014-02-26 11:40:22,mail.google.com
2014-02-26 11:40:31,plus.google.com
2014-02-26 11:41:16,mail.google.com
2014-02-26 11:41:18,www.google.com
2014-02-26 11:41:18,www.google.fr
2014-02-26 11:41:18,accounts.google.com
2014-02-26 11:41:33,1.docs.google.com
2014-02-26 11:41:44,docs.google.com
2014-02-26 11:41:58,accounts.youtube.com
2014-02-26 11:42:02,accounts.youtube.com
2014-02-26 11:42:02,accounts.google.fr
2014-02-26 11:42:05,www.google.com
2014-02-26 11:42:06,accounts.google.com
2014-02-26 11:42:06,accounts.google.fr
2014-02-26 11:42:06,clients2.google.com
2014-02-26 11:42:08,3.docs.google.com
2014-02-26 11:42:10,docs.google.com
2014-02-26 11:42:10,3.docs.google.com
2014-02-26 11:42:17,docs.google.com
2014-02-26 11:42:18,accounts.youtube.com
2014-02-26 11:42:18,www.google.com
2014-02-26 11:42:18,docs.google.com
2014-02-26 11:42:18,clients6.google.com
2014-02-26 11:42:18,apis.google.com
2014-02-26 11:42:18,mail.google.com
2014-02-26 11:42:18,accounts.google.fr
2014-02-26 11:42:18,3.docs.google.com
2014-03-19 10:04:28,www.bing.com
2014-03-19 10:04:29,www.bing.com
2014-03-19 10:04:30,www.bing.com
2014-03-19 10:04:30,cms.abmr.net
2014-03-19 10:04:30,login.live.com
2014-03-19 10:06:08,gmail.com
2014-03-19 10:06:09,mail.google.com
2014-03-19 10:06:24,accounts.google.com
2014-03-19 10:06:27,accounts.youtube.com
2014-03-19 10:06:32,mail.google.com
2014-03-19 10:06:52,accounts.google.fr
2014-03-19 10:06:56,accounts.google.com
2014-03-19 10:06:56,clients2.google.com
2014-03-19 10:06:56,mail.google.com
2014-03-19 10:06:56,accounts.google.fr
2014-03-19 10:06:56,accounts.youtube.com
2014-03-19 10:06:59,mail.google.com
2014-03-19 10:06:59,www.google.com
2014-03-19 10:06:59,clients2.google.com
2014-03-19 10:07:01,apis.google.com
2014-03-19 10:07:02,plus.google.com
2014-03-19 10:07:02,mail.google.com
2014-03-19 10:07:02,www.google.com
2014-03-19 10:07:03,apis.google.com
2014-03-19 10:07:03,plus.google.com
2014-03-19 10:07:03,accounts.google.com
2014-03-19 10:07:08,chatenabled.mail.google.com
2014-03-19 10:07:08,mail.google.com
2014-03-19 10:07:15,mail.google.com
2014-03-19 10:07:25,plus.google.com
2014-03-19 10:07:25,mail.google.com
2014-03-19 10:07:26,ieonline.microsoft.com
2014-03-19 10:07:35,drive.google.com
2014-03-19 10:07:36,drive.google.com
2014-03-19 10:07:36,apis.google.com
2014-03-19 10:07:37,drive.google.com
2014-03-19 10:07:39,0.drive.google.com
2014-03-19 10:07:40,0.drive.google.com
2014-03-19 10:07:42,drive.google.com
2014-03-19 10:07:42,apis.google.com
2014-03-19 10:07:53,plus.google.com
2014-03-19 10:07:53,docs.google.com
2014-03-19 10:08:10,plus.google.com
2014-03-19 10:08:10,chatenabled.mail.google.com
2014-03-19 10:08:11,mail.google.com
2014-03-19 10:08:21,mail.google.com
2014-03-19 10:08:21,www.google.fr
2014-03-19 10:08:30,www.google.fr
2014-03-19 10:08:36,gg.google.com
2014-03-19 10:09:25,mail.google.com
2014-03-19 10:09:25,www.google.com
2014-03-19 10:10:06,www.google.fr
2014-03-19 10:10:21,www.google.fr
2014-03-19 10:10:22,www.google.fr
2014-03-19 10:10:27,www.google.com
2014-03-19 10:10:39,www.google.com
2014-03-19 10:10:39,www.google.fr
2014-03-19 10:10:39,translate.google.com
2014-03-19 10:10:40,plus.google.com
2014-03-19 10:10:40,translate.google.com
2014-03-19 10:10:40,fpdownload2.macromedia.com
2014-03-19 10:10:41,translate.google.com
2014-03-19 10:10:41,www.google.com
2014-03-19 10:10:42,www.google.com
2014-03-19 10:10:43,translate.google.com
2014-03-19 10:10:44,plus.google.com
2014-03-19 10:10:47,translate.google.com
2014-03-19 10:10:51,translate.google.com
2014-03-19 10:10:52,translate.google.com
2014-03-19 10:10:53,translate.google.com
2014-03-19 10:10:54,translate.google.com
2014-03-19 10:10:56,translate.google.com
2014-03-19 10:10:58,translate.google.com
2014-03-19 10:11:00,translate.google.com
2014-03-19 10:11:01,translate.google.com
2014-03-19 10:11:04,translate.google.com
2014-03-19 10:11:07,translate.google.com
2014-03-19 10:11:10,translate.google.com
2014-03-19 10:11:11,translate.google.com
2014-03-19 10:11:16,translate.google.com
2014-03-19 10:11:54,plus.google.com
2014-03-19 10:11:54,docs.google.com
2014-03-19 10:11:57,drive.google.com
2014-03-19 10:12:36,gg.google.com
2014-03-19 10:13:16,plus.google.com
2014-03-19 10:13:16,www.google.fr
2014-03-19 10:16:49,translate.google.com
2014-03-19 10:16:51,translate.google.com
2014-03-19 10:16:52,translate.google.com
2014-03-19 10:16:58,translate.google.com
2014-03-19 10:17:36,drive.google.com
2014-03-19 10:21:44,docs.google.com
2014-03-19 10:21:47,docs.google.com
2014-03-19 10:21:50,docs.google.com
2014-03-19 10:21:50,www.google.com
2014-03-19 10:21:51,docs.google.com
2014-03-19 10:21:52,0.docs.google.com
2014-03-19 10:21:53,docs.google.com
2014-03-19 10:21:54,docs.google.com
2014-03-19 10:21:54,plus.google.com
2014-03-19 10:21:58,0.docs.google.com
2014-03-19 10:22:01,www.google.com
2014-03-19 10:22:02,apis.google.com
2014-03-19 10:22:03,apis.google.com
2014-03-19 10:22:04,plus.google.com
2014-03-19 10:22:25,www.google.com
2014-03-19 10:22:26,www.google.com
2014-03-19 10:22:36,mail.google.com
2014-03-19 10:22:40,plus.google.com
2014-03-19 10:22:40,www.google.com
2014-03-19 10:22:40,clients2.google.com
2014-03-19 10:22:41,apis.google.com
2014-03-19 10:22:41,chatenabled.mail.google.com
2014-03-19 10:22:42,mail.google.com
2014-03-19 10:22:48,clients2.google.com
2014-03-19 10:22:48,www.google.com
2014-03-19 10:22:54,chatenabled.mail.google.com
2014-03-19 10:22:59,docs.google.com
2014-03-19 10:23:01,plus.google.com
2014-03-19 10:23:02,clients2.google.com
2014-03-19 10:23:05,1.docs.google.com
2014-03-19 10:23:06,1.docs.google.com
2014-03-19 10:23:06,docs.google.com
2014-03-19 10:23:06,1.talkgadget.google.com
2014-03-19 10:23:07,clients2.google.com
2014-03-19 10:23:07,docs.google.com
2014-03-19 10:23:07,apis.google.com
2014-03-19 10:23:13,docs.google.com
2014-03-19 10:23:36,drive.google.com
2014-03-19 10:23:38,docs.google.com
2014-03-19 10:24:02,docs.google.com
2014-03-19 10:24:08,docs.google.com
2014-03-19 10:24:08,1.talkgadget.google.com
2014-03-19 10:24:17,mail.google.com
2014-03-19 10:24:39,apis.google.com
2014-03-19 10:25:03,mail.google.com
2014-03-19 10:26:03,apis.google.com
2014-03-19 10:26:19,docs.google.com
2014-03-19 10:26:21,1.talkgadget.google.com
2014-03-19 10:26:21,apis.google.com
2014-03-19 10:26:22,docs.google.com
2014-03-19 10:26:22,1.docs.google.com
2014-03-19 10:26:27,www.google.com
2014-03-19 10:26:29,mail.google.com
2014-03-19 10:26:53,mail.google.com
2014-03-19 10:27:08,1.talkgadget.google.com
2014-03-19 10:27:09,plus.google.com
2014-03-19 10:27:28,www.google.com
2014-03-19 10:27:31,mail.google.com
2014-03-19 10:27:31,apis.google.com
2014-03-19 10:27:31,plus.google.com
2014-03-19 10:27:37,drive.google.com
2014-03-19 10:28:04,www.google.fr
2014-03-19 10:28:18,www.google.fr
2014-03-19 10:28:36,plus.google.com
2014-03-19 10:28:39,www.google.fr
2014-03-19 10:28:40,www.letudiant.fr
2014-03-19 10:28:40,www.google.fr
2014-03-19 10:28:40,plus.google.com
2014-03-19 10:28:41,www.letudiant.fr
2014-03-19 10:28:42,platform.linkedin.com
2014-03-19 10:28:42,www.letudiant.fr
2014-03-19 10:28:43,www.letudiant.fr
2014-03-19 10:28:43,platform.linkedin.com
2014-03-19 10:28:43,letudiant.disqus.com
2014-03-19 10:28:43,www.coveritlive.com
2014-03-19 10:28:43,go.disqus.com
2014-03-19 10:28:43,cdnsl.coveritlive.com
2014-03-19 10:28:43,cdnns.coveritlive.com
2014-03-19 10:28:44,disqus.com
2014-03-19 10:28:44,cdnsl.coveritlive.com
2014-03-19 10:28:44,www.coveritlive.com
2014-03-19 10:28:44,cdns3.coveritlive.com
2014-03-19 10:28:44,s-static.ak.facebook.com
2014-03-19 10:28:44,static.ak.facebook.com
2014-03-19 10:28:44,connect.facebook.net
2014-03-19 10:28:45,disqus.com
2014-03-19 10:28:46,connect.facebook.net
2014-03-19 10:28:46,www.letudiant.fr
2014-03-19 10:28:46,apis.google.com
2014-03-19 10:28:46,www.coveritlive.com
2014-03-19 10:28:46,cdnsl.coveritlive.com
2014-03-19 10:28:46,platform.twitter.com
2014-03-19 10:28:47,disqus.com
2014-03-19 10:28:47,www.facebook.com
2014-03-19 10:28:47,platform.twitter.com
2014-03-19 10:28:47,www.letudiant.fr
2014-03-19 10:28:47,ajax.coveritlive.com
2014-03-19 10:28:47,cdnns.coveritlive.com
2014-03-19 10:28:47,www.coveritlive.com
2014-03-19 10:28:47,cdnsl.coveritlive.com
2014-03-19 10:28:48,disqus.com
2014-03-19 10:28:48,ajax.coveritlive.com
2014-03-19 10:28:57,twitter.com
2014-03-19 10:28:58,ajax.coveritlive.com
2014-03-19 10:28:58,twitter.com
2014-03-19 10:28:59,apis.google.com
2014-03-19 10:29:01,www.facebook.com
2014-03-19 10:29:01,twitter.com
2014-03-19 10:29:01,apis.google.com
2014-03-19 10:29:01,platform.twitter.com
2014-03-19 10:29:02,www.letudiant.fr
2014-03-19 10:29:03,www.facebook.com
2014-03-19 10:29:03,apis.google.com
2014-03-19 10:29:05,www.linkedin.com
2014-03-19 10:29:08,go.disqus.com
2014-03-19 10:29:08,www.coveritlive.com
2014-03-19 10:29:08,platform.linkedin.com
2014-03-19 10:29:08,www.letudiant.fr
2014-03-19 10:29:10,cdns3.coveritlive.com
2014-03-19 10:29:10,www.linkedin.com
2014-03-19 10:29:11,www.letudiant.fr
2014-03-19 10:29:11,platform.linkedin.com
2014-03-19 10:29:11,www.coveritlive.com
2014-03-19 10:29:11,go.disqus.com
2014-03-19 10:29:12,www.linkedin.com
2014-03-19 10:29:27,clients1.google.fr
2014-03-19 10:29:27,apis.google.com
2014-03-19 10:29:27,platform.twitter.com
2014-03-19 10:29:27,www.google.fr
2014-03-19 10:29:27,plus.google.com
2014-03-19 10:30:37,www.google.fr
2014-03-19 10:30:37,plus.google.com
2014-03-19 10:30:48,docs.google.com
2014-03-19 10:30:50,www.google.fr
2014-03-19 10:31:02,www.google.fr
2014-03-19 10:31:20,plus.google.com
2014-03-19 10:31:44,www.google.fr
2014-03-19 10:33:45,plus.google.com
2014-03-19 10:33:45,www.google.fr
2014-03-19 10:34:57,www.google.fr
2014-03-19 10:35:11,www.google.fr
2014-03-19 10:35:31,plus.google.com
2014-03-19 10:35:31,www.google.fr
2014-03-19 10:35:31,translate.google.com
2014-03-19 10:35:32,inputtools.google.com
2014-03-19 10:35:32,translate.google.com
2014-03-19 10:35:37,drive.google.com
2014-03-19 10:35:40,www.google.fr
2014-03-19 10:35:40,translate.google.com
2014-03-19 10:35:41,translate.google.com
2014-03-19 10:35:46,translate.google.com
2014-03-19 10:36:00,translate.google.com
2014-03-19 10:36:02,translate.google.com
2014-03-19 10:36:06,translate.google.com
2014-03-19 10:36:07,translate.google.com
2014-03-19 10:36:12,translate.google.com
2014-03-19 10:36:14,translate.google.com
2014-03-19 10:36:17,translate.google.com
2014-03-19 10:36:20,translate.google.com
2014-03-19 10:36:21,translate.google.com
2014-03-19 10:36:24,translate.google.com
2014-03-19 10:36:25,translate.google.com
2014-03-19 10:36:29,translate.google.com
2014-03-19 10:37:13,plus.google.com
2014-03-19 10:37:13,translate.google.com
2014-03-19 10:37:13,inputtools.google.com
2014-03-19 10:37:13,www.google.fr
2014-03-19 10:37:14,translate.google.com
2014-03-19 10:37:19,translate.google.com
2014-03-19 10:37:20,translate.google.com
2014-03-19 10:37:21,translate.google.com
2014-03-19 10:37:26,translate.google.com
2014-03-19 10:38:35,translate.google.com
2014-03-19 10:38:36,translate.google.com
2014-03-19 10:38:37,translate.google.com
2014-03-19 10:38:42,translate.google.com
2014-03-19 10:39:37,drive.google.com
2014-03-19 10:39:42,translate.google.com
2014-03-19 10:39:43,translate.google.com
2014-03-19 10:39:48,translate.google.com
2014-03-19 10:40:38,translate.google.com
2014-03-19 10:40:39,www.google.fr
2014-03-19 10:40:41,translate.google.com
2014-03-19 10:40:43,translate.google.com
2014-03-19 10:41:12,translate.google.com
2014-03-19 10:41:13,translate.google.com
2014-03-19 10:41:14,translate.google.com
2014-03-19 10:41:15,translate.google.com
2014-03-19 10:41:20,translate.google.com
2014-03-19 10:42:05,plus.google.com
2014-03-19 10:42:14,translate.google.com
2014-03-19 10:42:16,translate.google.com
2014-03-19 10:42:17,translate.google.com
2014-03-19 10:42:18,translate.google.com
2014-03-19 10:42:19,translate.google.com
2014-03-19 10:42:24,translate.google.com
2014-03-19 10:42:35,translate.google.com
2014-03-19 10:42:36,translate.google.com
2014-03-19 10:42:37,translate.google.com
2014-03-19 10:42:42,translate.google.com
2014-03-19 10:43:36,drive.google.com
2014-03-19 10:43:40,plus.google.com
2014-03-19 10:43:48,docs.google.com
2014-03-19 10:44:38,translate.google.com
2014-03-19 10:44:38,inputtools.google.com
2014-03-19 10:44:40,translate.google.com
2014-03-19 10:44:42,translate.google.com
2014-03-19 10:44:44,translate.google.com
2014-03-19 10:44:47,translate.google.com
2014-03-19 10:44:49,translate.google.com
2014-03-19 10:45:04,translate.google.com
2014-03-19 10:45:07,translate.google.com
2014-03-19 10:45:08,translate.google.com
2014-03-19 10:45:13,translate.google.com
2014-03-19 10:45:36,drive.google.com
2014-03-19 10:47:55,plus.google.com
2014-03-19 10:48:45,docs.google.com
2014-03-19 10:49:36,drive.google.com
2014-03-19 10:51:42,translate.google.com
2014-03-19 10:51:47,translate.google.com
2014-03-19 10:53:05,translate.google.com
2014-03-19 10:53:06,translate.google.com
2014-03-19 10:53:07,translate.google.com
2014-03-19 10:53:11,translate.google.com
2014-03-19 10:55:35,docs.google.com
2014-03-19 10:55:37,drive.google.com
2014-03-19 10:57:54,translate.google.com
2014-03-19 10:57:55,translate.google.com
2014-03-19 10:58:00,translate.google.com
2014-03-19 11:02:05,plus.google.com
2014-03-19 11:03:31,plus.google.com
2014-03-19 11:03:35,docs.google.com
2014-03-19 11:03:37,drive.google.com
2014-03-19 11:07:48,plus.google.com
2014-03-19 11:08:37,0.drive.google.com
2014-03-19 11:15:16,docs.google.com
2014-03-19 11:15:37,drive.google.com
2014-03-19 11:18:17,translate.google.com
2014-03-19 11:18:18,translate.google.com
2014-03-19 11:18:23,translate.google.com
2014-03-19 11:20:00,translate.google.com
2014-03-19 11:20:02,translate.google.com
2014-03-19 11:20:03,translate.google.com
2014-03-19 11:20:08,translate.google.com
2014-03-19 11:21:50,www.google.fr
2014-03-19 11:22:05,plus.google.com
2014-03-19 11:22:28,www.google.fr
2014-03-19 11:22:29,www.google.fr
2014-03-19 11:22:29,www.timeshighereducation.co.uk
2014-03-19 11:22:29,connect.facebook.net
2014-03-19 11:22:29,plus.google.com
2014-03-19 11:22:30,s-static.ak.facebook.com
2014-03-19 11:22:30,static.ak.facebook.com
2014-03-19 11:22:41,apis.google.com
2014-03-19 11:22:42,www.facebook.com
2014-03-19 11:22:42,apis.google.com
2014-03-19 11:22:42,static.ak.facebook.com
2014-03-19 11:22:42,www.timeshighereducation.co.uk
2014-03-19 11:22:44,s-static.ak.facebook.com
2014-03-19 11:22:44,pbs.twimg.com
2014-03-19 11:22:44,www.timeshighereducation.co.uk
2014-03-19 11:22:47,www.timeshighereducation.co.uk
2014-03-19 11:22:57,twitter.com
2014-03-19 11:23:27,twitter.com
2014-03-19 11:23:41,0.docs.google.com
2014-03-19 11:23:49,www.timeshighereducation.co.uk
2014-03-19 11:23:49,apis.google.com
2014-03-19 11:23:49,platform.twitter.com
2014-03-19 11:23:50,s-static.ak.facebook.com
2014-03-19 11:23:50,www.facebook.com
2014-03-19 11:23:50,static.ak.facebook.com
2014-03-19 11:23:51,apis.google.com
2014-03-19 11:23:51,s-static.ak.facebook.com
2014-03-19 11:23:51,maps.google.co.uk
2014-03-19 11:23:51,static.ak.facebook.com
2014-03-19 11:23:51,www.timeshighereducation.co.uk
2014-03-19 11:23:51,www.facebook.com
2014-03-19 11:23:52,maps.google.co.uk
2014-03-19 11:23:52,www.uow.edu.au
2014-03-19 11:23:54,www.google.com
2014-03-19 11:23:54,accounts.google.com
2014-03-19 11:23:56,www.google.fr
2014-03-19 11:23:56,twitter.com
2014-03-19 11:23:56,apis.google.com
2014-03-19 11:23:57,maps.googleapis.com
2014-03-19 11:23:58,www.google.fr
2014-03-19 11:23:58,www.google.com
2014-03-19 11:23:58,mts1.google.com
2014-03-19 11:23:58,accounts.google.com
2014-03-19 11:23:58,www.timeshighereducation.co.uk
2014-03-19 11:23:58,maps.googleapis.com
2014-03-19 11:23:58,mts0.google.com
2014-03-19 11:23:59,khms0.google.com
2014-03-19 11:23:59,mts0.google.com
2014-03-19 11:23:59,mts1.google.com
2014-03-19 11:24:06,khms0.google.com
2014-03-19 11:24:06,mts1.google.com
2014-03-19 11:24:19,www.google.fr
2014-03-19 11:24:19,mts0.google.com
2014-03-19 11:24:19,mts1.google.com
2014-03-19 11:24:19,maps.googleapis.com
2014-03-19 11:24:20,www.ucla.edu
2014-03-19 11:24:20,plus.google.com
2014-03-19 11:24:20,maps.googleapis.com
2014-03-19 11:24:20,www.google.fr
2014-03-19 11:24:21,www.ucla.edu
2014-03-19 11:24:21,happenings.ucla.edu
2014-03-19 11:24:22,ajax.googleapis.com
2014-03-19 11:24:22,happenings.ucla.edu
2014-03-19 11:24:22,www.ucla.edu
2014-03-19 11:24:23,ajax.googleapis.com
2014-03-19 11:24:23,www.ucla.edu
2014-03-19 11:24:24,www.ucla.edu
2014-03-19 11:24:37,www.google.fr
2014-03-19 11:24:37,meta.wikimedia.org
2014-03-19 11:24:37,login.wikimedia.org
2014-03-19 11:24:37,fr.wikipedia.org
2014-03-19 11:24:37,bits.wikimedia.org
2014-03-19 11:24:38,bits.wikimedia.org
2014-03-19 11:24:38,fr.wikipedia.org
2014-03-19 11:24:38,meta.wikimedia.org
2014-03-19 11:25:40,mts0.google.com
2014-03-19 11:25:40,mts1.google.com
2014-03-19 11:25:40,maps.google.co.uk
2014-03-19 11:25:40,www.google.com
2014-03-19 11:25:41,mts1.google.com
2014-03-19 11:25:41,mts0.google.com
2014-03-19 11:25:41,www.facebook.com
2014-03-19 11:25:44,www.timeshighereducation.co.uk
2014-03-19 11:25:44,www.google.com
2014-03-19 11:25:44,s-static.ak.facebook.com
2014-03-19 11:25:44,mts0.google.com
2014-03-19 11:25:44,static.ak.facebook.com
2014-03-19 11:25:44,www.facebook.com
2014-03-19 11:25:45,www.timeshighereducation.co.uk
2014-03-19 11:25:45,www.facebook.com
2014-03-19 11:25:45,static.ak.facebook.com
2014-03-19 11:25:45,maps.googleapis.com
2014-03-19 11:25:45,s-static.ak.facebook.com
2014-03-19 11:25:48,docs.google.com
2014-03-19 11:25:55,apis.google.com
2014-03-19 11:25:55,maps.googleapis.com
2014-03-19 11:25:55,www.timeshighereducation.co.uk
2014-03-19 11:25:55,twitter.com
2014-03-19 11:25:56,www.facebook.com
2014-03-19 11:25:56,static.ak.facebook.com
2014-03-19 11:25:56,maps.google.co.uk
2014-03-19 11:25:56,s-static.ak.facebook.com
2014-03-19 11:25:56,www.google.com
2014-03-19 11:25:57,apis.google.com
2014-03-19 11:25:57,www.google.com
2014-03-19 11:25:57,twitter.com
2014-03-19 11:25:57,maps.googleapis.com
2014-03-19 11:25:58,mts1.google.com
2014-03-19 11:25:58,mts0.google.com
2014-03-19 11:25:58,khms1.google.com
2014-03-19 11:25:59,mts0.google.com
2014-03-19 11:26:10,mts0.google.com
2014-03-19 11:26:11,mts0.google.com
2014-03-19 11:26:11,www.google.com
2014-03-19 11:26:11,maps.google.co.uk
2014-03-19 11:26:11,mts1.google.com
2014-03-19 11:26:11,maps.googleapis.com
2014-03-19 11:26:11,khms1.google.com
2014-03-19 11:26:12,www.facebook.com
2014-03-19 11:26:12,mts0.google.com
2014-03-19 11:26:12,mts1.google.com
2014-03-19 11:26:12,maps.googleapis.com
2014-03-19 11:26:15,s-static.ak.facebook.com
2014-03-19 11:26:15,www.timeshighereducation.co.uk
2014-03-19 11:26:15,static.ak.facebook.com
2014-03-19 11:26:16,mts0.google.com
2014-03-19 11:26:16,www.facebook.com
2014-03-19 11:26:16,static.ak.facebook.com
2014-03-19 11:26:16,www.timeshighereducation.co.uk
2014-03-19 11:26:16,s-static.ak.facebook.com
2014-03-19 11:26:16,www.google.com
2014-03-19 11:26:16,maps.googleapis.com
2014-03-19 11:26:26,www.google.fr
2014-03-19 11:26:34,www.google.fr
2014-03-19 11:26:36,www.google.fr
2014-03-19 11:26:39,www.google.fr
2014-03-19 11:26:47,twitter.com
2014-03-19 11:27:28,plus.google.com
2014-03-19 11:27:28,www.google.fr
2014-03-19 11:27:28,fr.wikipedia.org
2014-03-19 11:27:28,bits.wikimedia.org
2014-03-19 11:27:28,meta.wikimedia.org
2014-03-19 11:27:48,plus.google.com
2014-03-19 11:28:17,apis.google.com
2014-03-19 11:28:33,www.google.fr
2014-03-19 11:28:53,www.ucla.edu
2014-03-19 11:28:54,www.ucla.edu
2014-03-19 11:28:56,www.ucla.edu
2014-03-19 11:29:18,www.google.fr
2014-03-19 11:29:36,drive.google.com
2014-03-19 11:29:40,www.google.fr
2014-03-19 11:29:41,www.google.fr
2014-03-19 11:29:41,www.unh.edu
2014-03-19 11:29:41,plus.google.com
2014-03-19 11:29:43,www.google.fr
2014-03-19 11:29:44,fr.wikipedia.org
2014-03-19 11:29:44,bits.wikimedia.org
2014-03-19 11:29:44,meta.wikimedia.org
2014-03-19 11:29:44,www.google.fr
2014-03-19 11:30:09,www.google.fr
2014-03-19 11:30:10,plus.google.com
2014-03-19 11:30:10,www.google.fr
2014-03-19 11:30:10,www.usnews.com
2014-03-19 11:30:10,s3.amazonaws.com
2014-03-19 11:30:10,static.usnews.com
2014-03-19 11:30:10,secure-cache.rankingsandreviews.com
2014-03-19 11:30:10,chart.apis.google.com
2014-03-19 11:30:10,colleges.usnews.rankingsandreviews.com
2014-03-19 11:30:11,colleges.usnews.rankingsandreviews.com
2014-03-19 11:30:13,static.usnews.com
2014-03-19 11:30:13,colleges.usnews.rankingsandreviews.com
2014-03-19 11:30:14,s-static.ak.facebook.com
2014-03-19 11:30:14,s3.amazonaws.com
2014-03-19 11:30:14,static.ak.facebook.com
2014-03-19 11:30:14,www.usnews.com
2014-03-19 11:30:14,connect.facebook.net
2014-03-19 11:30:14,www.facebook.com
2014-03-19 11:30:14,colleges.usnews.rankingsandreviews.com
2014-03-19 11:30:14,static.usnews.com
2014-03-19 11:30:15,s3.amazonaws.com
2014-03-19 11:30:15,usnews.api.aftercollege.com
2014-03-19 11:30:15,platform.twitter.com
2014-03-19 11:30:15,colleges.usnews.rankingsandreviews.com
2014-03-19 11:30:15,apis.google.com
2014-03-19 11:30:15,static.usnews.com
2014-03-19 11:30:16,apis.google.com
2014-03-19 11:30:16,www.usnewsuniversitydirectory.com
2014-03-19 11:30:16,colleges.usnews.rankingsandreviews.com
2014-03-19 11:30:16,www.usnews.com
2014-03-19 11:30:16,static.usnews.com
2014-03-19 11:30:17,static.usnews.com
2014-03-19 11:30:17,www.usnews.com
2014-03-19 11:30:17,colleges.usnews.rankingsandreviews.com
2014-03-19 11:30:28,www.linkedin.com
2014-03-19 11:30:28,platform.linkedin.com
2014-03-19 11:30:29,www.linkedin.com
2014-03-19 11:30:29,www.usnews.com
2014-03-19 11:30:29,twitter.com
2014-03-19 11:31:05,www.linkedin.com
2014-03-19 11:31:06,www.usnews.com
2014-03-19 11:31:06,static.usnews.com
2014-03-19 11:31:06,colleges.usnews.rankingsandreviews.com
2014-03-19 11:31:07,static.usnews.com
2014-03-19 11:31:07,platform.linkedin.com
2014-03-19 11:31:07,www.facebook.com
2014-03-19 11:31:07,www.usnews.com
2014-03-19 11:31:07,static.ak.facebook.com
2014-03-19 11:31:07,usnews.api.aftercollege.com
2014-03-19 11:31:07,s-static.ak.facebook.com
2014-03-19 11:31:08,www.usnewsuniversitydirectory.com
2014-03-19 11:31:08,platform.twitter.com
2014-03-19 11:31:08,www.linkedin.com
2014-03-19 11:31:09,www.linkedin.com
2014-03-19 11:31:09,colleges.usnews.rankingsandreviews.com
2014-03-19 11:31:10,static.usnews.com
2014-03-19 11:31:10,www.usnews.com
2014-03-19 11:31:22,www.ucla.edu
2014-03-19 11:31:23,www.ucla.edu
2014-03-19 11:31:29,apis.google.com
2014-03-19 11:31:29,twitter.com
2014-03-19 11:31:29,image.cdnllnwnl.xosnetwork.com
2014-03-19 11:31:30,player.ooyala.com
2014-03-19 11:31:30,ajax.googleapis.com
2014-03-19 11:31:30,image.cdnllnwnl.xosnetwork.com
2014-03-19 11:31:30,www.uclabruins.com
2014-03-19 11:31:31,widget.stagram.com
2014-03-19 11:31:31,image.cdnllnwnl.xosnetwork.com
2014-03-19 11:31:31,www.facebook.com
2014-03-19 11:31:31,www.uclabruins.com
2014-03-19 11:31:32,platform.twitter.com
2014-03-19 11:31:32,dnn506yrbagrg.cloudfront.net
2014-03-19 11:31:32,ajax.cloudflare.com
2014-03-19 11:31:32,widget.stagram.com
2014-03-19 11:31:32,player.ooyala.com
2014-03-19 11:31:32,www.uclabruins.com
2014-03-19 11:31:33,platform.twitter.com
2014-03-19 11:31:33,www.uclabruins.com
2014-03-19 11:31:42,pbs.twimg.com
2014-03-19 11:31:45,pbs.twimg.com
2014-03-19 11:31:45,www.linkedin.com
2014-03-19 11:31:45,entitlement.auth.adobe.com
2014-03-19 11:31:46,www.facebook.com
2014-03-19 11:31:46,www.uclabruins.com
2014-03-19 11:31:46,www.google.com
2014-03-19 11:31:47,www.uclabruins.com
2014-03-19 11:32:00,www.google.fr
2014-03-19 11:32:05,www.google.fr
2014-03-19 11:32:05,bits.wikimedia.org
2014-03-19 11:32:05,fr.wikipedia.org
2014-03-19 11:32:06,meta.wikimedia.org
2014-03-19 11:32:06,fr.wikipedia.org
2014-03-19 11:32:06,plus.google.com
2014-03-19 11:32:39,www.google.fr
2014-03-19 11:32:40,www.google.fr
2014-03-19 11:32:40,bits.wikimedia.org
2014-03-19 11:32:40,fr.wikipedia.org
2014-03-19 11:32:40,meta.wikimedia.org
2014-03-19 11:32:59,www.google.fr
2014-03-19 11:32:59,plus.google.com
2014-03-19 11:32:59,bits.wikimedia.org
2014-03-19 11:32:59,en.wikipedia.org
2014-03-19 11:33:00,login.wikimedia.org
2014-03-19 11:33:00,meta.wikimedia.org
2014-03-19 11:33:00,bits.wikimedia.org
2014-03-19 11:33:00,en.wikipedia.org
2014-03-19 11:33:01,bits.wikimedia.org
2014-03-19 11:33:16,bits.wikimedia.org
2014-03-19 11:33:37,drive.google.com
2014-03-19 11:34:23,fr.wikipedia.org
2014-03-19 11:35:22,meta.wikimedia.org
2014-03-19 11:35:22,bits.wikimedia.org
2014-03-19 11:35:22,en.wikipedia.org
2014-03-19 11:35:23,meta.wikimedia.org
2014-03-19 11:35:23,en.wikipedia.org
2014-03-19 11:36:35,bits.wikimedia.org
2014-03-19 11:37:07,translate.google.com
2014-03-19 11:37:09,translate.google.com
2014-03-19 11:37:10,translate.google.com
2014-03-19 11:37:14,translate.google.com
2014-03-19 11:37:17,bits.wikimedia.org
2014-03-19 11:37:36,translate.google.com
2014-03-19 11:38:12,www.google.fr
2014-03-19 11:40:25,www.google.fr
2014-03-19 11:40:25,plus.google.com
2014-03-19 11:40:55,fr.wikipedia.org
2014-03-19 11:40:55,meta.wikimedia.org
2014-03-19 11:42:06,plus.google.com
2014-03-19 11:42:13,docs.google.com
2014-03-19 11:42:35,bits.wikimedia.org
2014-03-19 11:42:35,fr.wikipedia.org
2014-03-19 11:42:35,meta.wikimedia.org
2014-03-19 11:42:36,bits.wikimedia.org
2014-03-19 11:42:36,en.wikipedia.org
2014-03-19 11:42:37,en.wikipedia.org
2014-03-19 11:42:37,bits.wikimedia.org
2014-03-19 11:42:37,meta.wikimedia.org
2014-03-19 11:44:31,translate.google.com
2014-03-19 11:44:35,docs.google.com
2014-03-19 11:44:37,www.google.fr
2014-03-19 11:44:55,translate.google.com
2014-03-19 11:46:06,www.google.fr
2014-03-19 11:46:18,www.google.fr
2014-03-19 11:46:24,plus.google.com
2014-03-19 11:46:27,docs.google.com
2014-03-19 11:46:47,bits.wikimedia.org
2014-03-19 11:48:24,plus.google.com
2014-03-19 11:48:24,www.google.fr
2014-03-19 11:48:49,docs.google.com
2014-03-19 11:48:50,bits.wikimedia.org
2014-03-19 11:50:26,bits.wikimedia.org
2014-03-19 11:50:49,bits.wikimedia.org
2014-03-19 11:51:39,bits.wikimedia.org
2014-03-19 11:54:11,0.drive.google.com
2014-03-19 11:54:14,0.docs.google.com
2014-03-19 11:54:14,docs.google.com
2014-03-19 11:54:21,drive.google.com
2014-03-26 10:00:28,gmail.com
2014-03-26 10:00:28,mail.google.com
2014-03-26 10:01:10,mail.google.com
2014-03-26 10:01:11,accounts.google.com
2014-03-26 10:01:12,accounts.google.com
2014-03-26 10:01:17,accounts.youtube.com
2014-03-26 10:01:30,accounts.google.fr
2014-03-26 10:01:30,mail.google.com
2014-03-26 10:01:31,mail.google.com
2014-03-26 10:01:32,mail.google.com
2014-03-26 10:01:33,accounts.google.com
2014-03-26 10:01:33,accounts.youtube.com
2014-03-26 10:01:33,accounts.google.fr
2014-03-26 10:01:33,mail.google.com
2014-03-26 10:01:33,clients2.google.com
2014-03-26 10:01:35,www.google.com
2014-03-26 10:01:36,apis.google.com
2014-03-26 10:01:37,www.google.com
2014-03-26 10:01:37,clients2.google.com
2014-03-26 10:01:37,plus.google.com
2014-03-26 10:01:38,mail.google.com
2014-03-26 10:01:41,chatenabled.mail.google.com
2014-03-26 10:01:41,mail.google.com
2014-03-26 10:01:47,mail.google.com
2014-03-26 10:01:56,drive.google.com
2014-03-26 10:01:57,apis.google.com
2014-03-26 10:01:57,drive.google.com
2014-03-26 10:02:00,0.drive.google.com
2014-03-26 10:02:01,0.drive.google.com
2014-03-26 10:02:05,docs.google.com
2014-03-26 10:02:05,apis.google.com
2014-03-26 10:02:07,plus.google.com
2014-03-26 10:02:07,accounts.google.com
2014-03-26 10:02:08,apis.google.com
2014-03-26 10:02:08,plus.google.com
2014-03-26 10:02:08,mail.google.com
2014-03-26 10:02:08,chatenabled.mail.google.com
2014-03-26 10:02:11,mail.google.com
2014-03-26 10:02:11,docs.google.com
2014-03-26 10:02:11,plus.google.com
2014-03-26 10:02:11,www.google.com
2014-03-26 10:02:14,www.google.com
2014-03-26 10:02:16,docs.google.com
2014-03-26 10:02:17,0.docs.google.com
2014-03-26 10:02:17,docs.google.com
2014-03-26 10:02:17,plus.google.com
2014-03-26 10:02:18,clients6.google.com
2014-03-26 10:02:18,docs.google.com
2014-03-26 10:02:24,apis.google.com
2014-03-26 10:02:25,0.docs.google.com
2014-03-26 10:02:57,gg.google.com
2014-03-26 10:03:31,ieonline.microsoft.com
2014-03-26 10:03:34,docs.google.com
2014-03-26 10:06:05,drive.google.com
2014-03-26 10:06:06,drive.google.com
2014-03-26 10:06:17,plus.google.com
2014-03-26 10:06:20,drive.google.com
2014-03-26 10:06:20,docs.google.com
2014-03-26 10:06:20,accounts.google.com
2014-03-26 10:06:20,apis.google.com
2014-03-26 10:06:24,clients6.google.com
2014-03-26 10:06:57,gg.google.com
2014-03-26 10:07:51,docs.google.com
2014-03-26 10:12:00,drive.google.com
2014-03-26 10:16:02,drive.google.com
2014-03-26 10:16:18,plus.google.com
2014-03-26 10:16:29,plus.google.com
2014-03-26 10:24:00,drive.google.com
2014-03-26 10:30:00,drive.google.com
2014-03-26 10:34:01,drive.google.com
2014-03-26 10:35:50,www.google.com
2014-03-26 10:35:52,www.google.com
2014-03-26 10:35:52,mail.google.com
2014-03-26 10:35:53,mail.google.com
2014-03-26 10:35:55,docs.google.com
2014-03-26 10:35:56,plus.google.com
2014-03-26 10:35:56,0.drive.google.com
2014-03-26 10:35:56,www.google.com
2014-03-26 10:35:57,0.docs.google.com
2014-03-26 10:44:31,mail.google.com
2014-03-26 10:44:31,gmail.com
2014-03-26 10:45:49,accounts.google.com
2014-03-26 10:45:52,accounts.youtube.com
2014-03-26 10:46:13,accounts.google.fr
2014-03-26 10:46:15,mail.google.com
2014-03-26 10:46:17,accounts.google.com
2014-03-26 10:46:17,accounts.youtube.com
2014-03-26 10:46:17,accounts.google.fr
2014-03-26 10:46:17,mail.google.com
2014-03-26 10:46:17,clients2.google.com
2014-03-26 10:46:18,mail.google.com
2014-03-26 10:46:18,apis.google.com
2014-03-26 10:46:18,clients2.google.com
2014-03-26 10:46:18,plus.google.com
2014-03-26 10:46:19,accounts.google.com
2014-03-26 10:46:19,apis.google.com
2014-03-26 10:46:19,plus.google.com
2014-03-26 10:46:19,mail.google.com
2014-03-26 10:46:20,www.google.com
2014-03-26 10:46:22,chatenabled.mail.google.com
2014-03-26 10:46:22,mail.google.com
2014-03-26 10:46:34,drive.google.com
2014-03-26 10:46:35,apis.google.com
2014-03-26 10:46:35,drive.google.com
2014-03-26 10:46:36,drive.google.com
2014-03-26 10:46:38,0.drive.google.com
2014-03-26 10:46:39,0.drive.google.com
2014-03-26 10:46:41,drive.google.com
2014-03-26 10:46:41,apis.google.com
2014-03-26 10:46:53,docs.google.com
2014-03-26 10:46:53,plus.google.com
2014-03-26 10:47:03,www.google.fr
2014-03-26 10:47:03,chatenabled.mail.google.com
2014-03-26 10:47:03,www.google.com
2014-03-26 10:47:03,mail.google.com
2014-03-26 10:47:06,www.google.fr
2014-03-26 10:47:06,docs.google.com
2014-03-26 10:47:09,docs.google.com
2014-03-26 10:47:12,www.google.com
2014-03-26 10:47:13,docs.google.com
2014-03-26 10:47:13,plus.google.com
2014-03-26 10:47:13,mail.google.com
2014-03-26 10:47:13,www.google.com
2014-03-26 10:47:13,www.google.fr
2014-03-26 10:47:14,www.ucla.edu
2014-03-26 10:47:14,www.google.fr
2014-03-26 10:47:14,plus.google.com
2014-03-26 10:47:14,www.google.com
2014-03-26 10:47:15,happenings.ucla.edu
2014-03-26 10:47:15,www.ucla.edu
2014-03-26 10:47:16,happenings.ucla.edu
2014-03-26 10:47:16,www.ucla.edu
2014-03-26 10:47:17,www.ucla.edu
2014-03-26 10:47:17,ajax.googleapis.com
2014-03-26 10:47:18,www.ucla.edu
2014-03-26 10:47:22,docs.google.com
2014-03-26 10:47:24,apis.google.com
2014-03-26 10:47:24,0.docs.google.com
2014-03-26 10:47:25,0.docs.google.com
2014-03-26 10:47:33,mail.google.com
2014-03-26 10:47:33,www.ucla.edu
2014-03-26 10:47:34,www.ucla.edu
2014-03-26 10:47:35,gg.google.com
2014-03-26 10:47:40,www.ucla.edu
2014-03-26 10:47:41,www.ucla.edu
2014-03-26 10:49:36,mail.google.com
2014-03-26 10:49:36,www.physiology.ucla.edu
2014-03-26 10:49:37,www.physiology.ucla.edu
2014-03-26 10:49:41,www.physiology.ucla.edu
2014-03-26 10:49:42,www.physiology.ucla.edu
2014-03-26 10:50:55,drive.google.com
2014-03-26 10:50:55,docs.google.com
2014-03-26 10:50:55,plus.google.com
2014-03-26 10:50:56,drive.google.com
2014-03-26 10:51:25,apis.google.com
2014-03-26 10:51:31,mail.google.com
2014-03-26 10:51:31,www.disabilitystudies.ucla.edu
2014-03-26 10:51:32,www.ugeducation.ucla.edu
2014-03-26 10:51:32,www.uei.ucla.edu
2014-03-26 10:51:33,www.uei.ucla.edu
2014-03-26 10:51:33,www.ugeducation.ucla.edu
2014-03-26 10:51:34,www.ugeducation.ucla.edu
2014-03-26 10:51:34,www.uei.ucla.edu
2014-03-26 10:51:35,gg.google.com
2014-03-26 10:51:35,www.ugeducation.ucla.edu
2014-03-26 10:51:37,www.ugeducation.ucla.edu
2014-03-26 10:51:40,www.ugeducation.ucla.edu
2014-03-26 10:51:40,www.uei.ucla.edu
2014-03-26 10:52:03,gseis.ucla.edu
2014-03-26 10:52:04,gseis.ucla.edu
2014-03-26 10:52:05,gseis.ucla.edu
2014-03-26 10:52:06,gseis.ucla.edu
2014-03-26 10:52:07,gseis.ucla.edu
2014-03-26 10:52:54,fm.mednet.ucla.edu
2014-03-26 10:52:56,www.uclahealth.org
2014-03-26 10:52:57,mail.google.com
2014-03-26 10:52:57,www.uclahealth.org
2014-03-26 10:52:58,www.uclahealth.org
2014-03-26 10:52:58,translate.google.com
2014-03-26 10:52:58,www.youtube.com
2014-03-26 10:52:59,www.uclahealth.org
2014-03-26 10:52:59,www.youtube.com
2014-03-26 10:52:59,translate.googleapis.com
2014-03-26 10:53:10,www.youtube.com
2014-03-26 10:53:10,s.ytimg.com
2014-03-26 10:53:11,i1.ytimg.com
2014-03-26 10:53:12,translate.google.com
2014-03-26 10:53:12,www.uclahealth.org
2014-03-26 10:53:12,translate.googleapis.com
2014-03-26 10:53:12,s.ytimg.com
2014-03-26 10:53:12,www.youtube.com
2014-03-26 10:53:13,translate.googleapis.com
2014-03-26 10:53:14,docs.google.com
2014-03-26 10:53:21,i1.ytimg.com
2014-03-26 10:54:05,mail.google.com
2014-03-26 10:54:05,code.anderson.ucla.edu
2014-03-26 10:54:05,www.google.com
2014-03-26 10:54:05,use.typekit.com
2014-03-26 10:54:05,www.anderson.ucla.edu
2014-03-26 10:54:06,www.anderson.ucla.edu
2014-03-26 10:54:06,code.anderson.ucla.edu
2014-03-26 10:54:07,code.anderson.ucla.edu
2014-03-26 10:54:07,use.typekit.com
2014-03-26 10:54:07,www.google.com
2014-03-26 10:54:07,p.typekit.net
2014-03-26 10:54:07,www.anderson.ucla.edu
2014-03-26 10:54:07,clients1.google.com
2014-03-26 10:54:08,www.anderson.ucla.edu
2014-03-26 10:54:09,www.googleapis.com
2014-03-26 10:54:36,drive.google.com
2014-03-26 10:54:39,p.typekit.net
2014-03-26 10:54:39,clients1.google.com
2014-03-26 10:54:39,mail.google.com
2014-03-26 10:54:39,www.googleapis.com
2014-03-26 10:54:39,www.google.com
2014-03-26 10:54:39,www.anderson.ucla.edu
2014-03-26 10:54:40,www.anderson.ucla.edu
2014-03-26 10:54:55,clients1.google.com
2014-03-26 10:54:55,p.typekit.net
2014-03-26 10:55:40,www.googleapis.com
2014-03-26 10:55:41,www.socialthought.ucla.edu
2014-03-26 10:55:41,mail.google.com
2014-03-26 10:55:42,www.ugeducation.ucla.edu
2014-03-26 10:55:43,www.socialthought.ucla.edu
2014-03-26 10:57:06,docs.google.com
2014-03-26 10:57:39,plus.google.com
2014-03-26 10:57:40,www.anes.ucla.edu
2014-03-26 10:57:40,mail.google.com
2014-03-26 10:57:41,www.anes.ucla.edu
2014-03-26 10:57:41,ajax.googleapis.com
2014-03-26 10:57:41,www.adobe.com
2014-03-26 10:57:42,www.anes.ucla.edu
2014-03-26 10:57:42,fpdownload2.macromedia.com
2014-03-26 10:57:43,www.anes.ucla.edu
2014-03-26 10:57:43,wwwimages.adobe.com
2014-03-26 10:58:36,drive.google.com
2014-03-26 10:59:01,docs.google.com
2014-03-26 10:59:35,docs.google.com
2014-03-26 10:59:54,docs.google.com
2014-03-26 11:00:11,mail.google.com
2014-03-26 11:00:12,www.ph.ucla.edu
2014-03-26 11:00:13,mail.google.com
2014-03-26 11:00:14,ehs.ph.ucla.edu
2014-03-26 11:00:15,ehs.ph.ucla.edu
2014-03-26 11:00:15,vimeo.com
2014-03-26 11:00:16,player.vimeo.com
2014-03-26 11:00:17,ph.ucla.edu
2014-03-26 11:00:17,ehs.ph.ucla.edu
2014-03-26 11:00:37,ehs.ph.ucla.edu
2014-03-26 11:00:41,ehs.ph.ucla.edu
2014-03-26 11:00:42,ehs.ph.ucla.edu
2014-03-26 11:00:54,plus.google.com
2014-03-26 11:01:04,plus.google.com
2014-03-26 11:01:07,player.vimeo.com
2014-03-26 11:01:07,vimeo.com
2014-03-26 11:01:08,ph.ucla.edu
2014-03-26 11:01:08,player.vimeo.com
2014-03-26 11:01:18,hcs.ucla.edu
2014-03-26 11:01:19,hcs.ucla.edu
2014-03-26 11:01:20,hcs.ucla.edu
2014-03-26 11:02:03,docs.google.com
2014-03-26 11:02:04,docs.google.com
2014-03-26 11:03:04,www.ucla.edu
2014-03-26 11:03:04,mail.google.com
2014-03-26 11:03:05,www.ucla.edu
2014-03-26 11:03:17,map.ais.ucla.edu
2014-03-26 11:03:18,map.ais.ucla.edu
2014-03-26 11:03:21,map.ais.ucla.edu
2014-03-26 11:03:37,mail.google.com
2014-03-26 11:03:38,map.ais.ucla.edu
2014-03-26 11:03:39,map.ais.ucla.edu
2014-03-26 11:04:31,map.ais.ucla.edu
2014-03-26 11:04:36,drive.google.com
2014-03-26 11:05:09,shib.hhs.ucla.edu
2014-03-26 11:05:13,shib.hhs.ucla.edu
2014-03-26 11:05:32,map.ais.ucla.edu
2014-03-26 11:05:35,shib.hhs.ucla.edu
2014-03-26 11:05:48,map.ais.ucla.edu
2014-03-26 11:06:08,www.google.fr
2014-03-26 11:06:21,www.google.fr
2014-03-26 11:06:28,docs.google.com
2014-03-26 11:06:39,plus.google.com
2014-03-26 11:06:43,translate.google.fr
2014-03-26 11:06:43,www.google.fr
2014-03-26 11:06:43,plus.google.com
2014-03-26 11:06:44,www.google.fr
2014-03-26 11:06:44,translate.google.fr
2014-03-26 11:06:47,translate.google.fr
2014-03-26 11:06:49,translate.google.fr
2014-03-26 11:06:52,translate.google.fr
2014-03-26 11:06:52,www.google.fr
2014-03-26 11:07:28,map.ais.ucla.edu
2014-03-26 11:07:29,map.ais.ucla.edu
2014-03-26 11:07:53,translate.google.fr
2014-03-26 11:07:53,plus.google.com
2014-03-26 11:07:53,www.google.fr
2014-03-26 11:07:54,translate.google.fr
2014-03-26 11:07:57,translate.google.fr
2014-03-26 11:07:58,translate.google.fr
2014-03-26 11:08:28,map.ais.ucla.edu
2014-03-26 11:08:36,drive.google.com
2014-03-26 11:08:41,map.ais.ucla.edu
2014-03-26 11:09:01,www.google.fr
2014-03-26 11:09:19,www.google.fr
2014-03-26 11:09:19,translate.google.fr
2014-03-26 11:09:20,translate.google.fr
2014-03-26 11:09:22,translate.google.fr
2014-03-26 11:09:23,translate.google.fr
2014-03-26 11:09:27,translate.google.fr
2014-03-26 11:09:32,translate.google.fr
2014-03-26 11:10:19,mail.google.com
2014-03-26 11:10:21,www.cho.ucla.edu
2014-03-26 11:10:22,mail.google.com
2014-03-26 11:10:22,map.ais.ucla.edu
2014-03-26 11:10:23,map.ais.ucla.edu
2014-03-26 11:10:36,drive.google.com
2014-03-26 11:10:40,docs.google.com
2014-03-26 11:11:13,www.cho.ucla.edu
2014-03-26 11:11:14,mail.google.com
2014-03-26 11:11:14,map.ais.ucla.edu
2014-03-26 11:11:15,map.ais.ucla.edu
2014-03-26 11:11:32,www.google.fr
2014-03-26 11:11:32,plus.google.com
2014-03-26 11:11:39,translate.google.fr
2014-03-26 11:11:45,translate.google.fr
2014-03-26 11:11:48,translate.google.fr
2014-03-26 11:11:54,translate.google.fr
2014-03-26 11:11:57,translate.google.fr
2014-03-26 11:11:58,translate.google.fr
2014-03-26 11:12:01,translate.google.fr
2014-03-26 11:12:03,translate.google.fr
2014-03-26 11:12:55,www.ucla.edu
2014-03-26 11:12:55,mail.google.com
2014-03-26 11:12:56,www.ucla.edu
2014-03-26 11:13:02,www.ucla.edu
2014-03-26 11:13:46,www.google.fr
2014-03-26 11:13:46,drive.google.com
2014-03-26 11:14:05,map.ais.ucla.edu
2014-03-26 11:14:29,map.ais.ucla.edu
2014-03-26 11:14:30,map.ais.ucla.edu
2014-03-26 11:14:38,map.ais.ucla.edu
2014-03-26 11:14:47,map.ais.ucla.edu
2014-03-26 11:14:59,mail.google.com
2014-03-26 11:14:59,www.ucla.edu
2014-03-26 11:15:00,www.ucla.edu
2014-03-26 11:15:12,www.google.fr
2014-03-26 11:15:21,fr.wikipedia.org
2014-03-26 11:15:21,www.google.fr
2014-03-26 11:15:21,bits.wikimedia.org
2014-03-26 11:15:21,plus.google.com
2014-03-26 11:15:22,fr.wikipedia.org
2014-03-26 11:15:22,meta.wikimedia.org
2014-03-26 11:15:22,bits.wikimedia.org
2014-03-26 11:15:22,login.wikimedia.org
2014-03-26 11:15:38,docs.google.com
2014-03-26 11:15:57,login.wikimedia.org
2014-03-26 11:15:57,en.wikipedia.org
2014-03-26 11:15:57,bits.wikimedia.org
2014-03-26 11:15:57,drive.google.com
2014-03-26 11:15:58,meta.wikimedia.org
2014-03-26 11:15:58,bits.wikimedia.org
2014-03-26 11:15:58,en.wikipedia.org
2014-03-26 11:16:51,bits.wikimedia.org
2014-03-26 11:17:33,drive.google.com
2014-03-26 11:17:33,plus.google.com
2014-03-26 11:17:33,en.wikipedia.org
2014-03-26 11:17:33,bits.wikimedia.org
2014-03-26 11:17:33,meta.wikimedia.org
2014-03-26 11:17:38,en.wikipedia.org
2014-03-26 11:17:39,meta.wikimedia.org
2014-03-26 11:18:34,docs.google.com
2014-03-26 11:19:46,translate.google.fr
2014-03-26 11:20:35,plus.google.com
2014-03-26 11:20:37,bits.wikimedia.org
2014-03-26 11:20:37,meta.wikimedia.org
2014-03-26 11:20:37,fr.wikipedia.org
2014-03-26 11:21:59,en.wikipedia.org
2014-03-26 11:21:59,bits.wikimedia.org
2014-03-26 11:21:59,meta.wikimedia.org
2014-03-26 11:22:00,meta.wikimedia.org
2014-03-26 11:22:00,en.wikipedia.org
2014-03-26 11:23:13,docs.google.com
2014-03-26 11:23:22,mail.google.com
2014-03-26 11:23:35,bits.wikimedia.org
2014-03-26 11:24:24,plus.google.com
2014-03-26 11:24:26,bits.wikimedia.org
2014-03-26 11:24:36,drive.google.com
2014-03-26 11:24:40,en.wikipedia.org
2014-03-26 11:24:41,bits.wikimedia.org
2014-03-26 11:24:41,en.wikipedia.org
2014-03-26 11:24:41,meta.wikimedia.org
2014-03-26 11:24:47,meta.wikimedia.org
2014-03-26 11:24:47,en.wikipedia.org
2014-03-26 11:24:50,fr.wikipedia.org
2014-03-26 11:24:51,meta.wikimedia.org
2014-03-26 11:25:01,bits.wikimedia.org
2014-03-26 11:25:21,bits.wikimedia.org
2014-03-26 11:25:29,en.wikipedia.org
2014-03-26 11:25:30,meta.wikimedia.org
2014-03-26 11:25:40,mail.google.com
2014-03-26 11:25:44,fr.wikipedia.org
2014-03-26 11:25:44,drive.google.com
2014-03-26 11:25:45,meta.wikimedia.org
2014-03-26 11:26:10,translate.google.fr
2014-03-26 11:26:11,translate.google.fr
2014-03-26 11:26:12,translate.google.fr
2014-03-26 11:26:14,translate.google.fr
2014-03-26 11:26:14,www.google.com
2014-03-26 11:26:17,translate.google.fr
2014-03-26 11:26:19,translate.google.fr
2014-03-26 11:26:21,docs.google.com
2014-03-26 11:28:22,mail.google.com
2014-03-26 11:28:32,docs.google.com
2014-03-26 11:28:32,www.physiology.ucla.edu
2014-03-26 11:28:37,www.psych.ucla.edu
2014-03-26 11:28:38,www.psych.ucla.edu
2014-03-26 11:28:39,www.psych.ucla.edu
2014-03-26 11:28:40,www.psych.ucla.edu
2014-03-26 11:29:44,www.psych.ucla.edu
2014-03-26 11:30:11,gseis.ucla.edu
2014-03-26 11:30:12,gseis.ucla.edu
2014-03-26 11:30:18,ajax.googleapis.com
2014-03-26 11:30:19,jwpsrv.com
2014-03-26 11:30:19,web.international.ucla.edu
2014-03-26 11:30:20,web.international.ucla.edu
2014-03-26 11:30:20,www.google.com
2014-03-26 11:30:20,clients1.google.com
2014-03-26 11:30:21,web.international.ucla.edu
2014-03-26 11:30:21,www.international.ucla.edu
2014-03-26 11:30:32,www.googleapis.com
2014-03-26 11:30:33,mail.google.com
2014-03-26 11:31:22,www.anthro.ucla.edu
2014-03-26 11:31:23,www.anthro.ucla.edu
2014-03-26 11:31:24,www.anthro.ucla.edu
2014-03-26 11:31:25,use.typekit.net
2014-03-26 11:31:25,www.anthro.ucla.edu
2014-03-26 11:31:26,www.anthro.ucla.edu
2014-03-26 11:31:27,www.anthro.ucla.edu
2014-03-26 11:31:28,use.typekit.net
2014-03-26 11:31:28,www.anthro.ucla.edu
2014-03-26 11:31:29,www.anthro.ucla.edu
2014-03-26 11:31:29,p.typekit.net
2014-03-26 11:31:30,www.anthro.ucla.edu
2014-03-26 11:33:23,mail.google.com
2014-03-26 11:34:32,www.googleapis.com
2014-03-26 11:34:52,translate.google.fr
2014-03-26 11:34:54,translate.google.fr
2014-03-26 11:34:55,translate.google.fr
2014-03-26 11:34:59,translate.google.fr
2014-03-26 11:35:24,mail.google.com
2014-03-26 11:35:38,www.google.fr
2014-03-26 11:35:41,www.google.fr
2014-03-26 11:36:09,www.google.fr
2014-03-26 11:36:24,www.ucla.edu
2014-03-26 11:36:24,mail.google.com
2014-03-26 11:36:25,www.ucla.edu
2014-03-26 11:36:25,www.google.fr
2014-03-26 11:36:36,drive.google.com
2014-03-26 11:36:59,docs.google.com
2014-03-26 11:37:04,translate.google.fr
2014-03-26 11:37:06,translate.google.fr
2014-03-26 11:37:08,translate.google.fr
2014-03-26 11:37:09,translate.google.fr
2014-03-26 11:37:14,translate.google.fr
2014-03-26 11:37:15,translate.google.fr
2014-03-26 11:37:16,translate.google.fr
2014-03-26 11:37:17,translate.google.fr
2014-03-26 11:37:18,translate.google.fr
2014-03-26 11:37:23,translate.google.fr
2014-03-26 11:38:45,plus.google.com
2014-03-26 11:40:17,plus.google.com
2014-03-26 11:40:36,drive.google.com
2014-03-26 11:41:10,docs.google.com
2014-03-26 11:41:36,plus.google.com
2014-03-26 11:41:41,www.google.fr
2014-03-26 11:42:01,www.google.fr
2014-03-26 11:42:02,translate.google.fr
2014-03-26 11:42:02,plus.google.com
2014-03-26 11:42:03,translate.google.fr
2014-03-26 11:42:06,translate.google.fr
2014-03-26 11:42:06,www.google.fr
2014-03-26 11:42:08,translate.google.fr
2014-03-26 11:42:08,www.google.fr
2014-03-26 11:42:11,translate.google.fr
2014-03-26 11:42:14,inputtools.google.com
2014-03-26 11:42:26,translate.google.fr
2014-03-26 11:42:28,translate.google.fr
2014-03-26 11:42:31,docs.google.com
2014-03-26 11:42:32,0.docs.google.com
2014-03-26 11:42:32,docs.google.com
2014-03-26 11:42:40,0.docs.google.com
2014-03-26 11:42:42,www.google.com
2014-03-26 11:42:44,www.google.com
2014-03-26 11:42:51,accounts.google.com
2014-03-26 11:42:54,accounts.youtube.com
2014-03-26 11:43:04,accounts.google.fr
2014-03-26 11:43:06,plus.google.com
2014-03-26 11:43:14,0.docs.google.com
2014-03-26 11:43:19,clients6.google.com
2014-03-26 11:43:25,plus.google.com
2014-03-26 11:43:25,www.google.com
2014-03-26 11:43:25,0.drive.google.com
2014-03-26 11:43:26,www.google.com
2014-03-26 11:43:26,accounts.youtube.com
2014-03-26 11:43:26,accounts.google.fr
2014-03-26 11:43:26,accounts.google.com
2014-03-26 11:43:26,docs.google.com
2014-03-26 11:43:26,clients6.google.com
2014-03-26 11:43:26,plus.google.com
2014-03-26 11:43:26,0.docs.google.com
2014-03-26 11:43:26,apis.google.com
2014-03-26 11:43:26,inputtools.google.com
