timestamp,site
2014-02-20 15:28:23,www.bing.com
2014-02-20 15:28:27,api.bing.com
2014-02-20 15:28:28,www.google.fr
2014-02-20 15:29:37,ieonline.microsoft.com
2014-02-20 15:29:37,go.microsoft.com
2014-02-20 15:31:03,res1.windows.microsoft.com
2014-02-20 15:31:03,res2.windows.microsoft.com
2014-02-20 15:31:03,windows.microsoft.com
2014-02-20 15:31:03,go.microsoft.com
2014-02-20 15:31:04,windows.microsoft.com
2014-02-20 15:31:04,res1.windows.microsoft.com
2014-02-20 15:31:04,res2.windows.microsoft.com
2014-02-20 15:31:04,ajax.microsoft.com
2014-02-20 15:31:04,js.microsoft.com
2014-02-20 15:31:05,res1.windows.microsoft.com
2014-02-20 15:31:08,www.bing.com
2014-02-20 15:31:11,www.bing.com
2014-02-20 15:31:12,www.bing.com
2014-02-20 15:31:12,cms.abmr.net
2014-02-20 15:31:13,www.google.fr
2014-02-20 15:31:18,www.google.fr
2014-02-20 15:31:22,login.live.com
2014-02-20 15:31:26,www.google.fr
2014-02-20 15:31:27,www.google.fr
2014-02-20 15:31:29,www.google.fr
2014-02-20 15:31:30,apis.google.com
2014-02-20 15:31:33,www.google.com
2014-02-20 15:31:37,drive.google.com
2014-02-20 15:31:37,www.google.fr
2014-02-20 15:31:49,accounts.google.com
2014-02-20 15:31:51,apis.google.com
2014-02-20 15:31:51,www.google.fr
2014-02-20 15:31:54,accounts.youtube.com
2014-02-20 15:32:33,www.google.fr
2014-02-20 15:32:45,accounts.google.fr
2014-02-20 15:32:45,www.google.com
2014-02-20 15:32:45,drive.google.com
2014-02-20 15:32:46,apis.google.com
2014-02-20 15:32:46,drive.google.com
2014-02-20 15:32:46,accounts.google.fr
2014-02-20 15:32:46,accounts.youtube.com
2014-02-20 15:32:46,accounts.google.com
2014-02-20 15:32:47,drive.google.com
2014-02-20 15:32:48,0.drive.google.com
2014-02-20 15:32:49,0.drive.google.com
2014-02-20 15:32:53,www.google.com
2014-02-20 15:32:53,docs.google.com
2014-02-20 15:32:53,plus.google.com
2014-02-20 15:32:53,drive.google.com
2014-02-20 15:32:54,drive.google.com
2014-02-20 15:32:54,plus.google.com
2014-02-20 15:32:54,docs.google.com
2014-02-20 15:33:06,apis.google.com
2014-02-20 15:33:06,drive.google.com
2014-02-20 15:33:06,plus.google.com
2014-02-20 15:33:31,drive.google.com
2014-02-20 15:33:36,docs.google.com
2014-02-20 15:33:38,www.google.com
2014-02-20 15:33:50,accounts.google.com
2014-02-20 15:33:57,gg.google.com
2014-02-20 15:34:01,drive.google.com
2014-02-20 15:34:01,ieonline.microsoft.com
2014-02-20 15:34:02,go.microsoft.com
2014-02-20 15:34:16,office14client.microsoft.com
2014-02-20 15:34:16,office.microsoft.com
2014-02-20 15:34:18,office.microsoft.com
2014-02-20 15:34:19,office.microsoft.com
2014-02-20 15:34:28,office14client.microsoft.com
2014-02-20 15:34:28,office.microsoft.com
2014-02-20 15:34:29,office.microsoft.com
2014-02-20 15:35:51,docs.google.com
2014-02-20 15:35:51,accounts.google.com
2014-02-20 15:35:51,www.google.com
2014-02-20 15:35:51,drive.google.com
2014-02-20 15:37:32,drive.google.com
2014-02-20 15:37:37,drive.google.com
2014-02-20 15:37:57,gg.google.com
2014-02-20 15:38:01,apis.google.com
2014-02-20 15:38:48,drive.google.com
2014-02-20 15:38:55,drive.google.com
2014-02-20 15:39:00,apis.google.com
2014-02-20 15:39:04,lh6.google.com
2014-02-20 15:39:05,lh3.google.com
2014-02-20 15:39:05,lh6.google.com
2014-02-20 15:40:14,drive.google.com
2014-02-20 15:40:21,lh6.google.com
2014-02-20 15:40:21,drive.google.com
2014-02-20 15:40:21,lh3.google.com
2014-02-20 15:40:22,drive.google.com
2014-02-20 15:45:01,drive.google.com
2014-02-20 15:45:13,drive.google.com
2014-02-20 15:45:14,drive.google.com
2014-02-20 15:45:20,drive.google.com
2014-02-20 15:45:49,drive.google.com
2014-02-20 15:46:56,plus.google.com
2014-02-20 15:47:06,plus.google.com
2014-02-20 15:48:58,drive.google.com
2014-02-20 15:50:01,0.drive.google.com
2014-02-20 15:50:48,drive.google.com
2014-02-20 15:54:49,drive.google.com
2014-02-20 15:56:48,drive.google.com
2014-02-20 16:00:29,0.drive.google.com
2014-02-20 16:00:49,drive.google.com
2014-02-20 16:01:21,www.bing.com
2014-02-20 16:01:22,www.bing.com
2014-02-20 16:01:22,www.google.fr
2014-02-20 16:01:26,www.google.fr
2014-02-20 16:01:30,www.google.fr
2014-02-20 16:01:31,www.bing.com
2014-02-20 16:01:32,login.live.com
2014-02-20 16:01:34,www.google.fr
2014-02-20 16:01:35,www.google.fr
2014-02-20 16:01:36,apis.google.com
2014-02-20 16:01:41,plus.google.com
2014-02-20 16:02:46,www.google.fr
2014-02-20 16:02:49,drive.google.com
2014-02-20 16:02:57,plus.google.com
2014-02-20 16:03:02,clients1.google.fr
2014-02-20 16:03:12,apis.google.com
2014-02-20 16:03:12,accounts.google.com
2014-02-20 16:03:12,www.google.com
2014-02-20 16:03:12,plus.google.com
2014-02-20 16:03:13,clients1.google.fr
2014-02-20 16:03:13,www.google.fr
2014-02-20 16:04:02,www.google.fr
2014-02-20 16:04:02,plus.google.com
2014-02-20 16:04:02,clients1.google.fr
2014-02-20 16:04:12,clients1.google.fr
2014-02-20 16:04:12,www.google.fr
2014-02-20 16:04:16,www.google.fr
2014-02-20 16:04:16,clients1.google.fr
2014-02-20 16:04:48,drive.google.com
2014-02-20 16:04:53,clients1.google.fr
2014-02-20 16:04:53,www.google.fr
2014-02-20 16:04:57,www.google.fr
2014-02-20 16:05:38,images.vedura.fr
2014-02-20 16:05:38,www.google.fr
2014-02-20 16:05:39,images.vedura.fr
2014-02-20 16:05:39,ajax.googleapis.com
2014-02-20 16:05:39,www.google.fr
2014-02-20 16:05:39,static.vedura.fr
2014-02-20 16:05:39,www.vedura.fr
2014-02-20 16:05:40,static.vedura.fr
2014-02-20 16:05:41,www.google.com
2014-02-20 16:05:41,accounts.google.com
2014-02-20 16:05:42,adventori.com
2014-02-20 16:05:45,www.vedura.fr
2014-02-20 16:05:45,www.google.fr
2014-02-20 16:05:46,www.vedura.fr
2014-02-20 16:05:54,www.google.fr
2014-02-20 16:05:54,clients1.google.fr
2014-02-20 16:05:57,www.google.fr
2014-02-20 16:05:57,plus.google.com
2014-02-20 16:06:00,www.google.fr
2014-02-20 16:06:04,www.google.fr
2014-02-20 16:06:10,drive.google.com
2014-02-20 16:06:23,www.google.fr
2014-02-20 16:06:23,clients1.google.fr
2014-02-20 16:06:25,energies.sfen.org
2014-02-20 16:06:25,www.google.fr
2014-02-20 16:06:31,energies.sfen.org
2014-02-20 16:07:00,energies.sfen.org
2014-02-20 16:07:00,platform.twitter.com
2014-02-20 16:07:00,0.gravatar.com
2014-02-20 16:07:00,www.youtube.com
2014-02-20 16:07:00,disqus.com
2014-02-20 16:07:01,disqus.com
2014-02-20 16:07:01,platform.twitter.com
2014-02-20 16:07:01,1.gravatar.com
2014-02-20 16:07:01,energies.sfen.org
2014-02-20 16:07:01,energiesetnucleaire.disqus.com
2014-02-20 16:07:01,s0.wp.com
2014-02-20 16:07:01,go.disqus.com
2014-02-20 16:07:01,s.gravatar.com
2014-02-20 16:07:02,energies.sfen.org
2014-02-20 16:07:02,disqus.com
2014-02-20 16:07:02,platform.twitter.com
2014-02-20 16:07:05,s.ytimg.com
2014-02-20 16:07:06,plus.google.com
2014-02-20 16:07:09,plus.google.com
2014-02-20 16:07:09,clients1.google.fr
2014-02-20 16:07:09,www.google.fr
2014-02-20 16:07:10,twitter.com
2014-02-20 16:07:11,www.google.fr
2014-02-20 16:07:11,fr.wikipedia.org
2014-02-20 16:07:11,bits.wikimedia.org
2014-02-20 16:07:11,login.wikimedia.org
2014-02-20 16:07:12,bits.wikimedia.org
2014-02-20 16:07:12,fr.wikipedia.org
2014-02-20 16:07:12,meta.wikimedia.org
2014-02-20 16:08:39,clients1.google.fr
2014-02-20 16:08:39,www.google.fr
2014-02-20 16:08:42,plus.google.com
2014-02-20 16:08:42,www.google.fr
2014-02-20 16:09:05,www.google.fr
2014-02-20 16:09:06,ec.gc.ca
2014-02-20 16:09:07,www.google.fr
2014-02-20 16:09:07,ec.gc.ca
2014-02-20 16:09:08,ec.gc.ca
2014-02-20 16:09:09,ec.gc.ca
2014-02-20 16:09:13,ec.gc.ca
2014-02-20 16:10:08,clients1.google.fr
2014-02-20 16:10:08,plus.google.com
2014-02-20 16:10:08,www.google.fr
2014-02-20 16:10:24,clients1.google.fr
2014-02-20 16:10:24,www.google.fr
2014-02-20 16:10:29,www.google.fr
2014-02-20 16:10:39,www.google.fr
2014-02-20 16:10:40,7pgom5c1ao.s.ad6media.fr
2014-02-20 16:10:40,f5a9bmz6g6.s.ad6media.fr
2014-02-20 16:10:40,www.google.fr
2014-02-20 16:10:40,ww12.centerblog.net
2014-02-20 16:10:40,admin.centerblog.net
2014-02-20 16:10:40,c2.ad6media.fr
2014-02-20 16:10:40,mississippi.centerblog.net
2014-02-20 16:10:40,8q4ez97ryd.b.ad6media.fr
2014-02-20 16:10:40,mtrc1.digital-metric.com
2014-02-20 16:10:41,www.facebook.com
2014-02-20 16:10:41,its.tradelab.fr
2014-02-20 16:10:41,img.digital-metric.com
2014-02-20 16:10:43,ww12.centerblog.net
2014-02-20 16:10:43,mississippi.centerblog.net
2014-02-20 16:10:43,8q4ez97ryd.b.ad6media.fr
2014-02-20 16:10:44,7pgom5c1ao.s.ad6media.fr
2014-02-20 16:10:44,fr.primary.affinitad.com
2014-02-20 16:10:44,admin.centerblog.net
2014-02-20 16:10:44,c2.ad6media.fr
2014-02-20 16:10:44,hjyza3n53l.s.ad6media.fr
2014-02-20 16:10:44,ww12.centerblog.net
2014-02-20 16:10:44,mississippi.centerblog.net
2014-02-20 16:10:45,ww12.centerblog.net
2014-02-20 16:10:45,mississippi.centerblog.net
2014-02-20 16:10:49,drive.google.com
2014-02-20 16:10:50,www.google.fr
2014-02-20 16:10:50,clients1.google.fr
2014-02-20 16:11:02,www.google.fr
2014-02-20 16:11:03,plus.google.com
2014-02-20 16:11:03,www.google.fr
2014-02-20 16:11:03,www.tuxboard.com
2014-02-20 16:11:03,apis.google.com
2014-02-20 16:11:03,img.tuxboard.com
2014-02-20 16:11:03,medias1.tuxboard.com
2014-02-20 16:11:03,www.facebook.com
2014-02-20 16:11:03,ajax.googleapis.com
2014-02-20 16:11:04,www.tuxboard.com
2014-02-20 16:11:04,s.srvntrk.com
2014-02-20 16:11:04,hal9000.redintelligence.net
2014-02-20 16:11:05,http.tidaltv.com
2014-02-20 16:11:05,s.srvntrk.com
2014-02-20 16:11:06,www.youtube.com
2014-02-20 16:11:06,www.facebook.com
2014-02-20 16:11:07,um.simpli.fi
2014-02-20 16:11:08,www.youtube.com
2014-02-20 16:11:08,apis.google.com
2014-02-20 16:11:09,s.ytimg.com
2014-02-20 16:11:09,i1.ytimg.com
2014-02-20 16:11:09,autolinkmaker.itunes.apple.com
2014-02-20 16:11:10,s.srvntrk.com
2014-02-20 16:11:10,s.ytimg.com
2014-02-20 16:11:10,apis.google.com
2014-02-20 16:11:12,i1.ytimg.com
2014-02-20 16:11:13,twitter.com
2014-02-20 16:11:17,pr.ybp.yahoo.com
2014-02-20 16:11:29,0.drive.google.com
2014-02-20 16:11:31,pixel2368.everesttech.net
2014-02-20 16:11:43,pixel2368.everesttech.net
2014-02-20 16:11:43,twitter.com
2014-02-20 16:11:44,clients1.google.fr
2014-02-20 16:11:44,plus.google.com
2014-02-20 16:11:44,www.google.fr
2014-02-20 16:11:50,www.google.fr
2014-02-20 16:12:02,clients1.google.fr
2014-02-20 16:12:02,www.google.fr
2014-02-20 16:12:10,clients1.google.fr
2014-02-20 16:12:10,www.google.fr
2014-02-20 16:12:16,clients1.google.fr
2014-02-20 16:12:16,www.google.fr
2014-02-20 16:12:17,www.google.fr
2014-02-20 16:12:35,clients1.google.fr
2014-02-20 16:12:35,www.google.fr
2014-02-20 16:12:47,www.google.fr
2014-02-20 16:12:54,www.google.fr
2014-02-20 16:13:14,hmf.enseeiht.fr
2014-02-20 16:13:14,www.google.fr
2014-02-20 16:13:15,www.google.fr
2014-02-20 16:13:15,hmf.enseeiht.fr
2014-02-20 16:16:02,drive.google.com
2014-02-20 16:16:48,drive.google.com
2014-02-20 16:17:56,clients1.google.fr
2014-02-20 16:17:56,www.google.fr
2014-02-20 16:18:01,plus.google.com
2014-02-20 16:22:48,drive.google.com
2014-02-20 16:25:12,www.google.fr
2014-02-20 16:25:12,plus.google.com
2014-02-20 16:25:12,clients1.google.fr
2014-02-20 16:25:15,www.google.fr
2014-02-20 16:25:24,www.google.fr
2014-02-20 16:25:32,lelectromenagere.files.wordpress.com
2014-02-20 16:25:32,www.google.fr
2014-02-20 16:25:34,s0.wp.com
2014-02-20 16:25:34,s2.wp.com
2014-02-20 16:25:34,s1.wp.com
2014-02-20 16:25:34,lelectromenagere.files.wordpress.com
2014-02-20 16:25:34,www.google.fr
2014-02-20 16:25:35,lelectromenagere.wordpress.com
2014-02-20 16:25:35,s1.wp.com
2014-02-20 16:25:35,s2.wp.com
2014-02-20 16:25:35,1.gravatar.com
2014-02-20 16:25:35,0.gravatar.com
2014-02-20 16:25:35,www.netoo.com
2014-02-20 16:25:35,s0.wp.com
2014-02-20 16:25:35,www.webrankinfo.com
2014-02-20 16:25:35,api.facebook.com
2014-02-20 16:25:36,lelectromenagere.wordpress.com
2014-02-20 16:25:36,0.gravatar.com
2014-02-20 16:25:36,widgets.wp.com
2014-02-20 16:25:36,s0.wp.com
2014-02-20 16:25:37,widgets.wp.com
2014-02-20 16:25:40,public-api.wordpress.com
2014-02-20 16:25:52,s0.wp.com
2014-02-20 16:25:53,widgets.wp.com
2014-02-20 16:25:54,widgets.wp.com
2014-02-20 16:25:54,s0.wp.com
2014-02-20 16:26:06,public-api.wordpress.com
2014-02-20 16:26:06,s0.wp.com
2014-02-20 16:26:06,www.google.fr
2014-02-20 16:26:07,accounts.google.com
2014-02-20 16:26:07,api.facebook.com
2014-02-20 16:26:07,s0.wp.com
2014-02-20 16:26:07,lelectromenagere.wordpress.com
2014-02-20 16:26:07,apis.google.com
2014-02-20 16:26:08,s2.wp.com
2014-02-20 16:26:20,plus.google.com
2014-02-20 16:26:20,accounts.google.com
2014-02-20 16:26:20,www.google.fr
2014-02-20 16:26:20,public-api.wordpress.com
2014-02-20 16:26:21,www.google.fr
2014-02-20 16:26:21,clients1.google.fr
2014-02-20 16:26:24,www.google.fr
2014-02-20 16:26:34,www.google.fr
2014-02-20 16:26:37,3.bp.blogspot.com
2014-02-20 16:26:37,www.google.fr
2014-02-20 16:26:38,tpetelephone.blogspot.com
2014-02-20 16:26:38,tpetelephone.blogspot.fr
2014-02-20 16:26:40,www.blogger.com
2014-02-20 16:26:40,www.google.fr
2014-02-20 16:26:41,4.bp.blogspot.com
2014-02-20 16:26:41,www.blogblog.com
2014-02-20 16:26:41,1.bp.blogspot.com
2014-02-20 16:26:41,img1.blogblog.com
2014-02-20 16:26:41,3.bp.blogspot.com
2014-02-20 16:26:41,apis.google.com
2014-02-20 16:26:41,www.blogger.com
2014-02-20 16:26:42,www.blogger.com
2014-02-20 16:26:42,img1.blogblog.com
2014-02-20 16:26:42,www.google.com
2014-02-20 16:26:42,3.bp.blogspot.com
2014-02-20 16:26:43,apis.google.com
2014-02-20 16:26:43,img1.blogblog.com
2014-02-20 16:26:44,accounts.google.com
2014-02-20 16:26:44,gg.google.com
2014-02-20 16:26:49,drive.google.com
2014-02-20 16:27:07,plus.google.com
2014-02-20 16:27:21,www.google.fr
2014-02-20 16:27:39,gg.google.com
2014-02-20 16:27:39,www.google.fr
2014-02-20 16:27:39,plus.google.com
2014-02-20 16:27:39,clients1.google.fr
2014-02-20 16:27:39,www.google.com
2014-02-20 16:27:46,clients1.google.fr
2014-02-20 16:27:46,www.google.fr
2014-02-20 16:27:54,www.google.fr
2014-02-20 16:27:57,www.google.fr
2014-02-20 16:27:57,www.ifeed.fr
2014-02-20 16:28:00,www.google.fr
2014-02-20 16:28:00,www.ifeed.fr
2014-02-20 16:28:00,ajax.googleapis.com
2014-02-20 16:28:00,1.gravatar.com
2014-02-20 16:28:04,cdnjs.cloudflare.com
2014-02-20 16:28:10,cdnjs.cloudflare.com
2014-02-20 16:28:11,1.gravatar.com
2014-02-20 16:28:11,www.facebook.com
2014-02-20 16:28:11,www.ifeed.fr
2014-02-20 16:28:11,www.youtube.com
2014-02-20 16:28:11,apis.google.com
2014-02-20 16:28:12,s.ytimg.com
2014-02-20 16:28:12,www.ifeed.fr
2014-02-20 16:28:12,wtpn.twenga.fr
2014-02-20 16:28:12,www.youtube.com
2014-02-20 16:28:12,apis.google.com
2014-02-20 16:28:12,accounts.google.com
2014-02-20 16:28:16,s.ytimg.com
2014-02-20 16:28:16,rbx-cdn-tpn.c4tw.net
2014-02-20 16:28:16,i1.ytimg.com
2014-02-20 16:28:16,www.google.com
2014-02-20 16:28:17,i11.twenga.com
2014-02-20 16:28:17,i10.twenga.com
2014-02-20 16:28:18,platform.twitter.com
2014-02-20 16:28:21,www.google.fr
2014-02-20 16:28:31,platform.twitter.com
2014-02-20 16:28:31,twitter.com
2014-02-20 16:28:31,www.google.fr
2014-02-20 16:28:31,clients1.google.fr
2014-02-20 16:28:31,plus.google.com
2014-02-20 16:28:35,www.google.fr
2014-02-20 16:28:35,clients1.google.fr
2014-02-20 16:28:44,www.ermitage-peyreleau.fr
2014-02-20 16:28:44,www.google.fr
2014-02-20 16:28:45,www.google.fr
2014-02-20 16:28:45,www.ermitage-peyreleau.fr
2014-02-20 16:28:46,www.ermitage-peyreleau.fr
2014-02-20 16:29:55,clients1.google.fr
2014-02-20 16:29:55,plus.google.com
2014-02-20 16:29:55,www.google.fr
2014-02-20 16:30:03,www.google.fr
2014-02-20 16:30:04,www.google.fr
2014-02-20 16:30:04,www.merci-facteur.com
2014-02-20 16:30:04,www.wifeo.com
2014-02-20 16:30:04,art-antiquite-brocante.wifeo.com
2014-02-20 16:30:08,www.google.fr
2014-02-20 16:30:08,www.wifeo.com
2014-02-20 16:30:08,art-antiquite-brocante.wifeo.com
2014-02-20 16:30:09,www.wifeo.com
2014-02-20 16:30:09,www.facebook.com
2014-02-20 16:30:40,www.google.fr
2014-02-20 16:31:46,0.drive.google.com
2014-02-20 16:32:07,drive.google.com
2014-02-20 16:32:20,www.google.com
2014-02-20 16:32:20,www.google.fr
2014-02-20 16:32:20,0.drive.google.com
2014-02-20 16:32:20,drive.google.com
2014-02-20 16:32:42,accounts.google.com
2014-02-20 16:32:42,www.google.com
2014-02-20 16:32:42,accounts.youtube.com
2014-02-20 16:32:42,accounts.google.fr
2014-02-20 16:32:42,docs.google.com
2014-02-20 16:32:47,www.google.com
2014-02-20 16:32:47,drive.google.com
2014-02-20 16:32:50,drive.google.com
2014-02-20 16:32:53,1.drive.google.com
2014-02-20 16:32:53,drive.google.com
2014-02-20 16:32:55,1.drive.google.com
2014-02-20 16:32:55,docs.google.com
2014-02-20 16:32:56,1.drive.google.com
2014-02-20 16:33:04,mail.google.com
2014-02-20 16:33:06,accounts.google.com
2014-02-20 16:33:10,accounts.google.com
2014-02-20 16:33:10,mail.google.com
2014-02-20 16:33:11,mail.google.com
2014-02-20 16:33:12,mail.google.com
2014-02-20 16:33:22,www.google.com
2014-02-20 16:33:22,apis.google.com
2014-02-20 16:33:22,mail.google.com
2014-02-20 16:33:22,plus.google.com
2014-02-20 16:33:23,www.google.com
2014-02-20 16:33:23,mail.google.com
2014-02-20 16:33:23,plus.google.com
2014-02-20 16:33:23,apis.google.com
2014-02-20 16:33:23,clients2.google.com
2014-02-20 16:33:26,chatenabled.mail.google.com
2014-02-20 16:33:27,mail.google.com
2014-02-20 16:33:36,clients2.google.com
2014-02-20 16:33:36,accounts.google.com
2014-02-20 16:33:36,mail.google.com
2014-02-20 16:33:37,mail.google.com
2014-02-20 16:33:37,drive.google.com
2014-02-20 16:33:37,chatenabled.mail.google.com
2014-02-20 16:33:37,apis.google.com
2014-02-20 16:33:38,mail.google.com
2014-02-20 16:33:38,drive.google.com
2014-02-20 16:33:42,docs.google.com
2014-02-20 16:33:49,mail.google.com
2014-02-20 16:33:54,plus.google.com
2014-02-20 16:33:54,clients6.google.com
2014-02-20 16:33:54,mail.google.com
2014-02-20 16:34:42,www.google.fr
2014-02-20 16:34:42,clients1.google.fr
2014-02-20 16:34:48,plus.google.com
2014-02-20 16:34:59,docs.google.com
2014-02-20 16:35:01,1.drive.google.com
2014-02-20 16:36:31,drive.google.com
2014-02-20 16:36:32,docs.google.com
2014-02-20 16:36:47,docs.google.com
2014-02-20 16:36:49,plus.google.com
2014-02-20 16:36:49,lh5.google.com
2014-02-20 16:36:49,www.google.com
2014-02-20 16:37:23,apis.google.com
2014-02-20 16:37:23,lh5.google.com
2014-02-20 16:37:23,drive.google.com
2014-02-20 16:37:23,gg.google.com
2014-02-20 16:37:38,mail.google.com
2014-02-20 16:37:39,mail.google.com
2014-02-20 16:37:41,drive.google.com
2014-02-20 16:37:43,drive.google.com
2014-02-20 16:37:44,drive.google.com
2014-02-20 16:37:54,apis.google.com
2014-02-20 16:37:54,clients6.google.com
2014-02-20 16:38:28,plus.google.com
2014-02-20 16:41:28,drive.google.com
2014-02-20 16:41:31,drive.google.com
2014-02-20 16:41:55,drive.google.com
2014-02-20 16:43:23,drive.google.com
2014-02-20 16:43:23,plus.google.com
2014-02-20 16:43:29,mail.google.com
2014-02-20 16:43:30,drive.google.com
2014-02-20 16:43:56,mail.google.com
2014-02-20 16:44:00,mail.google.com
2014-02-20 16:44:42,drive.google.com
2014-02-20 16:44:58,plus.google.com
2014-02-20 16:46:24,mail.google.com
2014-02-20 16:47:33,plus.google.com
2014-02-20 16:48:42,drive.google.com
2014-02-20 16:49:48,plus.google.com
2014-02-20 16:50:42,drive.google.com
2014-02-20 16:54:42,drive.google.com
2014-02-20 16:54:48,plus.google.com
2014-02-20 16:54:49,plus.google.com
2014-02-20 16:56:58,plus.google.com
2014-02-20 16:59:06,mail.google.com
2014-02-20 16:59:48,plus.google.com
2014-02-20 16:59:49,plus.google.com
2014-02-20 17:00:41,drive.google.com
2014-02-20 17:03:44,mail.google.com
2014-02-20 17:04:11,plus.google.com
2014-02-20 17:04:16,plus.google.com
2014-02-20 17:04:44,1.drive.google.com
2014-02-20 17:05:02,drive.google.com
2014-02-20 17:05:11,1.drive.google.com
2014-02-20 17:07:34,plus.google.com
2014-02-20 17:09:06,mail.google.com
2014-02-20 17:09:48,plus.google.com
2014-02-20 17:09:49,plus.google.com
2014-02-20 17:09:58,1.drive.google.com
2014-02-20 17:10:16,1.drive.google.com
2014-02-20 17:13:53,drive.google.com
2014-02-20 17:14:04,docs.google.com
2014-02-20 17:14:06,mail.google.com
2014-02-20 17:14:48,plus.google.com
2014-02-20 17:14:49,plus.google.com
2014-02-20 17:14:55,drive.google.com
2014-02-20 17:16:42,drive.google.com
2014-02-20 17:16:59,plus.google.com
2014-02-20 17:17:31,clients1.google.fr
2014-02-20 17:17:31,www.google.fr
2014-02-20 17:17:31,plus.google.com
2014-02-20 17:17:44,plus.google.com
2014-02-20 17:17:44,clients1.google.fr
2014-02-20 17:17:44,www.google.fr
2014-02-20 17:17:50,drive.google.com
2014-02-20 17:17:58,clients1.google.fr
2014-02-20 17:17:58,www.google.fr
2014-02-20 17:18:04,accounts.google.com
2014-02-20 17:18:04,www.google.com
2014-02-20 17:18:05,www.google.fr
2014-02-20 17:18:05,docs.google.com
2014-02-20 17:18:14,www.google.fr
2014-02-20 17:18:27,www.google.fr
2014-02-20 17:18:28,thumbs.dreamstime.com
2014-02-20 17:18:29,thumbs.dreamstime.com
2014-02-20 17:18:29,fr.dreamstime.com
2014-02-20 17:18:29,www.google.fr
2014-02-20 17:18:41,ajax.googleapis.com
2014-02-20 17:18:41,thumbs.dreamstime.com
2014-02-20 17:18:41,fr.dreamstime.com
2014-02-20 17:18:42,fr.dreamstime.com
2014-02-20 17:18:42,thumbs.dreamstime.com
2014-02-20 17:18:42,www.facebook.com
2014-02-20 17:18:42,platform.twitter.com
2014-02-20 17:18:42,www.google.com
2014-02-20 17:18:43,dnn506yrbagrg.cloudfront.net
2014-02-20 17:18:43,fr.dreamstime.com
2014-02-20 17:18:43,thumbs.dreamstime.com
2014-02-20 17:19:13,twitter.com
2014-02-20 17:19:23,apis.google.com
2014-02-20 17:19:23,fr.dreamstime.com
2014-02-20 17:19:23,www.google.fr
2014-02-20 17:19:24,fr.dreamstime.com
2014-02-20 17:19:25,apis.google.com
2014-02-20 17:19:25,accounts.google.com
2014-02-20 17:19:25,www.facebook.com
2014-02-20 17:19:26,dnn506yrbagrg.cloudfront.net
2014-02-20 17:19:26,fr.dreamstime.com
2014-02-20 17:19:26,www.google.com
2014-02-20 17:19:30,thumbs.dreamstime.com
2014-02-20 17:19:32,thumbs.dreamstime.com
2014-02-20 17:19:44,thumbs.dreamstime.com
2014-02-20 17:19:44,ajax.googleapis.com
2014-02-20 17:19:56,twitter.com
2014-02-20 17:20:43,drive.google.com
2014-02-20 17:21:57,thumbs.dreamstime.com
2014-02-20 17:22:09,thumbs.dreamstime.com
2014-02-20 17:22:09,ajax.googleapis.com
2014-02-20 17:23:26,apis.google.com
2014-02-20 17:24:09,drive.google.com
2014-02-20 17:26:42,drive.google.com
2014-02-20 17:27:34,plus.google.com
2014-02-20 17:28:06,mail.google.com
2014-02-20 17:29:54,mail.google.com
2014-02-20 17:30:19,clients1.google.fr
2014-02-20 17:30:19,plus.google.com
2014-02-20 17:30:19,www.google.fr
2014-02-20 17:30:19,www.google.com
2014-02-20 17:30:23,www.google.fr
2014-02-20 17:30:27,www.google.fr
2014-02-20 17:30:32,www.google.fr
2014-02-20 17:30:56,mail.google.com
2014-02-20 17:31:13,clients1.google.fr
2014-02-20 17:31:13,www.google.fr
2014-02-20 17:31:15,www.google.fr
2014-02-20 17:31:21,www.google.fr
2014-02-20 17:31:28,www.google.fr
2014-02-20 17:31:31,www.google.fr
2014-02-20 17:31:36,www.google.fr
2014-02-20 17:31:39,www.google.fr
2014-02-20 17:31:44,www.google.fr
2014-02-20 17:31:48,www.google.fr
2014-02-20 17:32:25,www.google.fr
2014-02-20 17:32:25,www.lepoint.fr
2014-02-20 17:32:26,ajax.googleapis.com
2014-02-20 17:32:26,www.google.fr
2014-02-20 17:32:26,listener.ezakus.net
2014-02-20 17:32:26,www.lepoint.fr
2014-02-20 17:32:27,www.lepoint.fr
2014-02-20 17:32:27,listener.ezakus.net
2014-02-20 17:32:27,www.adobe.com
2014-02-20 17:32:27,wwwimages.adobe.com
2014-02-20 17:32:27,ajax.googleapis.com
2014-02-20 17:32:27,pixel.alephd.com
2014-02-20 17:32:27,its.tradelab.fr
2014-02-20 17:32:27,mm.eulerian.net
2014-02-20 17:32:30,its.tradelab.fr
2014-02-20 17:32:30,i1-js-14-3-01-10334-12805-i.init.cedexis-radar.net
2014-02-20 17:32:31,listener.ezakus.net
2014-02-20 17:32:32,listener.ezakus.net
2014-02-20 17:32:32,www.lepoint.fr
2014-02-20 17:32:33,listener.ezakus.net
2014-02-20 17:32:33,www.lepoint.fr
2014-02-20 17:32:34,listener.ezakus.net
2014-02-20 17:32:34,www.lepoint.fr
2014-02-20 17:32:42,drive.google.com
2014-02-20 17:33:10,plus.google.com
2014-02-20 17:33:10,www.google.fr
2014-02-20 17:33:10,clients1.google.fr
2014-02-20 17:33:30,www.google.fr
2014-02-20 17:33:31,www.facebook.com
2014-02-20 17:33:31,fr.dreamstime.com
2014-02-20 17:33:31,thumbs.dreamstime.com
2014-02-20 17:33:31,www.google.fr
2014-02-20 17:33:32,fr.dreamstime.com
2014-02-20 17:33:32,www.google.com
2014-02-20 17:33:32,thumbs.dreamstime.com
2014-02-20 17:33:38,www.google.fr
2014-02-20 17:33:39,fr.dreamstime.com
2014-02-20 17:33:39,thumbs.dreamstime.com
2014-02-20 17:33:40,www.facebook.com
2014-02-20 17:33:40,thumbs.dreamstime.com
2014-02-20 17:33:41,fr.dreamstime.com
2014-02-20 17:33:41,www.facebook.com
2014-02-20 17:33:41,www.google.com
2014-02-20 17:33:41,twitter.com
2014-02-20 17:33:45,thumbs.dreamstime.com
2014-02-20 17:33:46,thumbs.dreamstime.com
2014-02-20 17:33:51,thumbs.dreamstime.com
2014-02-20 17:33:53,thumbs.dreamstime.com
2014-02-20 17:34:03,fr.dreamstime.com
2014-02-20 17:34:04,thumbs.dreamstime.com
2014-02-20 17:34:05,apis.google.com
2014-02-20 17:34:05,www.facebook.com
2014-02-20 17:34:05,www.google.com
2014-02-20 17:34:06,www.google.com
2014-02-20 17:34:06,fr.dreamstime.com
2014-02-20 17:34:07,fr.dreamstime.com
2014-02-20 17:34:08,fr.dreamstime.com
2014-02-20 17:34:08,thumbs.dreamstime.com
2014-02-20 17:34:08,apis.google.com
2014-02-20 17:34:08,twitter.com
2014-02-20 17:34:09,www.facebook.com
2014-02-20 17:34:09,thumbs.dreamstime.com
2014-02-20 17:34:10,fr.dreamstime.com
2014-02-20 17:34:10,thumbs.dreamstime.com
2014-02-20 17:34:11,thumbs.dreamstime.com
2014-02-20 17:34:11,twitter.com
2014-02-20 17:34:11,www.facebook.com
2014-02-20 17:34:12,apis.google.com
2014-02-20 17:34:12,fr.dreamstime.com
2014-02-20 17:34:12,www.google.com
2014-02-20 17:34:12,thumbs.dreamstime.com
2014-02-20 17:34:20,fr.dreamstime.com
2014-02-20 17:34:21,www.facebook.com
2014-02-20 17:34:21,thumbs.dreamstime.com
2014-02-20 17:34:21,apis.google.com
2014-02-20 17:34:21,www.google.com
2014-02-20 17:34:22,fr.dreamstime.com
2014-02-20 17:34:23,fr.dreamstime.com
2014-02-20 17:34:25,twitter.com
2014-02-20 17:34:25,www.facebook.com
2014-02-20 17:34:25,thumbs.dreamstime.com
2014-02-20 17:34:25,www.google.com
2014-02-20 17:34:26,fr.dreamstime.com
2014-02-20 17:36:59,plus.google.com
2014-02-20 17:38:25,apis.google.com
2014-02-20 17:40:26,drive.google.com
2014-02-20 17:41:10,clients2.google.com
2014-02-20 17:41:11,clients2.google.com
2014-02-20 17:41:12,clients2.google.com
2014-02-20 17:41:13,clients2.google.com
2014-02-20 17:41:14,clients2.google.com
2014-02-20 17:41:16,clients2.google.com
2014-02-20 17:41:16,drive.google.com
2014-02-20 17:41:18,clients2.google.com
2014-02-20 17:41:35,docs.google.com
2014-02-20 17:41:36,1.drive.google.com
2014-02-20 17:41:37,docs.google.com
2014-02-20 17:41:37,drive.google.com
2014-02-20 17:41:37,www.google.com
2014-02-20 17:41:39,mail.google.com
2014-02-20 17:41:40,www.google.fr
2014-02-20 17:41:40,www.google.com
2014-02-20 17:41:40,drive.google.com
2014-02-20 17:41:44,accounts.youtube.com
2014-02-20 17:41:44,accounts.google.com
2014-02-20 17:41:44,www.google.com
2014-02-20 17:41:44,drive.google.com
2014-02-20 17:41:44,accounts.google.fr
2014-02-20 17:41:44,mail.google.com
2014-02-20 17:41:44,docs.google.com
2014-02-20 17:41:44,gg.google.com
2014-02-24 12:21:17,api.bing.com
2014-02-24 12:21:18,api.bing.com
2014-02-24 12:21:19,www.bing.com
2014-02-24 12:21:20,www.bing.com
2014-02-24 12:21:21,www.bing.com
2014-02-24 12:21:23,www.bing.com
2014-02-24 12:21:23,cms.abmr.net
2014-02-24 12:21:27,www.bing.com
2014-02-24 12:21:28,www.bing.com
2014-02-24 12:21:28,drive.google.com
2014-02-24 12:21:29,www.google.com
2014-02-24 12:21:30,accounts.google.com
2014-02-24 12:21:31,accounts.youtube.com
2014-02-24 12:22:17,accounts.google.fr
2014-02-24 12:22:18,www.google.com
2014-02-24 12:22:19,accounts.google.com
2014-02-24 12:22:19,accounts.youtube.com
2014-02-24 12:22:19,accounts.google.fr
2014-02-24 12:22:19,drive.google.com
2014-02-24 12:22:23,drive.google.com
2014-02-24 12:22:24,0.drive.google.com
2014-02-24 12:22:24,drive.google.com
2014-02-24 12:22:24,apis.google.com
2014-02-24 12:22:26,plus.google.com
2014-02-24 12:22:29,apis.google.com
2014-02-24 12:22:30,0.drive.google.com
2014-02-24 12:22:31,docs.google.com
2014-02-24 12:22:31,drive.google.com
2014-02-24 12:22:31,www.google.com
2014-02-24 12:22:32,docs.google.com
2014-02-24 12:22:32,drive.google.com
2014-02-24 12:22:32,plus.google.com
2014-02-24 12:22:33,plus.google.com
2014-02-24 12:22:33,docs.google.com
2014-02-24 12:22:36,docs.google.com
2014-02-24 12:22:37,docs.google.com
2014-02-24 12:22:38,docs.google.com
2014-02-24 12:22:46,docs.google.com
2014-02-24 12:23:09,docs.google.com
2014-02-24 12:23:12,docs.google.com
2014-02-24 12:23:12,plus.google.com
2014-02-24 12:23:12,apis.google.com
2014-02-24 12:23:13,docs.google.com
2014-02-24 12:23:19,docs.google.com
2014-02-24 12:23:19,drive.google.com
2014-02-24 12:23:20,lh4.google.com
2014-02-24 12:23:20,lh6.google.com
2014-02-24 12:23:23,gg.google.com
2014-02-24 12:23:26,lh4.google.com
2014-02-24 12:23:26,lh6.google.com
2014-02-24 12:23:46,ieonline.microsoft.com
2014-02-24 12:27:23,gg.google.com
2014-02-24 12:27:26,drive.google.com
2014-02-24 12:27:27,drive.google.com
2014-02-24 12:27:34,drive.google.com
2014-02-24 12:27:43,drive.google.com
2014-02-24 12:28:26,drive.google.com
2014-02-24 12:30:26,drive.google.com
2014-02-24 12:34:26,drive.google.com
2014-02-24 12:35:00,drive.google.com
2014-02-24 12:35:03,accounts.google.com
2014-02-24 12:35:03,docs.google.com
2014-02-24 12:35:03,www.google.com
2014-02-24 12:36:41,plus.google.com
2014-02-24 12:36:51,plus.google.com
2014-02-24 12:37:00,docs.google.com
2014-02-24 12:37:00,accounts.google.com
2014-02-24 12:37:00,www.google.com
2014-02-24 12:37:00,drive.google.com
2014-02-24 12:40:26,drive.google.com
2014-02-24 12:46:26,drive.google.com
2014-02-24 12:50:26,drive.google.com
2014-02-24 12:52:26,drive.google.com
2014-02-24 12:56:26,drive.google.com
2014-02-24 12:56:54,plus.google.com
2014-02-24 13:00:26,drive.google.com
2014-02-24 13:00:45,api.bing.com
2014-02-24 13:00:46,api.bing.com
2014-02-24 13:00:47,api.bing.com
2014-02-24 13:00:48,api.bing.com
2014-02-24 13:00:49,api.bing.com
2014-02-24 13:00:51,api.bing.com
2014-02-24 13:00:53,api.bing.com
2014-02-24 13:00:54,api.bing.com
2014-02-24 13:00:56,api.bing.com
2014-02-24 13:00:57,api.bing.com
2014-02-24 13:00:58,api.bing.com
2014-02-24 13:00:59,api.bing.com
2014-02-24 13:01:00,www.bing.com
2014-02-24 13:01:02,www.bing.com
2014-02-24 13:01:13,drive.google.com
2014-02-24 13:01:13,www.bing.com
2014-02-24 13:12:26,drive.google.com
2014-02-24 13:15:27,api.bing.com
2014-02-24 13:15:31,api.bing.com
2014-02-24 13:15:32,api.bing.com
2014-02-24 13:15:34,api.bing.com
2014-02-24 13:15:35,api.bing.com
2014-02-24 13:15:43,www.bing.com
2014-02-24 13:15:44,www.bing.com
2014-02-24 13:15:52,www.bing.com
2014-02-24 13:15:52,en.wikipedia.org
2014-02-24 13:15:52,bits.wikimedia.org
2014-02-24 13:15:53,bits.wikimedia.org
2014-02-24 13:15:53,login.wikimedia.org
2014-02-24 13:15:54,en.wikipedia.org
2014-02-24 13:15:54,bits.wikimedia.org
2014-02-24 13:15:54,meta.wikimedia.org
2014-02-24 13:15:55,bits.wikimedia.org
2014-02-24 13:16:26,drive.google.com
2014-02-24 13:16:53,en.wikipedia.org
2014-02-24 13:16:53,bits.wikimedia.org
2014-02-24 13:16:54,meta.wikimedia.org
2014-02-24 13:16:54,en.wikipedia.org
2014-02-24 13:16:56,plus.google.com
2014-02-24 13:17:19,en.wikipedia.org
2014-02-24 13:17:19,bits.wikimedia.org
2014-02-24 13:17:20,meta.wikimedia.org
2014-02-24 13:17:20,en.wikipedia.org
2014-02-24 13:18:59,en.wikipedia.org
2014-02-24 13:19:00,meta.wikimedia.org
2014-02-24 13:19:05,bits.wikimedia.org
2014-02-24 13:19:12,en.wikipedia.org
2014-02-24 13:19:13,en.wikipedia.org
2014-02-24 13:19:14,en.wikipedia.org
2014-02-24 13:19:15,en.wikipedia.org
2014-02-24 13:19:15,bits.wikimedia.org
2014-02-24 13:19:25,api.bing.com
2014-02-24 13:19:26,api.bing.com
2014-02-24 13:19:27,www.bing.com
2014-02-24 13:19:28,www.bing.com
2014-02-24 13:19:30,www.bing.com
2014-02-24 13:19:30,fr.wikipedia.org
2014-02-24 13:19:31,bits.wikimedia.org
2014-02-24 13:19:31,login.wikimedia.org
2014-02-24 13:19:32,meta.wikimedia.org
2014-02-24 13:19:32,bits.wikimedia.org
2014-02-24 13:19:33,meta.wikimedia.org
2014-02-24 13:19:33,fr.wikipedia.org
2014-02-24 13:20:05,meta.wikimedia.org
2014-02-24 13:20:05,bits.wikimedia.org
2014-02-24 13:20:05,fr.wikipedia.org
2014-02-24 13:20:06,fr.wikipedia.org
2014-02-24 13:20:43,fr.wikipedia.org
2014-02-24 13:20:43,meta.wikimedia.org
2014-02-24 13:20:44,fr.wikipedia.org
2014-02-24 13:23:42,0.drive.google.com
2014-02-24 13:23:44,www.bing.com
2014-02-24 13:23:46,www.bing.com
2014-02-24 13:23:53,www.bing.com
2014-02-24 13:23:54,www.bing.com
2014-02-24 13:23:56,www.bing.com
2014-02-24 13:23:56,fr.wikipedia.org
2014-02-24 13:23:56,bits.wikimedia.org
2014-02-24 13:23:57,meta.wikimedia.org
2014-02-24 13:23:57,fr.wikipedia.org
2014-02-24 13:24:28,bits.wikimedia.org
2014-02-24 13:24:28,meta.wikimedia.org
2014-02-24 13:24:28,fr.wikipedia.org
2014-02-24 13:25:13,fr.wikipedia.org
2014-02-24 13:25:14,meta.wikimedia.org
2014-02-24 13:25:14,fr.wikipedia.org
2014-02-24 13:25:20,fr.wikipedia.org
2014-02-24 13:25:20,meta.wikimedia.org
2014-02-24 13:25:21,fr.wikipedia.org
2014-02-24 13:27:59,fr.wikipedia.org
2014-02-24 13:28:00,meta.wikimedia.org
2014-02-24 13:28:00,fr.wikipedia.org
2014-02-24 13:28:01,meta.wikimedia.org
2014-02-24 13:28:02,www.bing.com
2014-02-24 13:28:03,www.bing.com
2014-02-24 13:28:12,www.bing.com
2014-02-24 13:28:14,www.bing.com
2014-02-24 13:28:14,fr.wikipedia.org
2014-02-24 13:28:14,bits.wikimedia.org
2014-02-24 13:28:15,meta.wikimedia.org
2014-02-24 13:28:15,bits.wikimedia.org
2014-02-24 13:28:15,fr.wikipedia.org
2014-02-24 13:32:11,drive.google.com
2014-02-24 13:32:11,www.bing.com
2014-02-24 13:32:23,www.bing.com
2014-02-24 13:32:32,www.bing.com
2014-02-24 13:32:32,webpeda.ac-montpellier.fr
2014-02-24 13:36:56,plus.google.com
2014-02-24 13:37:55,en.wikipedia.org
2014-02-24 13:37:56,en.wikipedia.org
2014-02-24 13:37:57,en.wikipedia.org
2014-02-24 13:37:58,en.wikipedia.org
2014-02-24 13:37:58,bits.wikimedia.org
2014-02-24 13:37:59,bits.wikimedia.org
2014-02-24 13:37:59,en.wikipedia.org
2014-02-24 13:38:38,api.bing.com
2014-02-24 13:38:39,www.bing.com
2014-02-24 13:38:44,www.bing.com
2014-02-24 13:38:45,fr.wikipedia.org
2014-02-24 13:38:45,bits.wikimedia.org
2014-02-24 13:38:45,meta.wikimedia.org
2014-02-24 13:38:48,bits.wikimedia.org
2014-02-24 13:38:48,meta.wikimedia.org
2014-02-24 13:38:48,fr.wikipedia.org
2014-02-24 13:39:13,bits.wikimedia.org
2014-02-24 13:39:19,fr.wikipedia.org
2014-02-24 13:39:20,fr.wikipedia.org
2014-02-24 13:39:21,fr.wikipedia.org
2014-02-24 13:39:22,fr.wikipedia.org
2014-02-24 13:39:22,meta.wikimedia.org
2014-02-24 13:39:36,bits.wikimedia.org
2014-02-24 13:39:36,fr.wikipedia.org
2014-02-24 13:39:37,meta.wikimedia.org
2014-02-24 13:39:37,fr.wikipedia.org
2014-02-24 13:40:27,fr.wikipedia.org
2014-02-24 13:40:28,meta.wikimedia.org
2014-02-24 13:40:28,fr.wikipedia.org
2014-02-24 13:42:44,fr.wikipedia.org
2014-02-24 13:42:44,bits.wikimedia.org
2014-02-24 13:42:44,meta.wikimedia.org
2014-02-24 13:42:45,fr.wikipedia.org
2014-02-24 13:42:48,meta.wikimedia.org
2014-02-24 13:42:48,fr.wikipedia.org
2014-02-24 13:44:02,0.drive.google.com
2014-02-24 13:44:17,api.bing.com
2014-02-24 13:44:18,api.bing.com
2014-02-24 13:44:19,www.bing.com
2014-02-24 13:44:20,www.bing.com
2014-02-24 13:44:22,drive.google.com
2014-02-24 13:44:26,1.drive.google.com
2014-02-24 13:44:27,plus.google.com
2014-02-24 13:44:28,www.google.com
2014-02-24 13:44:31,1.drive.google.com
2014-02-24 13:44:32,drive.google.com
2014-02-24 13:44:32,www.google.com
2014-02-24 13:44:32,plus.google.com
2014-02-24 13:44:32,docs.google.com
2014-02-24 13:44:32,accounts.google.com
2014-02-24 13:44:33,accounts.youtube.com
2014-02-24 13:44:33,1.drive.google.com
2014-02-24 13:44:36,accounts.google.fr
2014-02-24 13:44:36,www.google.com
2014-02-24 13:44:36,www.google.fr
2014-02-24 13:44:37,drive.google.com
2014-02-24 13:44:37,www.google.com
2014-02-24 13:44:37,docs.google.com
2014-02-24 13:44:52,accounts.google.com
2014-02-24 13:44:52,docs.google.com
2014-02-24 13:44:52,www.google.com
2014-02-24 13:44:52,drive.google.com
2014-02-24 13:44:52,accounts.google.fr
2014-02-24 13:44:52,accounts.youtube.com
2014-02-27 12:15:06,api.bing.com
2014-02-27 12:15:07,api.bing.com
2014-02-27 12:15:08,www.google.fr
2014-02-27 12:15:10,www.google.fr
2014-02-27 12:15:12,www.google.com
2014-02-27 12:15:13,apis.google.com
2014-02-27 12:15:27,apis.google.com
2014-02-27 12:15:27,www.google.com
2014-02-27 12:15:27,www.google.fr
2014-02-27 12:15:28,www.google.fr
2014-02-27 12:18:11,us-request.foxitservice.com
2014-02-27 12:28:20,api.bing.com
2014-02-27 12:28:21,api.bing.com
2014-02-27 12:28:23,www.bing.com
2014-02-27 12:28:24,www.bing.com
2014-02-27 12:28:25,www.bing.com
2014-02-27 12:28:25,cms.abmr.net
2014-02-27 12:28:26,www.bing.com
2014-02-27 12:28:26,drive.google.com
2014-02-27 12:28:27,accounts.google.com
2014-02-27 12:28:28,accounts.youtube.com
2014-02-27 12:28:50,accounts.google.fr
2014-02-27 12:28:56,0.drive.google.com
2014-02-27 12:28:56,www.google.com
2014-02-27 12:28:57,accounts.google.fr
2014-02-27 12:28:57,accounts.youtube.com
2014-02-27 12:28:57,accounts.google.com
2014-02-27 12:28:58,plus.google.com
2014-02-27 12:29:00,0.drive.google.com
2014-02-27 12:29:02,www.google.com
2014-02-27 12:29:03,docs.google.com
2014-02-27 12:29:03,drive.google.com
2014-02-27 12:29:03,plus.google.com
2014-02-27 12:29:05,docs.google.com
2014-02-27 12:29:10,plus.google.com
2014-02-27 12:29:11,drive.google.com
2014-02-27 12:29:12,docs.google.com
2014-02-27 12:29:13,docs.google.com
2014-02-27 12:29:17,docs.google.com
2014-02-27 12:29:22,docs.google.com
2014-02-27 12:29:22,drive.google.com
2014-02-27 12:29:55,gg.google.com
2014-02-27 12:33:21,drive.google.com
2014-02-27 12:33:55,gg.google.com
2014-02-27 12:35:17,drive.google.com
2014-02-27 12:36:57,drive.google.com
2014-02-27 12:39:12,drive.google.com
2014-02-27 12:41:53,drive.google.com
2014-02-27 12:43:15,plus.google.com
2014-02-27 12:43:26,0.drive.google.com
2014-02-27 12:43:29,api.bing.com
2014-02-27 12:43:30,api.bing.com
2014-02-27 12:43:31,api.bing.com
2014-02-27 12:43:32,www.bing.com
2014-02-27 12:43:32,plus.google.com
2014-02-27 12:43:33,www.bing.com
2014-02-27 12:43:37,1.drive.google.com
2014-02-27 12:43:40,1.drive.google.com
2014-02-27 12:43:42,plus.google.com
2014-02-27 12:43:42,1.drive.google.com
2014-02-27 12:43:42,www.google.fr
2014-02-27 12:43:42,drive.google.com
2014-02-27 12:43:56,accounts.youtube.com
2014-02-27 12:43:56,accounts.google.com
2014-02-27 12:43:56,drive.google.com
2014-02-27 12:43:56,accounts.google.fr
2014-02-27 12:43:56,www.google.com
2014-03-31 15:41:50,api.bing.com
2014-03-31 15:41:51,api.bing.com
2014-03-31 15:41:56,www.google.fr
2014-03-31 15:42:02,www.google.fr
2014-03-31 15:42:05,www.google.com
2014-03-31 15:42:05,apis.google.com
2014-03-31 15:43:12,www.google.fr
2014-03-31 15:43:33,www.google.fr
2014-03-31 15:43:33,fr.wikipedia.org
2014-03-31 15:43:33,bits.wikimedia.org
2014-03-31 15:43:33,apis.google.com
2014-03-31 15:43:33,www.google.com
2014-03-31 15:43:34,bits.wikimedia.org
2014-03-31 15:43:34,login.wikimedia.org
2014-03-31 15:43:35,bits.wikimedia.org
2014-03-31 15:43:35,meta.wikimedia.org
2014-03-31 15:43:36,fr.wikipedia.org
2014-03-31 15:43:36,meta.wikimedia.org
2014-03-31 15:43:36,bits.wikimedia.org
2014-03-31 15:43:45,ieonline.microsoft.com
2014-03-31 15:44:40,api.bing.com
2014-03-31 15:44:41,api.bing.com
2014-03-31 15:44:42,api.bing.com
2014-03-31 15:44:43,api.bing.com
2014-03-31 15:44:44,api.bing.com
2014-03-31 15:44:45,api.bing.com
2014-03-31 15:44:46,api.bing.com
2014-03-31 15:44:47,api.bing.com
2014-03-31 15:45:01,api.bing.com
2014-03-31 15:45:02,api.bing.com
2014-03-31 15:45:03,api.bing.com
2014-03-31 15:45:05,api.bing.com
2014-03-31 15:45:06,api.bing.com
2014-03-31 15:45:07,api.bing.com
2014-03-31 15:45:10,api.bing.com
2014-03-31 15:45:11,api.bing.com
2014-03-31 15:45:12,api.bing.com
2014-03-31 15:45:12,www.bing.com
2014-03-31 15:45:13,www.bing.com
2014-03-31 15:45:14,cms.abmr.net
2014-03-31 15:45:31,www.bing.com
2014-03-31 15:45:31,perso.neel.cnrs.fr
2014-03-31 15:45:32,www.bing.com
2014-03-31 15:45:34,www.bing.com
2014-03-31 15:45:34,perso.neel.cnrs.fr
2014-03-31 15:49:08,api.bing.com
2014-03-31 15:49:09,api.bing.com
2014-03-31 15:49:10,fr.wikipedia.org
2014-03-31 15:49:11,bits.wikimedia.org
2014-03-31 15:49:15,meta.wikimedia.org
2014-03-31 15:49:16,fr.wikipedia.org
2014-03-31 15:49:18,api.bing.com
2014-03-31 15:49:19,www.google.fr
2014-03-31 15:49:20,www.google.fr
2014-03-31 15:49:51,www.google.fr
2014-03-31 15:49:54,web.isen-bretagne.fr
2014-03-31 15:50:42,www.google.fr
2014-03-31 15:50:42,web.isen-bretagne.fr
2014-03-31 15:51:01,www.google.fr
2014-03-31 15:51:01,forums.futura-sciences.com
2014-03-31 15:51:02,www.futura-sciences.com
2014-03-31 15:51:02,yui.yahooapis.com
2014-03-31 15:51:02,www.google.fr
2014-03-31 15:51:02,forums.futura-sciences.com
2014-03-31 15:51:02,legacy.futura-sciences.com
2014-03-31 15:51:02,fr.intext.adfever.com
2014-03-31 15:51:02,www.google.com
2014-03-31 15:51:03,forums.futura-sciences.com
2014-03-31 15:51:05,forums.futura-sciences.com
2014-03-31 15:51:09,www.google.fr
2014-03-31 15:51:09,www.futura-sciences.com
2014-03-31 15:51:09,legacy.futura-sciences.com
2014-03-31 15:51:10,forums.futura-sciences.com
2014-03-31 15:51:14,www.google.com
2014-03-31 15:51:16,www.google.com
2014-03-31 15:51:17,forums.futura-sciences.com
2014-03-31 15:51:17,connect.facebook.net
2014-03-31 15:51:17,platform.twitter.com
2014-03-31 15:51:17,apis.google.com
2014-03-31 15:51:18,platform.twitter.com
2014-03-31 15:51:18,apis.google.com
2014-03-31 15:51:19,static.ak.facebook.com
2014-03-31 15:51:19,s-static.ak.facebook.com
2014-03-31 15:51:20,apis.google.com
2014-03-31 15:51:20,twitter.com
2014-03-31 15:51:21,platform.twitter.com
2014-03-31 15:51:21,s-static.ak.facebook.com
2014-03-31 15:51:21,accounts.google.com
2014-03-31 15:51:21,apis.google.com
2014-03-31 15:51:22,www.facebook.com
2014-03-31 15:51:22,accounts.google.com
2014-03-31 15:51:22,twitter.com
2014-03-31 15:51:22,platform.twitter.com
2014-03-31 15:51:22,apis.google.com
2014-03-31 15:51:23,forums.futura-sciences.com
2014-03-31 15:51:24,www.facebook.com
2014-03-31 15:51:30,forums.futura-sciences.com
2014-03-31 15:51:32,www.google.com
2014-03-31 15:51:41,www.google.com
2014-03-31 15:51:43,www.google.com
2014-03-31 15:51:44,www.google.com
2014-03-31 15:52:19,bits.wikimedia.org
2014-03-31 15:52:19,www.facebook.com
2014-03-31 15:52:19,fr.wikipedia.org
2014-03-31 15:52:19,www.google.fr
2014-03-31 15:52:21,fr.wikipedia.org
2014-03-31 15:52:21,bits.wikimedia.org
2014-03-31 15:52:21,meta.wikimedia.org
2014-03-31 15:54:45,www.google.fr
2014-03-31 15:56:18,www.google.fr
2014-03-31 15:56:35,meta.wikimedia.org
2014-03-31 15:56:35,bits.wikimedia.org
2014-03-31 15:56:35,fr.wikipedia.org
2014-03-31 15:56:35,www.google.fr
2014-03-31 15:56:36,meta.wikimedia.org
2014-03-31 15:56:36,fr.wikipedia.org
2014-03-31 15:56:55,www.google.fr
2014-03-31 15:56:55,fr.wikipedia.org
2014-03-31 15:56:56,bits.wikimedia.org
2014-03-31 15:56:56,meta.wikimedia.org
2014-03-31 15:56:56,fr.wikipedia.org
2014-04-24 16:01:57,ocsp.thawte.com
2014-04-24 16:03:27,sci.sciences.univ-bpclermont.fr
2014-04-24 16:03:30,www.univ-bpclermont.fr
2014-04-24 16:03:31,www.univ-bpclermont.fr
2014-04-24 16:03:31,sci.sciences.univ-bpclermont.fr
2014-04-24 16:03:32,www.univ-bpclermont.fr
2014-04-24 16:03:36,ocsp.usertrust.com
2014-04-24 16:03:36,gtglobal-ocsp.geotrust.com
2014-04-24 16:03:36,clients1.google.com
2014-04-24 16:03:36,ent.univ-bpclermont.fr
2014-04-24 16:03:36,www.univ-bpclermont.fr
2014-04-24 16:03:36,ocsp.tcs.terena.org
2014-04-24 16:03:37,ent.univ-bpclermont.fr
2014-04-24 16:03:37,clients1.google.com
2014-04-24 16:03:39,www.univ-bpclermont.fr
2014-04-24 16:03:49,www.univ-bpclermont.fr
2014-04-24 16:04:09,ent.univ-bpclermont.fr
2014-04-24 16:04:10,ent.univ-bpclermont.fr
2014-04-24 16:04:10,www.univ-bpclermont.fr
2014-04-24 16:04:11,ent.univ-bpclermont.fr
2014-04-24 16:04:18,ent.univ-bpclermont.fr
2014-04-24 16:04:19,ent.univ-bpclermont.fr
2014-04-24 16:04:19,www.univ-bpclermont.fr
2014-04-24 16:04:58,safebrowsing.clients.google.com
2014-04-24 16:04:58,safebrowsing-cache.google.com
2014-04-24 16:06:15,ocsp.thawte.com
2014-04-24 16:06:21,sci.sciences.univ-bpclermont.fr
2014-04-24 16:06:25,ent.univ-bpclermont.fr
2014-04-24 16:06:25,www.univ-bpclermont.fr
2014-04-24 16:06:26,ocsp.tcs.terena.org
2014-04-24 16:06:26,ocsp.usertrust.com
2014-04-24 16:06:26,www.univ-bpclermont.fr
2014-04-24 16:06:27,www.univ-bpclermont.fr
2014-04-24 16:06:41,ent.univ-bpclermont.fr
2014-04-24 16:06:42,www.univ-bpclermont.fr
2014-04-24 16:06:42,ent.univ-bpclermont.fr
2014-04-24 16:06:48,www.univ-bpclermont.fr
2014-04-24 16:06:48,ent.univ-bpclermont.fr
2014-04-24 16:06:58,ent.univ-bpclermont.fr
2014-04-24 16:07:32,reunions.univ-bpclermont.fr
2014-04-24 16:07:32,graal.univ-bpclermont.fr
2014-04-24 16:07:32,claroline.univ-bpclermont.fr
2014-04-24 16:07:32,stages.univ-bpclermont.fr
2014-04-24 16:07:32,edt.univ-bpclermont.fr
2014-04-24 16:07:32,filez.univ-bpclermont.fr
2014-04-24 16:07:32,forums.univ-bpclermont.fr
2014-04-24 16:07:32,dokudsi.univ-bpclermont.fr
2014-04-24 16:07:32,ent.univ-bpclermont.fr
2014-04-24 16:07:32,www.univ-bpclermont.fr
2014-04-24 16:07:35,graal.univ-bpclermont.fr
2014-04-24 16:07:35,dokudsi.univ-bpclermont.fr
2014-04-24 16:07:36,claroline.univ-bpclermont.fr
2014-04-24 16:07:36,edt.univ-bpclermont.fr
