timestamp,site
2013-11-22 10:02:45,fpdownload2.macromedia.com
2013-11-22 10:02:50,go.microsoft.com
2013-11-22 10:02:50,windows.microsoft.com
2013-11-22 10:02:50,ajax.microsoft.com
2013-11-22 10:02:50,res1.windows.microsoft.com
2013-11-22 10:02:50,res2.windows.microsoft.com
2013-11-22 10:02:50,js.microsoft.com
2013-11-22 10:02:51,res1.windows.microsoft.com
2013-11-22 10:02:51,res2.windows.microsoft.com
2013-11-22 10:02:51,js.microsoft.com
2013-11-22 10:02:51,windows.microsoft.com
2013-11-22 10:02:52,google.fr
2013-11-22 10:02:52,www.google.fr
2013-11-22 10:03:04,www.google.fr
2013-11-22 10:03:05,apis.google.com
2013-11-22 10:03:07,www.google.com
2013-11-22 10:04:09,ieonline.microsoft.com
2013-11-22 10:04:22,apis.google.com
2013-11-22 10:04:22,www.google.com
2013-11-22 10:04:47,www.google.fr
2013-11-22 10:04:50,www.seinturier.fr
2013-11-22 10:04:51,www.seinturier.fr
2013-11-22 10:05:02,www.seinturier.fr
2013-11-22 10:05:02,apis.google.com
2013-11-22 10:05:03,www.seinturier.fr
2013-11-22 10:05:27,www.seinturier.fr
2013-11-22 10:06:04,www.seinturier.fr
2013-11-22 10:06:05,www.seinturier.fr
2013-11-22 10:06:19,www.google.fr
2013-11-22 10:06:46,www.google.fr
2013-11-22 10:06:46,pageperso.lif.univ-mrs.fr
2013-11-22 10:06:54,www.iut-tlse3.fr
2013-11-22 10:06:54,www.google.fr
2013-11-22 10:06:55,www.iut-tlse3.fr
2013-11-22 10:06:56,www.iut-tlse3.fr
2013-11-22 10:08:01,www.iut-tlse3.fr
2013-11-22 10:08:55,www.google.fr
2013-11-22 10:09:07,www.google.fr
2013-11-22 10:09:09,www.seinturier.fr
2013-11-22 10:09:18,www.seinturier.fr
2013-11-22 10:09:29,apis.google.com
2013-11-22 10:09:56,www.seinturier.fr
2013-11-22 10:09:59,www.google.fr
2013-11-22 10:09:59,www.seinturier.fr
2013-11-22 10:10:01,www.iut-tlse3.fr
2013-11-22 10:10:02,www.seinturier.fr
2013-11-22 10:10:14,apis.google.com
2013-11-22 10:10:31,apis.google.com
2013-11-22 10:11:18,apis.google.com
2013-11-22 10:12:01,www.iut-tlse3.fr
2013-11-22 10:13:55,www.google.fr
2013-11-22 10:18:05,www.google.fr
2013-11-22 10:19:17,www.google.fr
2013-11-22 10:19:18,support.microsoft.com
2013-11-22 10:19:18,www.microsoft.com
2013-11-22 10:19:18,nexus.ensighten.com
2013-11-22 10:19:19,www.microsoft.com
2013-11-22 10:19:19,support.microsoft.com
2013-11-22 10:19:19,nexus.ensighten.com
2013-11-22 10:19:20,support.microsoft.com
2013-11-22 10:19:20,www.bing.com
2013-11-22 10:19:20,www.microsofttranslator.com
2013-11-22 10:19:21,api.microsofttranslator.com
2013-11-22 10:19:21,www.microsofttranslator.com
2013-11-22 10:19:22,www.microsoft.com
2013-11-22 10:19:22,www.bing.com
2013-11-22 10:19:22,api.microsofttranslator.com
2013-11-22 10:19:22,support.microsoft.com
2013-11-22 10:19:22,www.microsofttranslator.com
2013-11-22 10:19:23,api.microsofttranslator.com
2013-11-22 10:19:24,support.microsoft.com
2013-11-22 10:19:24,www.microsofttranslator.com
2013-11-22 10:19:25,support.microsoft.com
2013-11-22 10:19:25,c1.microsoft.com
2013-11-22 10:19:25,www.bing.com
2013-11-22 10:19:25,www.microsoft.com
2013-11-22 10:19:26,c1.microsoft.com
2013-11-22 10:19:30,www.microsofttranslator.com
2013-11-22 10:19:53,support.microsoft.com
2013-11-22 10:20:26,www.google.fr
2013-11-22 10:20:36,www.google.fr
2013-11-22 10:20:37,jean-luc.massat.perso.luminy.univ-amu.fr
2013-11-22 10:20:37,pages-perso.luminy.univmed.fr
2013-11-22 10:20:38,www.lri.fr
2013-11-22 10:20:53,www.lri.fr
2013-11-22 10:21:17,www.microsoft.com
2013-11-22 10:22:30,www.google.fr
2013-11-22 10:23:24,www.google.fr
2013-11-22 10:23:44,www.google.fr
2013-11-22 10:23:46,i3.msdn.microsoft.com
2013-11-22 10:23:47,i3.msdn.microsoft.com
2013-11-22 10:23:47,js.microsoft.com
2013-11-22 10:23:47,i4.services.social.microsoft.com
2013-11-22 10:23:47,i2.msdn.microsoft.com
2013-11-22 10:23:47,msdn.microsoft.com
2013-11-22 10:23:48,js.microsoft.com
2013-11-22 10:25:02,premium.hi-mediaserver.com
2013-11-22 10:25:02,www.google.com
2013-11-22 10:25:02,www.developpez.com
2013-11-22 10:25:02,erwy.developpez.com
2013-11-22 10:25:02,www.google.fr
2013-11-22 10:25:03,erwy.developpez.com
2013-11-22 10:25:03,www.developpez.com
2013-11-22 10:25:05,www.facebook.com
2013-11-22 10:25:12,www.google.fr
2013-11-22 10:25:13,www.tal.univ-paris3.fr
2013-11-22 10:25:14,erwy.developpez.com
2013-11-22 10:25:17,www.google.fr
2013-11-22 10:25:17,www.fil.univ-lille1.fr
2013-11-22 10:25:20,www.google.fr
2013-11-22 10:25:20,xmlfr.org
2013-11-22 10:25:21,validator.w3.org
2013-11-22 10:25:23,validator.w3.org
2013-11-22 10:25:23,xmlfr.org
2013-11-22 10:26:36,www.google.fr
2013-11-22 10:45:11,www.google.fr
2013-11-22 10:45:13,msdn.microsoft.com
2013-11-22 10:45:13,i2.msdn.microsoft.com
2013-11-22 10:45:13,i4.services.social.microsoft.com
2013-11-22 10:45:13,js.microsoft.com
2013-11-22 10:45:13,i3.msdn.microsoft.com
2013-11-22 10:45:14,js.microsoft.com
2013-11-22 10:45:15,js.microsoft.com
2013-11-22 10:45:38,www.baidu.com
2013-11-22 10:45:39,s1.bdstatic.com
2013-11-22 10:45:39,www.baidu.com
2013-11-22 10:45:40,passport.baidu.com
2013-11-22 10:45:46,www.baidu.com
2013-11-22 10:45:46,s1.bdstatic.com
2013-11-22 10:45:47,t10.baidu.com
2013-11-22 10:45:47,api.share.baidu.com
2013-11-22 10:45:47,passport.baidu.com
2013-11-22 10:45:47,t12.baidu.com
2013-11-22 10:45:47,www.baidu.com
2013-11-22 10:45:47,t11.baidu.com
2013-11-22 10:45:48,c.baidu.com
2013-11-22 10:45:48,www.baidu.com
2013-11-22 10:45:48,sclick.baidu.com
2013-11-22 10:45:54,imgcache.qq.com
2013-11-22 10:45:54,appimg2.qq.com
2013-11-22 10:45:55,appimg2.qq.com
2013-11-22 10:45:59,www.google.fr
2013-11-22 10:46:00,appimg2.qq.com
2013-11-22 10:46:00,fusion.qq.com
2013-11-22 10:46:00,imgcache.qq.com
2013-11-22 10:46:00,msdn.microsoft.com
2013-11-22 10:46:00,qzs.qzone.qq.com
2013-11-22 10:46:01,js.microsoft.com
2013-11-22 10:46:01,appimg2.qq.com
2013-11-22 10:46:01,imgcache.qq.com
2013-11-22 10:46:01,show.qq.com
2013-11-22 10:46:01,ui.ptlogin2.qq.com
2013-11-22 10:46:01,isdspeed.qq.com
2013-11-22 10:46:03,ui.ptlogin2.qq.com
2013-11-22 10:46:05,appimg2.qq.com
2013-11-22 10:46:07,appimg2.qq.com
2013-11-22 10:46:14,www.google.fr
2013-11-22 10:46:31,ptlogin2.qq.com
2013-11-22 10:46:58,ptlogin2.qq.com
2013-11-22 10:46:59,appimg2.qq.com
2013-11-22 10:46:59,fusion.qq.com
2013-11-22 10:46:59,imgcache.qq.com
2013-11-22 10:46:59,isdspeed.qq.com
2013-11-22 10:47:00,appimg2.qq.com
2013-11-22 10:47:01,appimg2.qq.com
2013-11-22 10:47:01,isdspeed.qq.com
2013-11-22 10:47:02,isdspeed.qq.com
2013-11-22 10:47:02,appimg2.qq.com
2013-11-22 10:47:02,qlogo3.store.qq.com
2013-11-22 10:47:02,imgcache.qq.com
2013-11-22 10:47:03,imgcache.qq.com
2013-11-22 10:47:03,appimg2.qq.com
2013-11-22 10:47:03,isdspeed.qq.com
2013-11-22 10:47:04,isdspeed.qq.com
2013-11-22 10:47:04,appimg2.qq.com
2013-11-22 10:47:05,appimg2.qq.com
2013-11-22 10:47:08,isdspeed.qq.com
2013-11-22 10:47:08,appimg2.qq.com
2013-11-22 10:47:10,appimg2.qq.com
2013-11-22 10:47:11,isdspeed.qq.com
2013-11-22 10:47:17,isdspeed.qq.com
2013-11-22 10:47:19,appimg2.qq.com
2013-11-22 10:47:20,isdspeed.qq.com
2013-11-22 10:47:25,appimg2.qq.com
2013-11-22 10:47:27,appimg2.qq.com
2013-11-22 10:47:29,isdspeed.qq.com
2013-11-22 10:47:29,appimg2.qq.com
2013-11-22 10:47:31,appimg2.qq.com
2013-11-22 10:47:32,appimg2.qq.com
2013-11-22 10:47:32,isdspeed.qq.com
2013-11-22 10:47:33,appimg2.qq.com
2013-11-22 10:47:34,appimg2.qq.com
2013-11-22 10:47:35,appimg2.qq.com
2013-11-22 10:47:40,isdspeed.qq.com
2013-11-22 10:47:50,www.google.fr
2013-11-22 10:47:52,www.ibm.com
2013-11-22 10:47:52,pt200204.unica.com
2013-11-22 10:47:52,publib.boulder.ibm.com
2013-11-22 10:47:53,publib.boulder.ibm.com
2013-11-22 10:47:54,publib.boulder.ibm.com
2013-11-22 10:47:55,publib.boulder.ibm.com
2013-11-22 10:47:55,pt200204.unica.com
2013-11-22 10:47:55,www.ibm.com
2013-11-22 10:47:56,pt200204.unica.com
2013-11-22 10:47:56,publib.boulder.ibm.com
2013-11-22 10:47:57,publib.boulder.ibm.com
2013-11-22 10:47:58,publib.boulder.ibm.com
2013-11-22 10:47:59,publib.boulder.ibm.com
2013-11-22 10:48:00,publib.boulder.ibm.com
2013-11-22 10:48:35,pt200204.unica.com
2013-11-22 10:48:35,publib.boulder.ibm.com
2013-11-22 10:49:04,www.google.fr
2013-11-22 10:51:12,www.google.fr
2013-11-22 10:52:00,isdspeed.qq.com
2013-11-22 10:52:02,appimg2.qq.com
2013-11-22 10:52:03,appimg2.qq.com
2013-11-22 10:52:04,appimg2.qq.com
2013-11-22 10:52:05,appimg2.qq.com
2013-11-22 10:52:14,isdspeed.qq.com
2013-11-22 10:52:22,appimg2.qq.com
2013-11-22 10:52:23,appimg2.qq.com
2013-11-22 10:52:26,appimg2.qq.com
2013-11-22 10:52:27,appimg2.qq.com
2013-11-22 10:52:27,qlogo1.store.qq.com
2013-11-22 10:52:27,isdspeed.qq.com
2013-11-22 10:52:27,qlogo4.store.qq.com
2013-11-22 10:52:27,qlogo3.store.qq.com
2013-11-22 10:52:27,qlogo2.store.qq.com
2013-11-22 10:52:28,qlogo3.store.qq.com
2013-11-22 10:52:28,qlogo2.store.qq.com
2013-11-22 10:52:29,appimg2.qq.com
2013-11-22 10:52:30,isdspeed.qq.com
2013-11-22 10:52:30,qlogo3.store.qq.com
2013-11-22 10:52:30,appimg2.qq.com
2013-11-22 10:52:31,isdspeed.qq.com
2013-11-22 10:52:33,isdspeed.qq.com
2013-11-22 10:52:36,isdspeed.qq.com
2013-11-22 10:52:37,appimg2.qq.com
2013-11-22 10:52:38,imgcache.qq.com
2013-11-22 10:52:38,appimg2.qq.com
2013-11-22 10:52:56,isdspeed.qq.com
2013-11-22 10:52:58,appimg2.qq.com
2013-11-22 10:52:59,appimg2.qq.com
2013-11-22 10:53:00,appimg2.qq.com
2013-11-22 10:53:03,www.google.fr
2013-11-22 10:53:13,www.google.fr
2013-11-22 10:53:13,www.i3s.unice.fr
2013-11-22 10:53:16,www.google.fr
2013-11-22 10:53:17,andreipb.free.fr
2013-11-22 10:53:26,www.google.fr
2013-11-22 10:53:26,pageperso.lif.univ-mrs.fr
2013-11-22 10:55:00,appimg2.qq.com
2013-11-22 10:55:01,appimg2.qq.com
2013-11-22 10:55:02,appimg2.qq.com
2013-11-22 10:55:03,appimg2.qq.com
2013-11-22 10:55:04,appimg2.qq.com
2013-11-22 10:57:02,www.google.fr
2013-11-22 10:57:03,platform.twitter.com
2013-11-22 10:57:03,www.grappa.univ-lille3.fr
2013-11-22 10:57:03,connect.facebook.net
2013-11-22 10:57:04,static.ak.facebook.com
2013-11-22 10:57:05,s-static.ak.facebook.com
2013-11-22 10:57:06,www.grappa.univ-lille3.fr
2013-11-22 10:57:07,www.facebook.com
2013-11-22 10:57:15,apis.google.com
2013-11-22 10:57:15,twitter.com
2013-11-22 10:57:18,accounts.google.com
2013-11-22 10:57:45,twitter.com
2013-11-22 10:58:15,www.google.fr
2013-11-22 10:58:20,www.google.fr
2013-11-22 10:58:20,apis.google.com
2013-11-22 10:58:21,igm.u-pem.fr
2013-11-22 10:58:21,accounts.google.com
2013-11-22 10:58:21,igm.univ-mlv.fr
2013-11-22 10:58:26,www.google.fr
2013-11-22 10:58:26,public.telecom-bretagne.eu
2013-11-22 10:58:29,www.google.fr
2013-11-22 10:58:30,rheuh.free.fr
2013-11-22 11:00:02,appimg2.qq.com
2013-11-22 11:00:03,appimg2.qq.com
2013-11-22 11:00:04,appimg2.qq.com
2013-11-22 11:00:05,appimg2.qq.com
2013-11-22 11:00:06,appimg2.qq.com
2013-11-22 11:00:07,appimg2.qq.com
2013-11-22 11:02:53,www.hotmail.com
2013-11-22 11:03:03,login.live.com
2013-11-22 11:03:09,www.google.fr
2013-11-22 11:03:20,login.live.com
2013-11-22 11:03:28,login.live.com
2013-11-22 11:03:38,login.live.com
2013-11-22 11:03:40,mail.live.com
2013-11-22 11:03:41,dub122.mail.live.com
2013-11-22 11:03:42,dub122.mail.live.com
2013-11-22 11:03:43,dub122.mail.live.com
2013-11-22 11:03:43,cid-1f47bec9eecebf8d.users.storage.live.com
2013-11-22 11:03:44,ea.galerieslafayette.com
2013-11-22 11:03:44,h.live.com
2013-11-22 11:03:44,dub122.mail.live.com
2013-11-22 11:03:44,people.directory.live.com
2013-11-22 11:03:44,www.galerieslafayette.com
2013-11-22 11:03:44,static.galerieslafayette.com
2013-11-22 11:03:44,rc.galerieslafayette.com
2013-11-22 11:03:45,static.ak.facebook.com
2013-11-22 11:03:45,d1447tq2m68ekg.cloudfront.net
2013-11-22 11:03:45,h.live.com
2013-11-22 11:03:45,dub122.mail.live.com
2013-11-22 11:03:45,s-static.ak.facebook.com
2013-11-22 11:03:45,g.live.com
2013-11-22 11:03:45,p.sfx.ms
2013-11-22 11:03:45,rainbow-fr.mythings.com
2013-11-22 11:03:45,lc.iadvize.com
2013-11-22 11:03:45,static.galerieslafayette.com
2013-11-22 11:03:46,people.directory.live.com
2013-11-22 11:03:46,dc1w54.wysistat.com
2013-11-22 11:03:46,emailretargeting.com
2013-11-22 11:03:46,www.facebook.com
2013-11-22 11:03:46,cookieb.mythings.com
2013-11-22 11:03:46,rainbow-fr.mythings.com
2013-11-22 11:03:46,ea.galerieslafayette.com
2013-11-22 11:03:46,www.galerieslafayette.com
2013-11-22 11:03:46,www.google.fr
2013-11-22 11:03:46,www.google.com
2013-11-22 11:03:47,cookieb.mythings.com
2013-11-22 11:03:47,fbrainboweu-va-p.mythings.com
2013-11-22 11:03:47,www.google.com
2013-11-22 11:03:47,www.google.fr
2013-11-22 11:03:49,h.live.com
2013-11-22 11:03:50,js.live.net
2013-11-22 11:03:51,dm1files.storage.msn.com
2013-11-22 11:03:51,secure.shared.live.com
2013-11-22 11:03:55,lc.iadvize.com
2013-11-22 11:03:56,static.galerieslafayette.com
2013-11-22 11:03:56,pixel2368.everesttech.net
2013-11-22 11:03:56,lc.iadvize.com
2013-11-22 11:03:56,static.iadvize.com
2013-11-22 11:04:08,www.galerieslafayette.com
2013-11-22 11:04:09,static.galerieslafayette.com
2013-11-22 11:04:09,lc.iadvize.com
2013-11-22 11:04:09,www.google.com
2013-11-22 11:04:09,www.google.fr
2013-11-22 11:04:09,rainbow-fr.mythings.com
2013-11-22 11:04:09,ea.galerieslafayette.com
2013-11-22 11:04:09,s-static.ak.facebook.com
2013-11-22 11:04:09,static.ak.facebook.com
2013-11-22 11:04:10,fbrainboweu-va-p.mythings.com
2013-11-22 11:04:10,www.facebook.com
2013-11-22 11:04:10,dc1w54.wysistat.com
2013-11-22 11:04:10,www.google.fr
2013-11-22 11:04:10,rainbow-fr.mythings.com
2013-11-22 11:04:10,static.galerieslafayette.com
2013-11-22 11:04:10,www.google.com
2013-11-22 11:04:11,lc.iadvize.com
2013-11-22 11:04:14,www.galerieslafayette.com
2013-11-22 11:04:15,s-static.ak.facebook.com
2013-11-22 11:04:15,www.facebook.com
2013-11-22 11:04:15,ea.galerieslafayette.com
2013-11-22 11:04:15,www.google.fr
2013-11-22 11:04:15,www.google.com
2013-11-22 11:04:15,lc.iadvize.com
2013-11-22 11:04:15,static.ak.facebook.com
2013-11-22 11:04:15,rainbow-fr.mythings.com
2013-11-22 11:04:15,static.galerieslafayette.com
2013-11-22 11:04:16,dc1w54.wysistat.com
2013-11-22 11:04:16,fbrainboweu-va-p.mythings.com
2013-11-22 11:04:16,www.facebook.com
2013-11-22 11:04:17,lc.iadvize.com
2013-11-22 11:04:17,rainbow-fr.mythings.com
2013-11-22 11:04:17,www.google.com
2013-11-22 11:04:17,www.google.fr
2013-11-22 11:04:18,www.galerieslafayette.com
2013-11-22 11:04:18,lc.iadvize.com
2013-11-22 11:04:19,static.ak.facebook.com
2013-11-22 11:04:19,static.galerieslafayette.com
2013-11-22 11:04:19,lc.iadvize.com
2013-11-22 11:04:19,www.google.com
2013-11-22 11:04:19,www.google.fr
2013-11-22 11:04:19,s-static.ak.facebook.com
2013-11-22 11:04:19,rainbow-fr.mythings.com
2013-11-22 11:04:19,www.facebook.com
2013-11-22 11:04:20,fbrainboweu-va-p.mythings.com
2013-11-22 11:04:20,lc.iadvize.com
2013-11-22 11:04:20,www.facebook.com
2013-11-22 11:04:20,dc1w54.wysistat.com
2013-11-22 11:04:20,static.galerieslafayette.com
2013-11-22 11:04:20,rainbow-fr.mythings.com
2013-11-22 11:04:20,ea.galerieslafayette.com
2013-11-22 11:04:21,lc.iadvize.com
2013-11-22 11:04:21,pixel2368.everesttech.net
2013-11-22 11:04:23,static.galerieslafayette.com
2013-11-22 11:04:33,h.live.com
2013-11-22 11:04:36,secure.shared.live.com
2013-11-22 11:04:39,static.galerieslafayette.com
2013-11-22 11:04:53,storage.live.com
2013-11-22 11:04:56,lc.iadvize.com
2013-11-22 11:04:56,static.galerieslafayette.com
2013-11-22 11:04:58,static.galerieslafayette.com
2013-11-22 11:04:59,static.galerieslafayette.com
2013-11-22 11:05:00,static.galerieslafayette.com
2013-11-22 11:05:02,static.galerieslafayette.com
2013-11-22 11:05:03,static.galerieslafayette.com
2013-11-22 11:05:04,dub122.mail.live.com
2013-11-22 11:05:08,www.galerieslafayette.com
2013-11-22 11:05:08,static.ak.facebook.com
2013-11-22 11:05:08,static.galerieslafayette.com
2013-11-22 11:05:08,s-static.ak.facebook.com
2013-11-22 11:05:09,lc.iadvize.com
2013-11-22 11:05:09,www.google.com
2013-11-22 11:05:09,www.google.fr
2013-11-22 11:05:09,rainbow-fr.mythings.com
2013-11-22 11:05:09,ea.galerieslafayette.com
2013-11-22 11:05:09,www.facebook.com
2013-11-22 11:05:09,fbrainboweu-va-p.mythings.com
2013-11-22 11:05:10,static.galerieslafayette.com
2013-11-22 11:05:10,dc1w54.wysistat.com
2013-11-22 11:05:10,rainbow-fr.mythings.com
2013-11-22 11:05:10,lc.iadvize.com
2013-11-22 11:05:11,static.galerieslafayette.com
2013-11-22 11:05:13,static.galerieslafayette.com
2013-11-22 11:05:15,static.galerieslafayette.com
2013-11-22 11:05:16,static.galerieslafayette.com
2013-11-22 11:05:17,static.galerieslafayette.com
2013-11-22 11:05:18,static.galerieslafayette.com
2013-11-22 11:05:20,static.galerieslafayette.com
2013-11-22 11:05:24,static.galerieslafayette.com
2013-11-22 11:05:28,www.galerieslafayette.com
2013-11-22 11:05:29,static.galerieslafayette.com
2013-11-22 11:05:29,lc.iadvize.com
2013-11-22 11:05:29,s-static.ak.facebook.com
2013-11-22 11:05:29,rainbow-fr.mythings.com
2013-11-22 11:05:29,ea.galerieslafayette.com
2013-11-22 11:05:29,static.ak.facebook.com
2013-11-22 11:05:29,www.google.com
2013-11-22 11:05:30,www.google.fr
2013-11-22 11:05:30,dc1w54.wysistat.com
2013-11-22 11:05:30,www.facebook.com
2013-11-22 11:05:30,fbrainboweu-va-p.mythings.com
2013-11-22 11:05:31,lc.iadvize.com
2013-11-22 11:05:31,www.galerieslafayette.com
2013-11-22 11:05:31,rainbow-fr.mythings.com
2013-11-22 11:05:32,s-static.ak.facebook.com
2013-11-22 11:05:32,lc.iadvize.com
2013-11-22 11:05:32,www.google.com
2013-11-22 11:05:32,www.google.fr
2013-11-22 11:05:32,rainbow-fr.mythings.com
2013-11-22 11:05:32,ea.galerieslafayette.com
2013-11-22 11:05:32,static.ak.facebook.com
2013-11-22 11:05:32,static.galerieslafayette.com
2013-11-22 11:05:33,dc1w54.wysistat.com
2013-11-22 11:05:33,www.facebook.com
2013-11-22 11:05:33,fbrainboweu-va-p.mythings.com
2013-11-22 11:05:34,dub122.mail.live.com
2013-11-22 11:05:34,lc.iadvize.com
2013-11-22 11:05:42,static.galerieslafayette.com
2013-11-22 11:05:45,static.galerieslafayette.com
2013-11-22 11:05:45,www.galerieslafayette.com
2013-11-22 11:05:46,rainbow-fr.mythings.com
2013-11-22 11:05:46,www.google.fr
2013-11-22 11:05:46,www.google.com
2013-11-22 11:05:46,lc.iadvize.com
2013-11-22 11:05:46,www.facebook.com
2013-11-22 11:05:46,static.ak.facebook.com
2013-11-22 11:05:46,s-static.ak.facebook.com
2013-11-22 11:05:46,secure.shared.live.com
2013-11-22 11:05:46,www.galerieslafayette.com
2013-11-22 11:05:46,ea.galerieslafayette.com
2013-11-22 11:05:46,www.dailymotion.com
2013-11-22 11:05:46,mc.dailymotion.com
2013-11-22 11:05:47,www.galerieslafayette.com
2013-11-22 11:05:47,www.dailymotion.com
2013-11-22 11:05:47,dc1w54.wysistat.com
2013-11-22 11:05:47,static.galerieslafayette.com
2013-11-22 11:05:47,fbrainboweu-va-p.mythings.com
2013-11-22 11:05:47,ea.galerieslafayette.com
2013-11-22 11:05:47,www.facebook.com
2013-11-22 11:05:48,www.google.fr
2013-11-22 11:05:48,www.facebook.com
2013-11-22 11:05:48,deliv.leboncoin.fr
2013-11-22 11:05:48,lc.iadvize.com
2013-11-22 11:05:48,static.galerieslafayette.com
2013-11-22 11:05:48,www.google.com
2013-11-22 11:05:50,static.galerieslafayette.com
2013-11-22 11:05:51,static.galerieslafayette.com
2013-11-22 11:05:53,static.galerieslafayette.com
2013-11-22 11:05:55,trk.adbutter.net
2013-11-22 11:06:04,www.google.com
2013-11-22 11:06:06,www.google.fr
2013-11-22 11:06:08,www.google.com
2013-11-22 11:06:23,lc.iadvize.com
2013-11-22 11:06:24,www.galerieslafayette.com
2013-11-22 11:06:35,www.google.fr
2013-11-22 11:06:35,static.galerieslafayette.com
2013-11-22 11:06:35,www.galerieslafayette.com
2013-11-22 11:06:36,www.facebook.com
2013-11-22 11:06:36,ea.galerieslafayette.com
2013-11-22 11:06:36,s-static.ak.facebook.com
2013-11-22 11:06:36,static.ak.facebook.com
2013-11-22 11:06:36,rainbow-fr.mythings.com
2013-11-22 11:06:36,www.google.fr
2013-11-22 11:06:36,lc.iadvize.com
2013-11-22 11:06:36,www.google.com
2013-11-22 11:06:36,static.galerieslafayette.com
2013-11-22 11:06:37,dc1w54.wysistat.com
2013-11-22 11:06:37,deliv.leboncoin.fr
2013-11-22 11:06:37,lc.iadvize.com
2013-11-22 11:06:37,www.facebook.com
2013-11-22 11:06:37,fbrainboweu-va-p.mythings.com
2013-11-22 11:06:38,lc.iadvize.com
2013-11-22 11:06:40,static.galerieslafayette.com
2013-11-22 11:06:47,www.galerieslafayette.com
2013-11-22 11:06:47,smart2.allocine.fr
2013-11-22 11:06:58,dub122.mail.live.com
2013-11-22 11:06:59,h.live.com
2013-11-22 11:07:00,dub122.mail.live.com
2013-11-22 11:07:01,h.live.com
2013-11-22 11:07:01,dub122.mail.live.com
2013-11-22 11:07:02,dub122.mail.live.com
2013-11-22 11:07:23,dub122.mail.live.com
2013-11-22 11:07:27,dub122.mail.live.com
2013-11-22 11:07:27,rc.galerieslafayette.com
2013-11-22 11:07:28,ea.galerieslafayette.com
2013-11-22 11:07:28,www.galerieslafayette.com
2013-11-22 11:07:29,fbrainboweu-va-p.mythings.com
2013-11-22 11:07:29,www.facebook.com
2013-11-22 11:07:29,dc1w54.wysistat.com
2013-11-22 11:07:29,static.ak.facebook.com
2013-11-22 11:07:29,ea.galerieslafayette.com
2013-11-22 11:07:29,s-static.ak.facebook.com
2013-11-22 11:07:29,lc.iadvize.com
2013-11-22 11:07:29,www.google.com
2013-11-22 11:07:29,rainbow-fr.mythings.com
2013-11-22 11:07:29,www.google.fr
2013-11-22 11:07:30,lc.iadvize.com
2013-11-22 11:07:30,smart2.allocine.fr
2013-11-22 11:07:33,www.google.com
2013-11-22 11:07:33,www.google.fr
2013-11-22 11:07:33,www.galerieslafayette.com
2013-11-22 11:07:34,www.galerieslafayette.com
2013-11-22 11:07:35,www.google.fr
2013-11-22 11:07:35,static.ak.facebook.com
2013-11-22 11:07:35,s-static.ak.facebook.com
2013-11-22 11:07:35,static.galerieslafayette.com
2013-11-22 11:07:35,lc.iadvize.com
2013-11-22 11:07:35,www.google.com
2013-11-22 11:07:36,rainbow-fr.mythings.com
2013-11-22 11:07:36,ea.galerieslafayette.com
2013-11-22 11:07:36,www.facebook.com
2013-11-22 11:07:36,dc1w54.wysistat.com
2013-11-22 11:07:36,fbrainboweu-va-p.mythings.com
2013-11-22 11:07:36,lc.iadvize.com
2013-11-22 11:07:37,www.google.fr
2013-11-22 11:07:37,tracker.blogbang.com
2013-11-22 11:07:37,lc.iadvize.com
2013-11-22 11:07:37,www.google.com
2013-11-22 11:07:42,www.galerieslafayette.com
2013-11-22 11:07:42,static.galerieslafayette.com
2013-11-22 11:07:43,static.ak.facebook.com
2013-11-22 11:07:43,s-static.ak.facebook.com
2013-11-22 11:07:43,www.facebook.com
2013-11-22 11:07:43,ea.galerieslafayette.com
2013-11-22 11:07:43,static.galerieslafayette.com
2013-11-22 11:07:43,lc.iadvize.com
2013-11-22 11:07:43,www.google.com
2013-11-22 11:07:43,rainbow-fr.mythings.com
2013-11-22 11:07:43,www.google.fr
2013-11-22 11:07:44,dc1w54.wysistat.com
2013-11-22 11:07:45,www.facebook.com
2013-11-22 11:07:45,fbrainboweu-va-p.mythings.com
2013-11-22 11:07:45,static.galerieslafayette.com
2013-11-22 11:07:45,lc.iadvize.com
2013-11-22 11:07:46,www.google.com
2013-11-22 11:07:46,www.google.fr
2013-11-22 11:07:46,lc.iadvize.com
2013-11-22 11:07:46,eprofile.uimserv.net
2013-11-22 11:07:46,tracker.blogbang.com
2013-11-22 11:07:46,mpp2.vindicosuite.com
2013-11-22 11:07:46,deliv.bayard-pub.com
2013-11-22 11:07:47,www.galerieslafayette.com
2013-11-22 11:07:48,www.google.com
2013-11-22 11:07:48,static.galerieslafayette.com
2013-11-22 11:07:48,lc.iadvize.com
2013-11-22 11:07:48,www.google.fr
2013-11-22 11:07:48,ea.galerieslafayette.com
2013-11-22 11:07:48,rainbow-fr.mythings.com
2013-11-22 11:07:49,static.ak.facebook.com
2013-11-22 11:07:49,s-static.ak.facebook.com
2013-11-22 11:07:49,deliv.bayard-pub.com
2013-11-22 11:07:49,fbrainboweu-va-p.mythings.com
2013-11-22 11:07:49,dc1w54.wysistat.com
2013-11-22 11:07:49,www.facebook.com
2013-11-22 11:07:50,lc.iadvize.com
2013-11-22 11:07:50,mpp2.vindicosuite.com
2013-11-22 11:07:50,www.google.com
2013-11-22 11:07:50,www.google.fr
2013-11-22 11:07:55,b12.myspace.com
2013-11-22 11:08:00,g.live.com
2013-11-22 11:08:04,static.galerieslafayette.com
2013-11-22 11:08:04,www.galerieslafayette.com
2013-11-22 11:08:05,deliv.leboncoin.fr
2013-11-22 11:08:17,dub122.mail.live.com
2013-11-22 11:08:24,h.live.com
2013-11-22 11:08:25,dub122.mail.live.com
2013-11-22 11:08:26,dub122.mail.live.com
2013-11-22 11:08:27,fr.vente-privee.com
2013-11-22 11:08:27,www.google.fr
2013-11-22 11:08:28,h.live.com
2013-11-22 11:08:30,dub122.mail.live.com
2013-11-22 11:08:37,www.google.fr
2013-11-22 11:08:37,vp-eu.scene7.com
2013-11-22 11:08:37,static.vente-privee.com
2013-11-22 11:08:37,secure.fr.vente-privee.com
2013-11-22 11:08:38,secure.fr.vente-privee.com
2013-11-22 11:08:44,vp-eu.scene7.com
2013-11-22 11:08:45,vp-eu.scene7.com
2013-11-22 11:08:57,secure.fr.vente-privee.com
2013-11-22 11:08:57,static.vente-privee.com
2013-11-22 11:08:57,www.adobe.com
2013-11-22 11:08:57,fr.vente-privee.com
2013-11-22 11:08:57,wwwimages.adobe.com
2013-11-22 11:08:57,vp-eu.scene7.com
2013-11-22 11:08:58,fr.vente-privee.com
2013-11-22 11:08:58,vp-eu.scene7.com
2013-11-22 11:08:58,www.vente-privee.com
2013-11-22 11:08:59,connect.facebook.net
2013-11-22 11:08:59,static.vente-privee.com
2013-11-22 11:08:59,fr.vente-privee.com
2013-11-22 11:08:59,vp-eu.scene7.com
2013-11-22 11:09:06,www.facebook.com
2013-11-22 11:09:13,fr.vente-privee.com
2013-11-22 11:09:17,fr.vente-privee.com
2013-11-22 11:09:18,www.facebook.com
2013-11-22 11:09:18,fr.vente-privee.com
2013-11-22 11:09:22,fr.vente-privee.com
2013-11-22 11:09:23,fr.vente-privee.com
2013-11-22 11:10:00,fr.vente-privee.com
2013-11-22 11:10:45,fr.vente-privee.com
2013-11-22 11:10:45,static.vente-privee.com
2013-11-22 11:10:45,www.vente-privee.com
2013-11-22 11:10:46,static.vente-privee.com
2013-11-22 11:10:49,www.vente-privee.com
2013-11-22 11:11:06,fr.vente-privee.com
2013-11-22 11:11:07,fr.vente-privee.com
2013-11-22 11:11:07,vp-eu.scene7.com
2013-11-22 11:11:20,www.facebook.com
2013-11-22 11:12:29,fr.vente-privee.com
2013-11-22 11:12:29,www.vente-privee.com
2013-11-22 11:12:29,static.vente-privee.com
2013-11-22 11:12:30,fr.vente-privee.com
2013-11-22 11:12:34,vp-eu.scene7.com
2013-11-22 11:12:34,fr.vente-privee.com
2013-11-22 11:12:35,vp-eu.scene7.com
2013-11-22 11:12:35,fr.vente-privee.com
2013-11-22 11:12:39,static.vente-privee.com
2013-11-22 11:13:31,vp-eu.scene7.com
2013-11-22 11:13:31,static.vente-privee.com
2013-11-22 11:13:31,fr.vente-privee.com
2013-11-22 11:13:50,fr.vente-privee.com
2013-11-22 11:13:50,www.vente-privee.com
2013-11-22 11:14:00,static.vente-privee.com
2013-11-22 11:14:44,static.vente-privee.com
2013-11-22 11:15:01,static.vente-privee.com
2013-11-22 11:15:13,www.facebook.com
2013-11-22 11:15:58,vp-eu.scene7.com
2013-11-22 11:15:58,fr.vente-privee.com
2013-11-22 11:15:59,fr.vente-privee.com
2013-11-22 11:16:04,www.facebook.com
2013-11-22 11:16:05,fr.vente-privee.com
2013-11-22 11:16:06,fr.vente-privee.com
2013-11-22 11:16:06,www.facebook.com
2013-11-22 11:16:06,vp-eu.scene7.com
2013-11-22 11:16:09,vp-eu.scene7.com
2013-11-22 11:16:09,fr.vente-privee.com
2013-11-22 11:16:10,www.facebook.com
2013-11-22 11:16:12,fr.vente-privee.com
2013-11-22 11:16:13,vp-eu.scene7.com
2013-11-22 11:16:13,fr.vente-privee.com
2013-11-22 11:16:14,www.facebook.com
2013-11-22 11:16:15,vp-eu.scene7.com
2013-11-22 11:16:20,fr.vente-privee.com
2013-11-22 11:16:20,vp-eu.scene7.com
2013-11-22 11:16:21,vp-eu.scene7.com
2013-11-22 11:17:05,fr.vente-privee.com
2013-11-22 11:17:09,fr.vente-privee.com
2013-11-22 11:17:11,www.facebook.com
2013-11-22 11:17:14,fr.vente-privee.com
2013-11-22 11:17:20,fr.vente-privee.com
2013-11-22 11:17:21,fr.vente-privee.com
2013-11-22 11:17:21,vp-eu.scene7.com
2013-11-22 11:17:21,s7d1.scene7.com
2013-11-22 11:17:21,d2yp9b3a29g3i2.cloudfront.net
2013-11-22 11:17:22,vp-eu.scene7.com
2013-11-22 11:17:22,fr.vente-privee.com
2013-11-22 11:17:23,vp-eu.scene7.com
2013-11-22 11:17:30,vp-eu.scene7.com
2013-11-22 11:17:31,vp-eu.scene7.com
2013-11-22 11:17:33,vp-eu.scene7.com
2013-11-22 11:17:34,vp-eu.scene7.com
2013-11-22 11:17:48,static.vente-privee.com
2013-11-22 11:19:37,youtube.fr
2013-11-22 11:19:37,www.youtube.com
2013-11-22 11:19:37,i1.ytimg.com
2013-11-22 11:19:37,s.ytimg.com
2013-11-22 11:19:38,www.youtube.com
2013-11-22 11:19:38,i1.ytimg.com
2013-11-22 11:19:38,s.ytimg.com
2013-11-22 11:19:38,www.google.com
2013-11-22 11:19:39,www.youtube.com
2013-11-22 11:19:39,s.ytimg.com
2013-11-22 11:19:39,s.youtube.com
2013-11-22 11:19:39,i1.ytimg.com
2013-11-22 11:19:39,r4---sn-gxo5uxg-jqbe.googlevideo.com
2013-11-22 11:19:44,s.ytimg.com
2013-11-22 11:19:45,www.youtube.com
2013-11-22 11:19:45,a248.e.akamai.net
2013-11-22 11:19:45,i1.ytimg.com
2013-11-22 11:19:45,s.ytimg.com
2013-11-22 11:19:49,i1.ytimg.com
2013-11-22 11:19:49,smart2.allocine.fr
2013-11-22 11:19:50,s.ytimg.com
2013-11-22 11:19:50,adventori.com
2013-11-22 11:19:52,www.google.com
2013-11-22 11:19:53,apis.google.com
2013-11-22 11:19:55,www.google.com
2013-11-22 11:19:55,s.ytimg.com
2013-11-22 11:19:55,www.google.fr
2013-11-22 11:20:07,www.youtube.com
2013-11-22 11:20:07,i1.ytimg.com
2013-11-22 11:20:07,smart2.allocine.fr
2013-11-22 11:20:07,apis.google.com
2013-11-22 11:20:07,www.google.fr
2013-11-22 11:20:28,i1.ytimg.com
2013-11-22 11:20:28,www.youtube.com
2013-11-22 11:20:29,i1.ytimg.com
2013-11-22 11:20:29,choices.truste.com
2013-11-22 11:20:30,choices.truste.com
2013-11-22 11:20:42,www.youtube.com
2013-11-22 11:20:42,i1.ytimg.com
2013-11-22 11:20:47,s.ytimg.com
2013-11-22 11:20:48,clients1.google.com
2013-11-22 11:20:49,clients1.google.com
2013-11-22 11:20:50,www.google.com
2013-11-22 11:20:50,www.youtube.com
2013-11-22 11:20:50,i1.ytimg.com
2013-11-22 11:21:28,www.baidu.com
2013-11-22 11:21:29,passport.baidu.com
2013-11-22 11:21:30,nsclick.baidu.com
2013-11-22 11:21:31,news.baidu.com
2013-11-22 11:21:32,news.baidu.com
2013-11-22 11:21:32,img.baidu.com
2013-11-22 11:21:33,ns1.bdstatic.com
2013-11-22 11:21:33,ns0.bdstatic.com
2013-11-22 11:21:33,news.baidu.com
2013-11-22 11:21:34,ns1.bdstatic.com
2013-11-22 11:21:34,ns0.bdstatic.com
2013-11-22 11:21:35,news.baidu.com
2013-11-22 11:21:35,ns2.bdstatic.com
2013-11-22 11:21:35,ns0.bdstatic.com
2013-11-22 11:21:36,gimg.baidu.com
2013-11-22 11:21:36,ns0.bdstatic.com
2013-11-22 11:21:36,img.baidu.com
2013-11-22 11:21:36,baidu.lecai.com
2013-11-22 11:21:36,ns1.bdstatic.com
2013-11-22 11:21:36,ns2.bdstatic.com
2013-11-22 11:21:36,news.baidu.com
2013-11-22 11:21:37,hm.baidu.com
2013-11-22 11:21:37,img.hexun.com
2013-11-22 11:21:37,c.baidu.com
2013-11-22 11:21:37,nsclick.baidu.com
2013-11-22 11:21:37,news.baidu.com
2013-11-22 11:21:37,ns0.bdstatic.com
2013-11-22 11:21:38,news.baidu.com
2013-11-22 11:21:38,felog.baidu.com
2013-11-22 11:21:38,libs.baidu.com
2013-11-22 11:21:39,news.baidu.com
2013-11-22 11:21:39,hm.baidu.com
2013-11-22 11:21:40,imgsrc.baidu.com
2013-11-22 11:21:40,lecai.huanhuba.com
2013-11-22 11:21:40,h.hiphotos.baidu.com
2013-11-22 11:21:40,c.hiphotos.baidu.com
2013-11-22 11:21:40,e.hiphotos.baidu.com
2013-11-22 11:21:40,d.hiphotos.baidu.com
2013-11-22 11:21:40,baidu.lecai.com
2013-11-22 11:21:40,news.baidu.com
2013-11-22 11:21:40,passport.baidu.com
2013-11-22 11:21:41,a.hiphotos.baidu.com
2013-11-22 11:21:41,b.hiphotos.baidu.com
2013-11-22 11:21:41,g.hiphotos.baidu.com
2013-11-22 11:21:41,news.baidu.com
2013-11-22 11:21:41,static.lehecai.com
2013-11-22 11:21:41,static.huanhuba.com
2013-11-22 11:21:42,t2.baidu.com
2013-11-22 11:21:42,news.baidu.com
2013-11-22 11:21:42,static.huanhuba.com
2013-11-22 11:21:43,news.baidu.com
2013-11-22 11:21:43,static.huanhuba.com
2013-11-22 11:21:53,t2.baidu.com
2013-11-22 11:21:54,t1.baidu.com
2013-11-22 11:21:56,passport.baidu.com
2013-11-22 11:21:59,news.baidu.com
2013-11-22 11:22:05,passport.baidu.com
2013-11-22 11:22:06,passport.baidu.com
2013-11-22 11:22:06,t2.baidu.com
2013-11-22 11:22:18,t2.baidu.com
2013-11-22 11:22:19,t3.baidu.com
2013-11-22 11:22:19,t1.baidu.com
2013-11-22 11:22:33,nsclick.baidu.com
2013-11-22 11:22:33,c.baidu.com
2013-11-22 11:22:33,felog.baidu.com
2013-11-22 11:22:34,n.baidu.com
2013-11-22 11:22:35,www.xinhuanet.com
2013-11-22 11:22:35,news.xinhuanet.com
2013-11-22 11:22:36,embed.xinhuanet.com
2013-11-22 11:22:41,cpro.baidustatic.com
2013-11-22 11:22:43,pos.baidu.com
2013-11-22 11:22:44,snippet.pos.baidu.com
2013-11-22 11:22:44,bdimg.share.baidu.com
2013-11-22 11:22:45,bdimg.share.baidu.com
2013-11-22 11:22:45,cpro.baidustatic.com
2013-11-22 11:22:45,pos.baidu.com
2013-11-22 11:22:45,cpro.baidu.com
2013-11-22 11:22:46,wn.pos.baidu.com
2013-11-22 11:22:46,pos.baidu.com
2013-11-22 11:22:47,ubmcmm.baidustatic.com
2013-11-22 11:22:48,bdimg.share.baidu.com
2013-11-22 11:22:49,www.xinhuanet.com
2013-11-22 11:22:49,bdimg.share.baidu.com
2013-11-22 11:22:50,api.share.baidu.com
2013-11-22 11:22:50,bdimg.share.baidu.com
2013-11-22 11:22:51,embed.xinhuanet.com
2013-11-22 11:22:51,www.news.cn
2013-11-22 11:22:51,webd.home.news.cn
2013-11-22 11:22:54,news.baidu.com
2013-11-22 11:22:57,track.ra.icast.cn
2013-11-22 11:22:57,news.baidu.com
2013-11-22 11:22:57,t1.baidu.com
2013-11-22 11:22:58,kw.ra.icast.cn
2013-11-22 11:22:58,news.baidu.com
2013-11-22 11:22:58,t1.baidu.com
2013-11-22 11:23:00,rmtx.ra.icast.cn
2013-11-22 11:23:00,www.xinhuanet.com
2013-11-22 11:23:01,bdimg.share.baidu.com
2013-11-22 11:23:01,webd.home.news.cn
2013-11-22 11:23:01,www.xinhuanet.com
2013-11-22 11:23:01,news.xinhuanet.com
2013-11-22 11:23:01,rmtx.ra.icast.cn
2013-11-22 11:23:02,rmtx.ra.icast.cn
2013-11-22 11:23:02,embed.xinhuanet.com
2013-11-22 11:23:02,nsclick.baidu.com
2013-11-22 11:23:02,s4.xinhuanet.com
2013-11-22 11:23:03,news.xinhuanet.com
2013-11-22 11:23:03,embed.xinhuanet.com
2013-11-22 11:23:03,imgs.xinhuanet.com
2013-11-22 11:23:15,rmtx.ra.icast.cn
2013-11-22 11:23:15,track.ra.icast.cn
2013-11-22 11:23:16,impression.gridsumdissector.com
2013-11-22 11:23:18,t3.baidu.com
2013-11-22 11:23:25,t2.baidu.com
2013-11-22 11:23:26,t1.baidu.com
2013-11-22 11:23:29,news.baidu.com
2013-11-22 11:23:31,track.ra.icast.cn
2013-11-22 11:23:35,t3.baidu.com
2013-11-22 11:23:36,t3.baidu.com
2013-11-22 11:23:36,t2.baidu.com
2013-11-22 11:23:36,t1.baidu.com
2013-11-22 11:23:36,news.baidu.com
2013-11-22 11:23:37,t3.baidu.com
2013-11-22 11:23:37,news.baidu.com
2013-11-22 11:23:38,t1.baidu.com
2013-11-22 11:23:39,news.baidu.com
2013-11-22 11:23:39,t1.baidu.com
2013-11-22 11:23:41,t2.baidu.com
2013-11-22 11:23:42,h.hiphotos.baidu.com
2013-11-22 11:23:43,t3.baidu.com
2013-11-22 11:23:43,t2.baidu.com
2013-11-22 11:23:43,d.hiphotos.baidu.com
2013-11-22 11:23:44,e.hiphotos.baidu.com
2013-11-22 11:23:44,a.hiphotos.baidu.com
2013-11-22 11:23:44,d.hiphotos.baidu.com
2013-11-22 11:23:44,news.baidu.com
2013-11-22 11:23:45,news.baidu.com
2013-11-22 11:23:47,news.baidu.com
2013-11-22 11:23:48,n.baidu.com
2013-11-22 11:23:48,c.baidu.com
2013-11-22 11:23:48,nsclick.baidu.com
2013-11-22 11:23:51,www.chinanews.com
2013-11-22 11:23:52,www.chinanews.com
2013-11-22 11:23:53,i2.chinanews.com
2013-11-22 11:23:53,www.chinanews.com
2013-11-22 11:23:55,i4.chinanews.com
2013-11-22 11:23:56,i3.chinanews.com
2013-11-22 11:23:59,i8.chinanews.com
2013-11-22 11:24:01,i2.chinanews.com
2013-11-22 11:24:02,i4.chinanews.com
2013-11-22 11:24:09,me.afp.chinanews.com
2013-11-22 11:24:10,s.csbew.com
2013-11-22 11:24:10,images.sohu.com
2013-11-22 11:24:10,i6.chinanews.com
2013-11-22 11:24:11,me.afp.chinanews.com
2013-11-22 11:24:11,i3.chinanews.com
2013-11-22 11:24:11,i6.chinanews.com
2013-11-22 11:24:12,i4.chinanews.com
2013-11-22 11:24:12,bbs.chinanews.com
2013-11-22 11:24:13,i4.chinanews.com
2013-11-22 11:24:14,i8.chinanews.com
2013-11-22 11:24:14,cpro.baidu.com
2013-11-22 11:24:14,i4.chinanews.com
2013-11-22 11:24:15,i4.chinanews.com
2013-11-22 11:24:16,i4.chinanews.com
2013-11-22 11:24:16,s.csbew.com
2013-11-22 11:24:17,i4.chinanews.com
2013-11-22 11:24:18,i8.chinanews.com
2013-11-22 11:24:18,me.afp.chinanews.com
2013-11-22 11:24:19,i8.chinanews.com
2013-11-22 11:24:19,www.chinanews.com
2013-11-22 11:24:19,i4.chinanews.com
2013-11-22 11:24:19,me.afp.chinanews.com
2013-11-22 11:24:20,www.chinanews.com
2013-11-22 11:24:20,pos.baidu.com
2013-11-22 11:24:20,i8.chinanews.com
2013-11-22 11:24:20,i4.chinanews.com
2013-11-22 11:24:21,me.afp.chinanews.com
2013-11-22 11:24:21,inte.sogou.com
2013-11-22 11:24:21,i5.chinanews.com
2013-11-22 11:24:21,snippet.pos.baidu.com
2013-11-22 11:24:21,comment.chinanews.com
2013-11-22 11:24:22,pos.baidu.com
2013-11-22 11:24:22,p.inte.sogou.com
2013-11-22 11:24:22,wn.pos.baidu.com
2013-11-22 11:24:22,weibo.com
2013-11-22 11:24:23,www.weibo.com
2013-11-22 11:24:23,i8.chinanews.com
2013-11-22 11:24:23,i4.chinanews.com
2013-11-22 11:24:23,inte.sogou.com
2013-11-22 11:24:23,cpro.baidustatic.com
2013-11-22 11:24:23,s.cpro.baidu.com
2013-11-22 11:24:24,cbjs.baidu.com
2013-11-22 11:24:24,www.chinanews.com
2013-11-22 11:24:24,i4.chinanews.com
2013-11-22 11:24:25,i8.chinanews.com
2013-11-22 11:24:25,www.chinanews.com
2013-11-22 11:24:27,www.chinanews.com
2013-11-22 11:24:27,i3.chinanews.com
2013-11-22 11:24:28,www.chinanews.com
2013-11-22 11:24:28,i4.chinanews.com
2013-11-22 11:24:29,i4.chinanews.com
2013-11-22 11:24:29,www.chinanews.com
2013-11-22 11:24:30,www.chinanews.com
2013-11-22 11:24:31,i4.chinanews.com
2013-11-22 11:24:32,i4.chinanews.com
2013-11-22 11:24:34,i2.chinanews.com
2013-11-22 11:24:46,t3.baidu.com
2013-11-22 11:24:51,i2.chinanews.com
2013-11-22 11:24:57,i2.chinanews.com
2013-11-22 11:25:09,i2.chinanews.com
2013-11-22 11:25:11,c.hiphotos.baidu.com
2013-11-22 11:25:12,t2.baidu.com
2013-11-22 11:25:12,t1.baidu.com
2013-11-22 11:25:13,www.chinanews.com
2013-11-22 11:25:13,i3.chinanews.com
2013-11-22 11:25:14,hm.baidu.com
2013-11-22 11:25:16,i2.chinanews.com
2013-11-22 11:25:17,i2.chinanews.com
2013-11-22 11:25:18,i2.chinanews.com
2013-11-22 11:25:23,i2.chinanews.com
2013-11-22 11:25:24,i2.chinanews.com
2013-11-22 11:25:26,i2.chinanews.com
2013-11-22 11:25:26,static.bshare.cn
2013-11-22 11:25:26,www.chinanews.com
2013-11-22 11:25:27,i6.chinanews.com
2013-11-22 11:25:27,www.chinanews.com
2013-11-22 11:25:27,bbs.chinanews.com
2013-11-22 11:25:27,i4.chinanews.com
2013-11-22 11:25:28,pos.baidu.com
2013-11-22 11:25:28,www.chinanews.com
2013-11-22 11:25:29,cpro.baidustatic.com
2013-11-22 11:25:29,cb.baidu.com
2013-11-22 11:25:30,me.afp.chinanews.com
2013-11-22 11:25:30,snippet.pos.baidu.com
2013-11-22 11:25:30,hm.baidu.com
2013-11-22 11:25:30,ubmcmm.baidustatic.com
2013-11-22 11:25:30,i5.chinanews.com
2013-11-22 11:25:30,p.tanx.com
2013-11-22 11:25:31,comment.chinanews.com
2013-11-22 11:25:31,ubmcmm.baidustatic.com
2013-11-22 11:25:31,me.afp.chinanews.com
2013-11-22 11:25:31,static.bshare.cn
2013-11-22 11:25:31,i2.chinanews.com
2013-11-22 11:25:31,s.csbew.com
2013-11-22 11:25:31,wn.pos.baidu.com
2013-11-22 11:25:31,cbjs.baidu.com
2013-11-22 11:25:32,cb.baidu.com
2013-11-22 11:25:32,static.bshare.cn
2013-11-22 11:25:32,i8.chinanews.com
2013-11-22 11:25:33,b.bshare.cn
2013-11-22 11:25:33,ubmcmm.baidustatic.com
2013-11-22 11:25:33,cpro.baidustatic.com
2013-11-22 11:25:33,mood.chinanews.com.cn
2013-11-22 11:25:33,static.bshare.cn
2013-11-22 11:25:34,img.alimama.cn
2013-11-22 11:25:34,match.rtbidder.net
2013-11-22 11:25:34,c.wrating.com
2013-11-22 11:25:34,www.bznx.net
2013-11-22 11:25:34,i8.chinanews.com
2013-11-22 11:25:34,ubmcmm.baidustatic.com
2013-11-22 11:25:34,static.bshare.cn
2013-11-22 11:25:35,www.bznx.net
2013-11-22 11:25:35,t3.baidu.com
2013-11-22 11:25:35,origin.allyes.com
2013-11-22 11:25:35,news.baidu.com
2013-11-22 11:25:35,t1.baidu.com
2013-11-22 11:25:35,t2.baidu.com
2013-11-22 11:25:35,www.zjhyad.com
2013-11-22 11:25:36,mood.chinanews.com
2013-11-22 11:25:36,tns.simba.taobao.com
2013-11-22 11:25:36,i5.chinanews.com
2013-11-22 11:25:36,news.baidu.com
2013-11-22 11:25:36,pcookie.tanx.com
2013-11-22 11:25:37,i3.chinanews.com
2013-11-22 11:25:38,i3.chinanews.com
2013-11-22 11:25:38,nsclick.baidu.com
2013-11-22 11:25:38,ns0.bdstatic.com
2013-11-22 11:25:38,news.baidu.com
2013-11-22 11:25:38,show.re.taobao.com
2013-11-22 11:25:39,news.baidu.com
2013-11-22 11:25:39,ns1.bdstatic.com
2013-11-22 11:25:39,t3.baidu.com
2013-11-22 11:25:39,gb.cri.cn
2013-11-22 11:25:39,i2.chinanews.com
2013-11-22 11:25:40,t2.baidu.com
2013-11-22 11:25:40,www.xinhuanet.com
2013-11-22 11:25:40,news.baidu.com
2013-11-22 11:25:41,pic3.qiyipic.com
2013-11-22 11:25:41,news.baidu.com
2013-11-22 11:25:41,b.hiphotos.baidu.com
2013-11-22 11:25:41,d.hiphotos.baidu.com
2013-11-22 11:25:41,pic1.qiyipic.com
2013-11-22 11:25:41,ns2.bdstatic.com
2013-11-22 11:25:41,c.hiphotos.baidu.com
2013-11-22 11:25:42,t1.baidu.com
2013-11-22 11:25:43,ns2.bdstatic.com
2013-11-22 11:25:43,t3.baidu.com
2013-11-22 11:25:43,news.baidu.com
2013-11-22 11:25:43,t2.baidu.com
2013-11-22 11:25:43,t1.baidu.com
2013-11-22 11:25:44,t2.baidu.com
2013-11-22 11:25:44,news.xinhuanet.com
2013-11-22 11:25:44,t1.baidu.com
2013-11-22 11:25:44,t3.baidu.com
2013-11-22 11:25:44,embed.xinhuanet.com
2013-11-22 11:25:44,imgs.xinhuanet.com
2013-11-22 11:25:45,ns0.bdstatic.com
2013-11-22 11:25:45,t3.baidu.com
2013-11-22 11:25:45,t1.baidu.com
2013-11-22 11:25:45,t2.baidu.com
2013-11-22 11:25:46,news.baidu.com
2013-11-22 11:25:46,ns2.bdstatic.com
2013-11-22 11:25:47,gimg.baidu.com
2013-11-22 11:25:47,news.baidu.com
2013-11-22 11:25:47,c.baidu.com
2013-11-22 11:25:47,a.baidu.com
2013-11-22 11:25:48,hm.baidu.com
2013-11-22 11:25:49,hm.baidu.com
2013-11-22 11:25:50,cb.baidu.com
2013-11-22 11:25:50,ns1.bdstatic.com
2013-11-22 11:25:51,ubmcmm.baidustatic.com
2013-11-22 11:25:52,www.chinanews.com
2013-11-22 11:26:03,passport.baidu.com
2013-11-22 11:26:09,www.xinhuanet.com
2013-11-22 11:26:10,passport.baidu.com
2013-11-22 11:26:23,i8.chinanews.com
2013-11-22 11:28:16,nsclick.baidu.com
2013-11-22 11:28:59,eclick.baidu.com
2013-11-22 11:28:59,hm.baidu.com
2013-11-22 11:28:59,eff.inte.sogou.com
2013-11-22 11:29:01,me.afp.chinanews.com
2013-11-22 11:29:01,www.chinanews.com
2013-11-22 11:29:01,i8.chinanews.com
2013-11-22 11:29:02,me.afp.chinanews.com
2013-11-22 11:29:03,me.afp.chinanews.com
2013-11-22 11:29:04,cb.baidu.com
2013-11-22 11:29:04,mood.chinanews.com
2013-11-22 11:29:04,inte.sogou.com
2013-11-22 11:29:05,comment.chinanews.com
2013-11-22 11:29:05,bbs.chinanews.com
2013-11-22 11:29:07,pos.baidu.com
2013-11-22 11:29:08,cb.baidu.com
2013-11-22 11:29:08,me.afp.chinanews.com
2013-11-22 11:29:09,wn.pos.baidu.com
2013-11-22 11:29:09,hm.baidu.com
2013-11-22 11:29:09,eclick.baidu.com
2013-11-22 11:29:09,snippet.pos.baidu.com
2013-11-22 11:29:09,pos.baidu.com
2013-11-22 11:29:09,eff.inte.sogou.com
2013-11-22 11:29:09,inte.sogou.com
2013-11-22 11:29:09,www.chinanews.com
2013-11-22 11:29:10,me.afp.chinanews.com
2013-11-22 11:29:10,www.chinanews.com
2013-11-22 11:29:11,me.afp.chinanews.com
2013-11-22 11:29:12,cb.baidu.com
2013-11-22 11:29:12,me.afp.chinanews.com
2013-11-22 11:29:13,comment.chinanews.com
2013-11-22 11:29:13,cb.baidu.com
2013-11-22 11:29:13,pos.baidu.com
2013-11-22 11:29:13,mood.chinanews.com
2013-11-22 11:29:13,inte.sogou.com
2013-11-22 11:29:13,me.afp.chinanews.com
2013-11-22 11:29:13,snippet.pos.baidu.com
2013-11-22 11:29:14,me.afp.chinanews.com
2013-11-22 11:29:14,cb.baidu.com
2013-11-22 11:29:14,pos.baidu.com
2013-11-22 11:29:14,inte.sogou.com
2013-11-22 11:29:14,wn.pos.baidu.com
2013-11-22 11:29:15,snippet.pos.baidu.com
2013-11-22 11:29:15,me.afp.chinanews.com
2013-11-22 11:29:15,cb.baidu.com
2013-11-22 11:29:15,hm.baidu.com
2013-11-22 11:29:16,eff.inte.sogou.com
2013-11-22 11:29:16,p.tanx.com
2013-11-22 11:29:16,hm.baidu.com
2013-11-22 11:29:16,b.bshare.cn
2013-11-22 11:29:16,comment.chinanews.com
2013-11-22 11:29:16,wn.pos.baidu.com
2013-11-22 11:29:16,me.afp.chinanews.com
2013-11-22 11:29:16,eclick.baidu.com
2013-11-22 11:29:17,www.chinanews.com
2013-11-22 11:29:17,me.afp.chinanews.com
2013-11-22 11:29:18,me.afp.chinanews.com
2013-11-22 11:29:19,me.afp.chinanews.com
2013-11-22 11:29:19,cb.baidu.com
2013-11-22 11:29:19,www.chinanews.com
2013-11-22 11:29:20,comment.chinanews.com
2013-11-22 11:29:20,cb.baidu.com
2013-11-22 11:29:20,mood.chinanews.com
2013-11-22 11:29:20,pos.baidu.com
2013-11-22 11:29:20,me.afp.chinanews.com
2013-11-22 11:29:20,inte.sogou.com
2013-11-22 11:29:21,inte.sogou.com
2013-11-22 11:29:21,pos.baidu.com
2013-11-22 11:29:21,hm.baidu.com
2013-11-22 11:29:21,wn.pos.baidu.com
2013-11-22 11:29:21,me.afp.chinanews.com
2013-11-22 11:29:21,snippet.pos.baidu.com
2013-11-22 11:29:21,cb.baidu.com
2013-11-22 11:29:22,www.chinanews.com
2013-11-22 11:29:22,cb.baidu.com
2013-11-22 11:29:22,me.afp.chinanews.com
2013-11-22 11:29:22,hm.baidu.com
2013-11-22 11:29:22,eclick.baidu.com
2013-11-22 11:29:22,snippet.pos.baidu.com
2013-11-22 11:29:22,p.tanx.com
2013-11-22 11:29:22,eff.inte.sogou.com
2013-11-22 11:29:23,www.chinanews.com
2013-11-22 11:29:23,me.afp.chinanews.com
2013-11-22 11:29:24,me.afp.chinanews.com
2013-11-22 11:29:25,me.afp.chinanews.com
2013-11-22 11:29:25,www.chinanews.com
2013-11-22 11:29:25,comment.chinanews.com
2013-11-22 11:29:26,pos.baidu.com
2013-11-22 11:29:26,mood.chinanews.com
2013-11-22 11:29:26,inte.sogou.com
2013-11-22 11:29:26,me.afp.chinanews.com
2013-11-22 11:29:27,eff.inte.sogou.com
2013-11-22 11:29:27,cbjs.baidu.com
2013-11-22 11:29:27,inte.sogou.com
2013-11-22 11:29:27,snippet.pos.baidu.com
2013-11-22 11:29:27,pos.baidu.com
2013-11-22 11:29:27,hm.baidu.com
2013-11-22 11:29:27,eclick.baidu.com
2013-11-22 11:29:28,www.chinanews.com
2013-11-22 11:29:28,me.afp.chinanews.com
2013-11-22 11:29:29,me.afp.chinanews.com
2013-11-22 11:29:30,cb.baidu.com
2013-11-22 11:29:30,me.afp.chinanews.com
2013-11-22 11:29:30,cbjs.baidu.com
2013-11-22 11:29:31,comment.chinanews.com
2013-11-22 11:29:31,me.afp.chinanews.com
2013-11-22 11:29:31,pos.baidu.com
2013-11-22 11:29:31,cb.baidu.com
2013-11-22 11:29:31,inte.sogou.com
2013-11-22 11:29:31,mood.chinanews.com
2013-11-22 11:29:32,wn.pos.baidu.com
2013-11-22 11:29:32,inte.sogou.com
2013-11-22 11:29:32,pos.baidu.com
2013-11-22 11:29:32,cb.baidu.com
2013-11-22 11:29:32,me.afp.chinanews.com
2013-11-22 11:29:32,snippet.pos.baidu.com
2013-11-22 11:29:32,hm.baidu.com
2013-11-22 11:29:33,cb.baidu.com
2013-11-22 11:29:33,me.afp.chinanews.com
2013-11-22 11:29:33,eclick.baidu.com
2013-11-22 11:29:33,p.tanx.com
2013-11-22 11:29:33,snippet.pos.baidu.com
2013-11-22 11:29:33,www.chinanews.com
2013-11-22 11:29:33,eff.inte.sogou.com
2013-11-22 11:29:33,hm.baidu.com
2013-11-22 11:29:34,me.afp.chinanews.com
2013-11-22 11:29:35,me.afp.chinanews.com
2013-11-22 11:29:36,me.afp.chinanews.com
2013-11-22 11:29:36,cb.baidu.com
2013-11-22 11:29:36,comment.chinanews.com
2013-11-22 11:29:37,me.afp.chinanews.com
2013-11-22 11:29:37,inte.sogou.com
2013-11-22 11:29:37,pos.baidu.com
2013-11-22 11:29:37,cb.baidu.com
2013-11-22 11:29:38,pos.baidu.com
2013-11-22 11:29:38,inte.sogou.com
2013-11-22 11:29:38,hm.baidu.com
2013-11-22 11:29:38,snippet.pos.baidu.com
2013-11-22 11:29:38,cb.baidu.com
2013-11-22 11:29:39,mood.chinanews.com
2013-11-22 11:29:39,eff.inte.sogou.com
2013-11-22 11:29:39,p.tanx.com
2013-11-22 11:29:39,hm.baidu.com
2013-11-22 11:29:39,snippet.pos.baidu.com
2013-11-22 11:29:39,eclick.baidu.com
2013-11-22 11:29:39,www.chinanews.com
2013-11-22 11:29:39,me.afp.chinanews.com
2013-11-22 11:29:39,cb.baidu.com
2013-11-22 11:29:39,wn.pos.baidu.com
2013-11-22 11:29:40,me.afp.chinanews.com
2013-11-22 11:29:41,me.afp.chinanews.com
2013-11-22 11:29:42,me.afp.chinanews.com
2013-11-22 11:29:42,cb.baidu.com
2013-11-22 11:29:42,comment.chinanews.com
2013-11-22 11:29:42,pos.baidu.com
2013-11-22 11:29:43,cb.baidu.com
2013-11-22 11:29:43,mood.chinanews.com
2013-11-22 11:29:43,me.afp.chinanews.com
2013-11-22 11:29:43,inte.sogou.com
2013-11-22 11:29:44,snippet.pos.baidu.com
2013-11-22 11:29:44,hm.baidu.com
2013-11-22 11:29:44,cb.baidu.com
2013-11-22 11:29:44,pos.baidu.com
2013-11-22 11:29:44,inte.sogou.com
2013-11-22 11:29:44,me.afp.chinanews.com
2013-11-22 11:29:44,wn.pos.baidu.com
2013-11-22 11:29:45,www.chinanews.com
2013-11-22 11:29:45,wn.pos.baidu.com
2013-11-22 11:29:45,p.tanx.com
2013-11-22 11:29:45,me.afp.chinanews.com
2013-11-22 11:29:45,b.bshare.cn
2013-11-22 11:29:45,comment.chinanews.com
2013-11-22 11:29:46,eclick.baidu.com
2013-11-22 11:29:46,img.alimama.cn
2013-11-22 11:29:46,hm.baidu.com
2013-11-22 11:29:47,eff.inte.sogou.com
2013-11-22 11:30:11,n.baidu.com
2013-11-22 11:30:11,nsclick.baidu.com
2013-11-22 11:30:11,hm.baidu.com
2013-11-22 11:30:11,c.baidu.com
2013-11-22 11:30:12,www.chinanews.com
2013-11-22 11:30:12,me.afp.chinanews.com
2013-11-22 11:30:13,me.afp.chinanews.com
2013-11-22 11:30:14,me.afp.chinanews.com
2013-11-22 11:30:15,me.afp.chinanews.com
2013-11-22 11:30:15,cb.baidu.com
2013-11-22 11:30:15,comment.chinanews.com
2013-11-22 11:30:15,mood.chinanews.com.cn
2013-11-22 11:30:16,me.afp.chinanews.com
2013-11-22 11:30:16,snippet.pos.baidu.com
2013-11-22 11:30:16,mood.chinanews.com
2013-11-22 11:30:16,pos.baidu.com
2013-11-22 11:30:16,inte.sogou.com
2013-11-22 11:30:17,cb.baidu.com
2013-11-22 11:30:17,hm.baidu.com
2013-11-22 11:30:17,pos.baidu.com
2013-11-22 11:30:17,inte.sogou.com
2013-11-22 11:30:17,snippet.pos.baidu.com
2013-11-22 11:30:18,hm.baidu.com
2013-11-22 11:30:18,cb.baidu.com
2013-11-22 11:30:18,me.afp.chinanews.com
2013-11-22 11:30:18,p.tanx.com
2013-11-22 11:30:18,b.bshare.cn
2013-11-22 11:30:18,comment.chinanews.com
2013-11-22 11:30:20,wn.pos.baidu.com
2013-11-22 11:30:21,wn.pos.baidu.com
2013-11-22 11:33:20,nsclick.baidu.com
2013-11-22 11:33:20,eff.inte.sogou.com
2013-11-25 10:14:39,www.google.fr
2013-11-25 10:14:50,www.google.fr
2013-11-25 10:14:51,apis.google.com
2013-11-25 10:14:53,www.google.com
2013-11-25 10:15:40,www.google.fr
2013-11-25 10:15:40,pageperso.lif.univ-mrs.fr
2013-11-25 10:16:07,apis.google.com
2013-11-25 10:16:07,www.google.com
2013-11-25 10:16:42,www.google.fr
2013-11-25 10:16:42,www.i3s.unice.fr
2013-11-25 10:20:45,www.google.fr
2013-11-25 10:22:37,www.google.fr
2013-11-25 10:23:12,www.google.fr
2013-11-25 10:29:31,www.orientouch-e.com
2013-11-25 10:29:31,orientouch-e.com
2013-11-25 10:29:32,orientouch-e.com
2013-11-25 10:29:32,connect.facebook.net
2013-11-25 10:29:32,www.orientouch-e.com
2013-11-25 10:29:33,s-static.ak.facebook.com
2013-11-25 10:29:33,static.ak.facebook.com
2013-11-25 10:29:34,www.facebook.com
2013-11-25 10:29:35,livenationfh.trium.fr
2013-11-25 10:29:36,livenationfh.trium.fr
2013-11-25 10:29:36,maps.google.com
2013-11-25 10:29:37,apis.google.com
2013-11-25 10:29:37,connect.facebook.net
2013-11-25 10:29:37,platform.twitter.com
2013-11-25 10:29:38,s-static.ak.facebook.com
2013-11-25 10:29:38,static.ak.facebook.com
2013-11-25 10:29:38,apis.google.com
2013-11-25 10:29:39,www.facebook.com
2013-11-25 10:29:40,apis.google.com
2013-11-25 10:29:40,mt1.googleapis.com
2013-11-25 10:29:40,mt.googleapis.com
2013-11-25 10:29:40,maps.googleapis.com
2013-11-25 10:29:40,mt0.googleapis.com
2013-11-25 10:29:40,www.facebook.com
2013-11-25 10:29:40,platform.twitter.com
2013-11-25 10:29:41,mt1.googleapis.com
2013-11-25 10:29:41,platform.twitter.com
2013-11-25 10:29:41,mt0.googleapis.com
2013-11-25 10:29:42,maps.googleapis.com
2013-11-25 10:29:42,mt0.googleapis.com
2013-11-25 10:29:42,mt1.googleapis.com
2013-11-25 10:29:42,apis.google.com
2013-11-25 10:29:43,maps.googleapis.com
2013-11-25 10:29:46,maps.googleapis.com
2013-11-25 10:29:51,twitter.com
2013-11-25 10:29:51,accounts.google.com
2013-11-25 10:30:21,twitter.com
2013-11-25 10:30:54,platform.twitter.com
2013-11-25 10:30:54,accounts.google.com
2013-11-25 10:34:21,www.google.fr
2013-11-25 10:34:22,apis.google.com
2013-11-25 10:34:24,www.google.com
2013-11-25 10:35:25,apis.google.com
2013-11-25 10:35:25,www.google.com
2013-11-25 10:37:53,www.google.fr
2013-11-29 10:16:18,fpdownload2.macromedia.com
2013-11-29 10:16:31,cdp1.public-trust.com
2013-11-29 10:16:31,go.microsoft.com
2013-11-29 10:16:31,mscrl.microsoft.com
2013-11-29 10:16:31,www.iegallery.com
2013-11-29 10:16:32,www.iegallery.com
2013-11-29 10:16:33,www.iegallery.com
2013-11-29 10:16:34,www.iegallery.com
2013-11-29 10:16:38,www.live.com
2013-11-29 10:16:41,api.search.live.com
2013-11-29 10:16:42,api.search.live.com
2013-11-29 10:16:44,www.bing.com
2013-11-29 10:16:44,search.live.com
2013-11-29 10:16:45,www.bing.com
2013-11-29 10:16:46,www.bing.com
2013-11-29 10:16:46,cms.abmr.net
2013-11-29 10:16:47,www.bing.com
2013-11-29 10:16:47,www.google.fr
2013-11-29 10:16:47,crl.verisign.com
2013-11-29 10:16:47,evsecure-crl.verisign.com
2013-11-29 10:16:47,crl.geotrust.com
2013-11-29 10:16:47,evintl-crl.verisign.com
2013-11-29 10:16:47,pki.google.com
2013-11-29 10:16:47,login.live.com
2013-11-29 10:16:48,clients1.google.fr
2013-11-29 10:16:48,www.google.fr
2013-11-29 10:16:50,www.google.fr
2013-11-29 10:17:07,www.google.fr
2013-11-29 10:17:07,clients1.google.fr
2013-11-29 10:17:07,www.oeconomia.net
2013-11-29 10:17:13,www.oeconomia.net
2013-11-29 10:17:25,www.oeconomia.net
2013-11-29 10:17:27,www.oeconomia.net
2013-11-29 10:17:33,ieonline.microsoft.com
2013-11-29 10:17:37,www.oeconomia.net
2013-11-29 10:17:38,www.oeconomia.net
2013-11-29 10:17:40,www.oeconomia.net
2013-11-29 10:17:46,www.oeconomia.net
2013-11-29 10:17:47,www.oeconomia.net
2013-11-29 10:44:48,download.foxitsoftware.com
2013-11-29 10:44:48,www.foxitsoftware.com
2013-12-19 10:22:09,crl.geotrust.com
2013-12-19 10:22:09,pki.google.com
2013-12-19 10:22:09,crl.usertrust.com
2013-12-19 10:22:10,crl.usertrust.com
2013-12-19 10:22:10,crl.tcs.terena.org
2014-03-28 12:17:01,www.google.fr
2014-03-28 12:17:02,www.google.fr
2014-03-28 12:17:02,clients1.google.fr
2014-03-28 12:17:06,pki.google.com
2014-03-28 12:17:06,crl.geotrust.com
2014-03-28 12:17:06,www.google.com
2014-03-28 12:17:07,accounts.google.com
2014-03-28 12:17:07,mail.google.com
2014-03-28 12:17:32,accounts.google.com
2014-03-28 12:17:32,accounts.youtube.com
2014-03-28 12:17:32,accounts.google.fr
2014-03-28 12:17:33,mail.google.com
2014-03-28 12:17:34,mail.google.com
2014-03-28 12:17:35,mail.google.com
2014-03-28 12:17:37,mail.google.com
2014-03-28 12:17:37,www.google.com
2014-03-28 12:17:37,clients2.google.com
2014-03-28 12:17:38,mail.google.com
2014-03-28 12:17:39,mail.google.com
2014-03-28 12:17:39,accounts.google.com
2014-03-28 12:17:39,apis.google.com
2014-03-28 12:17:42,mail.google.com
2014-03-28 12:17:44,plus.google.com
2014-03-28 12:17:44,mail.google.com
2014-03-28 12:17:44,apis.google.com
2014-03-28 12:17:46,chatenabled.mail.google.com
2014-03-28 12:17:46,mail.google.com
2014-03-28 12:17:47,apis.google.com
2014-03-28 12:18:00,apis.google.com
2014-03-28 12:18:07,mail.google.com
2014-03-28 12:18:07,apis.google.com
2014-03-28 12:18:25,docs.google.com
2014-03-28 12:18:26,docs.google.com
2014-03-28 12:18:27,docs.google.com
2014-03-28 12:18:28,docs.google.com
2014-03-28 12:18:30,mail.google.com
2014-03-28 12:19:06,apis.google.com
2014-03-28 12:19:16,mail.google.com
2014-03-28 12:19:25,docs.google.com
2014-03-28 12:19:25,www.google.com
2014-03-28 12:19:27,docs.google.com
2014-03-28 12:19:28,docs.google.com
2014-03-28 12:20:33,www.google.com
2014-03-28 12:22:39,b.mail.google.com
2014-03-28 12:22:39,apis.google.com
2014-03-28 12:22:39,mail.google.com
2014-03-28 12:25:02,download.foxitsoftware.com
2014-03-28 12:25:02,www.foxitsoftware.com
2014-03-28 12:26:05,www.google.fr
2014-03-28 12:26:05,clients1.google.fr
2014-03-28 12:26:10,clients1.google.fr
2014-03-28 12:26:13,clients1.google.fr
2014-03-28 12:26:13,www.google.fr
2014-03-28 12:26:18,i1.ytimg.com
2014-03-28 12:26:18,s.ytimg.com
2014-03-28 12:26:18,www.google.fr
2014-03-28 12:26:18,www.youtube.com
2014-03-28 12:26:19,i1.ytimg.com
2014-03-28 12:26:19,s.ytimg.com
2014-03-28 12:26:20,i1.ytimg.com
2014-03-28 12:26:20,www.youtube.com
2014-03-28 12:26:20,s.ytimg.com
2014-03-28 12:26:21,i1.ytimg.com
2014-03-28 12:26:21,yt3.ggpht.com
2014-03-28 12:26:22,accounts.google.com
2014-03-28 12:26:22,s.ytimg.com
2014-03-28 12:26:22,apis.google.com
2014-03-28 12:26:24,s.ytimg.com
2014-03-28 12:26:25,s.ytimg.com
2014-03-28 12:26:27,apis.google.com
2014-03-28 12:26:27,clients1.google.com
2014-03-28 12:26:27,www.youtube.com
2014-03-28 12:26:27,i4.ytimg.com
2014-03-28 12:26:27,www.google.com
2014-03-28 12:26:28,s.ytimg.com
2014-03-28 12:26:28,www.youtube.com
2014-03-28 12:26:28,i1.ytimg.com
2014-03-28 12:26:28,yt3.ggpht.com
2014-03-28 12:26:30,ea.numericable.fr
2014-03-28 12:26:31,yt3.ggpht.com
2014-03-28 12:26:32,s.ytimg.com
2014-03-28 12:26:57,r2---sn-gxo5uxg-jqbe.googlevideo.com
2014-03-28 12:26:57,www.youtube.com
2014-03-28 12:26:58,s.ytimg.com
2014-03-28 12:26:58,www.youtube.com
2014-03-28 12:26:58,r2---sn-gxo5uxg-jqbe.googlevideo.com
2014-03-28 12:26:58,s.youtube.com
2014-03-28 12:26:58,yt3.ggpht.com
2014-03-28 12:26:59,yt3.ggpht.com
2014-03-28 12:26:59,apis.google.com
2014-03-28 12:26:59,i1.ytimg.com
2014-03-28 12:26:59,www.youtube.com
2014-03-28 12:27:00,i1.ytimg.com
2014-03-28 12:27:01,s.youtube.com
2014-03-28 12:27:01,apis.google.com
2014-03-28 12:27:01,s.ytimg.com
2014-03-28 12:27:01,r2---sn-gxo5uxg-jqbe.googlevideo.com
2014-03-28 12:27:02,s.youtube.com
2014-03-28 12:27:02,r2---sn-gxo5uxg-jqbe.googlevideo.com
2014-03-28 12:27:02,www.google.com
2014-03-28 12:27:03,i1.ytimg.com
2014-03-28 12:27:03,apis.google.com
2014-03-28 12:27:04,plus.googleapis.com
2014-03-28 12:27:04,s.youtube.com
2014-03-28 12:27:05,plus.googleapis.com
2014-03-28 12:27:05,www.youtube.com
2014-03-28 12:27:08,s.youtube.com
2014-03-28 12:27:13,clients1.google.com
2014-03-28 12:27:14,s.youtube.com
2014-03-28 12:27:16,i1.ytimg.com
2014-03-28 12:27:22,r1---sn-gxo5uxg-jqbe.googlevideo.com
2014-03-28 12:27:22,www.youtube.com
2014-03-28 12:27:22,www.youtube-nocookie.com
2014-03-28 12:27:22,yt3.ggpht.com
2014-03-28 12:27:23,yt3.ggpht.com
2014-03-28 12:27:23,s.ytimg.com
2014-03-28 12:27:23,i1.ytimg.com
2014-03-28 12:27:23,s.youtube.com
2014-03-28 12:27:24,www.google.com
2014-03-28 12:27:24,s.ytimg.com
2014-03-28 12:27:24,www.youtube.com
2014-03-28 12:27:25,gdata.youtube.com
2014-03-28 12:27:25,i1.ytimg.com
2014-03-28 12:27:25,www.youtube.com
2014-03-28 12:27:26,plus.googleapis.com
2014-03-28 12:27:26,www.youtube.com
2014-03-28 12:27:26,i1.ytimg.com
2014-03-28 12:27:26,yt3.ggpht.com
2014-03-28 12:27:26,r4---sn-gxo5uxg-jqbe.googlevideo.com
2014-03-28 12:27:26,s.youtube.com
2014-03-28 12:27:27,www.youtube.com
2014-03-28 12:27:27,s.youtube.com
2014-03-28 12:27:27,r4---sn-gxo5uxg-jqbe.googlevideo.com
2014-03-28 12:27:27,yt3.ggpht.com
2014-03-28 12:27:28,s.youtube.com
2014-03-28 12:27:28,r4---sn-gxo5uxg-jqbe.googlevideo.com
2014-03-28 12:27:28,crl.thawte.com
2014-03-28 12:27:28,svr-ov-crl.thawte.com
2014-03-28 12:27:29,s.youtube.com
2014-03-28 12:27:30,r4---sn-gxo5uxg-jqbe.googlevideo.com
2014-03-28 12:27:31,r4---sn-gxo5uxg-jqbe.googlevideo.com
2014-03-28 12:27:34,s.youtube.com
2014-03-28 12:27:37,s.youtube.com
2014-03-28 12:27:45,s.youtube.com
2014-03-28 12:27:54,www.youtube.com
2014-03-28 12:27:54,clients1.google.com
2014-03-28 12:27:55,s.youtube.com
2014-03-28 12:27:57,s.youtube.com
2014-03-28 12:27:57,r1---sn-gxo5uxg-jqbe.googlevideo.com
2014-03-28 12:27:57,www.youtube.com
2014-03-28 12:27:58,r1---sn-gxo5uxg-jqbe.googlevideo.com
2014-03-28 12:27:58,s.youtube.com
2014-03-28 12:27:59,r1---sn-gxo5uxg-jqbe.googlevideo.com
2014-03-28 12:27:59,s.youtube.com
2014-03-28 12:27:59,r5---sn-cg07luez.googlevideo.com
2014-03-28 12:28:00,r1---sn-gxo5uxg-jqbe.googlevideo.com
2014-03-28 12:28:00,r5---sn-cg07luez.googlevideo.com
2014-03-28 12:28:00,s.youtube.com
2014-03-28 12:28:01,s.youtube.com
2014-03-28 12:28:01,r5---sn-cg07luez.googlevideo.com
2014-03-28 12:28:03,clients1.google.com
2014-03-28 12:29:19,clients1.google.fr
2014-03-28 12:29:19,www.google.fr
2014-03-28 12:29:22,clients1.google.fr
2014-03-28 12:29:23,clients1.google.fr
2014-03-28 12:29:26,clients1.google.fr
2014-03-28 12:29:26,www.google.fr
2014-03-28 12:29:30,www.google.fr
2014-03-28 12:29:31,news.baidu.com
2014-03-28 12:29:32,news.baidu.com
2014-03-28 12:29:32,img.baidu.com
2014-03-28 12:30:35,ns0.bdstatic.com
2014-03-28 12:31:38,ns1.bdstatic.com
2014-03-28 12:31:48,ns1.bdstatic.com
2014-03-28 12:41:04,clients1.google.fr
2014-03-28 12:41:04,www.google.fr
2014-03-28 12:41:10,www.google.com
2014-03-28 12:41:10,www.youtube.com
2014-03-28 12:41:12,yt3.ggpht.com
2014-03-28 12:41:12,i1.ytimg.com
2014-03-28 12:41:13,accounts.google.com
2014-03-28 12:41:13,apis.google.com
2014-03-28 12:41:14,i1.ytimg.com
2014-03-28 12:41:16,www.youtube.com
2014-03-28 12:41:19,yt3.ggpht.com
2014-03-28 12:41:19,i1.ytimg.com
2014-03-28 12:41:23,clients1.google.com
2014-03-28 12:41:26,www.youtube.com
2014-03-28 12:41:29,yt3.ggpht.com
2014-03-28 12:41:29,apis.google.com
2014-03-28 12:41:31,www.youtube.com
2014-03-28 12:41:33,yt3.ggpht.com
2014-03-28 12:41:33,accounts.google.com
2014-03-28 12:41:34,www.youtube.com
2014-03-28 12:41:37,www.youtube.com
2014-03-28 12:41:40,www.youtube.com
2014-03-28 12:41:44,www.youtube.com
2014-03-28 12:41:45,i2.ytimg.com
2014-03-28 12:41:48,www.youtube.com
2014-03-28 12:41:53,yt3.ggpht.com
2014-03-28 12:41:54,www.youtube.com
2014-03-28 12:41:58,apis.google.com
2014-03-28 12:41:58,accounts.google.com
2014-03-28 12:41:58,www.youtube.com
