timestamp,site
2014-02-24 08:03:33,go.microsoft.com
2014-02-24 08:03:34,www.iegallery.com
2014-02-24 08:03:35,www.iegallery.com
2014-02-24 08:03:36,www.iegallery.com
2014-02-24 08:03:38,www.bing.com
2014-02-24 08:03:58,www.squid-cache.org
2014-02-24 08:04:09,www.bing.com
2014-02-24 08:04:10,www.bing.com
2014-02-24 08:04:11,www.bing.com
2014-02-24 08:04:11,google.fr
2014-02-24 08:04:11,www.google.fr
2014-02-24 08:04:11,cms.abmr.net
2014-02-24 08:04:12,www.bing.com
2014-02-24 08:04:20,www.bing.com
2014-02-24 08:04:24,login.live.com
2014-02-24 08:04:25,www.google.fr
2014-02-24 08:04:26,www.google.fr
2014-02-24 08:04:38,ssl.bing.com
2014-02-24 08:04:39,www.google.fr
2014-02-24 08:04:43,www.google.fr
2014-02-24 08:04:45,www.google.fr
2014-02-24 08:04:58,www.google.com
2014-02-24 08:05:00,ieonline.microsoft.com
2014-02-24 08:05:33,player.vimeo.com
2014-02-24 08:25:19,api.bing.com
2014-02-24 08:25:19,office14client.microsoft.com
2014-02-24 08:25:19,office.microsoft.com
2014-02-24 08:25:19,rr.office.microsoft.com
2014-02-24 08:25:20,services.highbeam.com
2014-02-24 08:25:20,integrate.factiva.com
2014-02-24 08:25:21,www.worldlingo.com
2014-02-24 08:25:21,www.microsofttranslator.com
2014-02-24 08:47:19,www.google.fr
2014-02-24 08:47:34,www.google.fr
2014-02-24 08:47:44,www.google.fr
2014-02-24 08:47:45,www.google.fr
2014-02-24 08:47:46,www.google.fr
2014-02-24 08:47:47,www.google.fr
2014-02-24 08:47:49,www.google.com
2014-02-24 08:48:40,tpe-nanomedecine.pagesperso-orange.fr
2014-02-24 08:48:40,www.google.fr
2014-02-24 08:48:41,www.google.com
2014-02-24 08:48:41,www.google.fr
2014-02-24 08:48:42,www.google.fr
2014-02-24 08:48:42,www.cihr-irsc.gc.ca
2014-02-24 08:48:43,www.cihr-irsc.gc.ca
2014-02-24 08:48:43,cdnjs.cloudflare.com
2014-02-24 08:48:44,www.cihr-irsc.gc.ca
2014-02-24 08:48:45,cihr-irsc.sondages-surveys.ca
2014-02-24 08:48:45,www.cihr-irsc.gc.ca
2014-02-24 08:48:46,www.cihr-irsc.gc.ca
2014-02-24 08:48:51,www.cihr-irsc.gc.ca
2014-02-24 08:48:51,cihr-irsc.sondages-surveys.ca
2014-02-24 08:48:52,www.cihr-irsc.gc.ca
2014-02-24 08:48:56,www.cihr-irsc.gc.ca
2014-02-24 08:48:57,israelvalley.s3-eu-west-1.amazonaws.com
2014-02-24 08:48:58,israelvalley.s3-eu-west-1.amazonaws.com
2014-02-24 08:48:59,israelvalley.s3-eu-west-1.amazonaws.com
2014-02-24 08:49:00,israelvalley.s3-eu-west-1.amazonaws.com
2014-02-24 08:49:00,www.google.com
2014-02-24 08:49:00,www.cihr-irsc.gc.ca
2014-02-24 08:49:01,www.cihr-irsc.gc.ca
2014-02-24 08:49:02,www.cihr-irsc.gc.ca
2014-02-24 08:49:03,www.cihr-irsc.gc.ca
2014-02-24 08:49:05,apis.google.com
2014-02-24 08:49:06,www.google.com
2014-02-24 08:49:06,apis.google.com
2014-02-24 08:49:08,tpe-nanomedecine.pagesperso-orange.fr
2014-02-24 08:49:09,tpe-nanomedecine.pagesperso-orange.fr
2014-02-24 08:49:09,apis.google.com
2014-02-24 08:49:11,accounts.google.com
2014-02-24 08:49:15,tpe-nanomedecine.pagesperso-orange.fr
2014-02-24 08:49:15,accounts.google.com
2014-02-24 08:49:16,tpe-nanomedecine.pagesperso-orange.fr
2014-02-24 08:49:17,tpe-nanomedecine.pagesperso-orange.fr
2014-02-24 08:49:21,tpe-nanomedecine.pagesperso-orange.fr
2014-02-24 08:49:22,tpe-nanomedecine.pagesperso-orange.fr
2014-02-24 08:50:26,www.cihr-irsc.gc.ca
2014-02-24 08:50:27,cdnjs.cloudflare.com
2014-02-24 08:50:27,www.cihr-irsc.gc.ca
2014-02-24 08:50:28,apis.google.com
2014-02-24 08:50:28,www.cihr-irsc.gc.ca
2014-02-24 08:50:29,www.cihr-irsc.gc.ca
2014-02-24 08:50:30,cihr-irsc.sondages-surveys.ca
2014-02-24 08:50:30,www.cihr-irsc.gc.ca
2014-02-24 08:50:36,cihr-irsc.sondages-surveys.ca
2014-02-24 08:50:36,www.cihr-irsc.gc.ca
2014-02-24 08:50:39,www.cihr-irsc.gc.ca
2014-02-24 08:50:55,www.cihr-irsc.gc.ca
2014-02-24 08:50:56,www.cihr-irsc.gc.ca
2014-02-24 08:50:57,www.cihr-irsc.gc.ca
2014-02-24 08:51:01,www.cihr-irsc.gc.ca
2014-02-24 08:51:02,www.cihr-irsc.gc.ca
2014-02-24 08:51:27,www.akademien-schweiz.ch
2014-02-24 08:51:58,tpe-nanomedecine.pagesperso-orange.fr
2014-02-24 08:51:59,tpe-nanomedecine.pagesperso-orange.fr
2014-02-24 08:52:09,tpe-nanomedecine.pagesperso-orange.fr
2014-02-24 08:53:22,apis.google.com
2014-02-24 09:03:39,tpe-nanomedecine.pagesperso-orange.fr
2014-02-24 09:03:40,www.webtutoriaux.com
2014-02-24 09:03:40,tpe-nanomedecine.pagesperso-orange.fr
2014-02-24 09:03:40,www.dailymotion.com
2014-02-24 09:03:47,tpe-nanomedecine.pagesperso-orange.fr
2014-02-24 09:04:08,tpe-nanomedecine.pagesperso-orange.fr
2014-02-24 09:05:14,apis.google.com
2014-02-24 09:07:48,apis.google.com
2014-02-24 09:12:26,www.google.fr
2014-02-24 09:12:30,www.squid-cache.org
2014-02-24 09:12:51,www.google.fr
2014-02-24 09:38:35,player.vimeo.com
2014-02-24 09:39:41,tpe-nanomedecine.pagesperso-orange.fr
2014-02-24 09:39:42,www.dailymotion.com
2014-02-24 09:39:42,tpe-nanomedecine.pagesperso-orange.fr
2014-02-24 09:39:42,www.webtutoriaux.com
2014-02-24 09:39:59,tpe-nanomedecine.pagesperso-orange.fr
2014-02-24 09:40:00,tpe-nanomedecine.pagesperso-orange.fr
2014-02-24 09:40:04,tpe-nanomedecine.pagesperso-orange.fr
2014-02-24 09:40:08,apis.google.com
2014-02-24 09:40:09,tpe-nanomedecine.pagesperso-orange.fr
2014-02-24 09:40:09,apis.google.com
2014-02-24 09:40:10,tpe-nanomedecine.pagesperso-orange.fr
2014-02-24 09:40:10,apis.google.com
2014-02-24 09:40:12,accounts.google.com
2014-02-24 09:40:26,tpe-nanomedecine.pagesperso-orange.fr
2014-02-24 09:40:28,www.dailymotion.com
2014-02-24 09:40:28,tpe-nanomedecine.pagesperso-orange.fr
2014-02-24 09:40:29,www.webtutoriaux.com
2014-02-24 09:40:43,apis.google.com
2014-02-24 09:40:43,tpe-nanomedecine.pagesperso-orange.fr
2014-02-24 09:40:45,apis.google.com
2014-02-24 09:40:45,tpe-nanomedecine.pagesperso-orange.fr
2014-02-24 09:40:47,tpe-nanomedecine.pagesperso-orange.fr
2014-02-24 09:41:04,accounts.google.com
2014-02-24 09:41:04,apis.google.com
2014-02-24 09:41:21,accounts.google.com
2014-03-17 08:31:33,www.google.fr
2014-03-17 08:31:44,www.google.fr
2014-03-17 08:31:59,www.google.fr
2014-03-17 08:32:00,clients1.google.fr
2014-03-17 08:32:00,www.google.fr
2014-03-17 08:32:16,img.youtube.com
2014-03-17 08:32:31,www.google.fr
2014-03-17 08:32:32,www.google.fr
2014-03-17 08:32:33,www.excelabo.net
2014-03-17 08:32:34,www.excelabo.net
2014-03-17 08:32:35,www.excelabo.net
2014-03-17 08:32:36,www.excelabo.net
2014-03-17 08:36:00,www.google.fr
2014-03-17 08:36:14,www.google.fr
2014-03-17 08:36:14,clients1.google.fr
2014-03-17 08:36:16,img.youtube.com
2014-03-17 08:45:33,clients1.google.fr
2014-03-17 08:46:09,www.commentcamarche.net
2014-03-17 08:46:09,ba.commentcamarche.net
2014-03-17 08:46:09,html5shim.googlecode.com
2014-03-17 08:46:09,ba.ccmbg.net
2014-03-17 08:46:09,www.google.fr
2014-03-17 08:46:09,clients1.google.fr
2014-03-17 08:46:09,static.ccm2.net
2014-03-17 08:46:10,static.ccm2.net
2014-03-17 08:46:10,www.facebook.com
2014-03-17 08:46:10,platform.twitter.com
2014-03-17 08:46:14,static.ccm2.net
2014-03-17 08:46:33,platform.twitter.com
2014-03-17 08:46:33,ba.ccmbg.net
2014-03-17 08:46:33,ba.commentcamarche.net
2014-03-17 08:46:33,html5shim.googlecode.com
2014-03-17 08:46:33,twitter.com
2014-03-17 08:46:33,www.commentcamarche.net
2014-03-17 08:46:33,static.ccm2.net
2014-03-17 08:46:34,twitter.com
2014-03-17 08:46:34,static.ccm2.net
2014-03-17 08:46:39,twitter.com
2014-03-17 08:46:43,groupes.codes-sources.com
2014-03-17 08:46:43,www.google.fr
2014-03-17 08:46:44,ba.ccm2.net
2014-03-17 08:46:44,groupes.codes-sources.com
2014-03-17 08:46:45,boutique.codes-sources.com
2014-03-17 08:46:45,logiciel.codes-sources.com
2014-03-17 08:46:45,photos.codes-sources.com
2014-03-17 08:46:45,ba.ccm2.net
2014-03-17 08:46:45,groupes.codes-sources.com
2014-03-17 08:46:46,groupes.codes-sources.com
2014-03-17 08:46:47,fpdownload2.macromedia.com
2014-03-17 08:47:01,ba.commentcamarche.net
2014-03-17 08:47:01,static.ccm2.net
2014-03-17 08:47:02,s-static.ak.facebook.com
2014-03-17 08:47:02,connect.facebook.net
2014-03-17 08:47:02,static.ccm2.net
2014-03-17 08:47:02,r.ccmbg.com
2014-03-17 08:47:02,broadcast.piximedia.fr
2014-03-17 08:47:02,loadr.exelator.com
2014-03-17 08:47:02,static.ak.facebook.com
2014-03-17 08:47:02,ba.commentcamarche.net
2014-03-17 08:47:03,ba.commentcamarche.net
2014-03-17 08:47:03,pixel.alephd.com
2014-03-17 08:47:03,www.facebook.com
2014-03-17 08:47:03,platform.twitter.com
2014-03-17 08:47:03,static.ccm2.net
2014-03-17 08:47:03,static.ccmbg.com
2014-03-17 08:47:04,ajax.googleapis.com
2014-03-17 08:47:04,twitter.com
2014-03-17 08:47:05,static.ccmbg.com
2014-03-17 08:47:05,static.ccm2.net
2014-03-17 08:47:05,www.facebook.com
2014-03-17 08:47:05,www.commentcamarche.net
2014-03-17 08:47:05,broadcast.piximedia.fr
2014-03-17 08:47:06,www.facebook.com
2014-03-17 08:47:06,broadcast.piximedia.fr
2014-03-17 08:47:32,www.facebook.com
2014-03-17 08:54:33,www.commentcamarche.net
2014-03-17 08:56:31,clients1.google.fr
2014-03-17 08:56:31,www.google.fr
2014-03-17 08:56:36,office.microsoft.com
2014-03-17 08:56:36,www.google.fr
2014-03-17 08:56:36,clients1.google.fr
2014-03-17 08:56:37,office.microsoft.com
2014-03-17 08:56:37,c.msn.com
2014-03-17 08:56:37,js.microsoft.com
2014-03-17 08:56:38,js.microsoft.com
2014-03-17 08:57:10,office.microsoft.com
2014-03-17 08:57:11,clients1.google.fr
2014-03-17 08:57:11,c.msn.com
2014-03-17 08:57:11,js.microsoft.com
2014-03-17 08:57:11,office.microsoft.com
2014-03-17 09:01:10,www.google.fr
2014-03-31 07:58:10,www.bing.com
2014-03-31 07:58:11,www.bing.com
2014-03-31 07:58:11,cms.abmr.net
2014-03-31 07:58:12,www.bing.com
2014-03-31 07:58:17,www.bing.com
2014-03-31 07:58:18,www.bing.com
2014-03-31 07:58:19,www.bing.com
2014-03-31 07:58:20,www.bing.com
2014-03-31 07:58:22,www.bing.com
2014-03-31 07:58:23,login.live.com
2014-03-31 07:58:23,www.bing.com
2014-03-31 07:58:35,login.live.com
2014-03-31 08:45:23,www.bing.com
2014-03-31 08:45:24,www.bing.com
2014-03-31 08:45:28,clients1.google.fr
2014-03-31 08:45:28,www.google.fr
2014-03-31 08:45:37,clients1.google.fr
2014-03-31 08:45:38,clients1.google.fr
2014-03-31 08:45:39,clients1.google.fr
2014-03-31 08:45:40,clients1.google.fr
2014-03-31 08:45:42,www.google.fr
2014-03-31 08:45:42,clients1.google.fr
2014-03-31 08:45:46,www.google.fr
2014-03-31 08:45:46,clients1.google.fr
2014-03-31 08:45:50,www.google.fr
2014-03-31 08:45:50,le-mag-de-lea.com
2014-03-31 08:45:50,login.live.com
2014-03-31 08:45:51,le-mag-de-lea.com
2014-03-31 08:45:52,le-mag-de-lea.com
2014-03-31 08:46:01,le-mag-de-lea.com
2014-03-31 08:50:02,api.bing.com
2014-03-31 08:50:03,api.bing.com
2014-03-31 08:50:06,api.bing.com
2014-03-31 08:50:07,api.bing.com
2014-03-31 08:50:08,api.bing.com
2014-03-31 08:50:09,www.bing.com
2014-03-31 08:50:15,www.bing.com
2014-03-31 08:50:15,lost-order.forum-box.com
2014-03-31 08:50:15,nsa33.casimages.com
2014-03-31 08:50:15,img.xooimage.com
2014-03-31 08:50:16,img.xooimage.com
2014-03-31 08:50:16,lost-order.forum-box.com
2014-03-31 08:50:16,img8.xooimage.com
2014-03-31 08:50:17,fpdownload2.macromedia.com
2014-03-31 08:50:17,fr.92.clickintext.net
2014-03-31 08:50:17,lost-order.forum-box.com
2014-03-31 08:50:17,criteo.xooit.com
2014-03-31 08:50:17,fr.92.slidein.clickintext.net
2014-03-31 08:50:18,www.google.com
2014-03-31 08:50:18,lost-order.forum-box.com
2014-03-31 08:50:18,fr.91.clickintext.net
2014-03-31 08:50:20,img96.xooimage.com
2014-03-31 08:50:20,lost-order.forum-box.com
2014-03-31 08:50:21,lost-order.forum-box.com
2014-03-31 08:50:22,img1.xooimage.com
2014-03-31 08:50:23,nsa33.casimages.com
2014-03-31 08:50:23,lost-order.forum-box.com
2014-03-31 08:50:24,lost-order.forum-box.com
2014-03-31 08:50:24,img.xooimage.com
2014-03-31 08:50:24,fr.91.slidein.clickintext.net
2014-03-31 08:50:24,fr.91.clickintext.net
2014-03-31 08:50:25,fr.91.clickintext.net
2014-03-31 08:50:25,ad.publicidees.com
2014-03-31 08:50:25,banniere.reussissonsensemble.fr
2014-03-31 08:50:25,lost-order.forum-box.com
2014-03-31 08:50:28,lost-order.forum-box.com
2014-03-31 08:50:29,lost-order.forum-box.com
2014-03-31 08:50:29,nsa33.casimages.com
2014-03-31 08:50:29,fr.91.slidein.clickintext.net
2014-03-31 08:50:29,fr.91.clickintext.net
2014-03-31 08:50:29,fr.92.clickintext.net
2014-03-31 08:50:36,login.live.com
2014-03-31 08:50:44,nsa33.casimages.com
2014-03-31 08:50:44,lost-order.forum-box.com
2014-03-31 08:50:45,img59.xooimage.com
2014-03-31 08:50:45,img.xooimage.com
2014-03-31 08:50:45,img57.xooimage.com
2014-03-31 08:50:45,img9.xooimage.com
2014-03-31 08:50:45,lost-order.forum-box.com
2014-03-31 08:50:45,img3.xooimage.com
2014-03-31 08:50:45,img56.xooimage.com
2014-03-31 08:50:45,img55.xooimage.com
2014-03-31 08:50:45,img58.xooimage.com
2014-03-31 08:50:46,img59.xooimage.com
2014-03-31 08:50:46,img.xooimage.com
2014-03-31 08:50:46,img1.xooimage.com
2014-03-31 08:50:46,lost-order.forum-box.com
2014-03-31 08:50:46,fr.91.slidein.clickintext.net
2014-03-31 08:50:48,lost-order.forum-box.com
2014-03-31 08:50:48,img6.xooimage.com
2014-03-31 08:50:57,lost-order.forum-box.com
2014-03-31 08:50:58,fr.91.clickintext.net
2014-03-31 08:51:36,lost-order.forum-box.com
2014-03-31 08:51:36,fr.91.clickintext.net
2014-03-31 08:54:20,clients1.google.fr
2014-03-31 08:54:20,www.google.fr
2014-03-31 08:54:21,clients1.google.fr
2014-03-31 08:54:22,clients1.google.fr
2014-03-31 08:54:23,www.google.fr
2014-03-31 08:54:23,clients1.google.fr
2014-03-31 08:54:25,clients1.google.fr
2014-03-31 08:54:25,www.google.fr
2014-03-31 08:54:36,www.google.fr
2014-03-31 08:54:36,le-mag-de-lea.com
2014-03-31 08:54:37,le-mag-de-lea.com
2014-03-31 08:54:38,le-mag-de-lea.com
2014-03-31 08:54:40,le-mag-de-lea.com
2014-03-31 08:54:42,le-mag-de-lea.com
2014-03-31 08:55:40,ns360721.ovh.net
2014-03-31 08:55:40,le-mag-de-lea.com
2014-03-31 08:55:55,le-mag-de-lea.com
2014-03-31 08:56:30,le-mag-de-lea.com
2014-03-31 08:56:40,le-mag-de-lea.com
2014-03-31 09:01:30,le-mag-de-lea.com
2014-03-31 09:03:11,le-mag-de-lea.com
2014-03-31 09:03:58,clients1.google.fr
2014-03-31 09:03:58,www.google.fr
2014-03-31 09:04:01,clients1.google.fr
2014-03-31 09:04:01,www.google.fr
2014-03-31 09:04:03,www.google.fr
2014-03-31 09:04:03,clients1.google.fr
2014-03-31 09:04:18,www.google.fr
2014-03-31 09:04:19,clients1.google.fr
2014-03-31 09:04:36,www.google.fr
2014-03-31 09:04:36,clients1.google.fr
2014-03-31 09:05:37,www.google.fr
2014-03-31 09:05:38,blog.manu-bd.info
2014-03-31 09:05:39,www.pagerank.fr
2014-03-31 09:05:39,blog.manu-bd.info
2014-03-31 09:06:22,www.google.fr
2014-03-31 09:06:22,clients1.google.fr
2014-03-31 09:06:26,www.google.fr
2014-03-31 09:06:26,clients1.google.fr
2014-03-31 09:06:29,nyssa44.centerblog.net
2014-03-31 09:06:29,admin.centerblog.net
2014-03-31 09:06:29,ww12.centerblog.net
2014-03-31 09:06:29,c2.ad6media.fr
2014-03-31 09:06:29,www.google.fr
2014-03-31 09:06:30,7pgom5c1ao.s.ad6media.fr
2014-03-31 09:06:30,ww12.centerblog.net
2014-03-31 09:06:30,t8uiwpxk6j.s.ad6media.fr
2014-03-31 09:06:30,hjyza3n53l.s.ad6media.fr
2014-03-31 09:06:30,nyssa44.centerblog.net
2014-03-31 09:06:31,www.fischer-oberschwaben.de
2014-03-31 09:06:31,wtpn.twenga.fr
2014-03-31 09:06:31,www.hebergementimages.com
2014-03-31 09:06:31,ww12.centerblog.net
2014-03-31 09:06:31,hjyza3n53l.s.ad6media.fr
2014-03-31 09:06:31,style2.ad6.fr
2014-03-31 09:06:31,cloud.cashtrafic.info
2014-03-31 09:06:31,nyssa44.centerblog.net
2014-03-31 09:06:32,ww12.centerblog.net
2014-03-31 09:06:32,undefined.s.ad6media.fr
2014-03-31 09:06:33,undefined.s.ad6media.fr
2014-03-31 09:06:33,t8uiwpxk6j.s.ad6media.fr
2014-03-31 09:06:33,m.ad6media.fr
2014-03-31 09:06:33,www.google.com
2014-03-31 09:06:33,webbooking.louvre-hotels.fr
2014-03-31 09:06:34,www.google.com
2014-03-31 09:06:34,maps.googleapis.com
2014-03-31 09:06:34,www.kyriad.com
2014-03-31 09:06:35,t8uiwpxk6j.s.ad6media.fr
2014-03-31 09:06:35,cm.yieldoptimizer.com
2014-03-31 09:06:35,www.google.com
2014-03-31 09:06:35,style2.ad6.fr
2014-03-31 09:06:35,www.kyriad.com
2014-03-31 09:06:35,webbooking.louvre-hotels.fr
2014-03-31 09:06:36,www.google.fr
2014-03-31 09:06:36,www.kyriad.com
2014-03-31 09:06:36,secure-hotel-tracker.com
2014-03-31 09:06:36,t8uiwpxk6j.s.ad6media.fr
2014-03-31 09:06:39,maps.googleapis.com
2014-03-31 09:06:40,www.kyriad.com
2014-03-31 09:06:40,hjyza3n53l.s.ad6media.fr
2014-03-31 09:06:57,fr.sport-infonews.com
2014-03-31 09:06:57,hjyza3n53l.s.ad6media.fr
2014-03-31 09:06:57,www.blancheporte.fr
2014-03-31 09:06:58,hjyza3n53l.s.ad6media.fr
2014-03-31 09:06:58,www.blancheporte.fr
2014-03-31 09:06:58,www.showroomvip.com
2014-03-31 09:06:58,style2.ad6.fr
2014-03-31 09:06:59,www.showroomvip.com
2014-03-31 09:06:59,www.images-blancheporte.fr
2014-03-31 09:07:00,www.images-blancheporte.fr
2014-03-31 09:07:00,fr.sport-infonews.com
2014-03-31 09:07:00,www.yoox.com
2014-03-31 09:07:00,www.showroomvip.com
2014-03-31 09:07:01,www.images-blancheporte.fr
2014-03-31 09:07:01,www.yoox.com
2014-03-31 09:07:01,www.showroomvip.com
2014-03-31 09:07:02,www.showroomvip.com
2014-03-31 09:07:02,www.yoox.com
2014-03-31 09:07:02,www.images-blancheporte.fr
2014-03-31 09:07:03,www.showroomvip.com
2014-03-31 09:07:03,mastertag.effiliation.com
2014-03-31 09:07:04,www.images-blancheporte.fr
2014-03-31 09:07:05,www.images-blancheporte.fr
2014-03-31 09:07:05,www.kyriad.com
2014-03-31 09:07:06,www.images-blancheporte.fr
2014-03-31 09:07:06,pr.ybp.yahoo.com
2014-03-31 09:07:07,www.images-blancheporte.fr
2014-03-31 09:07:08,www.images-blancheporte.fr
2014-03-31 09:07:09,www.images-blancheporte.fr
2014-03-31 09:07:10,www.images-blancheporte.fr
2014-03-31 09:07:10,www.kyriad.com
2014-03-31 09:07:12,www.images-blancheporte.fr
2014-03-31 09:07:12,www.yoox.com
2014-03-31 09:07:12,cdn2.yoox.biz
2014-03-31 09:07:13,platform.twitter.com
2014-03-31 09:07:13,www.facebook.com
2014-03-31 09:07:13,www.yoox.com
2014-03-31 09:07:13,www.images-blancheporte.fr
2014-03-31 09:07:13,www.showroomvip.com
2014-03-31 09:07:14,cdn2.yoox.biz
2014-03-31 09:07:14,www.yoox.com
2014-03-31 09:07:14,www.images-blancheporte.fr
2014-03-31 09:07:14,www.showroomvip.com
2014-03-31 09:07:15,www.google.com
2014-03-31 09:07:15,cdn2.yoox.biz
2014-03-31 09:07:15,www.kyriad.com
2014-03-31 09:07:15,www.images-blancheporte.fr
2014-03-31 09:07:16,widgets.trustedshops.com
2014-03-31 09:07:16,www.google.fr
2014-03-31 09:07:16,apis.google.com
2014-03-31 09:07:25,twitter.com
2014-03-31 09:07:25,www.images-blancheporte.fr
2014-03-31 09:07:28,www.facebook.com
2014-03-31 09:07:28,widgets.trustedshops.com
2014-03-31 09:07:28,apis.google.com
2014-03-31 09:07:29,nyssa44.centerblog.net
2014-03-31 09:07:29,apis.google.com
2014-03-31 09:07:30,www.google.com
2014-03-31 09:07:30,apis.google.com
2014-03-31 09:07:30,twitter.com
2014-03-31 09:07:30,nyssa44.centerblog.net
2014-03-31 09:07:30,ww12.centerblog.net
2014-03-31 09:07:30,hjyza3n53l.s.ad6media.fr
2014-03-31 09:07:31,www.images-blancheporte.fr
2014-03-31 09:07:32,www.images-blancheporte.fr
2014-03-31 09:07:32,apis.google.com
2014-03-31 09:07:33,pixel2368.everesttech.net
2014-03-31 09:07:36,accounts.google.com
2014-03-31 09:07:36,undefined.s.ad6media.fr
2014-03-31 09:07:36,ww12.centerblog.net
2014-03-31 09:07:36,www.google.fr
2014-03-31 09:07:37,www.facebook.com
2014-03-31 09:07:37,pixel2368.everesttech.net
2014-03-31 09:07:37,www.images-blancheporte.fr
2014-03-31 09:07:38,www.facebook.com
2014-03-31 09:07:39,www.facebook.com
2014-03-31 09:07:45,www.images-blancheporte.fr
2014-03-31 09:07:45,www.blancheporte.fr
2014-03-31 09:07:45,www.facebook.com
2014-03-31 09:08:31,ww12.centerblog.net
2014-03-31 09:08:36,static6.spartoo.com
2014-03-31 09:08:36,www.spartoo.com
2014-03-31 09:08:36,fr.fashion-infonews.com
2014-03-31 09:08:36,www.shoes.fr
2014-03-31 09:08:36,static6.shoes.fr
2014-03-31 09:08:37,static6.spartoo.com
2014-03-31 09:08:37,static6.shoes.fr
2014-03-31 09:08:37,www.spartoo.com
2014-03-31 09:08:37,s.trustpilot.com
2014-03-31 09:08:38,photos6.shoes.fr
2014-03-31 09:08:38,img6.shoes.fr
2014-03-31 09:08:38,static6.shoes.fr
2014-03-31 09:08:39,photos6.shoes.fr
2014-03-31 09:08:39,img6.shoes.fr
2014-03-31 09:08:39,static6.shoes.fr
2014-03-31 09:08:40,static6.shoes.fr
2014-03-31 09:08:40,photos6.shoes.fr
2014-03-31 09:08:40,www.facebook.com
2014-03-31 09:08:40,photos6.spartoo.com
2014-03-31 09:08:40,img6.shoes.fr
2014-03-31 09:08:41,photos6.shoes.fr
2014-03-31 09:08:41,static6.shoes.fr
2014-03-31 09:08:41,static6.spartoo.com
2014-03-31 09:08:41,s3-eu-west-1.amazonaws.com
2014-03-31 09:08:41,img6.spartoo.com
2014-03-31 09:08:41,www.kyriad.com
2014-03-31 09:08:42,img6.spartoo.com
2014-03-31 09:08:42,static6.spartoo.com
2014-03-31 09:08:42,photos6.spartoo.com
2014-03-31 09:08:43,static6.spartoo.com
2014-03-31 09:08:43,photos6.spartoo.com
2014-03-31 09:08:43,img6.spartoo.com
2014-03-31 09:08:44,photos6.spartoo.com
2014-03-31 09:08:45,webnibal.spartoo.com
2014-03-31 09:08:45,photos6.spartoo.com
2014-03-31 09:08:45,img6.spartoo.com
2014-03-31 09:08:45,img6.shoes.fr
2014-03-31 09:08:45,photos6.shoes.fr
2014-03-31 09:08:45,static6.spartoo.com
2014-03-31 09:08:45,www.googlecommerce.com
2014-03-31 09:08:46,www.kyriad.com
2014-03-31 09:08:46,photos6.spartoo.com
2014-03-31 09:08:46,img6.spartoo.com
2014-03-31 09:08:46,static6.spartoo.com
2014-03-31 09:08:46,img6.shoes.fr
2014-03-31 09:08:47,photos6.spartoo.com
2014-03-31 09:08:47,static6.spartoo.com
2014-03-31 09:08:51,www.kyriad.com
2014-03-31 09:08:56,www.kyriad.com
2014-03-31 09:09:01,www.kyriad.com
2014-03-31 09:09:03,static6.spartoo.com
2014-03-31 09:09:03,www.googlecommerce.com
2014-03-31 09:09:03,www.shoes.fr
2014-03-31 09:09:03,static6.shoes.fr
2014-03-31 09:09:03,img6.shoes.fr
2014-03-31 09:09:04,www.shoes.fr
2014-03-31 09:09:04,www.spartoo.com
2014-03-31 09:09:05,www.googlecommerce.com
2014-03-31 09:09:05,static6.spartoo.com
2014-03-31 09:09:06,www.kyriad.com
2014-03-31 09:09:07,static6.spartoo.com
2014-03-31 09:09:09,www.spartoo.com
2014-03-31 09:09:09,www.googlecommerce.com
2014-03-31 09:09:11,s3-eu-west-1.amazonaws.com
2014-03-31 09:09:11,www.kyriad.com
2014-03-31 09:09:12,www.shoes.fr
2014-03-31 09:09:12,ajax.googleapis.com
2014-03-31 09:09:12,www.spartoo.com
2014-03-31 09:09:13,www.googlecommerce.com
2014-03-31 09:09:13,www.google.com
2014-03-31 09:09:13,www.google.fr
2014-03-31 09:09:13,ajax.googleapis.com
2014-03-31 09:09:15,p.ivimedia.net
2014-03-31 09:09:16,www.kyriad.com
2014-03-31 09:09:21,www.kyriad.com
2014-03-31 09:09:24,s3-eu-west-1.amazonaws.com
2014-03-31 09:09:24,html5shiv.googlecode.com
2014-03-31 09:09:26,www.kyriad.com
2014-03-31 09:09:31,ww12.centerblog.net
2014-03-31 09:09:31,www.kyriad.com
2014-03-31 09:09:32,ww12.centerblog.net
2014-03-31 09:09:32,html5shiv.googlecode.com
2014-03-31 09:09:35,dps.bing.com
2014-03-31 09:10:32,ww12.centerblog.net
2014-03-31 09:10:32,www.rvty.net
2014-03-31 09:10:35,apnx-match.dotomi.com
2014-03-31 09:10:35,dtm.footlocker.com
2014-03-31 09:10:36,hjyza3n53l.s.ad6media.fr
2014-03-31 09:10:37,www.kyriad.com
2014-03-31 09:10:42,www.kyriad.com
2014-03-31 09:10:47,www.kyriad.com
2014-03-31 09:10:52,www.kyriad.com
2014-03-31 09:10:57,www.kyriad.com
2014-03-31 09:11:02,www.kyriad.com
2014-03-31 09:11:07,www.kyriad.com
2014-03-31 09:11:12,www.kyriad.com
2014-03-31 09:11:17,www.kyriad.com
2014-03-31 09:11:23,www.kyriad.com
2014-03-31 09:11:28,www.kyriad.com
2014-03-31 09:12:08,www.kyriad.com
2014-03-31 09:12:13,www.kyriad.com
2014-03-31 09:12:18,www.kyriad.com
2014-03-31 09:12:23,www.kyriad.com
2014-03-31 09:12:28,www.kyriad.com
2014-03-31 09:12:33,www.kyriad.com
2014-03-31 09:12:38,www.kyriad.com
2014-03-31 09:12:43,www.kyriad.com
2014-03-31 09:12:48,www.kyriad.com
2014-03-31 09:12:53,www.kyriad.com
2014-03-31 09:12:58,www.kyriad.com
2014-03-31 09:13:03,www.kyriad.com
2014-03-31 09:13:09,www.kyriad.com
2014-03-31 09:13:14,www.kyriad.com
2014-03-31 09:13:19,www.kyriad.com
2014-03-31 09:13:24,www.kyriad.com
2014-03-31 09:13:29,www.kyriad.com
2014-03-31 09:13:34,www.kyriad.com
2014-03-31 09:13:39,www.kyriad.com
2014-03-31 09:13:44,www.kyriad.com
2014-03-31 09:13:49,www.kyriad.com
2014-03-31 09:13:54,www.kyriad.com
2014-03-31 09:13:59,www.kyriad.com
2014-03-31 09:14:04,www.kyriad.com
2014-03-31 09:14:09,www.kyriad.com
2014-03-31 09:14:14,www.kyriad.com
2014-03-31 09:14:19,www.kyriad.com
2014-03-31 09:14:24,www.kyriad.com
2014-03-31 09:14:29,www.kyriad.com
2014-03-31 09:14:34,www.kyriad.com
2014-03-31 09:14:39,www.kyriad.com
2014-03-31 09:14:44,www.kyriad.com
2014-03-31 09:14:50,www.kyriad.com
2014-03-31 09:14:55,www.kyriad.com
2014-03-31 09:15:00,www.kyriad.com
2014-03-31 09:15:05,www.kyriad.com
2014-03-31 09:15:10,www.kyriad.com
2014-03-31 09:15:15,www.kyriad.com
2014-03-31 09:15:20,www.kyriad.com
2014-03-31 09:15:25,www.kyriad.com
2014-03-31 09:15:30,www.kyriad.com
2014-03-31 09:15:35,www.kyriad.com
2014-03-31 09:15:40,www.kyriad.com
2014-03-31 09:15:45,www.kyriad.com
2014-03-31 09:15:50,www.kyriad.com
2014-03-31 09:15:55,www.kyriad.com
2014-03-31 09:16:00,www.kyriad.com
2014-03-31 09:16:05,www.kyriad.com
2014-03-31 09:16:10,www.kyriad.com
2014-03-31 09:16:15,www.kyriad.com
2014-03-31 09:16:21,www.kyriad.com
2014-03-31 09:16:26,www.kyriad.com
2014-03-31 09:16:31,www.kyriad.com
2014-03-31 09:16:36,www.kyriad.com
2014-03-31 09:16:41,www.kyriad.com
2014-03-31 09:16:46,www.kyriad.com
2014-03-31 09:16:51,www.kyriad.com
2014-03-31 09:16:56,www.kyriad.com
2014-03-31 09:17:01,www.kyriad.com
2014-03-31 09:17:06,www.kyriad.com
2014-03-31 09:17:11,www.kyriad.com
2014-03-31 09:17:16,www.kyriad.com
2014-03-31 09:17:21,www.kyriad.com
2014-03-31 09:17:26,www.kyriad.com
2014-03-31 09:17:31,www.kyriad.com
2014-03-31 09:17:36,www.kyriad.com
2014-03-31 09:17:41,www.kyriad.com
2014-03-31 09:17:46,www.kyriad.com
2014-03-31 09:17:51,www.kyriad.com
2014-03-31 09:17:56,www.kyriad.com
2014-03-31 09:18:02,www.kyriad.com
2014-03-31 09:18:07,www.kyriad.com
2014-03-31 09:18:12,www.kyriad.com
2014-03-31 09:18:17,www.kyriad.com
2014-03-31 09:18:22,www.kyriad.com
2014-03-31 09:18:27,www.kyriad.com
2014-03-31 09:18:32,www.kyriad.com
2014-03-31 09:18:37,www.kyriad.com
2014-03-31 09:18:50,m.ad6media.fr
2014-03-31 09:33:16,le-mag-de-lea.com
2014-03-31 09:34:16,le-mag-de-lea.com
2014-03-31 09:34:50,le-mag-de-lea.com
2014-03-31 09:37:51,le-mag-de-lea.com
2014-03-31 09:40:11,le-mag-de-lea.com
2014-03-31 09:40:14,le-mag-de-lea.com
2014-03-31 09:40:26,le-mag-de-lea.com
2014-03-31 09:40:29,le-mag-de-lea.com
2014-03-31 09:40:32,le-mag-de-lea.com
2014-03-31 09:40:34,le-mag-de-lea.com
2014-03-31 09:40:37,le-mag-de-lea.com
2014-03-31 09:40:40,le-mag-de-lea.com
2014-03-31 09:40:43,le-mag-de-lea.com
2014-03-31 09:40:46,le-mag-de-lea.com
2014-03-31 09:40:49,le-mag-de-lea.com
2014-03-31 09:40:52,le-mag-de-lea.com
2014-03-31 09:40:55,le-mag-de-lea.com
2014-03-31 09:40:58,le-mag-de-lea.com
2014-03-31 09:41:01,le-mag-de-lea.com
2014-03-31 09:41:03,le-mag-de-lea.com
2014-03-31 09:41:06,le-mag-de-lea.com
2014-03-31 09:41:08,le-mag-de-lea.com
2014-03-31 09:41:11,le-mag-de-lea.com
2014-03-31 09:41:14,le-mag-de-lea.com
2014-03-31 09:41:17,le-mag-de-lea.com
2014-03-31 09:41:19,le-mag-de-lea.com
2014-03-31 09:41:22,le-mag-de-lea.com
2014-03-31 09:41:25,le-mag-de-lea.com
2014-03-31 09:41:34,le-mag-de-lea.com
2014-03-31 09:41:37,le-mag-de-lea.com
2014-03-31 09:41:40,le-mag-de-lea.com
2014-03-31 09:41:42,le-mag-de-lea.com
2014-03-31 09:41:45,le-mag-de-lea.com
2014-03-31 09:41:48,le-mag-de-lea.com
2014-03-31 09:41:51,le-mag-de-lea.com
2014-03-31 09:41:54,le-mag-de-lea.com
2014-03-31 09:41:56,le-mag-de-lea.com
2014-03-31 09:41:57,le-mag-de-lea.com
2014-03-31 09:41:59,le-mag-de-lea.com
2014-03-31 09:42:00,le-mag-de-lea.com
2014-03-31 09:42:01,le-mag-de-lea.com
2014-03-31 09:42:02,le-mag-de-lea.com
2014-03-31 09:42:04,le-mag-de-lea.com
2014-03-31 09:42:05,le-mag-de-lea.com
2014-03-31 09:42:07,le-mag-de-lea.com
2014-03-31 09:42:08,le-mag-de-lea.com
2014-03-31 09:42:10,le-mag-de-lea.com
2014-03-31 09:42:11,le-mag-de-lea.com
2014-03-31 09:42:13,le-mag-de-lea.com
2014-03-31 09:42:14,le-mag-de-lea.com
2014-03-31 09:42:15,le-mag-de-lea.com
2014-03-31 09:42:17,le-mag-de-lea.com
2014-03-31 09:42:18,le-mag-de-lea.com
2014-03-31 09:42:19,le-mag-de-lea.com
2014-03-31 09:42:22,le-mag-de-lea.com
2014-03-31 09:42:23,le-mag-de-lea.com
2014-03-31 09:42:24,le-mag-de-lea.com
2014-03-31 09:42:25,le-mag-de-lea.com
2014-03-31 09:42:26,le-mag-de-lea.com
2014-03-31 09:42:27,le-mag-de-lea.com
2014-03-31 09:42:29,le-mag-de-lea.com
2014-03-31 09:42:30,le-mag-de-lea.com
2014-03-31 09:42:31,le-mag-de-lea.com
2014-03-31 09:42:32,le-mag-de-lea.com
2014-03-31 09:42:33,le-mag-de-lea.com
2014-03-31 09:42:34,le-mag-de-lea.com
2014-03-31 09:42:35,le-mag-de-lea.com
2014-03-31 09:42:36,le-mag-de-lea.com
2014-03-31 09:42:38,le-mag-de-lea.com
2014-03-31 09:42:39,le-mag-de-lea.com
2014-03-31 09:42:40,le-mag-de-lea.com
2014-03-31 09:42:41,le-mag-de-lea.com
2014-03-31 09:42:42,le-mag-de-lea.com
2014-03-31 09:42:43,le-mag-de-lea.com
2014-03-31 09:42:44,le-mag-de-lea.com
2014-03-31 09:42:51,le-mag-de-lea.com
2014-03-31 09:42:52,le-mag-de-lea.com
2014-03-31 09:42:53,le-mag-de-lea.com
2014-03-31 09:42:54,le-mag-de-lea.com
2014-03-31 09:42:55,le-mag-de-lea.com
2014-03-31 09:42:56,le-mag-de-lea.com
2014-03-31 09:42:57,le-mag-de-lea.com
2014-03-31 09:42:58,le-mag-de-lea.com
2014-03-31 09:42:59,le-mag-de-lea.com
2014-03-31 09:43:00,le-mag-de-lea.com
2014-03-31 09:43:01,le-mag-de-lea.com
2014-03-31 09:43:02,le-mag-de-lea.com
2014-03-31 09:43:03,le-mag-de-lea.com
2014-03-31 09:43:04,le-mag-de-lea.com
2014-03-31 09:43:05,le-mag-de-lea.com
2014-03-31 09:43:06,le-mag-de-lea.com
2014-03-31 09:43:07,le-mag-de-lea.com
2014-03-31 09:43:08,le-mag-de-lea.com
2014-03-31 09:43:09,le-mag-de-lea.com
2014-03-31 09:43:10,le-mag-de-lea.com
2014-03-31 09:43:11,le-mag-de-lea.com
2014-03-31 09:44:50,le-mag-de-lea.com
2014-03-31 09:46:26,le-mag-de-lea.com
2014-03-31 09:46:44,le-mag-de-lea.com
2014-03-31 09:46:50,le-mag-de-lea.com
2014-03-31 09:53:22,le-mag-de-lea.com
