timestamp,site
2014-01-02 08:39:57,www.google.com
2014-01-02 08:41:57,go.microsoft.com
2014-01-02 08:41:57,ieonline.microsoft.com
2014-01-02 09:28:32,www.google.fr
2014-01-02 09:28:33,www.google.com
2014-01-02 09:28:33,apis.google.com
2014-01-02 09:30:32,apis.google.com
2014-01-02 09:30:32,www.google.com
2014-01-02 09:30:32,www.google.fr
2014-01-02 09:31:09,www.goal.com
2014-01-02 09:31:09,www.google.fr
2014-01-02 09:31:10,i1.goal.com
2014-01-02 09:31:10,i2.goal.com
2014-01-02 09:31:10,www.goal.com
2014-01-02 09:31:10,cache.images.globalsportsmedia.com
2014-01-02 09:31:10,static.goal.com
2014-01-02 09:31:10,bit.ly
2014-01-02 09:31:10,cdns.gigya.com
2014-01-02 09:31:10,ajax.googleapis.com
2014-01-02 09:31:11,www.google.com
2014-01-02 09:31:11,yui.yahooapis.com
2014-01-02 09:31:11,i2.goal.com
2014-01-02 09:31:11,www.goal.com
2014-01-02 09:31:11,ajax.googleapis.com
2014-01-02 09:31:12,i2.goal.com
2014-01-02 09:31:12,fpdownload2.macromedia.com
2014-01-02 09:31:12,www.goal.com
2014-01-02 09:31:13,cdns.gigya.com
2014-01-02 09:31:13,static.ak.facebook.com
2014-01-02 09:31:13,i2.goal.com
2014-01-02 09:31:13,connect.facebook.net
2014-01-02 09:31:13,www.goal.com
2014-01-02 09:31:13,s-static.ak.facebook.com
2014-01-02 09:31:14,socialize.us1.gigya.com
2014-01-02 09:31:14,comments.us1.gigya.com
2014-01-02 09:31:14,i1.goal.com
2014-01-02 09:31:14,cdns.gigya.com
2014-01-02 09:31:14,apis.google.com
2014-01-02 09:31:14,www.facebook.com
2014-01-02 09:31:14,accounts.google.com
2014-01-02 09:31:14,connect.facebook.net
2014-01-02 09:31:14,graph.facebook.com
2014-01-02 09:31:14,platform.twitter.com
2014-01-02 09:31:15,www.facebook.com
2014-01-02 09:31:15,yui.yahooapis.com
2014-01-02 09:31:15,accounts.google.com
2014-01-02 09:31:15,twitter.com
2014-01-02 09:31:15,apis.google.com
2014-01-02 09:31:15,platform.twitter.com
2014-01-02 09:31:16,choices.truste.com
2014-01-02 09:31:17,adventori.com
2014-01-02 09:31:17,choices.truste.com
2014-01-02 09:31:17,www.google.com
2014-01-03 08:22:55,www.google.com
2014-01-03 08:22:58,www.google.fr
2014-01-03 08:23:00,www.google.fr
2014-01-03 08:23:02,www.google.com
2014-01-03 08:23:02,apis.google.com
2014-01-03 08:23:18,www.google.fr
2014-01-03 08:23:18,www.google.com
2014-01-03 08:23:19,di67.shoppingshadow.com
2014-01-03 08:23:19,www.google.com
2014-01-03 08:23:19,img.shoppingshadow.com
2014-01-03 08:23:19,fr.shopping.com
2014-01-03 08:23:19,ajax.googleapis.com
2014-01-03 08:23:19,apis.google.com
2014-01-03 08:23:19,www.google.fr
2014-01-03 08:23:20,di66.shoppingshadow.com
2014-01-03 08:23:20,di3-4.shoppingshadow.com
2014-01-03 08:23:20,www.google.com
2014-01-03 08:23:20,img2.shoppingshadow.com
2014-01-03 08:23:20,di61.shoppingshadow.com
2014-01-03 08:23:20,img.shoppingshadow.com
2014-01-03 08:23:20,di3-2.shoppingshadow.com
2014-01-03 08:23:20,di63.shoppingshadow.com
2014-01-03 08:23:20,di3-3.shoppingshadow.com
2014-01-03 08:23:20,rover.ebay.com
2014-01-03 08:23:20,di71.shoppingshadow.com
2014-01-03 08:23:21,fr.shopping.com
2014-01-03 08:23:21,img.shoppingshadow.com
2014-01-03 08:23:22,s-static.ak.facebook.com
2014-01-03 08:23:22,connect.facebook.net
2014-01-03 08:23:22,fr.shopping.com
2014-01-03 08:23:22,static.ak.facebook.com
2014-01-03 08:23:22,www.facebook.com
2014-01-03 08:24:24,www.google.fr
2014-01-03 08:24:24,fr.wikipedia.org
2014-01-03 08:24:24,bits.wikimedia.org
2014-01-03 08:24:25,login.wikimedia.org
2014-01-03 08:24:25,meta.wikimedia.org
2014-01-03 08:24:25,bits.wikimedia.org
2014-01-03 08:24:25,fr.wikipedia.org
2014-01-03 08:24:55,ieonline.microsoft.com
2014-01-03 08:24:55,go.microsoft.com
2014-01-03 08:30:15,en.wikipedia.org
2014-01-03 08:30:15,www.google.fr
2014-01-03 08:30:16,bits.wikimedia.org
2014-01-03 08:30:17,login.wikimedia.org
2014-01-03 08:30:17,bits.wikimedia.org
2014-01-03 08:30:17,meta.wikimedia.org
2014-01-03 08:30:17,en.wikipedia.org
2014-01-03 08:30:29,www.google.fr
2014-01-03 08:30:29,bits.wikimedia.org
2014-01-03 08:30:29,fr.wikipedia.org
2014-01-03 08:30:30,bits.wikimedia.org
2014-01-03 08:30:30,meta.wikimedia.org
2014-01-03 08:30:30,fr.wikipedia.org
2014-01-03 08:30:53,en.wikipedia.org
2014-01-03 08:30:53,www.google.fr
2014-01-03 08:30:54,meta.wikimedia.org
2014-01-03 08:30:54,en.wikipedia.org
2014-01-03 08:31:53,www.google.fr
2014-01-03 08:46:46,www.basketevolution.com
2014-01-03 08:46:46,www.google.fr
2014-01-03 08:46:47,img15.hostingpics.net
2014-01-03 08:46:47,nsa34.casimages.com
2014-01-03 08:46:47,www.basketevolution.com
2014-01-03 08:46:47,uppix.net
2014-01-03 08:46:48,ajax.googleapis.com
2014-01-03 08:46:48,img27.imageshack.us
2014-01-03 08:46:48,www.basketevolution.com
2014-01-03 08:46:48,imageshack.com
2014-01-03 08:46:49,www.basketevolution.com
2014-01-03 08:46:49,basketevolution.com
2014-01-03 08:48:24,ajax.googleapis.com
2014-01-03 08:50:07,www.basketevolution.com
2014-01-03 08:50:15,www.basketevolution.com
2014-01-03 08:50:20,www.google.fr
2014-01-03 08:50:21,www.basketevolution.com
2014-01-03 08:50:21,www.google.fr
2014-01-03 08:50:22,img11.hostingpics.net
2014-01-03 08:50:22,uppix.net
2014-01-03 08:50:22,www.basketevolution.com
2014-01-03 08:50:23,www.basketevolution.com
2014-01-03 08:50:23,imageshack.com
2014-01-03 08:50:23,www.youtube.com
2014-01-03 08:50:23,img22.imageshack.us
2014-01-03 08:50:23,www.portlandmercury.com
2014-01-03 08:50:23,uppix.net
2014-01-03 08:50:24,s.ytimg.com
2014-01-03 08:50:24,i1.ytimg.com
2014-01-03 08:50:24,fpdownload2.macromedia.com
2014-01-03 08:50:25,i1.ytimg.com
2014-01-03 08:50:26,i1.ytimg.com
2014-01-03 08:50:40,www.youtube.com
2014-01-03 08:50:41,www.youtube.com
2014-01-03 08:50:41,s.youtube.com
2014-01-03 08:50:41,r3---sn-gxo5uxg-jqbe.googlevideo.com
2014-01-03 08:50:41,s.ytimg.com
2014-01-03 08:50:42,r7---sn-cg07lued.googlevideo.com
2014-01-03 08:50:42,r3---sn-gxo5uxg-jqbe.googlevideo.com
2014-01-03 08:50:43,r3---sn-gxo5uxg-jqbe.googlevideo.com
2014-01-03 08:50:43,s.youtube.com
2014-01-03 08:50:43,r7---sn-cg07lued.googlevideo.com
2014-01-03 08:50:45,r7---sn-cg07lued.googlevideo.com
2014-01-03 08:50:45,r3---sn-gxo5uxg-jqbe.googlevideo.com
2014-01-03 08:50:46,r3---sn-gxo5uxg-jqbe.googlevideo.com
2014-01-03 08:50:46,r7---sn-cg07lued.googlevideo.com
2014-01-03 08:50:47,i1.ytimg.com
2014-01-03 08:50:47,r3---sn-gxo5uxg-jqbe.googlevideo.com
2014-01-03 08:50:47,r7---sn-cg07lued.googlevideo.com
2014-01-03 08:50:47,s.youtube.com
2014-01-03 08:50:50,s.youtube.com
2014-01-03 08:50:51,s.youtube.com
2014-01-03 08:50:52,www.youtube.com
2014-01-03 08:50:59,www.youtube.com
2014-01-03 08:51:01,s.youtube.com
2014-01-03 08:51:11,s.youtube.com
2014-01-03 08:51:19,s.ytimg.com
2014-01-03 08:51:20,i1.ytimg.com
2014-01-03 08:51:20,s.youtube.com
2014-01-03 08:51:36,www.youtube.com
2014-01-03 08:51:37,s.youtube.com
2014-01-03 08:51:50,s.youtube.com
2014-01-03 08:51:52,r3---sn-gxo5uxg-jqbe.googlevideo.com
2014-01-03 08:51:52,s.youtube.com
2014-01-03 08:51:52,www.youtube.com
2014-01-03 08:51:53,www.youtube.com
2014-01-03 08:51:53,s.ytimg.com
2014-01-03 08:51:56,r3---sn-gxo5uxg-jqbe.googlevideo.com
2014-01-03 08:51:56,s.youtube.com
2014-01-03 08:51:56,r7---sn-cg07lues.googlevideo.com
2014-01-03 08:51:57,r3---sn-gxo5uxg-jqbe.googlevideo.com
2014-01-03 08:51:57,r7---sn-cg07lues.googlevideo.com
2014-01-03 08:51:58,r3---sn-gxo5uxg-jqbe.googlevideo.com
2014-01-03 08:51:58,s.youtube.com
2014-01-03 08:51:59,r3---sn-gxo5uxg-jqbe.googlevideo.com
2014-01-03 08:51:59,r7---sn-cg07lues.googlevideo.com
2014-01-03 08:52:00,r7---sn-cg07lues.googlevideo.com
2014-01-03 08:52:00,r3---sn-gxo5uxg-jqbe.googlevideo.com
2014-01-03 08:52:00,www.youtube.com
2014-01-03 08:52:01,s.youtube.com
2014-01-03 08:52:02,s.youtube.com
2014-01-03 08:52:07,www.youtube.com
2014-01-03 08:52:09,s.youtube.com
2014-01-03 08:52:12,www.youtube.com
2014-01-03 08:52:13,i1.ytimg.com
2014-01-03 08:52:15,i1.ytimg.com
2014-01-03 08:52:17,s.youtube.com
2014-01-03 08:52:19,s.youtube.com
2014-01-03 08:52:28,www.youtube.com
2014-01-03 08:52:29,www.youtube.com
2014-01-03 08:52:29,r4---sn-gxo5uxg-jqbe.googlevideo.com
2014-01-03 08:52:29,r13---sn-25ge7n7l.googlevideo.com
2014-01-03 08:52:29,r4---sn-cg07lues.googlevideo.com
2014-01-03 08:52:29,s.youtube.com
2014-01-03 08:52:30,r4---sn-cg07lues.googlevideo.com
2014-01-03 08:52:30,r4---sn-gxo5uxg-jqbe.googlevideo.com
2014-01-03 08:52:30,s.youtube.com
2014-01-03 08:52:30,r13---sn-25ge7n7l.googlevideo.com
2014-01-03 08:52:31,r4---sn-gxo5uxg-jqbe.googlevideo.com
2014-01-03 08:52:31,r13---sn-25ge7n7l.googlevideo.com
2014-01-03 08:52:31,s.youtube.com
2014-01-03 08:52:31,r4---sn-cg07lues.googlevideo.com
2014-01-03 08:52:32,r4---sn-gxo5uxg-jqbe.googlevideo.com
2014-01-03 08:52:32,r4---sn-cg07lues.googlevideo.com
2014-01-03 08:52:32,s.youtube.com
2014-01-03 08:52:32,r13---sn-25ge7n7l.googlevideo.com
2014-01-03 08:52:33,r4---sn-gxo5uxg-jqbe.googlevideo.com
2014-01-03 08:52:33,r13---sn-25ge7n7l.googlevideo.com
2014-01-03 08:52:34,s.youtube.com
2014-01-03 08:52:35,r4---sn-gxo5uxg-jqbe.googlevideo.com
2014-01-03 08:52:35,r13---sn-25ge7n7l.googlevideo.com
2014-01-03 08:52:35,r4---sn-cg07lues.googlevideo.com
2014-01-03 08:52:38,s.youtube.com
2014-01-03 08:52:40,www.youtube.com
2014-01-03 08:52:41,s.youtube.com
2014-01-03 08:52:42,www.youtube.com
2014-01-03 08:52:48,r4---sn-gxo5uxg-jqbe.googlevideo.com
2014-01-03 08:52:49,r13---sn-25ge7n7l.googlevideo.com
2014-01-03 08:52:50,r4---sn-gxo5uxg-jqbe.googlevideo.com
2014-01-03 08:52:50,s.youtube.com
2014-01-03 08:52:50,i1.ytimg.com
2014-01-03 08:52:50,r4---sn-cg07lues.googlevideo.com
2014-01-03 08:52:50,r13---sn-25ge7n7l.googlevideo.com
2014-01-03 08:52:51,s.youtube.com
2014-01-03 08:52:51,i1.ytimg.com
2014-01-03 08:52:52,i1.ytimg.com
2014-01-03 08:52:53,r13---sn-25ge7n7l.googlevideo.com
2014-01-03 08:52:53,r4---sn-gxo5uxg-jqbe.googlevideo.com
2014-01-03 08:52:54,r13---sn-25ge7n7l.googlevideo.com
2014-01-03 08:52:54,r4---sn-cg07lues.googlevideo.com
2014-01-03 08:52:54,r4---sn-gxo5uxg-jqbe.googlevideo.com
2014-01-03 08:52:59,s.youtube.com
2014-01-03 08:53:05,r13---sn-25ge7n7l.googlevideo.com
2014-01-03 08:53:05,r4---sn-gxo5uxg-jqbe.googlevideo.com
2014-01-03 08:53:08,r4---sn-cg07lues.googlevideo.com
2014-01-03 08:53:08,r4---sn-gxo5uxg-jqbe.googlevideo.com
2014-01-03 08:53:08,r13---sn-25ge7n7l.googlevideo.com
2014-01-03 08:53:10,s.youtube.com
2014-01-03 08:53:20,r13---sn-25ge7n7l.googlevideo.com
2014-01-03 08:53:20,r4---sn-gxo5uxg-jqbe.googlevideo.com
2014-01-03 08:53:23,r4---sn-cg07lues.googlevideo.com
2014-01-03 08:53:23,r13---sn-25ge7n7l.googlevideo.com
2014-01-03 08:53:23,r4---sn-gxo5uxg-jqbe.googlevideo.com
2014-01-03 08:53:29,s.youtube.com
2014-01-03 08:53:30,s.youtube.com
2014-01-03 08:53:50,s.youtube.com
2014-01-03 08:53:59,s.youtube.com
2014-01-03 08:54:01,i1.ytimg.com
2014-01-03 08:54:29,s.youtube.com
2014-01-03 08:54:30,s.youtube.com
2014-01-03 08:54:30,www.youtube.com
2014-01-03 08:54:32,s.youtube.com
2014-01-03 08:55:11,s.youtube.com
2014-01-03 08:55:53,www.google.fr
2014-01-03 08:55:56,www.google.fr
2014-01-03 08:55:57,a248.e.akamai.net
2014-01-03 08:55:57,www.google.fr
2014-01-03 08:55:57,www.underarmour.com
2014-01-03 08:55:57,ajax.googleapis.com
2014-01-03 08:55:58,pix.esm1.net
2014-01-03 08:55:58,analytic.underarmour.com
2014-01-03 08:55:58,d9lq0o81skkdj.cloudfront.net
2014-01-03 08:55:58,www.underarmour.com
2014-01-03 08:55:58,a248.e.akamai.net
2014-01-03 08:55:58,underarmourinc.tt.omtrdc.net
2014-01-03 08:55:59,pix.esm1.net
2014-01-03 08:55:59,analytic.underarmour.com
2014-01-03 08:55:59,www.underarmour.com
2014-01-03 08:55:59,www.facebook.com
2014-01-03 08:55:59,a248.e.akamai.net
2014-01-03 08:56:00,pix2.esm1.net
2014-01-03 08:56:01,pix.esm1.net
2014-01-03 08:56:02,platform.twitter.com
2014-01-03 08:56:02,connect.facebook.net
2014-01-03 08:56:02,www.underarmour.com
2014-01-03 08:56:02,login.dotomi.com
2014-01-03 08:56:02,pix.esm1.net
2014-01-03 08:56:02,pix2.esm1.net
2014-01-03 08:56:03,www.google.fr
2014-01-03 08:56:03,www.facebook.com
2014-01-03 08:56:03,www.google.com
2014-01-03 08:56:03,s-static.ak.facebook.com
2014-01-03 08:56:03,static.ak.facebook.com
2014-01-03 08:56:03,www.underarmour.com
2014-01-03 08:56:04,www.facebook.com
2014-01-03 08:56:14,analytic.underarmour.com
2014-01-03 08:56:15,www.underarmour.com
2014-01-03 08:56:15,a248.e.akamai.net
2014-01-03 08:56:16,a248.e.akamai.net
2014-01-03 08:56:16,underarmourinc.tt.omtrdc.net
2014-01-03 08:56:16,analytic.underarmour.com
2014-01-03 08:56:16,pix.esm1.net
2014-01-03 08:56:17,login.dotomi.com
2014-01-03 08:56:17,static.ak.facebook.com
2014-01-03 08:56:17,www.facebook.com
2014-01-03 08:56:17,a248.e.akamai.net
2014-01-03 08:56:18,s-static.ak.facebook.com
2014-01-03 08:56:18,www.google.com
2014-01-03 08:56:18,www.google.fr
2014-01-03 08:56:18,www.underarmour.com
2014-01-03 08:56:18,www.facebook.com
2014-01-03 08:56:19,a248.e.akamai.net
2014-01-03 08:56:58,www.underarmour.com
2014-01-03 08:56:58,a248.e.akamai.net
2014-01-03 08:56:59,pix.esm1.net
2014-01-03 08:56:59,analytic.underarmour.com
2014-01-03 08:56:59,a248.e.akamai.net
2014-01-03 08:56:59,www.underarmour.com
2014-01-03 08:56:59,underarmourinc.tt.omtrdc.net
2014-01-03 08:56:59,cdn1-res.sundaysky.com
2014-01-03 08:57:00,www.facebook.com
2014-01-03 08:57:00,www.underarmour.com
2014-01-03 08:57:00,underarmour.ugc.bazaarvoice.com
2014-01-03 08:57:00,login.dotomi.com
2014-01-03 08:57:00,ajax.googleapis.com
2014-01-03 08:57:01,underarmour.ugc.bazaarvoice.com
2014-01-03 08:57:01,s-static.ak.facebook.com
2014-01-03 08:57:01,www.google.com
2014-01-03 08:57:01,www.facebook.com
2014-01-03 08:57:01,static.ak.facebook.com
2014-01-03 08:57:02,www.google.com
2014-01-03 08:57:02,www.facebook.com
2014-01-03 08:57:02,www.google.fr
2014-01-03 08:57:02,a248.e.akamai.net
2014-01-03 08:57:03,underarmour.ugc.bazaarvoice.com
2014-01-03 08:57:03,a248.e.akamai.net
2014-01-03 08:57:03,magpie-static.ugc.bazaarvoice.com
2014-01-03 08:57:04,a248.e.akamai.net
2014-01-03 08:57:08,underarmourinc.tt.omtrdc.net
2014-01-03 08:57:08,analytic.underarmour.com
2014-01-03 08:57:09,login.dotomi.com
2014-01-03 08:57:09,www.underarmour.com
2014-01-03 08:57:09,www.google.com
2014-01-03 08:57:09,static.ak.facebook.com
2014-01-03 08:57:09,www.google.fr
2014-01-03 08:57:09,s-static.ak.facebook.com
2014-01-03 08:57:10,www.google.fr
2014-01-03 08:57:10,www.facebook.com
2014-01-03 08:57:11,www.underarmour.com
2014-01-03 08:57:12,www.underarmour.com
2014-01-03 08:57:12,login.dotomi.com
2014-01-03 08:57:12,www.facebook.com
2014-01-03 08:57:12,analytic.underarmour.com
2014-01-03 08:57:12,pix.esm1.net
2014-01-03 08:57:12,underarmourinc.tt.omtrdc.net
2014-01-03 08:57:13,a248.e.akamai.net
2014-01-03 08:57:13,www.google.fr
2014-01-03 08:57:13,s-static.ak.facebook.com
2014-01-03 08:57:13,static.ak.facebook.com
2014-01-03 08:57:13,www.google.com
2014-01-03 08:57:13,www.facebook.com
2014-01-03 08:57:32,underarmourinc.tt.omtrdc.net
2014-01-03 08:57:33,analytic.underarmour.com
2014-01-03 08:57:34,a248.e.akamai.net
2014-01-03 08:57:34,www.underarmour.com
2014-01-03 08:57:35,analytic.underarmour.com
2014-01-03 08:57:35,www.google.com
2014-01-03 08:57:35,pix.esm1.net
2014-01-03 08:57:35,www.underarmour.com
2014-01-03 08:57:35,underarmourinc.tt.omtrdc.net
2014-01-03 08:57:35,a248.e.akamai.net
2014-01-03 08:57:35,ajax.googleapis.com
2014-01-03 08:57:36,www.underarmour.com
2014-01-03 08:57:36,ajax.googleapis.com
2014-01-03 08:57:36,static.ak.facebook.com
2014-01-03 08:57:36,www.facebook.com
2014-01-03 08:57:36,s-static.ak.facebook.com
2014-01-03 08:57:36,www.google.fr
2014-01-03 08:57:37,platform.twitter.com
2014-01-03 08:57:37,login.dotomi.com
2014-01-03 08:57:37,www.facebook.com
2014-01-03 08:57:38,a248.e.akamai.net
2014-01-03 08:57:38,www.underarmour.com
2014-01-03 08:57:39,a248.e.akamai.net
2014-01-03 08:57:43,analytic.underarmour.com
2014-01-03 08:57:46,www.underarmour.com
2014-01-03 08:57:46,a248.e.akamai.net
2014-01-03 08:57:47,a248.e.akamai.net
2014-01-03 08:57:47,underarmourinc.tt.omtrdc.net
2014-01-03 08:57:47,analytic.underarmour.com
2014-01-03 08:57:48,a248.e.akamai.net
2014-01-03 08:57:49,a248.e.akamai.net
2014-01-03 08:57:50,a248.e.akamai.net
2014-01-03 08:57:51,www.facebook.com
2014-01-03 08:57:51,a248.e.akamai.net
2014-01-03 08:57:51,pix.esm1.net
2014-01-03 08:57:52,login.dotomi.com
2014-01-03 08:57:52,static.ak.facebook.com
2014-01-03 08:57:52,s-static.ak.facebook.com
2014-01-03 08:57:53,www.google.com
2014-01-03 08:57:53,www.google.fr
2014-01-03 08:57:53,www.facebook.com
2014-01-03 08:58:01,www.underarmour.com
2014-01-03 08:58:02,a248.e.akamai.net
2014-01-03 08:58:02,underarmourinc.tt.omtrdc.net
2014-01-03 08:58:02,analytic.underarmour.com
2014-01-03 08:58:03,www.underarmour.com
2014-01-03 08:58:03,login.dotomi.com
2014-01-03 08:58:03,underarmour.ugc.bazaarvoice.com
2014-01-03 08:58:03,a248.e.akamai.net
2014-01-03 08:58:03,pix.esm1.net
2014-01-03 08:58:03,www.facebook.com
2014-01-03 08:58:04,s-static.ak.facebook.com
2014-01-03 08:58:04,www.google.fr
2014-01-03 08:58:04,www.facebook.com
2014-01-03 08:58:04,www.google.com
2014-01-03 08:58:04,static.ak.facebook.com
2014-01-03 08:58:05,www.facebook.com
2014-01-03 08:58:05,underarmour.ugc.bazaarvoice.com
2014-01-03 08:58:05,a248.e.akamai.net
2014-01-03 08:58:29,underarmourinc.tt.omtrdc.net
2014-01-03 08:58:30,a248.e.akamai.net
2014-01-03 08:58:30,www.underarmour.com
2014-01-03 08:58:30,analytic.underarmour.com
2014-01-03 08:58:31,www.facebook.com
2014-01-03 08:58:31,pix.esm1.net
2014-01-03 08:58:31,analytic.underarmour.com
2014-01-03 08:58:31,underarmourinc.tt.omtrdc.net
2014-01-03 08:58:31,a248.e.akamai.net
2014-01-03 08:58:32,underarmour.ugc.bazaarvoice.com
2014-01-03 08:58:32,a248.e.akamai.net
2014-01-03 08:58:32,www.underarmour.com
2014-01-03 08:58:32,login.dotomi.com
2014-01-03 08:58:33,s-static.ak.facebook.com
2014-01-03 08:58:33,underarmour.ugc.bazaarvoice.com
2014-01-03 08:58:33,static.ak.facebook.com
2014-01-03 08:58:33,www.google.com
2014-01-03 08:58:33,www.google.fr
2014-01-03 08:58:33,www.facebook.com
2014-01-03 08:58:34,underarmour.ugc.bazaarvoice.com
2014-01-03 08:58:44,underarmourinc.tt.omtrdc.net
2014-01-03 08:58:44,analytic.underarmour.com
2014-01-03 08:58:44,www.underarmour.com
2014-01-03 08:58:46,underarmour.ugc.bazaarvoice.com
2014-01-03 08:58:46,www.underarmour.com
2014-01-03 08:58:46,a248.e.akamai.net
2014-01-03 08:58:47,underarmour.ugc.bazaarvoice.com
2014-01-03 08:58:47,a248.e.akamai.net
2014-01-03 08:58:47,underarmourinc.tt.omtrdc.net
2014-01-03 08:58:47,www.underarmour.com
2014-01-03 08:58:48,analytic.underarmour.com
2014-01-03 08:58:48,underarmourinc.tt.omtrdc.net
2014-01-03 08:58:48,www.underarmour.com
2014-01-03 08:58:48,www.google.fr
2014-01-03 08:58:48,pix.esm1.net
2014-01-03 08:58:48,www.google.com
2014-01-03 08:58:49,underarmour.ugc.bazaarvoice.com
2014-01-03 08:58:49,www.facebook.com
2014-01-03 08:58:49,s-static.ak.facebook.com
2014-01-03 08:58:49,www.underarmour.com
2014-01-03 08:58:49,static.ak.facebook.com
2014-01-03 08:58:50,underarmour.ugc.bazaarvoice.com
2014-01-03 08:58:50,login.dotomi.com
2014-01-03 08:59:39,underarmourinc.tt.omtrdc.net
2014-01-03 08:59:40,analytic.underarmour.com
2014-01-03 08:59:40,www.underarmour.com
2014-01-03 08:59:40,a248.e.akamai.net
2014-01-03 08:59:41,a248.e.akamai.net
2014-01-03 08:59:41,underarmourinc.tt.omtrdc.net
2014-01-03 08:59:41,analytic.underarmour.com
2014-01-03 08:59:41,pix.esm1.net
2014-01-03 08:59:41,www.facebook.com
2014-01-03 08:59:42,static.ak.facebook.com
2014-01-03 08:59:42,login.dotomi.com
2014-01-03 08:59:42,www.google.com
2014-01-03 08:59:42,www.facebook.com
2014-01-03 08:59:42,www.google.fr
2014-01-03 08:59:42,s-static.ak.facebook.com
2014-01-03 08:59:53,underarmourinc.tt.omtrdc.net
2014-01-03 08:59:53,analytic.underarmour.com
2014-01-03 08:59:54,www.underarmour.com
2014-01-03 08:59:54,a248.e.akamai.net
2014-01-03 08:59:55,pix.esm1.net
2014-01-03 08:59:55,analytic.underarmour.com
2014-01-03 08:59:55,underarmourinc.tt.omtrdc.net
2014-01-03 08:59:55,a248.e.akamai.net
2014-01-03 08:59:55,www.facebook.com
2014-01-03 08:59:56,s-static.ak.facebook.com
2014-01-03 08:59:56,static.ak.facebook.com
2014-01-03 08:59:56,login.dotomi.com
2014-01-03 08:59:56,www.google.com
2014-01-03 08:59:57,www.facebook.com
2014-01-03 08:59:57,www.google.fr
2014-01-03 09:00:16,www.underarmour.com
2014-01-03 09:00:17,www.facebook.com
2014-01-03 09:00:17,analytic.underarmour.com
2014-01-03 09:00:17,pix.esm1.net
2014-01-03 09:00:17,underarmourinc.tt.omtrdc.net
2014-01-03 09:00:18,login.dotomi.com
2014-01-03 09:00:18,www.facebook.com
2014-01-03 09:00:18,www.google.com
2014-01-03 09:00:18,s-static.ak.facebook.com
2014-01-03 09:00:18,static.ak.facebook.com
2014-01-03 09:00:19,www.google.fr
2014-01-03 09:00:20,underarmourinc.tt.omtrdc.net
2014-01-03 09:00:21,analytic.underarmour.com
2014-01-03 09:00:22,a248.e.akamai.net
2014-01-03 09:00:22,www.underarmour.com
2014-01-03 09:00:23,login.dotomi.com
2014-01-03 09:00:23,www.facebook.com
2014-01-03 09:00:23,pix.esm1.net
2014-01-03 09:00:23,analytic.underarmour.com
2014-01-03 09:00:23,underarmourinc.tt.omtrdc.net
2014-01-03 09:00:24,www.facebook.com
2014-01-03 09:00:24,www.google.fr
2014-01-03 09:00:24,www.google.com
2014-01-03 09:00:24,static.ak.facebook.com
2014-01-03 09:00:24,s-static.ak.facebook.com
2014-01-03 09:00:25,www.facebook.com
2014-01-03 09:00:32,underarmourinc.tt.omtrdc.net
2014-01-03 09:00:32,pix.esm1.net
2014-01-03 09:00:32,analytic.underarmour.com
2014-01-03 09:00:32,www.underarmour.com
2014-01-03 09:00:33,www.facebook.com
2014-01-03 09:00:33,login.dotomi.com
2014-01-03 09:00:34,static.ak.facebook.com
2014-01-03 09:00:34,s-static.ak.facebook.com
2014-01-03 09:00:34,www.facebook.com
2014-01-03 09:00:34,www.google.fr
2014-01-03 09:00:34,www.google.com
2014-01-03 09:00:36,analytic.underarmour.com
2014-01-03 09:00:37,a248.e.akamai.net
2014-01-03 09:00:37,www.underarmour.com
2014-01-03 09:00:38,analytic.underarmour.com
2014-01-03 09:00:38,pix.esm1.net
2014-01-03 09:00:38,underarmourinc.tt.omtrdc.net
2014-01-03 09:00:38,a248.e.akamai.net
2014-01-03 09:00:39,a248.e.akamai.net
2014-01-03 09:00:39,www.facebook.com
2014-01-03 09:00:40,static.ak.facebook.com
2014-01-03 09:00:40,s-static.ak.facebook.com
2014-01-03 09:00:40,www.google.fr
2014-01-03 09:00:40,www.facebook.com
2014-01-03 09:00:40,login.dotomi.com
2014-01-03 09:00:40,www.google.com
2014-01-03 09:00:41,www.facebook.com
2014-01-03 09:00:45,www.underarmour.com
2014-01-03 09:00:45,underarmourinc.tt.omtrdc.net
2014-01-03 09:00:46,analytic.underarmour.com
2014-01-03 09:00:46,pix.esm1.net
2014-01-03 09:00:46,www.facebook.com
2014-01-03 09:00:46,login.dotomi.com
2014-01-03 09:00:46,static.ak.facebook.com
2014-01-03 09:00:46,s-static.ak.facebook.com
2014-01-03 09:00:47,www.google.com
2014-01-03 09:00:47,www.google.fr
2014-01-03 09:00:47,www.facebook.com
2014-01-03 09:00:59,analytic.underarmour.com
2014-01-03 09:01:00,www.underarmour.com
2014-01-03 09:01:00,a248.e.akamai.net
2014-01-03 09:01:01,www.google.com
2014-01-03 09:01:01,a248.e.akamai.net
2014-01-03 09:01:01,underarmourinc.tt.omtrdc.net
2014-01-03 09:01:01,pix.esm1.net
2014-01-03 09:01:01,analytic.underarmour.com
2014-01-03 09:01:01,www.google.fr
2014-01-03 09:01:01,static.ak.facebook.com
2014-01-03 09:01:02,s-static.ak.facebook.com
2014-01-03 09:01:02,www.facebook.com
2014-01-03 09:01:02,a248.e.akamai.net
2014-01-03 09:01:03,www.facebook.com
2014-01-03 09:01:03,login.dotomi.com
2014-01-03 09:01:25,analytic.underarmour.com
2014-01-03 09:01:25,underarmourinc.tt.omtrdc.net
2014-01-03 09:01:26,a248.e.akamai.net
2014-01-03 09:01:26,underarmourinc.tt.omtrdc.net
2014-01-03 09:01:26,www.underarmour.com
2014-01-03 09:01:27,analytic.underarmour.com
2014-01-03 09:01:27,pix.esm1.net
2014-01-03 09:01:27,www.facebook.com
2014-01-03 09:01:27,a248.e.akamai.net
2014-01-03 09:01:28,s-static.ak.facebook.com
2014-01-03 09:01:28,www.google.fr
2014-01-03 09:01:28,login.dotomi.com
2014-01-03 09:01:28,static.ak.facebook.com
2014-01-03 09:01:28,www.google.com
2014-01-03 09:01:28,www.facebook.com
2014-01-03 09:01:40,underarmourinc.tt.omtrdc.net
2014-01-03 09:01:40,analytic.underarmour.com
2014-01-03 09:01:41,underarmourinc.tt.omtrdc.net
2014-01-03 09:01:42,analytic.underarmour.com
2014-01-03 09:01:43,underarmour.ugc.bazaarvoice.com
2014-01-03 09:01:43,a248.e.akamai.net
2014-01-03 09:01:43,underarmourinc.tt.omtrdc.net
2014-01-03 09:01:43,www.underarmour.com
2014-01-03 09:01:44,www.google.fr
2014-01-03 09:01:44,s-static.ak.facebook.com
2014-01-03 09:01:44,pix.esm1.net
2014-01-03 09:01:44,www.underarmour.com
2014-01-03 09:01:44,analytic.underarmour.com
2014-01-03 09:01:44,www.facebook.com
2014-01-03 09:01:44,www.google.com
2014-01-03 09:01:44,static.ak.facebook.com
2014-01-03 09:01:44,underarmourinc.tt.omtrdc.net
2014-01-03 09:01:45,underarmour.ugc.bazaarvoice.com
2014-01-03 09:01:46,login.dotomi.com
2014-01-03 09:01:46,www.facebook.com
2014-01-03 09:01:58,underarmour.ugc.bazaarvoice.com
2014-01-03 09:02:23,ajax.googleapis.com
2014-01-03 09:02:23,www.woundedwarriorproject.org
2014-01-03 09:02:24,smartmailerclick.bisglobal.net
2014-01-03 09:02:24,www.woundedwarriorproject.org
2014-01-03 09:02:25,www.youtube-nocookie.com
2014-01-03 09:02:25,ajax.googleapis.com
2014-01-03 09:02:25,www.woundedwarriorproject.org
2014-01-03 09:02:25,smartmailerclick.bisglobal.net
2014-01-03 09:02:25,www.google.com
2014-01-03 09:02:26,www.woundedwarriorproject.org
2014-01-03 09:02:26,www.google.fr
2014-01-03 09:02:26,www.google.com
2014-01-03 09:02:26,embed-ssl.wistia.com
2014-01-03 09:02:26,www.youtube-nocookie.com
2014-01-03 09:02:26,fast.wistia.net
2014-01-03 09:02:27,www.google.com
2014-01-03 09:02:27,platform.twitter.com
2014-01-03 09:02:27,ajax.googleapis.com
2014-01-03 09:02:27,www.woundedwarriorproject.org
2014-01-03 09:02:27,embed.wistia.com
2014-01-03 09:02:27,fast.wistia.com
2014-01-03 09:02:28,www.google.com
2014-01-03 09:02:28,www.facebook.com
2014-01-03 09:02:28,www.diigo.com
2014-01-03 09:02:28,twitter.com
2014-01-03 09:02:28,www.google.fr
2014-01-03 09:02:28,embed.wistia.com
2014-01-03 09:02:42,twitter.com
2014-01-03 09:02:42,www.youtube-nocookie.com
2014-01-03 09:02:42,www.diigo.com
2014-01-03 09:02:42,fast.wistia.net
2014-01-03 09:02:42,www.woundedwarriorproject.org
2014-01-03 09:02:43,www.google.fr
2014-01-03 09:02:43,www.google.com
2014-01-03 09:02:43,platform.twitter.com
2014-01-03 09:02:43,www.woundedwarriorproject.org
2014-01-03 09:02:43,www.facebook.com
2014-01-03 09:02:46,storefront.promodepot.com
2014-01-03 09:02:47,storefront.promodepot.com
2014-01-03 09:02:48,storefront.promodepot.com
2014-01-03 09:02:49,storefront.promodepot.com
2014-01-03 09:03:01,storefront.promodepot.com
2014-01-03 09:03:01,www.survivalstraps.com
2014-01-03 09:03:02,ajax.googleapis.com
2014-01-03 09:03:02,www.survivalstraps.com
2014-01-03 09:03:02,storefront.promodepot.com
2014-01-03 09:03:03,www.survivalstraps.com
2014-01-03 09:03:04,www.survivalstraps.com
2014-01-03 09:03:05,apis.google.com
2014-01-03 09:03:05,www.survivalstraps.com
2014-01-03 09:03:06,apis.google.com
2014-01-03 09:03:06,gm01.opentracker.net
2014-01-03 09:03:06,www.survivalstraps.com
2014-01-03 09:03:07,www.survivalstraps.com
2014-01-03 09:03:07,apis.google.com
2014-01-03 09:03:07,accounts.google.com
2014-01-03 09:03:08,www.survivalstraps.com
2014-01-03 09:03:08,www.facebook.com
2014-01-03 09:03:08,www.google.com
2014-01-03 09:03:08,apis.google.com
2014-01-03 09:03:08,accounts.google.com
2014-01-03 09:03:08,www.google.fr
2014-01-03 09:03:14,twitter.com
2014-01-03 09:09:03,www.google.fr
2014-01-03 09:09:05,www.google.com
2014-01-03 09:09:05,apis.google.com
2014-01-03 09:09:51,www.google.fr
2014-01-03 09:09:53,www.google.fr
2014-01-03 09:09:54,apis.google.com
2014-01-03 09:09:54,www.google.com
2014-01-03 09:09:54,dayzdb.com
2014-01-03 09:09:54,js.dayzdb.com
2014-01-03 09:09:54,css.dayzdb.com
2014-01-03 09:09:54,ajax.googleapis.com
2014-01-03 09:09:54,www.google.fr
2014-01-03 09:09:55,static.dayzdb.com
2014-01-03 09:09:55,js.dayzdb.com
2014-01-03 09:09:56,static.dayzdb.com
2014-01-03 09:09:56,css.dayzdb.com
2014-01-03 09:09:58,dayzdb.com
2014-01-03 09:09:59,media.wow-europe.com
2014-01-03 09:10:03,css.dayzdb.com
2014-01-03 09:10:03,js.dayzdb.com
2014-01-03 09:10:03,dayzdb.com
2014-01-03 09:10:04,img.dayzdb.com
2014-01-03 09:10:04,css.dayzdb.com
2014-01-03 09:10:04,js.dayzdb.com
2014-01-03 09:10:05,media.wow-europe.com
2014-01-03 09:10:09,dayzdb.com
2014-01-03 09:10:09,js.dayzdb.com
2014-01-03 09:10:09,css.dayzdb.com
2014-01-03 09:10:10,css.dayzdb.com
2014-01-03 09:10:37,js.dayzdb.com
2014-01-03 09:10:37,dayzdb.com
2014-01-03 09:10:42,static.dayzdb.com
2014-01-03 09:10:49,dayzdb.com
2014-01-03 09:10:58,dayzdb.com
2014-01-17 13:15:31,www.google.com
2014-01-17 13:15:31,www.bing.com
2014-01-17 13:15:38,www.google.fr
2014-01-17 13:15:39,www.google.fr
2014-01-17 13:15:40,www.google.com
2014-01-17 13:15:41,apis.google.com
2014-01-17 13:15:45,www.google.com
2014-01-17 13:15:45,www.google.fr
2014-01-17 13:15:46,www.google.fr
2014-01-17 13:15:46,apis.google.com
2014-01-17 13:15:46,entauvergne.fr
2014-01-17 13:15:46,code.jquery.com
2014-01-17 13:15:53,ent.u-clermont1.fr
2014-01-17 13:15:53,www.google.fr
2014-01-17 13:15:54,statics.itslearning.com
2014-01-17 13:15:54,www.u-clermont1.fr
2014-01-17 13:15:54,ent.u-clermont1.fr
2014-01-17 13:15:54,www.google.fr
2014-01-17 13:16:09,www.google.fr
2014-01-17 13:16:10,www.google.fr
2014-01-17 13:17:31,go.microsoft.com
2014-01-17 13:17:31,ieonline.microsoft.com
2014-02-04 14:16:22,clients1.google.com
2014-02-04 14:16:22,gtglobal-ocsp.geotrust.com
2014-02-04 14:16:32,www.google.fr
2014-02-04 14:16:32,ent.u-clermont1.fr
2014-02-04 14:16:32,www.u-clermont1.fr
2014-02-04 14:16:33,ent.u-clermont1.fr
2014-02-04 14:16:46,clients1.google.com
2014-02-04 14:16:46,ocsp.tcs.terena.org
2014-02-04 14:16:46,www.google.fr
2014-02-04 14:16:48,ocsp.usertrust.com
2014-02-04 14:16:48,clients1.google.com
2014-02-04 14:17:15,gtssl-ocsp.geotrust.com
2014-02-04 14:18:46,safebrowsing.clients.google.com
2014-02-04 14:18:47,safebrowsing-cache.google.com
2014-02-04 14:19:19,www.google.com
2014-02-04 14:19:19,apis.google.com
2014-02-04 14:19:37,www.google.fr
2014-02-04 14:21:41,sb-ssl.google.com
2014-02-04 14:22:12,ocsp.thawte.com
2014-02-04 14:24:12,ocsp.verisign.com
2014-02-04 14:26:12,ocsp.digicert.com
2014-02-04 14:46:49,safebrowsing-cache.google.com
2014-02-04 14:46:49,safebrowsing.clients.google.com
2014-02-04 14:53:50,www.google.fr
2014-02-04 14:53:51,fr.clickintext.net
2014-02-04 14:53:51,free0.hiboox.com
2014-02-04 14:53:51,fr.92.clickintext.net
2014-02-04 14:53:51,www.soccers.fr
2014-02-04 14:53:51,www.seeklogo.com
2014-02-04 14:53:51,www.google.fr
2014-02-04 14:53:51,seeklogo.com
2014-02-04 14:53:52,clients1.google.com
2014-02-04 14:53:52,img35.imageshack.us
2014-02-04 14:53:52,rubicon-match.dotomi.com
2014-02-04 14:53:52,www.facebook.com
2014-02-04 14:53:52,ce.lijit.com
2014-02-04 14:53:53,fr.91.clickintext.net
2014-02-04 14:53:53,fr.92.clickintext.net
2014-02-04 14:53:53,ocsp.comodoca.com
2014-02-04 14:53:53,fr.clickintext.net
2014-02-04 14:53:54,ad.publicidees.com
2014-02-04 14:53:54,fr.92.slidein.clickintext.net
2014-02-04 14:53:54,fr.92.clickintext.net
2014-02-04 14:53:55,ocsp.starfieldtech.com
2014-02-04 14:53:55,fr.92.slidein.clickintext.net
2014-02-04 14:53:55,fr.92.clickintext.net
2014-02-04 14:54:09,pixel2368.everesttech.net
2014-02-04 14:56:26,www.google.com
2014-02-04 14:56:31,clients1.google.fr
2014-02-04 14:56:44,www.google.fr
2014-02-04 15:15:03,safebrowsing.clients.google.com
2014-02-04 15:15:03,safebrowsing-cache.google.com
2014-02-04 15:33:14,clients1.google.com
2014-02-04 15:33:14,gtglobal-ocsp.geotrust.com
2014-02-04 15:36:09,www.google.com
2014-02-04 15:37:49,clients1.google.fr
2014-02-04 15:38:03,www.google.fr
2014-02-04 15:46:00,safebrowsing.clients.google.com
2014-02-04 15:46:00,safebrowsing-cache.google.com
2014-02-04 15:56:45,www.google.fr
2014-02-04 15:56:47,platform.twitter.com
2014-02-04 15:56:47,gaia.adage.com
2014-02-04 15:56:47,adage.com
2014-02-04 15:56:47,apis.google.com
2014-02-04 15:56:48,gaia.adage.com
2014-02-04 15:56:48,admin.brightcove.com
2014-02-04 15:56:48,ajax.googleapis.com
2014-02-04 15:56:48,adage.com
2014-02-04 15:56:54,www.google.fr
2014-02-04 15:56:55,photos.newswire.ca
2014-02-04 15:56:55,www.newswire.ca
2014-02-04 15:56:56,www.quotemedia.com
2014-02-04 15:56:56,photos.newswire.ca
2014-02-04 15:56:56,www.newswire.ca
2014-02-04 15:56:57,www.newswire.ca
2014-02-04 15:56:57,app.quotemedia.com
2014-02-04 15:56:57,www.quotemedia.com
2014-02-04 15:56:57,clients1.google.com
2014-02-04 15:56:58,www.newswire.ca
2014-02-04 15:59:23,clients1.google.fr
2014-02-04 15:59:48,www.google.fr
2014-02-04 15:59:52,ajax.googleapis.com
2014-02-04 16:01:51,www.google.fr
2014-02-04 16:01:52,www.bkrw-sport.com
2014-02-04 16:01:53,www.bkrw-sport.com
2014-02-04 16:01:54,disqus.com
2014-02-04 16:01:54,www.bkrw-sport.com
2014-02-04 16:01:54,bkrwsport.disqus.com
2014-02-04 16:01:54,go.disqus.com
2014-02-04 16:01:54,www.bkrw.com
2014-02-04 16:02:22,www.bkrw-sport.com
2014-02-04 16:03:22,www.google.com
2014-02-04 16:04:40,ocsp.tcs.terena.org
2014-02-04 16:04:40,ocsp.usertrust.com
2014-02-04 16:04:44,clients1.google.fr
2014-02-04 16:04:47,www.google.fr
2014-02-04 16:11:22,www.google.fr
2014-02-04 16:11:23,gifsoup.com
2014-02-04 16:11:23,connect.facebook.net
2014-02-04 16:11:23,ajax.googleapis.com
2014-02-04 16:11:24,stream1.gifsoup.com
2014-02-04 16:11:24,gifsoup.com
2014-02-04 16:11:25,gifsoup.com
2014-02-04 16:11:26,stream1.gifsoup.com
2014-02-04 16:11:26,gifsoup.com
2014-02-04 16:11:27,static.ak.facebook.com
2014-02-04 16:11:27,gifsoup.com
2014-02-04 16:11:27,stream1.gifsoup.com
2014-02-04 16:11:28,ocsp.verisign.com
2014-02-04 16:11:28,hal9000.redintelligence.net
2014-02-04 16:11:29,hal9000.redintelligence.net
2014-02-04 16:11:29,um.simpli.fi
2014-02-04 16:11:30,um.simpli.fi
2014-02-04 16:11:30,www.facebook.com
2014-02-04 16:11:30,ce.lijit.com
2014-02-04 16:11:31,www.google.com
2014-02-04 16:11:31,www.google.fr
2014-02-04 16:11:31,um.simpli.fi
2014-02-04 16:11:50,hal9000.redintelligence.net
2014-02-04 16:11:51,n40.hal9000.redintelligence.net
2014-02-04 16:11:51,banniere.reussissonsensemble.fr
2014-02-04 16:11:51,hal9000.redintelligence.net
2014-02-04 16:11:51,a.nonstoppartner.net
2014-02-04 16:11:52,www.maboutiqueregimedukan.com
2014-02-04 16:11:52,ad.publicidees.com
2014-02-04 16:11:52,banniere.reussissonsensemble.fr
2014-02-04 16:11:52,hal9000.redintelligence.net
2014-02-04 16:11:52,rapidssl-ocsp.geotrust.com
2014-02-04 16:11:52,www.uaredesign.com
2014-02-04 16:11:53,banniere.reussissonsensemble.fr
2014-02-04 16:11:53,hal9000.redintelligence.net
2014-02-04 16:11:53,ad.publicidees.com
2014-02-04 16:11:54,www.castorama.fr
2014-02-04 16:11:54,banniere.reussissonsensemble.fr
2014-02-04 16:11:56,dps.bing.com
2014-02-04 16:12:03,stream1.gifsoup.com
2014-02-04 16:13:04,www.commentcamarche.net
2014-02-04 16:13:04,www.google.fr
2014-02-04 16:13:04,static.ccm2.net
2014-02-04 16:13:05,static.commentcamarche.net
2014-02-04 16:13:05,static.ccm2.net
2014-02-04 16:13:05,r.ccmbg.com
2014-02-04 16:13:05,www.commentcamarche.net
2014-02-04 16:13:05,ba.commentcamarche.net
2014-02-04 16:13:05,platform.twitter.com
2014-02-04 16:13:05,www.facebook.com
2014-02-04 16:13:05,evsecure-ocsp.verisign.com
2014-02-04 16:13:06,static.ccm2.net
2014-02-04 16:13:06,pixel.alephd.com
2014-02-04 16:13:06,evsecure-ocsp.verisign.com
2014-02-04 16:13:06,ba.commentcamarche.net
2014-02-04 16:13:06,platform.twitter.com
2014-02-04 16:13:06,www.facebook.com
2014-02-04 16:13:07,www.facebook.com
2014-02-04 16:13:07,static.ccm2.net
2014-02-04 16:13:07,ea.virginmobile.fr
2014-02-04 16:13:07,clients1.google.com
2014-02-04 16:13:08,static.ccmbg.com
2014-02-04 16:13:08,pixel.alephd.com
2014-02-04 16:13:08,ba.commentcamarche.net
2014-02-04 16:13:08,connect.facebook.net
2014-02-04 16:13:08,static.ccm2.net
2014-02-04 16:13:08,hal9000.redintelligence.net
2014-02-04 16:13:08,platform.twitter.com
2014-02-04 16:13:08,www.commentcamarche.net
2014-02-04 16:13:08,www.facebook.com
2014-02-04 16:13:09,n12.hal9000.redintelligence.net
2014-02-04 16:13:09,www.facebook.com
2014-02-04 16:13:09,gtssl-ocsp.geotrust.com
2014-02-04 16:13:09,pixel.alephd.com
2014-02-04 16:13:10,pixel.alephd.com
2014-02-04 16:13:10,ocsp.comodoca.com
2014-02-04 16:13:10,ocsp.usertrust.com
2014-02-04 16:13:10,ea.numericable.fr
2014-02-04 16:13:10,loadr.exelator.com
2014-02-04 16:13:11,www.commentcamarche.net
2014-02-04 16:13:12,c1.adform.net
2014-02-04 16:13:12,cm.adgrx.com
2014-02-04 16:13:13,c1.adform.net
2014-02-04 16:13:13,i1-js-14-3-01-10165-258517053-i.init.cedexis-radar.net
2014-02-04 16:13:14,broadcast2.piximedia.fr
2014-02-04 16:13:17,d1r2y962f8isle.cloudfront.net
2014-02-04 16:13:24,s-static.ak.facebook.com
2014-02-04 16:13:24,fbstatic-a.akamaihd.net
2014-02-04 16:13:30,www.google.fr
2014-02-04 16:13:32,assets.sbnation.com
2014-02-04 16:13:32,safebrowsing.clients.google.com
2014-02-04 16:13:32,www.sbnation.com
2014-02-04 16:13:33,cdnjs.cloudflare.com
2014-02-04 16:13:33,safebrowsing.clients.google.com
2014-02-04 16:13:33,www.sbnation.com
2014-02-04 16:13:33,ajax.googleapis.com
2014-02-04 16:13:34,assets.sbnation.com
2014-02-04 16:13:34,cloud.typography.com
2014-02-04 16:13:35,assets.sbnation.com
2014-02-04 16:13:38,cdn0.sbnation.com
2014-02-04 16:13:39,platform.twitter.com
2014-02-04 16:13:39,providence.voxmedia.com
2014-02-04 16:13:39,twitter.com
2014-02-04 16:13:40,www.sbnation.com
2014-02-04 16:13:42,rapidssl-ocsp.geotrust.com
2014-02-04 16:13:42,platform.twitter.com
2014-02-04 16:13:43,platform.twitter.com
2014-02-04 16:13:43,assets.sbnation.com
2014-02-04 16:13:43,ocsp.digicert.com
2014-02-04 16:13:45,www.facebook.com
2014-02-04 16:14:14,clients1.google.fr
2014-02-04 16:14:14,syndication.twitter.com
2014-02-04 16:14:15,twitter.com
2014-02-04 16:14:56,safebrowsing.clients.google.com
2014-02-04 16:14:56,safebrowsing-cache.google.com
2014-02-04 16:14:57,safebrowsing-cache.google.com
2014-02-04 16:15:40,pbs.twimg.com
2014-02-04 16:15:40,o.twimg.com
2014-02-04 16:15:41,platform.twitter.com
2014-02-04 16:15:57,www.google.com
2014-02-04 16:16:01,ajax.googleapis.com
2014-02-04 16:16:24,www.google.fr
2014-02-04 16:16:37,pixel.alephd.com
2014-02-04 16:16:38,plus.google.com
2014-02-04 16:16:39,apis.google.com
2014-02-04 16:16:40,accounts.google.com
2014-02-04 16:16:46,api-read.facebook.com
2014-02-04 16:16:46,www.facebook.com
2014-02-04 16:17:05,www.google.fr
2014-02-04 16:17:06,solecollector.com
2014-02-04 16:17:07,solecollector.com
2014-02-04 16:17:07,cdnl.complex.com
2014-02-04 16:17:08,sc.tynt.com
2014-02-04 16:17:09,solecollect.disqus.com
2014-02-04 16:17:09,solecollector.com
2014-02-04 16:17:10,go.disqus.com
2014-02-04 16:17:10,solecollector.com
2014-02-04 16:17:10,solecollect.disqus.com
2014-02-04 16:17:11,solecollect.disqus.com
2014-02-04 16:17:11,disqus.com
2014-02-04 16:17:21,www.google.fr
2014-02-04 16:17:25,www.essentialapparel.com
2014-02-04 16:17:26,www.google.fr
2014-02-04 16:17:32,www.wallsave.com
2014-02-04 16:17:33,www.wallsave.com
2014-02-04 16:17:34,www.wallsave.com
2014-02-04 16:17:43,www.google.fr
2014-02-04 16:17:43,24.media.tumblr.com
2014-02-04 16:17:44,24.media.tumblr.com
2014-02-04 16:17:44,31.media.tumblr.com
2014-02-04 16:17:44,underarmour.tumblr.com
2014-02-04 16:17:44,static.tumblr.com
2014-02-04 16:17:44,assets.tumblr.com
2014-02-04 16:17:45,31.media.tumblr.com
2014-02-04 16:17:45,24.media.tumblr.com
2014-02-04 16:17:45,assets.pinterest.com
2014-02-04 16:17:45,assets.tumblr.com
2014-02-04 16:17:45,platform.twitter.com
2014-02-04 16:17:45,www.facebook.com
2014-02-04 16:17:45,passets.pinterest.com
2014-02-04 16:17:45,static.tumblr.com
2014-02-04 16:17:45,www.tumblr.com
2014-02-04 16:17:46,assets.tumblr.com
2014-02-04 16:17:46,widgets.pinterest.com
2014-02-04 16:17:46,24.media.tumblr.com
2014-02-04 16:18:05,stream1.gifsoup.com
2014-02-04 16:18:05,www.google.fr
2014-02-04 16:18:05,gifsoup.com
2014-02-04 16:18:06,stream1.gifsoup.com
2014-02-04 16:18:16,twitter.com
2014-02-04 16:18:30,www.google.fr
2014-02-04 16:20:03,fbstatic-a.akamaihd.net
2014-02-04 16:20:28,ajax.googleapis.com
2014-02-04 16:20:41,accounts.google.com
2014-02-04 16:20:41,apis.google.com
2014-02-04 16:21:08,www.facebook.com
2014-02-04 16:21:42,www.google.fr
2014-02-04 16:28:20,www.google.fr
2014-02-04 16:38:15,clients1.google.com
2014-02-04 16:38:15,gtglobal-ocsp.geotrust.com
2014-02-04 16:38:17,clients1.google.com
2014-02-04 16:38:20,clients1.google.com
2014-02-04 16:38:30,www.google.fr
2014-02-04 16:38:31,todddurkinimpactsummit.com
2014-02-04 16:38:33,todddurkinimpactsummit.com
2014-02-04 16:38:34,connect.facebook.net
2014-02-04 16:38:34,static.ak.facebook.com
2014-02-04 16:38:34,todddurkinimpactsummit.com
2014-02-04 16:38:35,www.google.fr
2014-02-04 16:38:35,ocsp.verisign.com
2014-02-04 16:38:43,todddurkinimpactsummit.com
2014-02-04 16:38:49,gtssl-ocsp.geotrust.com
2014-02-04 16:40:30,s-static.ak.facebook.com
2014-02-04 16:40:31,fbstatic-a.akamaihd.net
2014-02-04 16:40:59,safebrowsing-cache.google.com
2014-02-04 16:40:59,safebrowsing.clients.google.com
2014-02-04 16:41:00,safebrowsing-cache.google.com
2014-02-04 16:41:15,www.google.com
2014-02-04 16:41:16,apis.google.com
2014-02-04 16:41:25,www.google.fr
2014-02-04 16:41:26,www.zulucreative.co.uk
2014-02-04 16:41:26,ajax.googleapis.com
2014-02-04 16:41:26,platform.linkedin.com
2014-02-04 16:41:27,www.facebook.com
2014-02-04 16:41:27,www.youtube.com
2014-02-04 16:41:27,www.gravatar.com
2014-02-04 16:41:27,www.zulucreative.co.uk
2014-02-04 16:41:27,ajax.microsoft.com
2014-02-04 16:41:27,platform.twitter.com
2014-02-04 16:41:27,connect.facebook.net
2014-02-04 16:41:27,platform.linkedin.com
2014-02-04 16:41:28,platform.twitter.com
2014-02-04 16:41:28,clients1.google.com
2014-02-04 16:41:28,i1.wp.com
2014-02-04 16:41:28,ae.siteapps.com
2014-02-04 16:41:28,www.facebook.com
2014-02-04 16:41:28,www.zulucreative.co.uk
2014-02-04 16:41:28,17116.a.siteapps.com
2014-02-04 16:41:28,www.linkedin.com
2014-02-04 16:41:28,www.gravatar.com
2014-02-04 16:41:29,www.zulucreative.co.uk
2014-02-04 16:41:29,clients1.google.com
2014-02-04 16:41:29,evsecure-ocsp.verisign.com
2014-02-04 16:41:30,www.linkedin.com
2014-02-04 16:41:30,www.zulucreative.co.uk
2014-02-04 16:41:59,twitter.com
2014-02-04 16:42:00,sportbizinside.com
2014-02-04 16:42:00,www.google.fr
2014-02-04 16:42:01,s.gravatar.com
2014-02-04 16:42:01,connect.facebook.net
2014-02-04 16:42:01,clients1.google.com
2014-02-04 16:42:01,sportbizinside.com
2014-02-04 16:42:01,platform.linkedin.com
2014-02-04 16:42:01,platform.twitter.com
2014-02-04 16:42:02,s.gravatar.com
2014-02-04 16:42:02,www.linkedin.com
2014-02-04 16:42:02,www.facebook.com
2014-02-04 16:42:02,gravatar.com
2014-02-04 16:42:02,sportbizinside.disqus.com
2014-02-04 16:42:02,sportbizinside.com
2014-02-04 16:42:02,platform.linkedin.com
2014-02-04 16:42:02,widgets.twimg.com
2014-02-04 16:42:03,go.disqus.com
2014-02-04 16:42:03,www.facebook.com
2014-02-04 16:42:04,disqus.com
2014-02-04 16:42:04,s.ytimg.com
2014-02-04 16:42:04,www.youtube.com
2014-02-04 16:42:05,sportbizinside.com
2014-02-04 16:42:05,disqus.com
2014-02-04 16:42:06,sportbizinside.com
2014-02-04 16:42:06,disqus.com
2014-02-04 16:42:10,sportbizinside.com
2014-02-04 16:42:34,twitter.com
2014-02-04 16:43:23,platform.twitter.com
2014-02-04 16:43:41,www.google.fr
2014-02-04 16:43:42,www.sportsbusinessdaily.com
2014-02-04 16:43:43,www.sportsbusinessdaily.com
2014-02-04 16:43:44,www.sportsbusinessdaily.com
2014-02-04 16:43:44,ocsp.thawte.com
2014-02-04 16:43:45,www.sportsbusinessdaily.com
2014-02-04 16:43:45,platform.twitter.com
2014-02-04 16:43:45,www.facebook.com
2014-02-04 16:43:45,gtssl-ocsp.geotrust.com
2014-02-04 16:43:46,platform.twitter.com
2014-02-04 16:43:55,sb-ssl.google.com
2014-02-04 16:43:59,fbstatic-a.akamaihd.net
2014-02-04 16:44:16,twitter.com
2014-02-04 16:44:24,apis.google.com
2014-02-04 16:44:24,accounts.google.com
2014-02-04 16:44:57,ajax.googleapis.com
2014-02-04 16:45:10,www.google.fr
2014-02-04 16:45:11,odmgrp.com
2014-02-04 16:45:12,odmgrp.com
2014-02-04 16:45:13,odmgrp.com
2014-02-04 16:45:14,odmgrp.com
2014-02-04 16:45:24,odmgrp.com
2014-02-04 16:45:42,pbs.twimg.com
2014-02-04 16:45:44,ocsp.verisign.com
2014-02-04 16:46:32,clients1.google.fr
2014-02-04 16:46:45,www.facebook.com
2014-02-04 16:47:42,www.google.fr
2014-02-04 16:47:43,wp.streetwise.co
2014-02-04 16:47:44,bostinno.streetwise.co
2014-02-04 16:47:45,wp.streetwise.co
2014-02-04 16:47:45,images.streetwise.co
2014-02-04 16:47:45,bostinno.streetwise.co
2014-02-04 16:47:45,ocsp.digicert.com
2014-02-04 16:47:47,images.streetwise.co
2014-02-04 16:47:47,wp.streetwise.co
2014-02-04 16:47:47,bostinno.streetwise.co
2014-02-04 16:47:48,wp.streetwise.co
2014-02-04 16:47:48,images.streetwise.co
2014-02-04 16:47:48,bostinno.streetwise.co
2014-02-04 16:47:50,bostinno.streetwise.co
2014-02-04 16:47:51,wp.streetwise.co
2014-02-04 16:48:04,rubicon-match.dotomi.com
2014-02-04 16:48:06,rubicon-match.dotomi.com
2014-02-04 16:48:19,wp.streetwise.co
2014-02-04 16:49:42,clients1.google.fr
2014-02-04 16:50:28,www.google.fr
2014-02-04 16:50:29,helmetgame.com
2014-02-04 16:50:30,helmetgame.com
2014-02-04 16:50:30,hub.loginradius.com
2014-02-04 16:50:30,helmetgame.api.oneall.com
2014-02-04 16:50:31,helmetgame.com
2014-02-04 16:50:31,css.rating-widget.com
2014-02-04 16:50:31,hub.loginradius.com
2014-02-04 16:50:32,helmetgame.com
2014-02-04 16:50:33,helmetgame.com
2014-02-04 16:50:33,helmetgame.api.oneall.com
2014-02-04 16:50:34,hub.loginradius.com
2014-02-04 16:50:34,www.facebook.com
2014-02-04 16:50:34,rover.ebay.com
2014-02-04 16:50:34,hal9000.redintelligence.net
2014-02-04 16:50:35,hal9000.redintelligence.net
2014-02-04 16:50:35,helmetgame.com
2014-02-04 16:50:36,n9.hal9000.redintelligence.net
2014-02-04 16:50:36,www.google.com
2014-02-04 16:50:36,clients1.google.com
2014-02-04 16:50:36,banniere.reussissonsensemble.fr
2014-02-04 16:50:36,ocsp.comodoca.com
2014-02-04 16:50:36,a.nonstoppartner.net
2014-02-04 16:50:36,ocsp.usertrust.com
2014-02-04 16:50:36,ea.numericable.fr
2014-02-04 16:50:37,rapidssl-ocsp.geotrust.com
2014-02-04 16:50:37,banniere.reussissonsensemble.fr
2014-02-04 16:50:38,helmetgame.com
2014-02-04 16:50:48,helmetgame.com
2014-02-04 16:50:49,ajax.googleapis.com
2014-02-04 16:52:31,fbstatic-a.akamaihd.net
2014-02-04 16:53:23,www.google.fr
2014-02-04 16:53:35,www.facebook.com
2014-02-04 16:57:18,www.google.fr
2014-02-04 16:57:22,www.wallsave.com
2014-02-04 16:57:22,feather.aviary.com
2014-02-04 16:57:22,assets.pinterest.com
2014-02-04 16:57:22,platform.tumblr.com
2014-02-04 16:57:23,www.wallsave.com
2014-02-04 16:57:25,www.wallsave.com
2014-02-04 16:57:26,platform.twitter.com
2014-02-04 16:57:26,platform.tumblr.com
2014-02-04 16:57:26,assets.pinterest.com
2014-02-04 16:57:26,feather.aviary.com
2014-02-04 16:57:26,cdn4.iconfinder.com
2014-02-04 16:57:26,cdn1.iconfinder.com
2014-02-04 16:57:26,www.wallsave.com
2014-02-04 16:57:26,www.facebook.com
2014-02-04 16:57:27,passets.pinterest.com
2014-02-04 16:57:27,widgets.pinterest.com
2014-02-04 16:57:27,www.wallsave.com
2014-02-04 16:57:29,www.facebook.com
2014-02-04 16:57:29,www.wallsave.com
2014-02-04 16:57:58,twitter.com
2014-02-04 16:58:00,www.wallsave.com
2014-02-04 16:58:18,www.wallsave.com
2014-02-04 17:00:12,www.google.fr
2014-02-04 17:00:17,ajax.googleapis.com
2014-02-04 17:00:23,apis.google.com
2014-02-04 17:00:23,accounts.google.com
2014-02-04 17:00:30,www.facebook.com
2014-02-04 17:00:48,cdn4.iconfinder.com
2014-02-04 17:00:48,cdn1.iconfinder.com
2014-02-04 17:00:52,www.google.com
2014-02-04 17:00:55,ocsp.tcs.terena.org
2014-02-04 17:00:55,ocsp.usertrust.com
2014-02-04 17:01:53,www.squid-cache.org
2014-02-04 17:03:49,www.google.com
2014-03-22 08:40:23,www.google.fr
2014-03-22 08:40:23,www.google.com
2014-03-22 08:40:26,www.google.fr
2014-03-22 08:40:28,www.google.com
2014-03-22 08:40:29,apis.google.com
2014-03-22 08:40:39,www.google.fr
2014-03-22 08:40:39,www.google.com
2014-03-22 08:40:40,apis.google.com
2014-03-22 08:40:40,www.google.fr
2014-03-22 08:42:16,ieonline.microsoft.com
2014-03-22 08:42:18,ieonline.microsoft.com
2014-03-22 08:42:18,go.microsoft.com
2014-03-22 08:48:52,www.google.fr
2014-03-22 08:51:14,www.google.fr
2014-03-22 08:51:23,www.google.fr
2014-03-22 08:51:25,www.dvice.com
2014-03-22 08:51:25,www.syfy.com
2014-03-22 08:51:25,www.nbcudigitaladops.com
2014-03-22 08:51:25,www.google.fr
2014-03-22 08:51:26,s.ytimg.com
2014-03-22 08:51:26,www.syfy.com
2014-03-22 08:51:26,www.youtube.com
2014-03-22 08:51:26,www.dvice.com
2014-03-22 08:51:27,www.google.com
2014-03-22 08:51:27,www.nbcudigitaladops.com
2014-03-22 08:51:28,s.ytimg.com
2014-03-22 08:51:28,www.facebook.com
2014-03-22 08:51:29,www.google.com
2014-03-22 08:51:29,www.nbcudigitaladops.com
2014-03-22 08:51:29,www.google.fr
2014-03-22 08:51:30,cdns.gigya.com
2014-03-22 08:51:30,choices.truste.com
2014-03-22 08:51:30,fpdownload2.macromedia.com
2014-03-22 08:51:30,i1.ytimg.com
2014-03-22 08:51:30,s.ytimg.com
2014-03-22 08:51:30,www.google.fr
2014-03-22 08:51:31,i1.ytimg.com
2014-03-22 08:51:31,graph.facebook.com
2014-03-22 08:51:31,comments.us1.gigya.com
2014-03-22 08:51:32,choices.truste.com
2014-03-22 08:51:32,platform.twitter.com
2014-03-22 08:51:32,connect.facebook.net
2014-03-22 08:51:33,platform.twitter.com
2014-03-22 08:51:33,www.facebook.com
2014-03-22 08:51:33,apis.google.com
2014-03-22 08:51:34,apis.google.com
2014-03-22 08:51:34,snas.nbcuni.com
2014-03-22 08:51:34,static.ak.facebook.com
2014-03-22 08:51:34,s-static.ak.facebook.com
2014-03-22 08:51:34,platform.twitter.com
2014-03-22 08:51:35,accounts.google.com
2014-03-22 08:51:35,apis.google.com
2014-03-22 08:51:35,twitter.com
2014-03-22 08:51:35,choices.truste.com
2014-03-22 08:51:36,platform.twitter.com
2014-03-22 08:51:36,apis.google.com
2014-03-22 08:51:36,twitter.com
2014-03-22 08:51:36,choices.truste.com
2014-03-22 08:51:37,accounts.google.com
2014-03-22 08:51:37,choices.truste.com
2014-03-22 08:51:38,www.dvice.com
2014-03-22 08:51:41,www.facebook.com
2014-03-22 08:51:41,ce.lijit.com
2014-03-22 08:51:42,admaym.com
2014-03-22 08:51:42,cs.specificclick.net
2014-03-22 08:51:42,s.kau.li
2014-03-22 08:51:42,y.one.impact-ad.jp
2014-03-22 08:52:06,www.google.fr
2014-03-22 08:52:07,a248.e.akamai.net
2014-03-22 08:52:07,www.google.fr
2014-03-22 08:52:07,ajax.googleapis.com
2014-03-22 08:52:07,www.underarmour.com
2014-03-22 08:52:08,a248.e.akamai.net
2014-03-22 08:52:08,www.underarmour.com
2014-03-22 08:52:08,underarmourinc.tt.omtrdc.net
2014-03-22 08:52:08,d9lq0o81skkdj.cloudfront.net
2014-03-22 08:52:08,analytic.underarmour.com
2014-03-22 08:52:09,analytic.underarmour.com
2014-03-22 08:52:09,pix.esm1.net
2014-03-22 08:52:09,www.facebook.com
2014-03-22 08:52:09,a248.e.akamai.net
2014-03-22 08:52:09,www.underarmour.com
2014-03-22 08:52:11,pix.esm1.net
2014-03-22 08:52:12,www.underarmour.com
2014-03-22 08:52:12,pix.esm1.net
2014-03-22 08:52:13,www.google.fr
2014-03-22 08:52:13,login.dotomi.com
2014-03-22 08:52:13,www.google.com
2014-03-22 08:52:13,connect.facebook.net
2014-03-22 08:52:13,static.ak.facebook.com
2014-03-22 08:52:13,www.underarmour.com
2014-03-22 08:52:13,www.facebook.com
2014-03-22 08:52:13,s-static.ak.facebook.com
2014-03-22 08:52:14,www.google.fr
2014-03-22 08:52:14,www.facebook.com
2014-03-22 08:53:12,underarmourinc.tt.omtrdc.net
2014-03-22 08:53:13,underarmour.ugc.bazaarvoice.com
2014-03-22 08:53:13,www.underarmour.com
2014-03-22 08:53:13,analytic.underarmour.com
2014-03-22 08:53:13,a248.e.akamai.net
2014-03-22 08:53:14,ajax.googleapis.com
2014-03-22 08:53:14,a248.e.akamai.net
2014-03-22 08:53:14,underarmour.ugc.bazaarvoice.com
2014-03-22 08:53:14,www.underarmour.com
2014-03-22 08:53:14,underarmourinc.tt.omtrdc.net
2014-03-22 08:53:15,s-static.ak.facebook.com
2014-03-22 08:53:15,a248.e.akamai.net
2014-03-22 08:53:15,www.underarmour.com
2014-03-22 08:53:15,underarmour.ugc.bazaarvoice.com
2014-03-22 08:53:15,www.google.com
2014-03-22 08:53:15,pix.esm1.net
2014-03-22 08:53:15,underarmourinc.tt.omtrdc.net
2014-03-22 08:53:15,static.ak.facebook.com
2014-03-22 08:53:15,ajax.googleapis.com
2014-03-22 08:53:15,www.facebook.com
2014-03-22 08:53:16,www.google.fr
2014-03-22 08:53:16,analytic.underarmour.com
2014-03-22 08:53:16,www.underarmour.com
2014-03-22 08:53:17,www.underarmour.com
2014-03-22 08:53:17,underarmour.ugc.bazaarvoice.com
2014-03-22 08:53:17,www.facebook.com
2014-03-22 08:53:17,platform.twitter.com
2014-03-22 08:53:18,magpie-static.ugc.bazaarvoice.com
2014-03-22 08:53:18,www.underarmour.com
2014-03-22 08:53:18,underarmour.ugc.bazaarvoice.com
2014-03-22 08:53:18,login.dotomi.com
2014-03-22 08:53:19,a248.e.akamai.net
2014-03-22 08:54:02,www.underarmour.com
2014-03-22 08:54:02,a248.e.akamai.net
2014-03-22 08:54:03,www.underarmour.com
2014-03-22 08:54:03,cdn1-res.sundaysky.com
2014-03-22 08:54:03,underarmourinc.tt.omtrdc.net
2014-03-22 08:54:03,a248.e.akamai.net
2014-03-22 08:54:03,analytic.underarmour.com
2014-03-22 08:54:04,a248.e.akamai.net
2014-03-22 08:54:04,www.underarmour.com
2014-03-22 08:54:04,www.facebook.com
2014-03-22 08:54:04,pix.esm1.net
2014-03-22 08:54:05,www.underarmour.com
2014-03-22 08:54:05,underarmour.ugc.bazaarvoice.com
2014-03-22 08:54:05,a248.e.akamai.net
2014-03-22 08:54:06,www.facebook.com
2014-03-22 08:54:06,underarmour.ugc.bazaarvoice.com
2014-03-22 08:54:06,www.google.com
2014-03-22 08:54:06,static.ak.facebook.com
2014-03-22 08:54:06,www.google.fr
2014-03-22 08:54:06,login.dotomi.com
2014-03-22 08:54:06,s-static.ak.facebook.com
2014-03-22 08:54:07,www.facebook.com
2014-03-22 08:54:07,underarmour.ugc.bazaarvoice.com
2014-03-22 08:54:08,underarmour.ugc.bazaarvoice.com
2014-03-22 08:54:15,a248.e.akamai.net
2014-03-22 08:54:16,a248.e.akamai.net
2014-03-22 08:54:17,a248.e.akamai.net
2014-03-22 08:54:18,a248.e.akamai.net
2014-03-22 08:54:22,a248.e.akamai.net
2014-03-22 08:54:41,www.google.fr
2014-03-22 08:54:52,www.google.fr
2014-03-22 08:54:53,www.eastbay.com
2014-03-22 08:54:54,www.eastbay.com
2014-03-22 08:54:54,www.google.fr
2014-03-22 08:54:55,www.paypal.com
2014-03-22 08:54:55,www.eastbay.com
2014-03-22 08:54:55,images.scanalert.com
2014-03-22 08:54:55,seal-wisconsin.bbb.org
2014-03-22 08:54:55,rpt.eastbay.com
2014-03-22 08:54:56,rpt.eastbay.com
2014-03-22 08:54:56,www.paypal.com
2014-03-22 08:54:56,www.eastbay.com
2014-03-22 08:54:57,www.eastbay.com
2014-03-22 08:54:57,reviews.eastbay.com
2014-03-22 08:54:57,rpt.eastbay.com
2014-03-22 08:54:57,seal.stellaservice.com
2014-03-22 08:54:57,dnn506yrbagrg.cloudfront.net
2014-03-22 08:54:57,login.dotomi.com
2014-03-22 08:54:57,www.paypal.com
2014-03-22 08:54:57,www.youtube.com
2014-03-22 08:54:57,www.google.com
2014-03-22 08:54:58,reviews.eastbay.com
2014-03-22 08:54:58,www.google.fr
2014-03-22 08:54:58,dtmc.eastbay.com
2014-03-22 08:54:58,www.eastbay.com
2014-03-22 08:55:00,imagen01.247realmedia.com
2014-03-22 08:55:01,i1.ytimg.com
2014-03-22 08:55:01,brightroll-match.dotomi.com
2014-03-22 08:55:01,dclk-match.dotomi.com
2014-03-22 08:55:01,rmx-match.dotomi.com
2014-03-22 08:55:01,b12.myspace.com
2014-03-22 08:55:02,www.eastbay.com
2014-03-22 08:55:03,b12.myspace.com
2014-03-22 08:55:03,www.eastbay.com
2014-03-22 08:55:04,www.eastbay.com
2014-03-22 08:55:04,images.eastbay.com
2014-03-22 08:55:05,www.eastbay.com
2014-03-22 08:55:05,rpt.eastbay.com
2014-03-22 08:55:06,rpt.eastbay.com
2014-03-22 08:55:06,images.eastbay.com
2014-03-22 08:55:06,reviews.eastbay.com
2014-03-22 08:55:06,www.eastbay.com
2014-03-22 08:55:06,login.dotomi.com
2014-03-22 08:55:07,www.eastbay.com
2014-03-22 08:55:07,dnn506yrbagrg.cloudfront.net
2014-03-22 08:55:21,www.eastbay.com
2014-03-22 08:55:21,images.eastbay.com
2014-03-22 08:55:22,rpt.eastbay.com
2014-03-22 08:55:22,www.eastbay.com
2014-03-22 08:55:23,www.eastbay.com
2014-03-22 08:55:24,images.eastbay.com
2014-03-22 08:55:24,www.eastbay.com
2014-03-22 08:55:24,eastbay.com
2014-03-22 08:55:24,reviews.eastbay.com
2014-03-22 08:55:25,www.eastbay.com
2014-03-22 08:55:25,images.eastbay.com
2014-03-22 08:55:25,reviews.eastbay.com
2014-03-22 08:55:26,www.eastbay.com
2014-03-22 08:55:26,images.eastbay.com
2014-03-22 08:55:26,rpt.eastbay.com
2014-03-22 08:55:27,login.dotomi.com
2014-03-22 08:55:28,www.eastbay.com
2014-03-22 08:55:58,images.eastbay.com
2014-03-22 08:55:58,assets.pinterest.com
2014-03-22 08:55:58,www.eastbay.com
2014-03-22 08:55:58,eastbay.ugc.bazaarvoice.com
2014-03-22 08:55:58,rpt.eastbay.com
2014-03-22 08:55:59,s-static.ak.facebook.com
2014-03-22 08:55:59,static.ak.facebook.com
2014-03-22 08:55:59,www.eastbay.com
2014-03-22 08:55:59,eastbay.ugc.bazaarvoice.com
2014-03-22 08:56:00,accounts.google.com
2014-03-22 08:56:00,assets.pinterest.com
2014-03-22 08:56:00,www.eastbay.com
2014-03-22 08:56:00,login.dotomi.com
2014-03-22 08:56:00,rpt.eastbay.com
2014-03-22 08:56:00,eastbay.ugc.bazaarvoice.com
2014-03-22 08:56:00,www.facebook.com
2014-03-22 08:56:01,images.eastbay.com
2014-03-22 08:56:01,www.eastbay.com
2014-03-22 08:56:01,passets.pinterest.com
2014-03-22 08:56:01,apis.google.com
2014-03-22 08:56:01,widgets.pinterest.com
2014-03-22 08:56:02,apis.google.com
2014-03-22 08:56:02,accounts.google.com
2014-03-22 08:56:02,twitter.com
2014-03-22 08:56:02,www.eastbay.com
2014-03-22 08:56:02,eastbay.ugc.bazaarvoice.com
2014-03-22 08:56:02,images.eastbay.com
2014-03-22 08:56:02,rpt.eastbay.com
2014-03-22 08:56:03,images.eastbay.com
2014-03-22 08:56:04,images.eastbay.com
2014-03-22 08:56:05,images.eastbay.com
2014-03-22 08:56:12,images.eastbay.com
2014-03-22 08:56:33,twitter.com
2014-03-22 09:19:03,www.google.fr
2014-03-22 09:19:17,www.google.fr
2014-03-22 09:19:18,www.google.fr
2014-03-22 09:19:18,www.slideshare.net
2014-03-22 09:19:19,cdn01.smartling.com
2014-03-22 09:19:19,www.linkedin.com
2014-03-22 09:19:19,www.slideshare.net
2014-03-22 09:19:22,www.linkedin.com
2014-03-22 09:19:23,s3.amazonaws.com
2014-03-22 09:19:24,s3.amazonaws.com
2014-03-22 09:19:24,www.slideshare.net
2014-03-22 09:19:26,connect.facebook.net
2014-03-22 09:19:26,static.ak.facebook.com
2014-03-22 09:19:26,www.linkedin.com
2014-03-22 09:19:26,platform.linkedin.com
2014-03-22 09:19:26,apis.google.com
2014-03-22 09:19:26,platform.twitter.com
2014-03-22 09:19:27,apis.google.com
2014-03-22 09:19:27,www.facebook.com
2014-03-22 09:19:27,s-static.ak.facebook.com
2014-03-22 09:19:28,accounts.google.com
2014-03-22 09:19:29,platform.linkedin.com
2014-03-22 09:19:29,twitter.com
2014-03-22 09:19:29,www.linkedin.com
2014-03-22 09:20:00,www.linkedin.com
2014-03-22 09:24:34,www.linkedin.com
2014-03-22 09:28:08,www.linkedin.com
2014-03-22 09:28:09,www.linkedin.com
2014-03-22 09:28:41,www.linkedin.com
2014-03-22 09:28:51,www.linkedin.com
2014-03-22 09:28:57,www.linkedin.com
2014-03-22 09:28:58,www.google.com
2014-03-22 09:29:30,www.linkedin.com
2014-03-22 09:29:37,www.linkedin.com
2014-03-22 09:29:41,www.google.fr
2014-03-22 09:29:43,www.slideshare.net
2014-03-22 09:29:46,s.gravatar.com
2014-03-22 09:29:46,s0.wp.com
2014-03-22 09:29:46,www.google.fr
2014-03-22 09:29:47,widgets.wp.com
2014-03-22 09:29:47,1.gravatar.com
2014-03-22 09:29:47,www.gravatar.com
2014-03-22 09:29:47,www.facebook.com
2014-03-22 09:29:47,platform.twitter.com
2014-03-22 09:29:49,s0.wp.com
2014-03-22 09:29:49,s.gravatar.com
2014-03-22 09:29:50,widgets.wp.com
2014-03-22 09:29:50,s0.wp.com
2014-03-22 09:29:51,www.authorstream.com
2014-03-22 09:29:52,twitter.com
2014-03-22 09:29:52,s0.wp.com
2014-03-22 09:29:52,c.asstatic.com
2014-03-22 09:29:52,stats.authorstream.com
2014-03-22 09:29:52,authorstream.s3.amazonaws.com
2014-03-22 09:29:52,widgets.wp.com
2014-03-22 09:29:53,authorstream.s3.amazonaws.com
2014-03-22 09:29:53,s0.wp.com
2014-03-22 09:31:07,public-api.wordpress.com
2014-03-22 09:31:07,stats.authorstream.com
2014-03-22 09:31:07,www.authorstream.com
2014-03-22 09:31:07,s0.wp.com
2014-03-22 09:31:08,c.asstatic.com
2014-03-22 09:31:08,authorstream.s3.amazonaws.com
2014-03-22 09:31:09,c.asstatic.com
2014-03-22 09:31:09,stats.authorstream.com
2014-03-22 09:31:10,c.asstatic.com
2014-03-22 09:31:11,c.asstatic.com
2014-03-22 09:31:12,c.asstatic.com
2014-03-22 09:31:14,stats.authorstream.com
2014-03-22 09:31:53,stats.authorstream.com
2014-03-22 09:32:17,stats.authorstream.com
2014-03-22 09:32:25,stats.authorstream.com
2014-03-22 09:32:40,stats.authorstream.com
2014-03-22 09:32:57,stats.authorstream.com
2014-03-22 09:33:03,stats.authorstream.com
2014-03-22 09:33:19,stats.authorstream.com
2014-03-22 09:33:29,stats.authorstream.com
2014-03-22 09:33:30,stats.authorstream.com
2014-03-22 09:33:33,stats.authorstream.com
2014-03-22 09:33:47,stats.authorstream.com
2014-03-22 09:33:57,stats.authorstream.com
2014-03-22 09:34:16,stats.authorstream.com
2014-03-22 09:34:38,stats.authorstream.com
2014-03-22 09:34:38,www.authorstream.com
