timestamp,site
2013-11-21 13:08:24,gtssl-ocsp.geotrust.com
2013-11-21 13:08:26,gtssl-ocsp.geotrust.com
2013-11-21 13:08:32,geo.mozilla.org
2013-11-21 13:09:16,gtglobal-ocsp.geotrust.com
2013-11-21 13:09:16,safebrowsing.clients.google.com
2013-11-21 13:09:16,safebrowsing-cache.google.com
2013-11-21 13:09:16,clients1.google.com
2013-11-21 13:09:22,clients1.google.com
2013-11-21 13:09:26,www.google.fr
2013-11-21 13:09:27,www.ncbi.nlm.nih.gov
2013-11-21 13:09:27,static.pubmed.gov
2013-11-21 13:09:28,www.ncbi.nlm.nih.gov
2013-11-21 13:09:28,static.pubmed.gov
2013-11-21 13:12:11,sb-ssl.google.com
2013-11-21 13:12:20,apis.google.com
2013-11-21 13:12:21,www.google.com
2013-11-21 13:12:21,www.google.fr
2013-11-21 13:13:23,static.pubmed.gov
2013-11-21 13:13:23,www.ncbi.nlm.nih.gov
2013-11-21 13:13:24,www.ncbi.nlm.nih.gov
2013-11-21 13:13:25,www.ncbi.nlm.nih.gov
2013-11-21 13:13:28,www.ncbi.nlm.nih.gov
2013-11-21 13:13:37,ocsp.thawte.com
2013-11-21 13:14:06,www.ncbi.nlm.nih.gov
2013-11-21 13:14:07,static.pubmed.gov
2013-11-21 13:14:07,www.ncbi.nlm.nih.gov
2013-11-21 13:14:08,static.pubmed.gov
2013-11-21 13:14:08,www.ncbi.nlm.nih.gov
2013-11-21 13:14:09,static.pubmed.gov
2013-11-21 13:14:52,www.ncbi.nlm.nih.gov
2013-11-21 13:15:05,www.ncbi.nlm.nih.gov
2013-11-21 13:15:06,www.ncbi.nlm.nih.gov
2013-11-21 13:15:07,www.ncbi.nlm.nih.gov
2013-11-21 13:15:07,static.pubmed.gov
2013-11-21 13:15:08,static.pubmed.gov
2013-11-21 13:15:08,www.ncbi.nlm.nih.gov
2013-11-21 13:15:09,www.ncbi.nlm.nih.gov
2013-11-21 13:15:26,www.ncbi.nlm.nih.gov
2013-11-21 13:15:27,www.ncbi.nlm.nih.gov
2013-11-21 13:15:28,www.ncbi.nlm.nih.gov
2013-11-21 13:15:29,www.ncbi.nlm.nih.gov
2013-11-21 13:15:37,ocsp.verisign.com
2013-11-21 13:15:37,ocsp.thawte.com
2013-11-21 13:15:40,ocsp.verisign.com
2013-11-21 13:16:35,google.fr
2013-11-21 13:16:35,www.google.fr
2013-11-21 13:16:50,www.ncbi.nlm.nih.gov
2013-11-21 13:16:50,static.pubmed.gov
2013-11-21 13:16:51,www.ncbi.nlm.nih.gov
2013-11-21 13:16:59,static.pubmed.gov
2013-11-21 13:16:59,www.ncbi.nlm.nih.gov
2013-11-21 13:17:00,static.pubmed.gov
2013-11-21 13:17:01,www.ncbi.nlm.nih.gov
2013-11-21 13:17:08,www.ncbi.nlm.nih.gov
2013-11-21 13:17:09,www.ncbi.nlm.nih.gov
2013-11-21 13:17:14,static.pubmed.gov
2013-11-21 13:17:14,www.ncbi.nlm.nih.gov
2013-11-21 13:17:15,static.pubmed.gov
2013-11-21 13:17:15,www.ncbi.nlm.nih.gov
2013-11-21 13:17:16,www.ncbi.nlm.nih.gov
2013-11-21 13:17:27,www.ncbi.nlm.nih.gov
2013-11-21 13:17:36,ocsp.digicert.com
2013-11-21 13:17:37,ocsp.digicert.com
2013-11-21 13:17:48,static.pubmed.gov
2013-11-21 13:17:48,www.ncbi.nlm.nih.gov
2013-11-21 13:17:49,static.pubmed.gov
2013-11-21 13:17:49,www.ncbi.nlm.nih.gov
2013-11-21 13:17:50,www.ncbi.nlm.nih.gov
2013-11-21 13:17:56,www.ncbi.nlm.nih.gov
2013-11-21 13:17:57,www.ncbi.nlm.nih.gov
2013-11-21 13:17:58,www.ncbi.nlm.nih.gov
2013-11-21 13:18:06,www.ncbi.nlm.nih.gov
2013-11-21 13:18:07,www.ncbi.nlm.nih.gov
2013-11-21 13:18:08,www.ncbi.nlm.nih.gov
2013-11-21 13:18:15,www.ncbi.nlm.nih.gov
2013-11-21 13:18:16,www.ncbi.nlm.nih.gov
2013-11-21 13:18:41,www.ncbi.nlm.nih.gov
2013-11-21 13:18:42,www.ncbi.nlm.nih.gov
2013-11-21 13:19:06,www.ncbi.nlm.nih.gov
2013-11-21 13:19:16,www.ncbi.nlm.nih.gov
2013-11-21 13:19:17,www.ncbi.nlm.nih.gov
2013-11-21 13:19:18,www.ncbi.nlm.nih.gov
2013-11-21 13:19:33,www.google.fr
2013-11-21 13:19:53,www.ncbi.nlm.nih.gov
2013-11-21 13:19:54,www.ncbi.nlm.nih.gov
2013-11-21 13:19:55,www.ncbi.nlm.nih.gov
2013-11-21 13:20:17,www.ncbi.nlm.nih.gov
2013-11-21 13:20:19,www.ncbi.nlm.nih.gov
2013-11-21 13:20:22,www.ncbi.nlm.nih.gov
2013-11-21 13:20:27,www.ncbi.nlm.nih.gov
2013-11-21 13:20:28,www.ncbi.nlm.nih.gov
2013-11-21 13:20:29,www.ncbi.nlm.nih.gov
2013-11-21 13:20:43,www.ncbi.nlm.nih.gov
2013-11-21 13:20:44,www.ncbi.nlm.nih.gov
2013-11-21 13:20:45,www.ncbi.nlm.nih.gov
2013-11-21 13:20:46,www.ncbi.nlm.nih.gov
2013-11-21 13:20:49,www.ncbi.nlm.nih.gov
2013-11-21 13:20:50,www.ncbi.nlm.nih.gov
2013-11-21 13:20:51,www.ncbi.nlm.nih.gov
2013-11-21 13:20:52,www.ncbi.nlm.nih.gov
2013-11-21 13:21:04,www.ncbi.nlm.nih.gov
2013-11-21 13:21:05,www.ncbi.nlm.nih.gov
2013-11-21 13:21:06,www.ncbi.nlm.nih.gov
2013-11-21 13:21:18,www.ncbi.nlm.nih.gov
2013-11-21 13:21:19,www.ncbi.nlm.nih.gov
2013-11-21 13:21:20,www.ncbi.nlm.nih.gov
2013-11-21 13:22:03,www.ncbi.nlm.nih.gov
2013-11-21 13:22:19,www.ncbi.nlm.nih.gov
2013-11-21 13:22:25,www.ncbi.nlm.nih.gov
2013-11-21 13:22:27,www.ncbi.nlm.nih.gov
2013-11-21 13:22:32,www.ncbi.nlm.nih.gov
2013-11-21 13:22:33,www.ncbi.nlm.nih.gov
2013-11-21 13:22:34,www.ncbi.nlm.nih.gov
2013-11-21 13:24:41,www.ncbi.nlm.nih.gov
2013-11-21 13:24:42,www.ncbi.nlm.nih.gov
2013-11-21 13:24:43,www.ncbi.nlm.nih.gov
2013-11-21 13:24:44,www.ncbi.nlm.nih.gov
2013-11-21 13:24:53,www.ncbi.nlm.nih.gov
2013-11-21 13:24:54,www.ncbi.nlm.nih.gov
2013-11-21 13:27:15,www.ncbi.nlm.nih.gov
2013-11-21 13:27:23,www.ncbi.nlm.nih.gov
2013-11-21 13:27:35,www.ncbi.nlm.nih.gov
2013-11-21 13:28:19,www.google.fr
2013-11-21 13:28:19,toolkit.tuebingen.mpg.de
2013-11-21 13:28:20,toolkit.tuebingen.mpg.de
2013-11-21 13:29:28,toolkit.tuebingen.mpg.de
2013-11-21 13:29:29,toolkit.tuebingen.mpg.de
2013-11-21 13:29:30,toolkit.tuebingen.mpg.de
2013-11-21 13:29:31,toolkit.tuebingen.mpg.de
2013-11-21 13:29:33,toolkit.tuebingen.mpg.de
2013-11-21 13:29:38,toolkit.tuebingen.mpg.de
2013-11-21 13:29:39,toolkit.tuebingen.mpg.de
2013-11-21 13:29:44,www.google.fr
2013-11-21 13:30:22,toolkit.tuebingen.mpg.de
2013-11-21 13:30:35,toolkit.tuebingen.mpg.de
2013-11-21 13:30:36,toolkit.tuebingen.mpg.de
2013-11-21 13:31:10,toolkit.tuebingen.mpg.de
2013-11-21 13:34:14,www.arb-silva.de
2013-11-21 13:34:14,www.google.fr
2013-11-21 13:34:15,www.arb-silva.de
2013-11-21 13:35:07,www.arb-silva.de
2013-11-21 13:35:08,www.arb-silva.de
2013-11-21 13:35:10,www.arb-silva.de
2013-11-21 13:35:11,www.arb-silva.de
2013-11-21 13:35:15,www.arb-silva.de
2013-11-21 13:35:21,www.arb-silva.de
2013-11-21 13:35:27,www.arb-silva.de
2013-11-21 13:35:33,www.arb-silva.de
2013-11-21 13:35:39,www.arb-silva.de
2013-11-21 13:35:45,www.arb-silva.de
2013-11-21 13:35:51,www.arb-silva.de
2013-11-21 13:35:57,www.arb-silva.de
2013-11-21 13:35:58,www.arb-silva.de
2013-11-21 13:36:00,www.arb-silva.de
2013-11-21 13:36:04,www.arb-silva.de
2013-11-21 13:36:05,www.arb-silva.de
2013-11-21 13:36:10,www.arb-silva.de
2013-11-21 13:36:16,www.arb-silva.de
2013-11-21 13:36:22,www.arb-silva.de
2013-11-21 13:36:28,www.arb-silva.de
2013-11-21 13:36:34,www.arb-silva.de
2013-11-21 13:36:40,www.arb-silva.de
2013-11-21 13:36:46,www.arb-silva.de
2013-11-21 13:36:52,www.arb-silva.de
2013-11-21 13:36:58,www.arb-silva.de
2013-11-21 13:37:04,www.arb-silva.de
2013-11-21 13:37:08,www.google.com
2013-11-21 13:37:10,www.google.fr
2013-11-21 13:37:10,www.arb-silva.de
2013-11-21 13:37:16,www.arb-silva.de
2013-11-21 13:37:22,www.arb-silva.de
2013-11-21 13:37:23,www.arb-silva.de
2013-11-21 13:37:24,www.arb-silva.de
2013-11-21 13:37:28,www.arb-silva.de
2013-11-21 13:37:34,www.arb-silva.de
2013-11-21 13:37:40,www.arb-silva.de
2013-11-21 13:37:46,www.arb-silva.de
2013-11-21 13:37:52,www.arb-silva.de
2013-11-21 13:37:58,www.arb-silva.de
2013-11-21 13:38:05,www.arb-silva.de
2013-11-21 13:38:10,www.arb-silva.de
2013-11-21 13:38:16,www.arb-silva.de
2013-11-21 13:38:22,www.arb-silva.de
2013-11-21 13:38:28,www.arb-silva.de
2013-11-21 13:38:29,www.arb-silva.de
2013-11-21 13:38:36,www.arb-silva.de
2013-11-21 13:38:40,www.arb-silva.de
2013-11-21 13:38:46,www.arb-silva.de
2013-11-21 13:38:53,www.arb-silva.de
2013-11-21 13:38:58,www.arb-silva.de
2013-11-21 13:39:04,www.arb-silva.de
2013-11-21 13:39:11,www.arb-silva.de
2013-11-21 13:39:17,www.arb-silva.de
2013-11-21 13:39:23,www.arb-silva.de
2013-11-21 13:39:24,safebrowsing-cache.google.com
2013-11-21 13:39:24,safebrowsing.clients.google.com
2013-11-21 13:39:29,www.arb-silva.de
2013-11-21 13:39:35,www.arb-silva.de
2013-11-21 13:39:41,www.arb-silva.de
2013-11-21 13:39:48,www.arb-silva.de
2013-11-21 13:39:53,www.arb-silva.de
2013-11-21 13:39:59,www.arb-silva.de
2013-11-21 13:40:05,www.arb-silva.de
2013-11-21 13:40:11,www.arb-silva.de
2013-11-21 13:40:18,www.arb-silva.de
2013-11-21 13:40:23,www.arb-silva.de
2013-11-21 13:40:30,www.arb-silva.de
2013-11-21 13:40:35,www.arb-silva.de
2013-11-21 13:40:41,www.arb-silva.de
2013-11-21 13:40:47,www.arb-silva.de
2013-11-21 13:40:53,www.arb-silva.de
2013-11-21 13:40:59,www.arb-silva.de
2013-11-21 13:41:05,www.arb-silva.de
2013-11-21 13:41:11,www.arb-silva.de
2013-11-21 13:41:17,www.arb-silva.de
2013-11-21 13:41:23,www.arb-silva.de
2013-11-21 13:41:29,www.arb-silva.de
2013-11-21 13:41:35,www.arb-silva.de
2013-11-21 13:41:42,www.arb-silva.de
2013-11-21 13:41:47,www.arb-silva.de
2013-11-21 13:41:53,www.arb-silva.de
2013-11-21 13:41:59,www.arb-silva.de
2013-11-21 13:42:05,www.arb-silva.de
2013-11-21 13:42:11,www.arb-silva.de
2013-11-21 13:42:17,www.arb-silva.de
2013-11-21 13:42:23,www.arb-silva.de
2013-11-21 13:42:29,www.arb-silva.de
2013-11-21 13:42:35,www.arb-silva.de
2013-11-21 13:42:41,www.arb-silva.de
2013-11-21 13:42:47,www.arb-silva.de
2013-11-21 13:42:54,www.arb-silva.de
2013-11-21 13:42:59,www.arb-silva.de
2013-11-21 13:43:05,www.arb-silva.de
2013-11-21 13:43:11,www.arb-silva.de
2013-11-21 13:43:17,www.arb-silva.de
2013-11-21 13:43:23,www.arb-silva.de
2013-11-21 13:43:30,www.arb-silva.de
2013-11-21 13:43:36,www.arb-silva.de
2013-11-21 13:43:41,www.arb-silva.de
2013-11-21 13:43:48,www.arb-silva.de
2013-11-21 13:43:54,www.arb-silva.de
2013-11-21 13:44:00,www.arb-silva.de
2013-11-21 13:44:06,www.arb-silva.de
2013-11-21 13:44:11,www.arb-silva.de
2013-11-21 13:44:17,www.arb-silva.de
2013-11-21 13:44:23,www.arb-silva.de
2013-11-21 13:44:30,www.arb-silva.de
2013-11-21 13:44:35,www.arb-silva.de
2013-11-21 13:44:41,www.arb-silva.de
2013-11-21 13:44:47,www.arb-silva.de
2013-11-21 13:44:53,www.arb-silva.de
2013-11-21 13:44:59,www.arb-silva.de
2013-11-21 13:45:05,www.arb-silva.de
2013-11-21 13:45:11,www.arb-silva.de
2013-11-21 13:45:18,www.arb-silva.de
2013-11-21 13:45:24,www.arb-silva.de
2013-11-21 13:45:30,www.arb-silva.de
2013-11-21 13:45:36,www.arb-silva.de
2013-11-21 13:45:42,www.arb-silva.de
2013-11-21 13:45:48,www.arb-silva.de
2013-11-21 13:45:54,www.arb-silva.de
2013-11-21 13:46:00,www.arb-silva.de
2013-11-21 13:46:06,www.arb-silva.de
2013-11-21 13:46:12,www.arb-silva.de
2013-11-21 13:46:18,www.arb-silva.de
2013-11-21 13:46:24,www.arb-silva.de
2013-11-21 13:46:30,www.arb-silva.de
2013-11-21 13:46:36,www.arb-silva.de
2013-11-21 13:46:42,www.arb-silva.de
2013-11-21 13:46:48,www.arb-silva.de
2013-11-21 13:46:54,www.arb-silva.de
2013-11-21 13:47:00,www.arb-silva.de
2013-11-21 13:47:06,www.arb-silva.de
2013-11-21 13:47:12,www.arb-silva.de
2013-11-21 13:47:18,www.arb-silva.de
2013-11-21 13:47:24,www.arb-silva.de
2013-11-21 13:47:30,www.arb-silva.de
2013-11-21 13:47:36,www.arb-silva.de
2013-11-21 13:47:42,www.arb-silva.de
2013-11-21 13:47:48,www.arb-silva.de
2013-11-21 13:47:55,www.arb-silva.de
2013-11-21 13:48:00,www.arb-silva.de
2013-11-21 13:48:06,www.arb-silva.de
2013-11-21 13:48:12,www.arb-silva.de
2013-11-21 13:48:18,www.arb-silva.de
2013-11-21 13:48:24,www.arb-silva.de
2013-11-21 13:48:30,www.arb-silva.de
2013-11-21 13:48:36,www.arb-silva.de
2013-11-21 13:48:42,www.arb-silva.de
2013-11-21 13:48:48,www.arb-silva.de
2013-11-21 13:48:54,www.arb-silva.de
2013-11-21 13:49:00,www.arb-silva.de
2013-11-21 13:49:06,www.arb-silva.de
2013-11-21 13:49:12,www.arb-silva.de
2013-11-21 13:49:18,www.arb-silva.de
2013-11-21 13:49:24,www.arb-silva.de
2013-11-21 13:49:30,www.arb-silva.de
2013-11-21 13:49:36,www.arb-silva.de
2013-11-21 13:49:42,www.arb-silva.de
2013-11-21 13:49:48,www.arb-silva.de
2013-11-21 13:49:54,www.arb-silva.de
2013-11-21 13:50:00,www.arb-silva.de
2013-11-21 13:50:06,www.arb-silva.de
2013-11-21 13:50:12,www.arb-silva.de
2013-11-21 13:50:18,www.arb-silva.de
2013-11-21 13:50:24,www.arb-silva.de
2013-11-21 13:50:30,www.arb-silva.de
2013-11-21 13:50:36,www.arb-silva.de
2013-11-21 13:50:42,www.arb-silva.de
2013-11-21 13:50:48,www.arb-silva.de
2013-11-21 13:50:54,www.arb-silva.de
2013-11-21 13:51:00,www.arb-silva.de
2013-11-21 13:51:06,www.arb-silva.de
2013-11-21 13:51:12,www.arb-silva.de
2013-11-21 13:51:19,www.arb-silva.de
2013-11-21 13:51:20,www.google.fr
2013-11-21 13:51:21,www.google.fr
2013-11-21 13:51:22,ocsp.usertrust.com
2013-11-21 13:51:22,ocsp.tcs.terena.org
2013-11-21 13:51:22,clients1.google.com
2013-11-21 13:51:23,clients1.google.com
2013-11-21 13:51:24,www.arb-silva.de
2013-11-21 13:51:30,www.arb-silva.de
2013-11-21 13:51:36,www.arb-silva.de
2013-11-21 13:51:42,www.arb-silva.de
2013-11-21 13:51:48,www.arb-silva.de
2013-11-21 13:51:54,www.arb-silva.de
2013-11-21 13:52:01,www.arb-silva.de
2013-11-21 13:52:06,www.arb-silva.de
2013-11-21 13:52:12,www.arb-silva.de
2013-11-21 13:52:19,www.arb-silva.de
2013-11-21 13:52:25,www.arb-silva.de
2013-11-21 13:52:31,www.arb-silva.de
2013-11-21 13:52:37,www.arb-silva.de
2013-11-21 13:52:43,www.arb-silva.de
2013-11-21 13:52:49,www.arb-silva.de
2013-11-21 13:52:55,www.arb-silva.de
2013-11-21 13:53:01,www.arb-silva.de
2013-11-21 13:53:07,www.arb-silva.de
2013-11-21 13:53:13,www.arb-silva.de
2013-11-21 13:53:19,www.arb-silva.de
2013-11-21 13:53:25,www.arb-silva.de
2013-11-21 13:53:31,www.arb-silva.de
2013-11-21 13:53:37,www.arb-silva.de
2013-11-21 13:53:43,www.arb-silva.de
2013-11-21 13:53:49,www.arb-silva.de
2013-11-21 13:53:55,www.arb-silva.de
2013-11-21 13:54:01,www.arb-silva.de
2013-11-21 13:54:08,www.arb-silva.de
2013-11-21 13:54:13,www.arb-silva.de
2013-11-21 13:54:13,www.google.com
2013-11-21 13:54:15,www.google.fr
2013-11-21 13:54:20,www.arb-silva.de
2013-11-21 13:54:26,www.arb-silva.de
2013-11-21 13:54:32,www.arb-silva.de
2013-11-21 13:54:38,www.arb-silva.de
2013-11-21 13:54:44,www.arb-silva.de
2013-11-21 13:54:50,www.arb-silva.de
2013-11-21 13:54:56,www.arb-silva.de
2013-11-21 13:55:02,www.arb-silva.de
2013-11-21 13:55:08,www.arb-silva.de
2013-11-21 13:55:14,www.arb-silva.de
2013-11-21 13:55:20,www.arb-silva.de
2013-11-21 13:55:26,www.arb-silva.de
2013-11-21 13:55:32,www.arb-silva.de
2013-11-21 13:55:38,www.arb-silva.de
2013-11-21 13:55:44,www.arb-silva.de
2013-11-21 13:55:51,www.arb-silva.de
2013-11-21 13:55:56,www.arb-silva.de
2013-11-21 13:56:02,www.arb-silva.de
2013-11-21 13:56:08,www.arb-silva.de
2013-11-21 13:56:14,www.arb-silva.de
2013-11-21 13:56:21,www.arb-silva.de
2013-11-21 13:56:33,www.arb-silva.de
2013-11-21 13:56:37,www.arb-silva.de
2013-11-21 13:56:59,www.arb-silva.de
2013-11-21 13:57:00,www.arb-silva.de
2013-11-21 13:57:04,www.arb-silva.de
2013-11-21 13:57:14,www.arb-silva.de
2013-11-21 13:57:16,www.arb-silva.de
2013-11-21 13:57:22,www.arb-silva.de
2013-11-21 13:57:28,www.arb-silva.de
2013-11-21 13:57:34,www.arb-silva.de
2013-11-21 13:57:40,www.arb-silva.de
2013-11-21 13:57:46,www.arb-silva.de
2013-11-21 13:57:52,www.arb-silva.de
2013-11-21 13:57:58,www.arb-silva.de
2013-11-21 13:58:04,www.arb-silva.de
2013-11-21 13:58:10,www.arb-silva.de
2013-11-21 13:58:16,www.arb-silva.de
2013-11-21 13:58:22,www.arb-silva.de
2013-11-21 13:58:28,www.arb-silva.de
2013-11-21 13:58:34,www.arb-silva.de
2013-11-21 13:58:40,www.arb-silva.de
2013-11-21 13:58:46,www.arb-silva.de
2013-11-21 13:58:52,www.arb-silva.de
2013-11-21 13:58:58,www.arb-silva.de
2013-11-21 13:59:04,www.arb-silva.de
2013-11-21 13:59:10,www.arb-silva.de
2013-11-21 13:59:16,www.arb-silva.de
2013-11-21 13:59:22,www.arb-silva.de
2013-11-21 13:59:28,www.arb-silva.de
2013-11-21 13:59:34,www.arb-silva.de
2013-11-21 13:59:40,www.arb-silva.de
2013-11-21 13:59:46,www.arb-silva.de
2013-11-21 13:59:52,www.arb-silva.de
2013-11-21 13:59:58,www.arb-silva.de
2013-11-21 14:00:04,www.arb-silva.de
2013-11-21 14:00:10,www.arb-silva.de
2013-11-21 14:00:16,www.arb-silva.de
2013-11-21 14:00:22,www.arb-silva.de
2013-11-21 14:00:28,www.arb-silva.de
2013-11-21 14:00:34,www.arb-silva.de
2013-11-21 14:00:40,www.arb-silva.de
2013-11-21 14:00:46,www.arb-silva.de
2013-11-21 14:00:52,www.arb-silva.de
2013-11-21 14:00:58,www.arb-silva.de
2013-11-21 14:01:04,www.arb-silva.de
2013-11-21 14:01:10,www.arb-silva.de
2013-11-21 14:01:16,www.arb-silva.de
2013-11-21 14:01:22,www.arb-silva.de
2013-11-21 14:01:28,www.arb-silva.de
2013-11-21 14:01:35,www.arb-silva.de
2013-11-21 14:01:40,www.arb-silva.de
2013-11-21 14:01:46,www.arb-silva.de
2013-11-21 14:01:52,www.arb-silva.de
2013-11-21 14:01:58,www.arb-silva.de
2013-11-21 14:02:04,www.arb-silva.de
2013-11-21 14:02:10,www.arb-silva.de
2013-11-21 14:02:16,www.arb-silva.de
2013-11-21 14:02:22,www.arb-silva.de
2013-11-21 14:02:28,www.arb-silva.de
2013-11-21 14:02:34,www.arb-silva.de
2013-11-21 14:02:40,www.arb-silva.de
2013-11-21 14:02:46,www.arb-silva.de
2013-11-21 14:02:53,www.arb-silva.de
2013-11-21 14:02:58,www.arb-silva.de
2013-11-21 14:03:04,www.arb-silva.de
2013-11-21 14:03:10,www.arb-silva.de
2013-11-21 14:03:17,www.arb-silva.de
2013-11-21 14:03:23,www.arb-silva.de
2013-11-21 14:03:29,www.arb-silva.de
2013-11-21 14:03:38,www.arb-silva.de
2013-11-21 14:03:41,www.arb-silva.de
2013-11-21 14:03:47,www.arb-silva.de
2013-11-21 14:03:53,www.arb-silva.de
2013-11-21 14:03:59,www.arb-silva.de
2013-11-21 14:04:05,www.arb-silva.de
2013-11-21 14:04:11,www.arb-silva.de
2013-11-21 14:04:17,www.arb-silva.de
2013-11-21 14:04:23,www.arb-silva.de
2013-11-21 14:04:29,www.arb-silva.de
2013-11-21 14:04:35,www.arb-silva.de
2013-11-21 14:04:41,www.arb-silva.de
2013-11-21 14:04:47,www.arb-silva.de
2013-11-21 14:04:53,www.arb-silva.de
2013-11-21 14:04:59,www.arb-silva.de
2013-11-21 14:05:05,www.arb-silva.de
2013-11-21 14:05:11,www.arb-silva.de
2013-11-21 14:05:17,www.arb-silva.de
2013-11-21 14:05:23,www.arb-silva.de
2013-11-21 14:05:29,www.arb-silva.de
2013-11-21 14:05:35,www.arb-silva.de
2013-11-21 14:05:41,www.arb-silva.de
2013-11-21 14:05:47,www.arb-silva.de
2013-11-21 14:05:53,www.arb-silva.de
2013-11-21 14:05:59,www.arb-silva.de
2013-11-21 14:06:05,www.arb-silva.de
2013-11-21 14:06:11,www.arb-silva.de
2013-11-21 14:06:18,www.arb-silva.de
2013-11-21 14:06:23,www.arb-silva.de
2013-11-21 14:06:29,www.arb-silva.de
2013-11-21 14:06:36,www.arb-silva.de
2013-11-21 14:06:42,www.arb-silva.de
2013-11-21 14:06:47,www.arb-silva.de
2013-11-21 14:06:54,www.arb-silva.de
2013-11-21 14:06:59,www.arb-silva.de
2013-11-21 14:07:06,www.arb-silva.de
2013-11-21 14:07:11,www.arb-silva.de
2013-11-21 14:07:18,www.arb-silva.de
2013-11-21 14:07:23,www.arb-silva.de
2013-11-21 14:07:29,www.arb-silva.de
2013-11-21 14:07:35,www.arb-silva.de
2013-11-21 14:07:41,www.arb-silva.de
2013-11-21 14:07:47,www.arb-silva.de
2013-11-21 14:07:53,www.arb-silva.de
2013-11-21 14:08:00,www.arb-silva.de
2013-11-21 14:08:05,www.arb-silva.de
2013-11-21 14:08:11,www.arb-silva.de
2013-11-21 14:08:17,www.arb-silva.de
2013-11-21 14:08:23,www.arb-silva.de
2013-11-21 14:08:29,www.arb-silva.de
2013-11-21 14:08:35,www.arb-silva.de
2013-11-21 14:08:41,www.arb-silva.de
2013-11-21 14:08:48,www.arb-silva.de
2013-11-21 14:08:53,www.arb-silva.de
2013-11-21 14:09:00,www.arb-silva.de
2013-11-21 14:09:06,www.arb-silva.de
2013-11-21 14:09:11,www.arb-silva.de
2013-11-21 14:09:17,www.arb-silva.de
2013-11-21 14:09:23,www.arb-silva.de
2013-11-21 14:09:29,www.arb-silva.de
2013-11-21 14:09:35,www.arb-silva.de
2013-11-21 14:09:42,www.arb-silva.de
2013-11-21 14:09:47,www.arb-silva.de
2013-11-21 14:09:54,www.arb-silva.de
2013-11-21 14:10:00,www.arb-silva.de
2013-11-21 14:10:05,www.arb-silva.de
2013-11-21 14:10:12,www.arb-silva.de
2013-11-21 14:10:18,www.arb-silva.de
2013-11-21 14:10:24,www.arb-silva.de
2013-11-21 14:10:30,www.arb-silva.de
2013-11-21 14:10:36,www.arb-silva.de
2013-11-21 14:10:42,www.arb-silva.de
2013-11-21 14:10:48,www.arb-silva.de
2013-11-21 14:10:53,www.arb-silva.de
2013-11-21 14:11:00,www.arb-silva.de
2013-11-21 14:11:06,www.arb-silva.de
2013-11-21 14:11:11,www.arb-silva.de
2013-11-21 14:11:17,www.arb-silva.de
2013-11-21 14:11:20,safebrowsing.clients.google.com
2013-11-21 14:11:20,safebrowsing-cache.google.com
2013-11-21 14:11:23,www.arb-silva.de
2013-11-21 14:11:29,www.arb-silva.de
2013-11-21 14:11:35,www.arb-silva.de
2013-11-21 14:11:41,www.arb-silva.de
2013-11-21 14:11:47,www.arb-silva.de
2013-11-21 14:11:54,www.arb-silva.de
2013-11-21 14:12:00,www.arb-silva.de
2013-11-21 14:12:06,www.arb-silva.de
2013-11-21 14:12:12,www.arb-silva.de
2013-11-21 14:12:18,www.arb-silva.de
2013-11-21 14:12:23,www.arb-silva.de
2013-11-21 14:12:30,www.arb-silva.de
2013-11-21 14:12:36,www.arb-silva.de
2013-11-21 14:12:42,www.arb-silva.de
2013-11-21 14:12:48,www.arb-silva.de
2013-11-21 14:12:53,www.arb-silva.de
2013-11-21 14:13:00,www.arb-silva.de
2013-11-21 14:13:06,www.arb-silva.de
2013-11-21 14:13:12,www.arb-silva.de
2013-11-21 14:13:18,www.arb-silva.de
2013-11-21 14:13:24,www.arb-silva.de
2013-11-21 14:13:30,www.arb-silva.de
2013-11-21 14:13:36,www.arb-silva.de
2013-11-21 14:13:42,www.arb-silva.de
2013-11-21 14:13:48,www.arb-silva.de
2013-11-21 14:13:54,www.arb-silva.de
2013-11-21 14:14:00,www.arb-silva.de
2013-11-21 14:14:06,www.arb-silva.de
2013-11-21 14:14:12,www.arb-silva.de
2013-11-21 14:14:18,www.arb-silva.de
2013-11-21 14:14:24,www.arb-silva.de
2013-11-21 14:14:30,www.arb-silva.de
2013-11-21 14:14:36,www.arb-silva.de
2013-11-21 14:14:42,www.arb-silva.de
2013-11-21 14:14:48,www.arb-silva.de
2013-11-21 14:14:54,www.arb-silva.de
2013-11-21 14:15:00,www.arb-silva.de
2013-11-21 14:15:06,www.arb-silva.de
2013-11-21 14:15:12,www.arb-silva.de
2013-11-21 14:15:18,www.arb-silva.de
2013-11-21 14:15:24,www.arb-silva.de
2013-11-21 14:15:30,www.arb-silva.de
2013-11-21 14:15:36,www.arb-silva.de
2013-11-21 14:15:42,www.arb-silva.de
2013-11-21 14:15:49,www.arb-silva.de
2013-11-21 14:15:54,www.arb-silva.de
2013-11-21 14:16:00,www.arb-silva.de
2013-11-21 14:16:06,www.arb-silva.de
2013-11-21 14:16:12,www.arb-silva.de
2013-11-21 14:16:18,www.arb-silva.de
2013-11-21 14:16:24,www.arb-silva.de
2013-11-21 14:16:30,www.arb-silva.de
2013-11-21 14:16:36,www.arb-silva.de
2013-11-21 14:16:42,www.arb-silva.de
2013-11-21 14:16:48,www.arb-silva.de
2013-11-21 14:16:54,www.arb-silva.de
2013-11-21 14:17:00,www.arb-silva.de
2013-11-21 14:17:06,www.arb-silva.de
2013-11-21 14:17:12,www.arb-silva.de
2013-11-21 14:17:18,www.arb-silva.de
2013-11-21 14:17:24,www.arb-silva.de
2013-11-21 14:17:30,www.arb-silva.de
2013-11-21 14:17:36,www.arb-silva.de
2013-11-21 14:17:42,www.arb-silva.de
2013-11-21 14:17:48,www.arb-silva.de
2013-11-21 14:17:54,www.arb-silva.de
2013-11-21 14:18:00,www.arb-silva.de
2013-11-21 14:18:06,www.arb-silva.de
2013-11-21 14:18:12,www.arb-silva.de
2013-11-21 14:18:18,www.arb-silva.de
2013-11-21 14:18:24,www.arb-silva.de
2013-11-21 14:18:30,www.arb-silva.de
2013-11-21 14:18:36,www.arb-silva.de
2013-11-21 14:18:42,www.arb-silva.de
2013-11-21 14:18:48,www.arb-silva.de
2013-11-21 14:18:54,www.arb-silva.de
2013-11-21 14:19:00,www.arb-silva.de
2013-11-21 14:19:06,www.arb-silva.de
2013-11-21 14:19:12,www.arb-silva.de
2013-11-21 14:19:19,www.arb-silva.de
2013-11-21 14:19:25,www.arb-silva.de
2013-11-21 14:19:30,www.arb-silva.de
2013-11-21 14:19:36,www.arb-silva.de
2013-11-21 14:19:42,www.arb-silva.de
2013-11-21 14:19:48,www.arb-silva.de
2013-11-21 14:19:54,www.arb-silva.de
2013-11-21 14:20:00,www.arb-silva.de
2013-11-21 14:20:06,www.arb-silva.de
2013-11-21 14:20:12,www.arb-silva.de
2013-11-21 14:20:18,www.arb-silva.de
2013-11-21 14:20:24,www.arb-silva.de
2013-11-21 14:20:30,www.arb-silva.de
2013-11-21 14:20:36,www.arb-silva.de
2013-11-21 14:20:42,www.arb-silva.de
2013-11-21 14:20:48,www.arb-silva.de
2013-11-21 14:20:55,www.arb-silva.de
2013-11-21 14:21:01,www.arb-silva.de
2013-11-21 14:21:07,www.arb-silva.de
2013-11-21 14:21:13,www.arb-silva.de
2013-11-21 14:21:19,www.arb-silva.de
2013-11-21 14:21:25,www.arb-silva.de
2013-11-21 14:21:31,www.arb-silva.de
2013-11-21 14:21:37,www.arb-silva.de
2013-11-21 14:21:43,www.arb-silva.de
2013-11-21 14:21:49,www.arb-silva.de
2013-11-21 14:21:55,www.arb-silva.de
2013-11-21 14:22:01,www.arb-silva.de
2013-11-21 14:22:07,www.arb-silva.de
2013-11-21 14:22:13,www.arb-silva.de
2013-11-21 14:22:19,www.arb-silva.de
2013-11-21 14:22:25,www.arb-silva.de
2013-11-21 14:22:31,www.arb-silva.de
2013-11-21 14:22:37,www.arb-silva.de
2013-11-21 14:22:43,www.arb-silva.de
2013-11-21 14:22:49,www.arb-silva.de
2013-11-21 14:22:55,www.arb-silva.de
2013-11-21 14:23:01,www.arb-silva.de
2013-11-21 14:23:07,www.arb-silva.de
2013-11-21 14:23:13,www.arb-silva.de
2013-11-21 14:23:19,www.arb-silva.de
2013-11-21 14:23:25,www.arb-silva.de
2013-11-21 14:23:31,www.arb-silva.de
2013-11-21 14:23:37,www.arb-silva.de
2013-11-21 14:23:43,www.arb-silva.de
2013-11-21 14:23:49,www.arb-silva.de
2013-11-21 14:23:55,www.arb-silva.de
2013-11-21 14:24:01,www.arb-silva.de
2013-11-21 14:24:07,www.arb-silva.de
2013-11-21 14:24:13,www.arb-silva.de
2013-11-21 14:24:19,www.arb-silva.de
2013-11-21 14:24:25,www.arb-silva.de
2013-11-21 14:24:31,www.arb-silva.de
2013-11-21 14:24:37,www.arb-silva.de
2013-11-21 14:24:43,www.arb-silva.de
2013-11-21 14:24:49,www.arb-silva.de
2013-11-21 14:24:55,www.arb-silva.de
2013-11-21 14:25:01,www.arb-silva.de
2013-11-21 14:25:07,www.arb-silva.de
2013-11-21 14:25:13,www.arb-silva.de
2013-11-21 14:25:19,www.arb-silva.de
2013-11-21 14:25:25,www.arb-silva.de
2013-11-21 14:25:31,www.arb-silva.de
2013-11-21 14:25:37,www.arb-silva.de
2013-11-21 14:25:43,www.arb-silva.de
2013-11-21 14:25:49,www.arb-silva.de
2013-11-21 14:25:55,www.arb-silva.de
2013-11-21 14:26:01,www.arb-silva.de
2013-11-21 14:26:07,www.arb-silva.de
2013-11-21 14:26:13,www.arb-silva.de
2013-11-21 14:26:20,www.arb-silva.de
2013-11-21 14:26:25,www.arb-silva.de
2013-11-21 14:26:31,www.arb-silva.de
2013-11-21 14:26:37,www.arb-silva.de
2013-11-21 14:26:43,www.arb-silva.de
2013-11-21 14:26:49,www.arb-silva.de
2013-11-21 14:26:55,www.arb-silva.de
2013-11-21 14:27:01,www.arb-silva.de
2013-11-21 14:27:07,www.arb-silva.de
2013-11-21 14:27:13,www.arb-silva.de
2013-11-21 14:27:19,www.arb-silva.de
2013-11-21 14:27:25,www.arb-silva.de
2013-11-21 14:27:31,www.arb-silva.de
2013-11-21 14:27:37,www.arb-silva.de
2013-11-21 14:27:43,www.arb-silva.de
2013-11-21 14:27:49,www.arb-silva.de
2013-11-21 14:27:55,www.arb-silva.de
2013-11-21 14:28:01,www.arb-silva.de
2013-11-21 14:28:07,www.arb-silva.de
2013-11-21 14:28:13,www.arb-silva.de
2013-11-21 14:28:19,www.arb-silva.de
2013-11-21 14:28:25,www.arb-silva.de
2013-11-21 14:28:31,www.arb-silva.de
2013-11-21 14:28:37,www.arb-silva.de
2013-11-21 14:28:44,www.arb-silva.de
2013-11-29 09:54:23,fpdownload2.macromedia.com
2013-11-29 09:54:44,www.google.fr
2013-11-29 09:54:45,apis.google.com
2013-11-29 09:54:47,www.google.com
2013-11-29 09:54:50,apis.google.com
2013-11-29 09:54:50,www.google.com
2013-11-29 09:54:50,www.google.fr
2013-11-29 09:54:51,www.google.fr
2014-03-25 11:54:46,go.microsoft.com
2014-03-25 11:54:46,windows.microsoft.com
2014-03-25 11:54:47,windows.microsoft.com
2014-03-25 11:54:47,res2.windows.microsoft.com
2014-03-25 11:54:47,res1.windows.microsoft.com
2014-03-25 11:54:49,js.microsoft.com
2014-03-25 11:54:49,ajax.microsoft.com
2014-03-25 11:54:49,res1.windows.microsoft.com
2014-03-25 11:54:49,res2.windows.microsoft.com
2014-03-25 11:54:50,windows.microsoft.com
2014-03-25 11:54:50,res1.windows.microsoft.com
2014-03-25 11:54:50,js.microsoft.com
2014-03-25 11:54:50,res2.windows.microsoft.com
2014-03-25 11:54:51,www.bing.com
2014-03-25 11:56:09,www.google.fr
2014-03-25 11:56:12,www.google.com
2014-03-25 11:56:26,www.google.fr
2014-03-25 11:56:26,www.google.com
2014-03-25 11:57:45,ieonline.microsoft.com
2014-03-25 11:57:45,go.microsoft.com
2014-03-25 12:07:11,www.bing.com
2014-03-25 12:07:12,www.bing.com
2014-03-25 12:07:13,www.bing.com
2014-03-25 12:07:13,cms.abmr.net
2014-03-25 12:07:15,www.bing.com
2014-03-25 12:07:22,login.live.com
2014-03-27 12:16:03,ieonline.microsoft.com
2014-03-27 12:19:17,www.bing.com
2014-03-27 12:19:18,www.bing.com
2014-03-27 12:19:19,www.google.fr
2014-03-27 12:19:19,cms.abmr.net
2014-03-27 12:19:19,www.bing.com
2014-03-27 12:19:21,www.google.fr
2014-03-27 12:19:24,www.google.fr
2014-03-27 12:19:28,www.bing.com
2014-03-27 12:19:29,login.live.com
2014-03-27 12:19:30,www.google.fr
2014-03-27 12:19:31,www.bing.com
2014-03-27 12:19:31,www.google.fr
2014-03-27 12:19:32,www.google.fr
2014-03-27 12:19:34,www.google.com
2014-03-27 12:19:34,www.google.fr
2014-03-27 12:19:35,apis.google.com
2014-03-27 12:19:44,www.google.com
2014-03-27 12:19:44,apis.google.com
2014-03-27 12:19:44,www.google.fr
2014-03-27 12:19:49,clients1.google.fr
2014-03-27 12:19:49,www.google.fr
2014-03-27 12:19:49,www.chine-informations.com
2014-03-27 12:19:50,static.addinto.com
2014-03-27 12:19:50,www.google.fr
2014-03-27 12:19:50,www.chine-informations.com
2014-03-27 12:19:50,ajax.googleapis.com
2014-03-27 12:19:50,connect.facebook.net
2014-03-27 12:19:50,static.ak.facebook.com
2014-03-27 12:19:51,apis.google.com
2014-03-27 12:19:51,s-static.ak.facebook.com
2014-03-27 12:19:51,www.facebook.com
2014-03-27 12:19:51,www.chine-informations.com
2014-03-27 12:19:51,static.addinto.com
2014-03-27 12:19:52,fpdownload2.macromedia.com
2014-03-27 12:19:52,apis.google.com
2014-03-27 12:19:52,www.google.com
2014-03-27 12:19:53,accounts.google.com
2014-03-27 12:19:56,accounts.google.com
2014-03-27 12:19:56,www.chine-informations.com
2014-03-27 12:20:16,www.google.com
2014-03-27 12:20:18,www.google.com
2014-03-27 12:20:56,clients1.google.fr
2014-03-27 12:20:56,www.google.fr
2014-03-27 12:21:03,www.google.fr
2014-03-27 12:21:07,www.google.fr
2014-03-27 12:21:14,www.google.fr
2014-03-27 12:21:47,www.google.fr
2014-03-27 12:21:55,www.google.fr
2014-03-27 12:22:13,www.google.fr
2014-03-27 12:22:20,www.google.fr
2014-03-27 12:22:27,www.google.fr
2014-03-27 12:22:27,perlbal.hi-pi.com
2014-03-27 12:22:28,49.img.v4.skyrock.net
2014-03-27 12:22:28,kaaz.eu
2014-03-27 12:22:28,perlbal.hi-pi.com
2014-03-27 12:22:28,www.chine-informations.com
2014-03-27 12:22:28,38.img.v4.skyrock.net
2014-03-27 12:22:28,www.google.fr
2014-03-27 12:22:28,a.imdoc.fr
2014-03-27 12:22:28,savoir.fr
2014-03-27 12:22:29,kaaz.eu
2014-03-27 12:22:29,comps.canstockphoto.com
2014-03-27 12:22:29,farm7.staticflickr.com
2014-03-27 12:22:29,ajax.googleapis.com
2014-03-27 12:22:29,4.bp.blogspot.com
2014-03-27 12:22:41,forms.aweber.com
2014-03-27 12:22:42,www.aweber.com
2014-03-27 12:22:42,forms.aweber.com
2014-03-27 12:22:48,images.voyageforum.com
2014-03-27 12:22:48,www.lecture.org
2014-03-27 12:22:48,4.bp.blogspot.com
2014-03-27 12:22:59,www.google.fr
2014-03-27 12:23:14,clients1.google.fr
2014-03-27 12:24:34,clients1.google.fr
2014-03-27 12:24:34,www.google.fr
2014-03-27 12:25:27,www.google.fr
2014-03-27 12:25:28,apis.google.com
2014-03-27 12:25:30,www.google.com
2014-03-27 12:25:51,apis.google.com
2014-03-27 12:25:51,www.google.com
2014-03-27 12:25:51,www.google.fr
2014-03-27 12:25:52,www.google.fr
2014-03-27 12:32:11,www.google.fr
2014-03-27 12:32:34,www.google.fr
2014-03-27 12:32:35,www.google.fr
2014-03-27 12:32:35,www.journals.elsevier.com
2014-03-27 12:32:35,res.journals.elsevier.com
2014-03-27 12:32:35,www.elsevier.com
2014-03-27 12:32:35,media.journals.elsevier.com
2014-03-27 12:32:36,www.elsevier.com
2014-03-27 12:34:49,www.google.fr
2014-03-27 12:35:10,fr-fr.facebook.com
2014-03-27 12:35:30,www.google.fr
2014-03-27 12:35:31,static9.viadeo-static.com
2014-03-27 12:35:31,join.viadeo.com
2014-03-27 12:35:31,static2.viadeo-static.com
2014-03-27 12:35:31,static0.viadeo-static.com
2014-03-27 12:35:31,fr.viadeo.com
2014-03-27 12:35:31,static3.viadeo-static.com
2014-03-27 12:35:31,static1.viadeo-static.com
2014-03-27 12:35:31,www.google.fr
2014-03-27 12:35:32,fr.viadeo.com
2014-03-27 12:35:32,d2xyl0vj6bxpfi.cloudfront.net
2014-03-27 12:35:40,d2xyl0vj6bxpfi.cloudfront.net
2014-03-27 12:35:41,join.viadeo.com
2014-03-27 12:35:42,join.viadeo.com
2014-03-27 12:35:48,static1.viadeo-static.com
2014-03-27 12:35:48,static2.viadeo-static.com
2014-03-27 12:35:48,d2xyl0vj6bxpfi.cloudfront.net
2014-03-27 12:35:48,join.viadeo.com
2014-03-27 12:35:48,fr.viadeo.com
2014-03-27 12:35:49,www.google.fr
2014-03-27 12:35:49,cdns.gigya.com
2014-03-27 12:36:24,www.google.fr
2014-03-27 12:36:45,www.google.fr
2014-03-27 12:36:46,www.rh.inserm.fr
2014-03-27 12:38:08,www.google.fr
2014-03-27 12:39:47,www.rh.inserm.fr
2014-03-27 12:40:16,www.rh.inserm.fr
2014-03-27 12:45:30,www.rh.inserm.fr
2014-03-27 12:46:45,www.rh.inserm.fr
2014-03-27 12:47:24,www.rh.inserm.fr
2014-03-27 12:48:03,www.rh.inserm.fr
2014-03-27 12:49:02,www.rh.inserm.fr
2014-03-27 12:58:18,www.google.fr
