timestamp,site
2014-02-14 15:25:47,go.microsoft.com
2014-02-14 15:25:47,windows.microsoft.com
2014-02-14 15:25:48,res2.windows.microsoft.com
2014-02-14 15:25:48,res1.windows.microsoft.com
2014-02-14 15:25:50,res2.windows.microsoft.com
2014-02-14 15:25:50,ajax.microsoft.com
2014-02-14 15:25:50,res1.windows.microsoft.com
2014-02-14 15:25:50,windows.microsoft.com
2014-02-14 15:25:50,js.microsoft.com
2014-02-14 15:25:51,res2.windows.microsoft.com
2014-02-14 15:25:51,res1.windows.microsoft.com
2014-02-14 15:25:52,www.bing.com
2014-02-14 15:25:52,windows.microsoft.com
2014-02-14 15:25:52,res1.windows.microsoft.com
2014-02-14 15:25:52,js.microsoft.com
2014-02-14 15:26:43,www.bing.com
2014-02-14 15:26:44,www.bing.com
2014-02-14 15:26:45,www.bing.com
2014-02-14 15:26:45,cms.abmr.net
2014-02-14 15:26:47,www.bing.com
2014-02-14 15:26:50,www.bing.com
2014-02-14 15:26:52,www.bing.com
2014-02-14 15:26:54,login.live.com
2014-02-14 15:28:42,ieonline.microsoft.com
2014-02-14 15:28:43,go.microsoft.com
2014-02-14 15:31:06,office14client.microsoft.com
2014-02-14 15:31:07,office.microsoft.com
2014-02-14 15:31:08,office.microsoft.com
2014-02-14 15:31:09,office.microsoft.com
2014-02-14 15:32:19,www.bing.com
2014-02-14 15:32:22,www.bing.com
2014-02-14 15:32:23,p.typekit.net
2014-02-14 15:32:23,use.typekit.net
2014-02-14 15:32:23,jquery.com
2014-02-14 15:32:23,ajax.googleapis.com
2014-02-14 15:32:24,jquery.org
2014-02-14 15:32:30,login.live.com
2014-02-14 15:32:46,www.bing.com
2014-02-14 15:32:48,www.ncbi.nlm.nih.gov
2014-02-14 15:32:48,jquery.org
2014-02-14 15:32:48,www.bing.com
2014-02-14 15:32:48,login.live.com
2014-02-14 15:32:49,static.pubmed.gov
2014-02-14 15:32:49,www.ncbi.nlm.nih.gov
2014-02-14 15:32:49,jquery.org
2014-02-14 15:32:51,www.ncbi.nlm.nih.gov
2014-02-14 15:33:56,www.ncbi.nlm.nih.gov
2014-02-14 15:33:57,static.pubmed.gov
2014-02-14 15:33:57,www.ncbi.nlm.nih.gov
2014-02-14 15:34:26,www.ncbi.nlm.nih.gov
2014-02-14 15:34:31,www.ncbi.nlm.nih.gov
2014-02-14 15:34:32,www.ncbi.nlm.nih.gov
2014-02-14 15:34:38,www.ncbi.nlm.nih.gov
2014-02-14 15:34:39,www.ncbi.nlm.nih.gov
2014-02-14 15:34:52,www.ncbi.nlm.nih.gov
2014-02-14 15:35:32,www.ncbi.nlm.nih.gov
2014-02-14 15:38:16,www.bing.com
2014-02-14 15:38:18,www.bing.com
2014-02-14 15:38:19,2704197.r.msn.com
2014-02-14 15:38:27,login.live.com
2014-02-14 15:39:43,img.silisiwa.com
2014-02-14 15:39:43,cdneu.silisiwa.com
2014-02-14 15:39:44,img.silisiwa.com
2014-02-14 15:39:45,img.silisiwa.com
2014-02-14 15:39:50,cdnus.silisiwa.com
2014-02-14 15:39:51,cdnus.silisiwa.com
2014-02-14 15:42:27,www.ncbi.nlm.nih.gov
2014-02-14 15:42:28,www.ncbi.nlm.nih.gov
2014-02-14 15:42:28,static.pubmed.gov
2014-02-14 15:42:29,www.ncbi.nlm.nih.gov
2014-02-14 15:42:29,static.pubmed.gov
2014-02-14 15:48:43,www.ncbi.nlm.nih.gov
2014-02-14 15:48:44,www.ncbi.nlm.nih.gov
2014-02-14 15:48:44,static.pubmed.gov
2014-02-14 15:48:45,static.pubmed.gov
2014-02-14 15:48:45,www.ncbi.nlm.nih.gov
2014-02-14 15:49:03,www.ncbi.nlm.nih.gov
2014-02-14 15:49:04,static.pubmed.gov
2014-02-14 15:49:04,www.ncbi.nlm.nih.gov
2014-02-14 15:49:05,www.ncbi.nlm.nih.gov
2014-02-14 15:49:47,www.ncbi.nlm.nih.gov
2014-02-14 15:49:48,www.ncbi.nlm.nih.gov
2014-02-14 15:50:44,static.pubmed.gov
2014-02-14 15:50:47,www.ncbi.nlm.nih.gov
2014-02-14 15:50:48,www.ncbi.nlm.nih.gov
2014-02-14 15:50:49,www.ncbi.nlm.nih.gov
2014-02-14 15:51:26,www.ncbi.nlm.nih.gov
2014-02-14 15:51:38,www.ncbi.nlm.nih.gov
2014-02-14 15:51:39,www.ncbi.nlm.nih.gov
2014-02-14 15:51:40,www.ncbi.nlm.nih.gov
2014-02-14 15:51:45,www.ncbi.nlm.nih.gov
2014-02-14 15:52:29,www.ncbi.nlm.nih.gov
2014-02-14 15:52:53,static.pubmed.gov
2014-02-14 15:52:56,www.ncbi.nlm.nih.gov
2014-02-14 15:52:57,www.ncbi.nlm.nih.gov
2014-02-14 15:52:57,static.pubmed.gov
2014-02-14 15:52:58,www.ncbi.nlm.nih.gov
2014-02-14 15:53:22,www.ncbi.nlm.nih.gov
2014-02-14 15:53:25,www.ncbi.nlm.nih.gov
2014-02-14 15:53:26,www.ncbi.nlm.nih.gov
2014-02-14 15:53:27,www.ncbi.nlm.nih.gov
2014-02-14 15:53:59,www.ncbi.nlm.nih.gov
2014-02-14 15:54:00,www.ncbi.nlm.nih.gov
2014-02-14 15:54:02,www.ncbi.nlm.nih.gov
2014-02-14 15:54:02,static.pubmed.gov
2014-02-14 15:54:03,static.pubmed.gov
2014-02-14 15:54:03,www.ncbi.nlm.nih.gov
2014-02-14 15:54:23,www.ncbi.nlm.nih.gov
2014-02-14 15:54:24,www.ncbi.nlm.nih.gov
2014-02-14 15:54:31,www.ncbi.nlm.nih.gov
2014-02-14 15:54:41,www.ncbi.nlm.nih.gov
2014-02-14 15:54:46,static.pubmed.gov
2014-02-14 15:54:46,www.ncbi.nlm.nih.gov
2014-02-14 15:55:05,www.ncbi.nlm.nih.gov
2014-02-14 15:55:06,www.ncbi.nlm.nih.gov
2014-02-14 15:55:07,www.ncbi.nlm.nih.gov
2014-02-14 15:55:08,www.ncbi.nlm.nih.gov
2014-02-14 15:55:09,www.ncbi.nlm.nih.gov
2014-02-14 15:55:10,www.ncbi.nlm.nih.gov
2014-02-14 15:55:15,static.pubmed.gov
2014-02-14 15:57:49,www.ncbi.nlm.nih.gov
2014-02-14 15:57:50,www.ncbi.nlm.nih.gov
2014-02-14 15:57:50,static.pubmed.gov
2014-02-14 15:57:51,www.ncbi.nlm.nih.gov
2014-02-14 15:57:59,www.ncbi.nlm.nih.gov
2014-02-14 15:58:01,www.ncbi.nlm.nih.gov
2014-02-14 15:58:03,www.ncbi.nlm.nih.gov
2014-02-14 15:58:23,www.ncbi.nlm.nih.gov
2014-02-14 15:58:24,www.ncbi.nlm.nih.gov
2014-02-14 15:58:25,www.ncbi.nlm.nih.gov
2014-02-14 15:58:27,www.ncbi.nlm.nih.gov
2014-02-14 15:58:28,static.pubmed.gov
2014-02-14 15:59:01,www.ncbi.nlm.nih.gov
2014-02-14 15:59:02,www.ncbi.nlm.nih.gov
2014-02-14 15:59:28,www.ncbi.nlm.nih.gov
2014-02-14 15:59:29,www.ncbi.nlm.nih.gov
2014-02-14 15:59:32,www.ncbi.nlm.nih.gov
2014-02-14 15:59:33,www.ncbi.nlm.nih.gov
2014-02-14 15:59:34,www.ncbi.nlm.nih.gov
2014-02-14 15:59:37,www.ncbi.nlm.nih.gov
2014-02-14 15:59:39,www.ncbi.nlm.nih.gov
2014-02-14 15:59:40,www.ncbi.nlm.nih.gov
2014-02-14 16:00:27,www.ncbi.nlm.nih.gov
2014-02-14 16:00:28,www.ncbi.nlm.nih.gov
2014-02-14 16:00:29,www.ncbi.nlm.nih.gov
2014-02-14 16:00:35,www.ncbi.nlm.nih.gov
2014-02-14 16:00:37,static.pubmed.gov
2014-02-14 16:00:37,www.ncbi.nlm.nih.gov
2014-02-14 16:00:38,www.ncbi.nlm.nih.gov
2014-02-14 16:01:45,www.ncbi.nlm.nih.gov
2014-02-14 16:01:46,www.ncbi.nlm.nih.gov
2014-02-14 16:01:50,www.ncbi.nlm.nih.gov
2014-02-14 16:01:51,www.ncbi.nlm.nih.gov
2014-02-14 16:01:52,www.ncbi.nlm.nih.gov
2014-02-14 16:01:53,www.ncbi.nlm.nih.gov
2014-02-14 16:01:57,www.ncbi.nlm.nih.gov
2014-02-14 16:02:08,www.ncbi.nlm.nih.gov
2014-02-14 16:02:09,www.ncbi.nlm.nih.gov
2014-02-14 16:02:10,www.ncbi.nlm.nih.gov
2014-02-14 16:02:30,www.ncbi.nlm.nih.gov
2014-02-14 16:02:42,www.ncbi.nlm.nih.gov
2014-02-14 16:02:43,www.ncbi.nlm.nih.gov
2014-02-14 16:02:44,www.ncbi.nlm.nih.gov
2014-02-14 16:03:13,www.ncbi.nlm.nih.gov
2014-02-14 16:03:16,www.ncbi.nlm.nih.gov
2014-02-14 16:03:18,www.ncbi.nlm.nih.gov
2014-02-14 16:03:18,static.pubmed.gov
2014-02-14 16:03:19,www.ncbi.nlm.nih.gov
2014-02-14 16:04:13,www.ncbi.nlm.nih.gov
2014-02-14 16:04:15,www.ncbi.nlm.nih.gov
2014-02-14 16:04:16,www.ncbi.nlm.nih.gov
2014-02-14 16:04:17,www.ncbi.nlm.nih.gov
2014-02-14 16:05:09,www.ncbi.nlm.nih.gov
2014-02-14 16:05:11,www.ncbi.nlm.nih.gov
2014-02-14 16:05:13,www.ncbi.nlm.nih.gov
2014-02-14 16:05:14,www.ncbi.nlm.nih.gov
2014-02-14 16:05:49,www.ncbi.nlm.nih.gov
2014-02-14 16:05:50,www.ncbi.nlm.nih.gov
2014-02-14 16:06:03,www.ncbi.nlm.nih.gov
2014-02-14 16:06:04,www.ncbi.nlm.nih.gov
2014-02-14 16:06:05,www.ncbi.nlm.nih.gov
2014-02-14 16:07:24,www.ncbi.nlm.nih.gov
2014-02-14 16:07:25,www.ncbi.nlm.nih.gov
2014-02-14 16:07:25,static.pubmed.gov
2014-02-14 16:07:26,www.ncbi.nlm.nih.gov
2014-02-14 16:07:27,www.ncbi.nlm.nih.gov
2014-02-14 16:07:27,static.pubmed.gov
2014-02-14 16:07:29,www.ncbi.nlm.nih.gov
2014-02-14 16:07:30,www.ncbi.nlm.nih.gov
2014-02-14 16:07:54,www.ncbi.nlm.nih.gov
2014-02-14 16:07:55,www.ncbi.nlm.nih.gov
2014-02-14 16:08:01,www.ncbi.nlm.nih.gov
2014-02-14 16:08:02,www.ncbi.nlm.nih.gov
2014-02-14 16:08:03,www.ncbi.nlm.nih.gov
2014-02-14 16:08:03,static.pubmed.gov
2014-02-14 16:08:04,www.ncbi.nlm.nih.gov
2014-02-14 16:08:05,static.pubmed.gov
2014-02-14 16:21:02,www.ncbi.nlm.nih.gov
2014-02-14 16:21:03,www.ncbi.nlm.nih.gov
2014-02-14 16:21:04,www.ncbi.nlm.nih.gov
2014-02-14 16:21:08,www.ncbi.nlm.nih.gov
2014-02-14 16:22:24,www.ncbi.nlm.nih.gov
2014-02-14 16:22:25,www.ncbi.nlm.nih.gov
2014-02-14 16:22:33,www.ncbi.nlm.nih.gov
2014-02-14 16:24:23,www.google.de
2014-02-14 16:24:35,www.google.de
2014-02-14 16:24:38,ajax.googleapis.com
2014-02-14 16:24:38,www.google.com
2014-02-14 16:24:39,apis.google.com
2014-02-14 16:24:50,apis.google.com
2014-02-14 16:24:50,www.google.com
2014-02-14 16:24:50,ajax.googleapis.com
2014-02-14 16:24:50,www.google.de
2014-02-14 16:24:50,www.ebi.ac.uk
2014-02-14 16:24:51,www.ebi.ac.uk
2014-02-14 16:28:19,www.ebi.ac.uk
2014-02-14 16:28:20,www.ebi.ac.uk
2014-02-14 16:28:21,www.ebi.ac.uk
2014-02-14 16:28:23,www.ebi.ac.uk
2014-02-14 16:28:24,www.ebi.ac.uk
2014-02-14 16:28:36,www.ebi.ac.uk
2014-02-14 16:29:02,www.ebi.ac.uk
2014-02-14 16:29:03,www.ebi.ac.uk
2014-02-14 16:29:23,www.ebi.ac.uk
2014-02-14 16:30:52,www.google.de
2014-02-14 16:30:53,www.google.de
2014-02-14 16:31:02,www.google.de
2014-02-14 16:31:03,www.ncbi.nlm.nih.gov
2014-02-14 16:31:03,www.google.de
2014-02-14 16:35:02,www.ncbi.nlm.nih.gov
2014-02-14 16:35:03,www.ncbi.nlm.nih.gov
2014-02-14 16:35:20,www.ncbi.nlm.nih.gov
2014-02-14 16:35:36,www.ncbi.nlm.nih.gov
2014-02-14 16:36:44,www.ncbi.nlm.nih.gov
2014-02-14 16:36:45,www.ncbi.nlm.nih.gov
2014-02-14 16:36:48,www.ncbi.nlm.nih.gov
2014-02-14 16:37:15,www.ncbi.nlm.nih.gov
2014-02-14 16:38:23,www.ncbi.nlm.nih.gov
2014-02-14 16:38:31,www.ncbi.nlm.nih.gov
2014-02-14 16:38:54,www.ncbi.nlm.nih.gov
2014-02-14 16:39:04,www.ncbi.nlm.nih.gov
2014-02-14 16:39:32,www.ncbi.nlm.nih.gov
2014-02-14 16:39:34,www.ncbi.nlm.nih.gov
2014-02-14 16:39:39,www.ncbi.nlm.nih.gov
2014-02-14 16:41:26,www.ncbi.nlm.nih.gov
2014-02-14 16:42:14,www.ncbi.nlm.nih.gov
2014-02-14 16:42:18,www.ncbi.nlm.nih.gov
2014-02-14 16:42:25,www.ncbi.nlm.nih.gov
2014-02-14 16:42:26,www.ncbi.nlm.nih.gov
2014-02-14 16:42:27,www.ncbi.nlm.nih.gov
2014-02-14 16:42:31,www.ncbi.nlm.nih.gov
2014-02-14 16:43:00,www.ncbi.nlm.nih.gov
2014-02-14 16:45:28,www.ncbi.nlm.nih.gov
2014-02-14 16:46:58,www.ncbi.nlm.nih.gov
2014-02-14 16:47:11,www.ncbi.nlm.nih.gov
2014-02-14 16:47:14,www.ncbi.nlm.nih.gov
2014-02-14 16:47:15,www.ncbi.nlm.nih.gov
2014-02-14 16:47:16,www.ncbi.nlm.nih.gov
2014-02-14 16:47:41,www.ncbi.nlm.nih.gov
2014-02-14 16:47:51,www.ncbi.nlm.nih.gov
2014-02-14 16:50:33,www.google.de
2014-02-14 16:50:43,www.ebi.ac.uk
2014-02-14 16:50:43,www.google.de
2014-02-14 16:51:09,www.ncbi.nlm.nih.gov
2014-02-14 16:51:52,www.google.de
2014-02-14 16:51:53,www.ebi.ac.uk
2014-02-14 16:51:54,www.ebi.ac.uk
2014-02-14 16:51:55,www.ebi.ac.uk
2014-02-14 16:51:59,www.ebi.ac.uk
2014-02-14 16:52:06,www.ebi.ac.uk
2014-02-14 16:52:13,www.ebi.ac.uk
2014-02-14 16:52:20,www.ebi.ac.uk
2014-02-14 16:52:27,www.ebi.ac.uk
2014-02-14 16:52:33,www.ebi.ac.uk
2014-02-14 16:56:21,www.ebi.ac.uk
2014-02-14 16:56:45,www.ebi.ac.uk
2014-02-14 16:56:56,www.ebi.ac.uk
2014-02-14 16:57:09,www.ebi.ac.uk
2014-02-14 16:58:19,www.ebi.ac.uk
2014-02-14 16:58:19,platform.twitter.com
2014-02-14 16:58:20,www.ebi.ac.uk
2014-02-14 17:02:47,www.ebi.ac.uk
2014-02-14 17:04:04,www.ebi.ac.uk
2014-02-14 17:04:19,www.ebi.ac.uk
2014-02-14 17:04:43,www.ebi.ac.uk
2014-02-14 17:04:49,www.ebi.ac.uk
2014-02-14 17:06:16,www.ebi.ac.uk
2014-02-14 17:06:33,www.ebi.ac.uk
2014-02-14 17:06:49,www.ebi.ac.uk
2014-02-14 17:07:13,www.ebi.ac.uk
2014-02-14 17:07:29,www.ebi.ac.uk
2014-02-14 17:11:03,www.ebi.ac.uk
2014-02-14 17:11:04,www.ebi.ac.uk
2014-02-14 17:11:04,platform.twitter.com
2014-02-14 17:11:08,www.ebi.ac.uk
2014-02-14 17:11:08,platform.twitter.com
2014-02-14 17:12:02,www.ebi.ac.uk
2014-02-14 17:12:03,ajax.googleapis.com
2014-02-14 17:12:03,www.ebi.ac.uk
2014-02-14 17:12:04,www.ebi.ac.uk
2014-02-14 17:12:05,www.ebi.ac.uk
2014-02-14 17:12:54,www.ebi.ac.uk
2014-02-14 17:12:54,platform.twitter.com
2014-02-14 17:12:55,www.ebi.ac.uk
2014-02-14 17:12:57,www.ebi.ac.uk
2014-02-14 17:12:57,platform.twitter.com
2014-02-14 17:13:09,www.ebi.ac.uk
2014-02-14 17:13:54,platform.twitter.com
2014-02-14 17:13:54,www.ebi.ac.uk
2014-02-14 17:13:55,www.ebi.ac.uk
2014-02-14 17:13:57,platform.twitter.com
2014-02-14 17:13:57,www.ebi.ac.uk
2014-02-14 17:14:04,www.ebi.ac.uk
2014-02-14 17:14:24,www.ebi.ac.uk
2014-02-14 17:14:36,platform.twitter.com
2014-02-14 17:14:36,www.ebi.ac.uk
2014-02-14 17:14:58,www.ebi.ac.uk
2014-02-14 17:14:59,platform.twitter.com
2014-02-14 17:14:59,www.ebi.ac.uk
2014-02-14 17:15:06,www.ebi.ac.uk
2014-02-14 17:15:21,www.ebi.ac.uk
2014-02-14 17:21:04,www.hotmail.com
2014-02-14 17:21:15,login.live.com
2014-02-14 17:21:23,login.live.com
2014-02-14 17:21:40,login.live.com
2014-02-14 17:21:46,mail.live.com
2014-02-14 17:21:46,dub111.mail.live.com
2014-02-14 17:21:47,dub111.mail.live.com
2014-02-14 17:21:48,dub111.mail.live.com
2014-02-14 17:21:49,dub111.mail.live.com
2014-02-14 17:21:49,js.live.net
2014-02-14 17:21:51,dub111.mail.live.com
2014-02-14 17:21:52,cid-3bc4e8caba029d40.users.storage.live.com
2014-02-14 17:21:52,secure.shared.live.com
2014-02-14 17:21:53,secure.shared.live.com
2014-02-14 17:21:54,people.directory.live.com
2014-02-14 17:21:54,dub111.mail.live.com
2014-02-14 17:21:54,go.trouter.io
2014-02-14 17:21:55,go.trouter.io
2014-02-14 17:21:56,dub111.mail.live.com
2014-02-14 17:21:56,byfiles.storage.msn.com
2014-02-14 17:21:57,storage.live.com
2014-02-14 17:21:58,windowslive.tt.omtrdc.net
2014-02-14 17:21:58,h.live.com
2014-02-14 17:21:58,secure.shared.live.com
2014-02-14 17:21:59,h.live.com
2014-02-14 17:22:00,dub111.mail.live.com
2014-02-14 17:22:00,blufiles.storage.msn.com
2014-02-14 17:22:00,h.live.com
2014-02-14 17:22:24,h.live.com
2014-02-14 17:22:24,bn1301files.storage.live.com
2014-02-14 17:22:24,h2.msn.com
2014-02-14 17:22:31,people.directory.live.com
2014-02-14 17:22:31,h2.msn.com
2014-02-14 17:22:31,g.msn.com
2014-02-14 17:22:31,p.sfx.ms
2014-02-14 17:22:40,p.sfx.ms
2014-02-14 17:22:45,dub111.mail.live.com
2014-02-14 17:22:45,go.trouter.io
2014-02-14 17:22:46,dub111.mail.live.com
2014-02-14 17:22:46,cid-3bc4e8caba029d40.users.storage.live.com
2014-02-14 17:22:46,h.live.com
2014-02-14 17:22:46,login.live.com
2014-02-21 10:21:31,www.bing.com
2014-02-21 10:21:32,www.bing.com
2014-02-21 10:21:33,cms.abmr.net
2014-02-21 10:21:33,www.bing.com
2014-02-21 10:21:35,www.bing.com
2014-02-21 10:21:35,blast.ncbi.nlm.nih.gov
2014-02-21 10:21:35,www.ncbi.nlm.nih.gov
2014-02-21 10:21:36,www.ncbi.nlm.nih.gov
2014-02-21 10:21:36,blast.ncbi.nlm.nih.gov
2014-02-21 10:21:43,login.live.com
2014-02-21 10:21:45,www.bing.com
2014-02-21 10:21:47,www.bing.com
2014-02-21 10:21:47,login.live.com
2014-02-21 10:22:04,blast.ncbi.nlm.nih.gov
2014-02-21 10:22:04,www.ncbi.nlm.nih.gov
2014-02-21 10:22:05,blast.ncbi.nlm.nih.gov
2014-02-21 10:22:17,blast.ncbi.nlm.nih.gov
2014-02-21 10:22:18,blast.ncbi.nlm.nih.gov
2014-02-21 10:22:24,blast.ncbi.nlm.nih.gov
2014-02-21 10:22:25,blast.ncbi.nlm.nih.gov
2014-02-21 10:22:25,www.ncbi.nlm.nih.gov
2014-02-21 10:22:26,blast.ncbi.nlm.nih.gov
2014-02-21 10:22:27,blast.ncbi.nlm.nih.gov
2014-02-21 10:22:29,www.ncbi.nlm.nih.gov
2014-02-21 10:22:29,blast.ncbi.nlm.nih.gov
2014-02-21 10:22:30,blast.ncbi.nlm.nih.gov
2014-02-21 10:23:09,player.vimeo.com
2014-02-21 10:23:47,ieonline.microsoft.com
2014-02-21 10:25:25,blast.ncbi.nlm.nih.gov
2014-02-21 10:25:44,blast.ncbi.nlm.nih.gov
2014-02-21 10:55:19,blast.ncbi.nlm.nih.gov
2014-02-21 10:55:21,www.ncbi.nlm.nih.gov
2014-02-21 10:55:21,static.pubmed.gov
2014-02-21 10:55:22,static.pubmed.gov
2014-02-21 10:55:22,www.ncbi.nlm.nih.gov
2014-02-21 10:55:23,www.ncbi.nlm.nih.gov
2014-02-21 10:55:23,www.extjs.com
2014-02-21 10:55:24,www.ncbi.nlm.nih.gov
2014-02-21 10:55:27,www.ncbi.nlm.nih.gov
2014-02-21 10:55:30,www.ncbi.nlm.nih.gov
2014-02-21 10:55:35,www.ncbi.nlm.nih.gov
2014-02-21 10:55:36,www.ncbi.nlm.nih.gov
2014-02-21 10:55:36,static.pubmed.gov
2014-02-21 10:55:37,static.pubmed.gov
2014-02-21 10:55:37,www.ncbi.nlm.nih.gov
2014-02-21 10:55:38,www.ncbi.nlm.nih.gov
2014-02-21 10:58:43,blast.ncbi.nlm.nih.gov
2014-02-21 10:58:43,www.ncbi.nlm.nih.gov
2014-02-21 10:58:44,static.pubmed.gov
2014-02-21 10:58:44,www.ncbi.nlm.nih.gov
2014-02-21 10:58:45,www.ncbi.nlm.nih.gov
2014-02-21 10:58:46,static.pubmed.gov
2014-02-21 11:20:57,blast.ncbi.nlm.nih.gov
2014-02-21 11:21:00,blast.ncbi.nlm.nih.gov
2014-02-21 11:21:10,blast.ncbi.nlm.nih.gov
2014-02-21 11:21:14,blast.ncbi.nlm.nih.gov
2014-02-21 11:21:15,blast.ncbi.nlm.nih.gov
2014-02-21 11:21:32,blast.ncbi.nlm.nih.gov
2014-02-21 11:28:28,blast.ncbi.nlm.nih.gov
2014-02-21 11:28:29,blast.ncbi.nlm.nih.gov
2014-02-21 11:28:33,blast.ncbi.nlm.nih.gov
2014-02-21 11:28:34,blast.ncbi.nlm.nih.gov
2014-02-21 11:28:35,blast.ncbi.nlm.nih.gov
2014-02-21 11:28:49,blast.ncbi.nlm.nih.gov
2014-02-21 11:28:54,blast.ncbi.nlm.nih.gov
2014-02-21 11:28:55,blast.ncbi.nlm.nih.gov
2014-02-21 11:28:57,www.ncbi.nlm.nih.gov
2014-02-21 11:28:58,blast.ncbi.nlm.nih.gov
2014-02-21 11:29:00,www.ncbi.nlm.nih.gov
2014-02-21 11:29:01,blast.ncbi.nlm.nih.gov
2014-02-21 11:29:03,www.ncbi.nlm.nih.gov
2014-02-21 11:29:03,blast.ncbi.nlm.nih.gov
2014-02-21 11:29:05,www.ncbi.nlm.nih.gov
2014-02-21 11:29:06,blast.ncbi.nlm.nih.gov
2014-02-21 11:29:08,www.ncbi.nlm.nih.gov
2014-02-21 11:29:09,blast.ncbi.nlm.nih.gov
2014-02-21 11:29:11,www.ncbi.nlm.nih.gov
2014-02-21 11:29:12,blast.ncbi.nlm.nih.gov
2014-02-21 11:29:15,www.ncbi.nlm.nih.gov
2014-02-21 11:29:17,blast.ncbi.nlm.nih.gov
2014-02-21 11:29:18,blast.ncbi.nlm.nih.gov
2014-02-21 11:29:20,blast.ncbi.nlm.nih.gov
2014-02-21 11:29:20,www.ncbi.nlm.nih.gov
2014-02-21 11:30:57,blast.ncbi.nlm.nih.gov
2014-02-21 11:37:57,blast.ncbi.nlm.nih.gov
2014-02-21 11:37:58,www.ncbi.nlm.nih.gov
2014-02-21 11:37:59,static.pubmed.gov
2014-02-21 11:37:59,www.ncbi.nlm.nih.gov
2014-02-21 11:38:49,static.pubmed.gov
2014-02-21 11:38:56,www.ncbi.nlm.nih.gov
2014-02-21 12:01:06,www.ncbi.nlm.nih.gov
2014-03-27 13:36:20,www.iegallery.com
2014-03-27 13:36:20,go.microsoft.com
2014-03-27 13:36:21,www.iegallery.com
2014-03-27 13:36:22,www.iegallery.com
2014-03-27 13:36:24,www.iegallery.com
2014-03-27 13:36:29,www.iegallery.com
2014-03-27 13:36:30,www.google.fr
2014-03-27 13:36:30,www.iegallery.com
2014-03-27 13:36:31,clients1.google.fr
2014-03-27 13:36:31,www.google.fr
2014-03-27 13:36:41,www.google.fr
2014-03-27 13:36:41,clients1.google.fr
2014-03-27 13:36:43,clients1.google.fr
2014-03-27 13:36:46,clients1.google.fr
2014-03-27 13:36:46,www.google.fr
2014-03-27 13:36:47,www.mozilla.org
2014-03-27 13:36:47,www.google.fr
2014-03-27 13:38:14,www.google.fr
2014-03-27 13:38:14,clients1.google.fr
2014-03-27 13:38:17,clients1.google.fr
2014-03-27 13:38:19,clients1.google.fr
2014-03-27 13:38:19,www.google.fr
2014-03-27 13:38:20,www.google.fr
2014-03-27 13:39:46,gtssl-ocsp.geotrust.com
2014-03-27 13:39:46,clients1.google.com
2014-03-27 13:39:46,ocsp.digicert.com
2014-03-27 13:39:50,clients1.google.com
2014-03-27 13:39:52,www.mozilla.org
2014-03-27 13:39:53,www.mozilla.org
2014-03-27 13:40:06,clients1.google.com
2014-03-27 13:40:08,www.google.fr
2014-03-27 13:40:09,www.google.fr
2014-03-27 13:40:14,annotathon.org
2014-03-27 13:40:16,annotathon.org
2014-03-27 13:40:24,annotathon.org
2014-03-27 13:40:26,annotathon.org
2014-03-27 13:40:39,annotathon.org
2014-03-27 13:40:42,annotathon.org
2014-03-27 13:40:45,annotathon.org
2014-03-27 13:40:46,annotathon.org
2014-03-27 13:40:50,annotathon.org
2014-03-27 13:40:51,annotathon.org
2014-03-27 13:41:00,annotathon.org
2014-03-27 13:41:02,annotathon.org
2014-03-27 13:41:04,annotathon.org
2014-03-27 13:41:05,annotathon.org
2014-03-27 13:41:12,safebrowsing.clients.google.com
2014-03-27 13:41:12,safebrowsing-cache.google.com
2014-03-27 13:41:13,safebrowsing-cache.google.com
2014-03-27 13:41:25,annotathon.org
2014-03-27 13:41:37,annotathon.org
2014-03-27 13:41:41,annotathon.org
2014-03-27 13:41:43,annotathon.org
2014-03-27 13:41:50,annotathon.org
2014-03-27 13:42:00,annotathon.org
2014-03-27 13:42:01,annotathon.org
2014-03-27 13:42:18,annotathon.org
2014-03-27 13:42:25,annotathon.org
2014-03-27 13:42:42,annotathon.org
2014-03-27 13:42:45,sb-ssl.google.com
2014-03-27 13:42:53,annotathon.org
2014-03-27 13:43:02,plus.google.com
2014-03-27 13:43:02,apis.google.com
2014-03-27 13:43:02,www.google.fr
2014-03-27 13:43:02,www.google.com
2014-03-27 13:43:23,annotathon.org
2014-03-27 13:43:53,annotathon.org
2014-03-27 13:44:23,annotathon.org
2014-03-27 13:44:51,annotathon.org
2014-03-27 13:44:53,annotathon.org
2014-03-27 13:45:05,annotathon.org
2014-03-27 13:45:06,annotathon.org
2014-03-27 13:45:12,annotathon.org
2014-03-27 13:45:20,annotathon.org
2014-03-27 13:45:21,annotathon.org
2014-03-27 13:45:28,annotathon.org
2014-03-27 13:45:43,gtssl-ocsp.geotrust.com
2014-03-27 13:45:43,safebrowsing.clients.google.com
2014-03-27 13:45:49,geo.mozilla.org
2014-03-27 13:45:51,clients1.google.com
2014-03-27 13:45:51,safebrowsing.clients.google.com
2014-03-27 13:45:52,safebrowsing.clients.google.com
2014-03-27 13:45:55,www.google.fr
2014-03-27 13:45:57,annotathon.org
2014-03-27 13:46:08,annotathon.org
2014-03-27 13:46:09,annotathon.org
2014-03-27 13:46:22,annotathon.org
2014-03-27 13:46:33,annotathon.org
2014-03-27 13:46:38,safebrowsing.clients.google.com
2014-03-27 13:46:39,safebrowsing-cache.google.com
2014-03-27 13:46:59,www.google.com
2014-03-27 13:46:59,plus.google.com
2014-03-27 13:46:59,id.google.fr
2014-03-27 13:46:59,www.google.fr
