timestamp,site
2014-01-17 13:11:21,fpdownload2.macromedia.com
2014-01-17 13:11:26,go.microsoft.com
2014-01-17 13:11:26,windows.microsoft.com
2014-01-17 13:11:26,res1.windows.microsoft.com
2014-01-17 13:11:26,res2.windows.microsoft.com
2014-01-17 13:11:26,ajax.microsoft.com
2014-01-17 13:11:26,js.microsoft.com
2014-01-17 13:12:40,ieonline.microsoft.com
2014-01-17 13:16:03,dl.javafx.com
2014-02-04 08:09:00,google.fr
2014-02-04 08:09:01,www.google.fr
2014-02-04 08:09:10,www.google.fr
2014-02-04 08:09:33,www.google.fr
2014-02-04 08:09:46,www.google.fr
2014-02-04 08:09:50,apis.google.com
2014-02-04 08:09:50,www.google.com
2014-02-04 08:10:06,mail.google.com
2014-02-04 08:10:09,accounts.google.com
2014-02-04 08:10:12,apis.google.com
2014-02-04 08:10:12,www.google.fr
2014-02-04 08:10:14,accounts.youtube.com
2014-02-04 08:10:14,www.google.fr
2014-02-04 08:10:47,accounts.google.fr
2014-02-04 08:10:48,www.google.com
2014-02-04 08:10:53,plus.google.com
2014-02-04 08:10:53,www.google.com
2014-02-04 08:10:53,clients2.google.com
2014-02-04 08:10:53,accounts.google.fr
2014-02-04 08:10:53,accounts.youtube.com
2014-02-04 08:10:53,accounts.google.com
2014-02-04 08:10:53,mail.google.com
2014-02-04 08:10:55,talkgadget.google.com
2014-02-04 08:10:55,clients2.google.com
2014-02-04 08:10:55,mail.google.com
2014-02-04 08:10:56,accounts.google.com
2014-02-04 08:10:56,plus.google.com
2014-02-04 08:10:56,talkgadget.google.com
2014-02-04 08:10:57,mail.google.com
2014-02-04 08:10:57,clients6.google.com
2014-02-04 08:10:57,plus.google.com
2014-02-04 08:10:57,talkgadget.google.com
2014-02-04 08:10:58,accounts.google.com
2014-02-04 08:11:03,apis.google.com
2014-02-04 08:11:03,clients6.google.com
2014-02-04 08:11:07,clients6.google.com
2014-02-04 08:11:17,drive.google.com
2014-02-04 08:11:18,apis.google.com
2014-02-04 08:11:19,drive.google.com
2014-02-04 08:11:20,drive.google.com
2014-02-04 08:11:22,0.drive.google.com
2014-02-04 08:11:25,apis.google.com
2014-02-04 08:11:36,docs.google.com
2014-02-04 08:11:40,plus.google.com
2014-02-04 08:11:40,docs.google.com
2014-02-04 08:11:55,0.docs.google.com
2014-02-04 08:11:56,0.docs.google.com
2014-02-04 08:11:56,0.talkgadget.google.com
2014-02-04 08:11:57,0.talkgadget.google.com
2014-02-04 08:11:57,docs.google.com
2014-02-04 08:11:57,apis.google.com
2014-02-04 08:12:00,plus.google.com
2014-02-04 08:12:13,ieonline.microsoft.com
2014-02-04 08:12:19,gg.google.com
2014-02-04 08:12:42,apis.google.com
2014-02-04 08:12:53,mail.google.com
2014-02-04 08:12:56,clients6.google.com
2014-02-04 08:13:00,0.talkgadget.google.com
2014-02-04 08:13:00,apis.google.com
2014-02-04 08:13:01,talkgadget.google.com
2014-02-04 08:13:02,www.google.com
2014-02-04 08:13:22,plus.google.com
2014-02-04 08:13:22,0.talkgadget.google.com
2014-02-04 08:14:53,mail.google.com
2014-02-04 08:14:58,plus.google.com
2014-02-04 08:15:03,plus.google.com
2014-02-04 08:15:05,www.google.com
2014-02-04 08:15:24,drive.google.com
2014-02-04 08:15:40,drive.google.com
2014-02-04 08:15:40,plus.google.com
2014-02-04 08:15:41,docs.google.com
2014-02-04 08:16:09,mail.google.com
2014-02-04 08:16:19,gg.google.com
2014-02-04 08:16:27,docs.google.com
2014-02-04 08:16:33,clients6.google.com
2014-02-04 08:16:33,talkgadget.google.com
2014-02-04 08:16:33,mail.google.com
2014-02-04 08:16:33,apis.google.com
2014-02-04 08:16:36,1.docs.google.com
2014-02-04 08:16:37,1.docs.google.com
2014-02-04 08:16:38,apis.google.com
2014-02-04 08:16:38,mail.google.com
2014-02-04 08:16:38,1.talkgadget.google.com
2014-02-04 08:17:03,www.google.com
2014-02-04 08:17:16,docs.google.com
2014-02-04 08:17:20,drive.google.com
2014-02-04 08:17:34,docs.google.com
2014-02-04 08:17:40,docs.google.com
2014-02-04 08:18:09,docs.google.com
2014-02-04 08:18:13,1.talkgadget.google.com
2014-02-04 08:20:13,mail.google.com
2014-02-04 08:20:33,drive.google.com
2014-02-04 08:20:39,1.talkgadget.google.com
2014-02-04 08:20:40,plus.google.com
2014-02-04 08:21:00,www.google.com
2014-02-04 08:21:40,www.google.com
2014-02-04 08:22:06,docs.google.com
2014-02-04 08:22:07,mail.google.com
2014-02-04 08:22:08,clients6.google.com
2014-02-04 08:22:08,plus.google.com
2014-02-04 08:22:08,talkgadget.google.com
2014-02-04 08:22:09,docs.google.com
2014-02-04 08:22:10,docs.google.com
2014-02-04 08:22:14,docs.google.com
2014-02-04 08:22:20,lh3.google.com
2014-02-04 08:22:21,lh6.google.com
2014-02-04 08:22:21,lh3.google.com
2014-02-04 08:22:21,lh4.google.com
2014-02-04 08:22:30,drive.google.com
2014-02-04 08:22:33,mail.google.com
2014-02-04 08:22:41,drive.google.com
2014-02-04 08:22:41,0.drive.google.com
2014-02-04 08:22:52,clients2.google.com
2014-02-04 08:22:53,2.docs.google.com
2014-02-04 08:23:01,1.drive.google.com
2014-02-04 08:23:02,1.drive.google.com
2014-02-04 08:23:04,plus.google.com
2014-02-04 08:23:04,drive.google.com
2014-02-04 08:23:04,docs.google.com
2014-02-04 08:23:05,docs.google.com
2014-02-04 08:23:09,3.docs.google.com
2014-02-04 08:23:16,3.docs.google.com
2014-02-04 08:23:17,3.talkgadget.google.com
2014-02-04 08:23:17,0.docs.google.com
2014-02-04 08:23:19,docs.google.com
2014-02-04 08:23:53,docs.google.com
2014-02-04 08:23:57,lh3.google.com
2014-02-04 08:23:58,docs.google.com
2014-02-04 08:24:01,www.google.com
2014-02-04 08:24:01,lh4.google.com
2014-02-04 08:24:01,lh6.google.com
2014-02-04 08:24:01,1.docs.google.com
2014-02-04 08:24:01,mail.google.com
2014-02-04 08:24:01,lh3.google.com
2014-02-04 08:24:02,www.google.com
2014-02-04 08:24:04,4.docs.google.com
2014-02-04 08:24:05,docs.google.com
2014-02-04 08:24:09,4.docs.google.com
2014-02-04 08:24:18,docs.google.com
2014-02-04 08:24:53,docs.google.com
2014-02-04 08:25:01,docs.google.com
2014-02-04 08:25:05,docs.google.com
2014-02-04 08:25:14,docs.google.com
2014-02-04 08:26:54,mail.google.com
2014-02-04 08:27:05,docs.google.com
2014-02-04 08:27:06,docs.google.com
2014-02-04 08:27:07,docs.google.com
2014-02-04 08:27:17,3.talkgadget.google.com
2014-02-04 08:27:18,3.talkgadget.google.com
2014-02-04 08:27:19,drive.google.com
2014-02-04 08:27:19,plus.google.com
2014-02-04 08:27:31,apis.google.com
2014-02-04 08:27:32,accounts.google.com
2014-02-04 08:27:32,clients6.google.com
2014-02-04 08:27:32,docs.google.com
2014-02-04 08:27:54,docs.google.com
2014-02-04 08:27:55,www.google.com
2014-02-04 08:27:56,www.google.com
2014-02-04 08:27:57,www.google.com
2014-02-04 08:27:57,docs.google.com
2014-02-04 08:27:58,gg.google.com
2014-02-04 08:27:58,www.google.com
2014-02-04 08:27:59,clients2.google.com
2014-02-04 08:27:59,docs.google.com
2014-02-04 08:28:01,5.docs.google.com
2014-02-04 08:28:01,accounts.google.com
2014-02-04 08:28:02,docs.google.com
2014-02-04 08:28:04,clients6.google.com
2014-02-04 08:28:04,docs.google.com
2014-02-04 08:28:24,apis.google.com
2014-02-04 08:28:54,mail.google.com
2014-02-04 08:28:57,docs.google.com
2014-02-04 08:29:27,clients2.google.com
2014-02-04 08:30:06,docs.google.com
2014-02-04 08:30:57,clients6.google.com
2014-02-04 08:31:04,talkgadget.google.com
2014-02-04 08:31:58,docs.google.com
2014-02-04 08:31:59,apis.google.com
2014-02-04 08:32:01,accounts.google.com
2014-02-04 08:32:04,apis.google.com
2014-02-04 08:32:04,clients6.google.com
2014-02-04 08:32:55,mail.google.com
2014-02-04 08:33:27,docs.google.com
2014-02-04 08:33:38,talkgadget.google.com
2014-02-04 08:33:49,3.docs.google.com
2014-02-04 08:34:10,docs.google.com
2014-02-04 08:34:31,www.google.fr
2014-02-04 08:34:45,www.google.fr
2014-02-04 08:34:45,apis.google.com
2014-02-04 08:34:50,plus.google.com
2014-02-04 08:34:57,clients6.google.com
2014-02-04 08:34:59,drive.google.com
2014-02-04 08:35:01,www.fhsu.edu
2014-02-04 08:35:04,plus.google.com
2014-02-04 08:35:04,apis.google.com
2014-02-04 08:35:04,www.google.fr
2014-02-04 08:35:04,www.fhsu.edu
2014-02-04 08:35:05,www.fhsu.edu
2014-02-04 08:35:06,www.fhsu.edu
2014-02-04 08:35:10,www.fhsu.edu
2014-02-04 08:35:11,www.fhsu.edu
2014-02-04 08:35:16,www.google.com
2014-02-04 08:35:17,www.google.com
2014-02-04 08:35:18,translate.google.com
2014-02-04 08:35:18,www.fhsu.edu
2014-02-04 08:35:18,www.google.com
2014-02-04 08:35:24,www.fhsu.edu
2014-02-04 08:35:24,translate.google.com
2014-02-04 08:35:24,www.google.com
2014-02-04 08:35:24,clients1.google.com
2014-02-04 08:35:27,translate.googleapis.com
2014-02-04 08:35:27,www.googleapis.com
2014-02-04 08:35:27,www.fhsu.edu
2014-02-04 08:35:33,www.fhsu.edu
2014-02-04 08:35:57,docs.google.com
2014-02-04 08:37:16,plus.google.com
2014-02-04 08:37:34,www.googleapis.com
2014-02-04 08:37:34,www.fhsu.edu
2014-02-04 08:37:34,clients1.google.com
2014-02-04 08:37:34,translate.google.com
2014-02-04 08:37:34,www.google.com
2014-02-04 08:37:34,translate.googleapis.com
2014-02-04 08:37:38,talkgadget.google.com
2014-02-04 08:38:27,translate.google.com
2014-02-04 08:38:28,www.googleapis.com
2014-02-04 08:38:41,www.fhsu.edu
2014-02-04 08:38:41,www.google.com
2014-02-04 08:39:01,docs.google.com
2014-02-04 08:40:02,5.docs.google.com
2014-02-04 08:40:35,www.fhsu.edu
2014-02-04 08:40:41,translate.googleapis.com
2014-02-04 08:40:41,translate.google.com
2014-02-04 08:40:41,www.google.com
2014-02-04 08:40:41,clients1.google.com
2014-02-04 08:40:59,drive.google.com
2014-02-04 08:41:03,docs.google.com
2014-02-04 08:42:51,clients6.google.com
2014-02-04 08:42:54,talkgadget.google.com
2014-02-04 08:42:56,mail.google.com
2014-02-04 08:44:38,docs.google.com
2014-02-04 08:44:59,drive.google.com
2014-02-04 08:45:10,plus.google.com
2014-02-04 08:46:52,clients6.google.com
2014-02-04 08:46:54,talkgadget.google.com
2014-02-04 08:47:22,docs.google.com
2014-02-04 08:47:22,translate.googleapis.com
2014-02-04 08:48:59,drive.google.com
2014-02-04 08:52:59,drive.google.com
2014-02-04 08:53:04,clients6.google.com
2014-02-04 08:53:09,talkgadget.google.com
2014-02-04 08:53:21,docs.google.com
2014-02-04 08:53:24,clients2.google.com
2014-02-04 08:53:25,docs.google.com
2014-02-04 08:53:26,clients2.google.com
2014-02-04 08:53:26,docs.google.com
2014-02-04 08:53:26,apis.google.com
2014-02-04 08:53:27,docs.google.com
2014-02-04 08:53:28,www.google.com
2014-02-04 08:53:29,6.docs.google.com
2014-02-04 08:53:30,6.docs.google.com
2014-02-04 08:53:39,accounts.google.com
2014-02-04 08:53:39,docs.google.com
2014-02-04 08:53:42,docs.google.com
2014-02-04 08:53:44,clients6.google.com
2014-02-04 08:54:25,docs.google.com
2014-02-04 08:54:34,www.googleapis.com
2014-02-04 08:54:34,clients1.google.com
2014-02-04 08:54:34,translate.googleapis.com
2014-02-04 08:54:34,translate.google.com
2014-02-04 08:54:34,www.fhsu.edu
2014-02-04 08:54:56,talkgadget.google.com
2014-02-04 08:56:59,drive.google.com
2014-02-04 08:57:04,clients6.google.com
2014-02-04 08:57:16,plus.google.com
2014-02-04 08:57:27,apis.google.com
2014-02-04 08:57:28,www.google.com
2014-02-04 08:57:39,accounts.google.com
2014-02-04 08:57:44,apis.google.com
2014-02-04 08:57:45,clients6.google.com
2014-02-04 08:58:56,talkgadget.google.com
2014-02-04 08:59:54,docs.google.com
2014-02-04 09:00:25,docs.google.com
2014-02-04 09:04:57,clients6.google.com
2014-02-04 09:05:08,talkgadget.google.com
2014-02-04 09:05:10,plus.google.com
2014-02-04 09:07:32,translate.googleapis.com
2014-02-04 09:07:32,translate.google.com
2014-02-04 09:07:33,assets.sidearmsports.com.s3.amazonaws.com
2014-02-04 09:07:33,assets.sidearmsports.com
2014-02-04 09:07:34,ajax.googleapis.com
2014-02-04 09:07:34,fhsuathletics.com
2014-02-04 09:07:34,cdnjs.cloudflare.com
2014-02-04 09:07:34,assets.sidearmsports.com
2014-02-04 09:07:35,fhsuathletics.com
2014-02-04 09:07:35,i1.ytimg.com
2014-02-04 09:07:36,fhsuathletics.com
2014-02-04 09:07:36,assets.sidearmsports.com.s3.amazonaws.com
2014-02-04 09:07:37,assets.sidearmsports.com
2014-02-04 09:07:37,fhsuathletics.com
2014-02-04 09:07:37,cdnjs.cloudflare.com
2014-02-04 09:07:39,fhsuathletics.com
2014-02-04 09:07:39,assets.sidearmsports.com
2014-02-04 09:07:49,www.youtube.com
2014-02-04 09:07:49,s.ytimg.com
2014-02-04 09:07:49,fhsuathletics.com
2014-02-04 09:08:09,fhsuathletics.com
2014-02-04 09:08:59,drive.google.com
2014-02-04 09:10:56,clients6.google.com
2014-02-04 09:11:10,talkgadget.google.com
2014-02-04 09:11:49,www.youtube.com
2014-02-04 09:11:49,s.ytimg.com
2014-02-04 09:11:50,s.ytimg.com
2014-02-04 09:11:50,www.google.com
2014-02-04 09:12:56,mail.google.com
2014-02-04 09:12:59,drive.google.com
2014-02-04 09:14:56,docs.google.com
2014-02-04 09:14:57,clients6.google.com
2014-02-04 09:15:10,talkgadget.google.com
2014-02-04 09:15:43,translate.googleapis.com
2014-02-04 09:15:43,www.fhsu.edu
2014-02-04 09:15:43,clients1.google.com
2014-02-04 09:15:43,www.googleapis.com
2014-02-04 09:15:43,translate.google.com
2014-02-04 09:16:11,talkgadget.google.com
2014-02-04 09:17:16,plus.google.com
2014-02-04 09:18:59,drive.google.com
2014-02-04 09:19:11,docs.google.com
2014-02-04 09:20:16,talkgadget.google.com
2014-02-04 09:22:41,docs.google.com
2014-02-04 09:22:59,drive.google.com
2014-02-04 09:23:04,gg.google.com
2014-02-04 09:24:01,clients6.google.com
2014-02-04 09:24:11,docs.google.com
2014-02-04 09:24:13,docs.google.com
2014-02-04 09:24:16,1.drive.google.com
2014-02-04 09:24:18,mail.google.com
2014-02-04 09:24:30,talkgadget.google.com
2014-02-04 09:24:31,plus.google.com
2014-02-04 09:24:32,talkgadget.google.com
2014-02-04 09:24:35,www.google.com
2014-02-04 09:24:35,clients6.google.com
2014-02-04 09:24:35,4.docs.google.com
2014-02-04 09:24:35,docs.google.com
2014-02-04 09:24:35,gg.google.com
2014-02-04 09:24:36,www.google.fr
2014-02-04 09:24:36,www.google.com
2014-02-04 09:24:44,accounts.google.fr
2014-02-04 09:24:44,accounts.google.com
2014-02-04 09:24:44,talkgadget.google.com
2014-02-04 09:24:44,accounts.youtube.com
2014-02-04 09:24:44,mail.google.com
2014-02-04 09:24:49,6.docs.google.com
2014-02-22 08:12:57,api.bing.com
2014-02-22 08:12:58,www.bing.com
2014-02-22 08:12:59,www.google.fr
2014-02-22 08:12:59,www.bing.com
2014-02-22 08:13:00,www.google.com
2014-02-22 08:13:00,login.live.com
2014-02-22 08:13:00,www.google.fr
2014-02-22 08:13:00,www.bing.com
2014-02-22 08:13:10,www.google.fr
2014-02-22 08:13:10,www.google.com
2014-02-22 08:13:50,player.vimeo.com
2014-02-22 08:13:51,fpdownload2.macromedia.com
2014-02-22 08:17:30,addons.foxitsoftware.com
2014-02-22 08:18:30,onlinestores.metaservices.microsoft.com
2014-02-22 08:28:58,addons.foxitsoftware.com
2014-02-22 09:40:12,onlinestores.metaservices.microsoft.com
2014-02-26 09:13:40,windows.microsoft.com
2014-02-26 09:13:40,go.microsoft.com
2014-02-26 09:13:40,ajax.microsoft.com
2014-02-26 09:13:40,js.microsoft.com
2014-02-26 09:13:40,res1.windows.microsoft.com
2014-02-26 09:13:40,res2.windows.microsoft.com
2014-02-26 09:13:45,www.squid-cache.org
2014-02-26 09:13:56,www.bing.com
2014-02-26 09:14:27,ieonline.microsoft.com
2014-02-26 09:14:27,go.microsoft.com
2014-02-26 09:14:57,www.bing.com
2014-02-26 09:14:58,www.bing.com
2014-02-26 09:14:59,login.live.com
2014-02-26 09:14:59,cms.abmr.net
2014-02-26 09:14:59,www.google.fr
2014-02-26 09:14:59,www.bing.com
2014-02-26 09:15:04,www.bing.com
2014-02-26 09:15:05,www.google.fr
2014-02-26 09:15:07,www.bing.com
2014-02-26 09:15:12,www.google.fr
2014-02-26 09:15:13,www.google.fr
2014-02-26 09:15:14,apis.google.com
2014-02-26 09:15:16,www.google.com
2014-02-26 09:15:23,apis.google.com
2014-02-26 09:15:23,www.google.com
2014-02-26 09:15:23,www.google.fr
2014-02-26 09:15:24,www.google.fr
2014-02-26 09:16:32,www.squid-cache.org
2014-02-26 09:16:39,google.fr
2014-02-26 09:16:39,www.google.fr
2014-02-26 09:16:52,www.google.fr
2014-02-26 09:17:21,ieonline.microsoft.com
2014-02-26 09:17:22,mail.google.com
2014-02-26 09:17:22,www.google.com
2014-02-26 09:17:25,accounts.google.com
2014-02-26 09:17:27,accounts.youtube.com
2014-02-26 09:18:03,www.google.fr
2014-02-26 09:18:35,www.google.com
2014-02-26 09:20:13,mail.google.com
2014-02-26 09:20:16,accounts.google.com
2014-02-26 09:20:16,accounts.youtube.com
2014-02-26 09:20:31,player.vimeo.com
2014-02-26 09:21:18,player.vimeo.com
2014-02-26 09:21:25,player.vimeo.com
2014-02-26 09:21:28,player.vimeo.com
2014-02-26 09:21:38,player.vimeo.com
2014-02-26 09:21:42,mail.google.com
2014-02-26 09:22:11,mail.google.com
2014-02-26 09:22:11,accounts.youtube.com
2014-02-26 09:22:11,accounts.google.com
2014-02-26 09:22:28,google.fr
2014-02-26 09:22:28,www.google.fr
2014-02-26 09:22:35,www.google.fr
2014-02-26 09:22:42,www.google.fr
2014-02-26 09:22:43,www.google.fr
2014-02-26 09:22:45,apis.google.com
2014-02-26 09:22:47,www.google.com
2014-02-26 09:23:01,mail.google.com
2014-02-26 09:23:03,accounts.google.com
2014-02-26 09:23:06,www.google.fr
2014-02-26 09:23:06,apis.google.com
2014-02-26 09:23:08,accounts.youtube.com
2014-02-26 09:23:09,www.google.fr
2014-02-26 09:23:30,www.google.com
2014-02-26 09:23:30,www.google.fr
2014-02-26 09:23:38,accounts.youtube.com
2014-02-26 09:23:38,accounts.google.com
2014-02-26 09:23:38,mail.google.com
2014-02-26 09:23:43,www.google.fr
2014-02-26 09:23:56,www.google.fr
2014-02-26 09:23:57,apis.google.com
2014-02-26 09:23:59,www.google.com
2014-02-26 09:24:08,apis.google.com
2014-02-26 09:24:08,www.google.com
2014-02-26 09:24:08,www.google.fr
2014-02-26 09:24:09,www.google.fr
2014-02-26 09:24:43,player.vimeo.com
2014-03-19 08:04:59,google.fr
2014-03-19 08:04:59,www.google.fr
2014-03-19 08:05:12,www.google.fr
2014-03-19 08:05:13,apis.google.com
2014-03-19 08:05:16,www.google.com
2014-03-19 08:05:47,apis.google.com
2014-03-19 08:05:47,www.google.fr
2014-03-19 08:05:47,www.google.com
2014-03-19 08:08:05,ieonline.microsoft.com
2014-03-19 08:15:38,www.google.fr
2014-03-19 08:15:57,www.google.fr
2014-03-19 08:15:57,www.laposte.net
2014-03-19 08:15:57,www.google.com
2014-03-19 08:15:58,www.laposte.net
2014-03-19 08:15:58,www.annuaire.com
2014-03-19 08:15:59,rs.mediapostcommunication.net
2014-03-19 08:15:59,ws.mediapostcommunication.net
2014-03-19 08:15:59,www.google.com
2014-03-19 08:15:59,www.laposte.net
2014-03-19 08:15:59,ajax.googleapis.com
2014-03-19 08:15:59,av.mediapostcommunication.net
2014-03-19 08:16:00,fpdownload2.macromedia.com
2014-03-19 08:16:00,www.annuaire.com
2014-03-19 08:16:01,www.laposte.net
2014-03-19 08:16:03,i1-js-14-3-01-11074-591937660-i.init.cedexis-radar.net
2014-03-19 08:16:04,sfr.cedexis.com
2014-03-19 08:16:04,uk.savvis.bench.cedexis.com
2014-03-19 08:16:05,uk.savvis.bench.cedexis.com
2014-03-19 08:16:13,api.dailymotion.com
2014-03-19 08:16:43,webmail.laposte.net
2014-03-19 08:16:44,www.google.com
2014-03-19 08:16:44,webmail.laposte.net
2014-03-19 08:16:45,webmail.laposte.net
2014-03-19 08:16:46,webmail.laposte.net
2014-03-19 08:16:46,ws.mediapostcommunication.net
2014-03-19 08:16:46,av.mediapostcommunication.net
2014-03-19 08:16:46,c1.adform.net
2014-03-19 08:16:46,hal9000.redintelligence.net
2014-03-19 08:16:47,ad.publicidees.com
2014-03-19 08:16:47,hal9000.redintelligence.net
2014-03-19 08:16:47,pr.ybp.yahoo.com
2014-03-19 08:16:47,ea.numericable.fr
2014-03-19 08:16:47,webmail.laposte.net
2014-03-19 08:16:47,match.rtbidder.net
2014-03-19 08:16:47,banniere.reussissonsensemble.fr
2014-03-19 08:16:47,n2.hal9000.redintelligence.net
2014-03-19 08:16:48,i1-js-14-3-01-11074-367111937-i.init.cedexis-radar.net
2014-03-19 08:16:49,i1-js-14-3-01-11074-743845029-i.init.cedexis-radar.net
2014-03-19 08:16:49,radar.cedexis.swiftserve.com
2014-03-19 08:16:54,webmail.laposte.net
2014-03-19 08:16:55,webmail.laposte.net
2014-03-19 08:16:56,av.mediapostcommunication.net
2014-03-19 08:16:56,webmail.laposte.net
2014-03-19 08:16:56,ws.mediapostcommunication.net
2014-03-19 08:16:57,webmail.laposte.net
2014-03-19 08:16:58,webmail.laposte.net
2014-03-19 08:16:59,ws.mediapostcommunication.net
2014-03-19 08:16:59,av.mediapostcommunication.net
2014-03-19 08:17:00,rubicon-match.dotomi.com
2014-03-19 08:17:00,rp.gwallet.com
2014-03-19 08:17:00,um.simpli.fi
2014-03-19 08:17:01,i1-js-14-3-01-11074-679389893-i.init.cedexis-radar.net
2014-03-19 08:17:01,dtm.neimanmarcus.com
2014-03-19 08:17:01,rubicon-match.dotomi.com
2014-03-19 08:17:02,gce-us-central1-a.bench.cedexis.com
2014-03-19 08:17:02,i1-js-14-3-01-11074-901884988-i.init.cedexis-radar.net
2014-03-19 08:17:02,chinacache.cedexis.com
2014-03-19 08:17:03,gce-us-central1-a.bench.cedexis.com
2014-03-19 08:17:03,us-east1.joyent.bench.cedexis.com
2014-03-19 08:17:03,chinacache.cedexis.com
2014-03-19 08:18:18,webmail.laposte.net
2014-03-19 08:18:19,webmail.laposte.net
2014-03-19 08:18:20,ws.mediapostcommunication.net
2014-03-19 08:18:20,rbp.mxptint.net
2014-03-19 08:18:20,webmail.laposte.net
2014-03-19 08:18:20,av.mediapostcommunication.net
2014-03-19 08:18:21,webmail.laposte.net
2014-03-19 08:18:21,www.facebook.com
2014-03-19 08:18:21,i1-js-14-3-01-11074-121024762-i.init.cedexis-radar.net
2014-03-19 08:18:22,level3.cedexis.com
2014-03-19 08:18:22,i1-js-14-3-01-11074-243708016-i.init.cedexis-radar.net
2014-03-19 08:18:22,cloudfront.cedexis.com
2014-03-19 08:18:22,sita-atl.bench.cedexis.com
2014-03-19 08:20:48,webmail.laposte.net
2014-03-19 08:20:49,ws.mediapostcommunication.net
2014-03-19 08:20:49,av.mediapostcommunication.net
2014-03-19 08:20:50,i1-js-14-3-01-11074-238120885-i.init.cedexis-radar.net
2014-03-19 08:20:50,i1-js-14-3-01-11074-861445519-i.init.cedexis-radar.net
2014-03-19 08:20:53,aws-ap-southeast-2a.bench.cedexis.com
2014-03-19 08:20:53,webmail.laposte.net
2014-03-19 08:20:54,hal9000.redintelligence.net
2014-03-19 08:20:54,webmail.laposte.net
2014-03-19 08:20:54,av.mediapostcommunication.net
2014-03-19 08:20:54,ws.mediapostcommunication.net
2014-03-19 08:20:55,hal9000.redintelligence.net
2014-03-19 08:20:56,i1-js-14-3-01-11074-445162852-i.init.cedexis-radar.net
2014-03-19 08:20:56,limelight.cedexis.com
2014-03-19 08:21:02,webmail.laposte.net
2014-03-19 08:21:02,ws.mediapostcommunication.net
2014-03-19 08:21:02,av.mediapostcommunication.net
2014-03-19 08:21:05,webmail.laposte.net
2014-03-19 08:21:05,rp.gwallet.com
2014-03-19 08:21:06,webmail.laposte.net
2014-03-19 08:21:06,av.mediapostcommunication.net
2014-03-19 08:21:06,hal9000.redintelligence.net
2014-03-19 08:21:06,ws.mediapostcommunication.net
2014-03-19 08:21:07,hal9000.redintelligence.net
2014-03-19 08:21:07,banniere.reussissonsensemble.fr
2014-03-19 08:21:08,i1-js-14-3-01-11074-172740064-i.init.cedexis-radar.net
2014-03-19 08:21:08,ak.c.ooyala.com
2014-03-19 08:21:09,i1-js-14-3-01-11074-795842161-i.init.cedexis-radar.net
2014-03-19 08:21:10,netdna.cedexis.com
2014-03-19 08:21:11,level3-vip.cedexis.com
2014-03-19 08:21:12,level3-vip.cedexis.com
2014-03-19 08:21:28,webmail.laposte.net
2014-03-19 08:21:29,webmail.laposte.net
2014-03-19 08:21:30,webmail.laposte.net
2014-03-19 08:21:30,ws.mediapostcommunication.net
2014-03-19 08:21:30,av.mediapostcommunication.net
2014-03-19 08:21:30,hal9000.redintelligence.net
2014-03-19 08:21:31,hal9000.redintelligence.net
2014-03-19 08:21:31,banniere.reussissonsensemble.fr
2014-03-19 08:21:31,webmail.laposte.net
2014-03-19 08:21:32,i1-js-14-3-01-11074-462574028-i.init.cedexis-radar.net
2014-03-19 08:21:32,i1-js-14-3-01-11074-593258658-i.init.cedexis-radar.net
2014-03-19 08:21:33,aws-ap-southeast-2a.bench.cedexis.com
2014-03-19 08:21:34,limelight.cedexis.com
2014-03-19 08:24:12,webmail.laposte.net
2014-03-19 08:24:13,webmail.laposte.net
2014-03-19 08:24:13,av.mediapostcommunication.net
2014-03-19 08:24:13,ws.mediapostcommunication.net
2014-03-19 08:24:14,www.facebook.com
2014-03-19 08:24:16,i1-js-14-3-01-11074-149343410-i.init.cedexis-radar.net
2014-03-19 08:24:16,level3.cedexis.com
2014-03-19 08:24:16,i1-js-14-3-01-11074-718928783-i.init.cedexis-radar.net
2014-03-19 08:24:27,webmail.laposte.net
2014-03-19 08:24:28,ws.mediapostcommunication.net
2014-03-19 08:24:28,webmail.laposte.net
2014-03-19 08:24:28,av.mediapostcommunication.net
2014-03-19 08:24:30,i1-js-14-3-01-11074-629281697-i.init.cedexis-radar.net
2014-03-19 08:24:31,webmail.laposte.net
2014-03-19 08:24:32,webmail.laposte.net
2014-03-19 08:24:32,ws.mediapostcommunication.net
2014-03-19 08:24:32,av.mediapostcommunication.net
2014-03-19 08:24:33,ce.lijit.com
2014-03-19 08:24:35,i1-js-14-3-01-11074-677137708-i.init.cedexis-radar.net
2014-03-19 08:24:35,i1-js-14-3-01-11074-594237120-i.init.cedexis-radar.net
2014-03-19 08:24:38,eu-ams1.joyent.bench.cedexis.com
2014-03-19 08:24:38,webmail.laposte.net
2014-03-19 08:24:39,webmail.laposte.net
2014-03-19 08:24:40,av.mediapostcommunication.net
2014-03-19 08:24:40,ws.mediapostcommunication.net
2014-03-19 08:24:41,static.groupon.fr
2014-03-19 08:24:41,rp.gwallet.com
2014-03-19 08:24:42,i1-js-14-3-01-11074-519352506-i.init.cedexis-radar.net
2014-03-19 08:24:43,i1-js-14-3-01-11074-183151281-i.init.cedexis-radar.net
2014-03-19 08:24:44,probe.cedexis.org
2014-03-19 08:24:44,ec2-sa-east-1a.cedexis.com
2014-03-19 08:24:45,br.ecritel.bench.cedexis.com
2014-03-19 08:24:45,ec2-sa-east-1a.cedexis.com
2014-03-19 08:24:45,webmail.laposte.net
2014-03-19 08:24:46,ws.mediapostcommunication.net
2014-03-19 08:24:46,av.mediapostcommunication.net
2014-03-19 08:24:46,webmail.laposte.net
2014-03-19 08:24:47,i1-js-14-3-01-11074-167482326-i.init.cedexis-radar.net
2014-03-19 08:24:48,i1-js-14-3-01-11074-395315408-i.init.cedexis-radar.net
2014-03-19 08:24:48,ec2-us-east-1a.cedexis.com
2014-03-19 08:24:48,level3.cedexis.com
2014-03-19 08:24:49,ec2-us-west-2a.cedexis.com
2014-03-19 08:24:49,level3.cedexis.com
2014-03-19 08:24:52,webmail.laposte.net
2014-03-19 08:24:52,www.laposte.net
2014-03-19 08:24:53,ws.mediapostcommunication.net
2014-03-19 08:24:53,www.laposte.net
2014-03-19 08:24:53,av.mediapostcommunication.net
2014-03-19 08:24:55,av.mediapostcommunication.net
2014-03-19 08:24:55,ws.mediapostcommunication.net
2014-03-19 08:24:55,www.laposte.net
2014-03-19 08:24:56,rp.gwallet.com
2014-03-19 08:24:57,www.laposte.net
2014-03-19 08:24:58,i1-js-14-3-01-11074-876741875-i.init.cedexis-radar.net
2014-03-19 08:25:00,chinacache.cedexis.com
2014-03-19 08:25:07,api.dailymotion.com
2014-03-19 08:25:31,www.google.fr
2014-03-19 08:25:46,mail.google.com
2014-03-19 08:25:48,mail.google.com
2014-03-19 08:25:50,accounts.google.com
2014-03-19 08:25:53,accounts.youtube.com
2014-03-19 08:26:17,accounts.google.fr
2014-03-19 08:26:18,www.google.com
2014-03-19 08:26:18,www.google.fr
2014-03-19 08:26:19,mail.google.com
2014-03-19 08:26:19,accounts.google.com
2014-03-19 08:26:19,accounts.youtube.com
2014-03-19 08:26:19,accounts.google.fr
2014-03-19 08:26:19,clients2.google.com
2014-03-19 08:26:20,www.google.com
2014-03-19 08:26:20,mail.google.com
2014-03-19 08:26:20,clients2.google.com
2014-03-19 08:26:20,plus.google.com
2014-03-19 08:26:21,apis.google.com
2014-03-19 08:26:21,accounts.google.com
2014-03-19 08:26:21,talkgadget.google.com
2014-03-19 08:26:21,plus.google.com
2014-03-19 08:26:22,plus.google.com
2014-03-19 08:26:22,talkgadget.google.com
2014-03-19 08:26:22,clients6.google.com
2014-03-19 08:26:22,mail.google.com
2014-03-19 08:26:23,accounts.google.com
2014-03-19 08:26:23,talkgadget.google.com
2014-03-19 08:26:27,apis.google.com
2014-03-19 08:26:32,clients6.google.com
2014-03-19 08:26:33,talkgadget.google.com
2014-03-19 08:26:33,plus.google.com
2014-03-19 08:26:33,clients6.google.com
2014-03-19 08:26:35,clients6.google.com
2014-03-19 08:26:35,talkgadget.google.com
2014-03-19 08:26:36,apis.google.com
2014-03-19 08:26:46,mail.google.com
2014-03-19 08:26:51,docs.google.com
2014-03-19 08:26:55,docs.google.com
2014-03-19 08:26:55,clients2.google.com
2014-03-19 08:26:59,0.docs.google.com
2014-03-19 08:27:00,0.docs.google.com
2014-03-19 08:27:01,clients2.google.com
2014-03-19 08:27:01,docs.google.com
2014-03-19 08:27:10,0.talkgadget.google.com
2014-03-19 08:27:10,apis.google.com
2014-03-19 08:27:12,plus.google.com
2014-03-19 08:27:22,mail.google.com
2014-03-19 08:28:12,0.talkgadget.google.com
2014-03-19 08:28:14,www.google.com
2014-03-19 08:28:20,mail.google.com
2014-03-19 08:28:22,clients6.google.com
2014-03-19 08:28:25,apis.google.com
2014-03-19 08:28:36,talkgadget.google.com
2014-03-19 08:29:30,mail.google.com
2014-03-19 08:29:33,plus.google.com
2014-03-19 08:29:33,clients6.google.com
2014-03-19 08:29:36,talkgadget.google.com
2014-03-19 08:29:48,docs.google.com
2014-03-19 08:29:52,docs.google.com
2014-03-19 08:29:52,apis.google.com
2014-03-19 08:29:53,docs.google.com
2014-03-19 08:29:53,www.google.com
2014-03-19 08:29:54,1.docs.google.com
2014-03-19 08:29:55,1.docs.google.com
2014-03-19 08:30:00,docs.google.com
2014-03-19 08:30:03,docs.google.com
2014-03-19 08:30:03,accounts.google.com
2014-03-19 08:30:08,apis.google.com
2014-03-19 08:30:10,clients6.google.com
2014-03-19 08:30:37,plus.google.com
2014-03-19 08:30:52,apis.google.com
2014-03-19 08:31:12,0.talkgadget.google.com
2014-03-19 08:31:13,plus.google.com
2014-03-19 08:31:15,docs.google.com
2014-03-19 08:31:17,plus.google.com
2014-03-19 08:31:31,mail.google.com
2014-03-19 08:31:41,docs.google.com
2014-03-19 08:31:49,clients6.google.com
2014-03-19 08:31:49,talkgadget.google.com
2014-03-19 08:31:50,mail.google.com
2014-03-19 08:31:52,2.docs.google.com
2014-03-19 08:31:57,2.docs.google.com
2014-03-19 08:32:15,www.google.com
2014-03-19 08:32:45,docs.google.com
2014-03-19 08:32:46,1.docs.google.com
2014-03-19 08:32:48,docs.google.com
2014-03-19 08:32:55,docs.google.com
2014-03-19 08:32:58,www.google.fr
2014-03-19 08:33:01,www.google.fr
2014-03-19 08:33:05,accounts.google.com
2014-03-19 08:33:10,translate.google.fr
2014-03-19 08:33:10,0.docs.google.com
2014-03-19 08:33:10,docs.google.com
2014-03-19 08:33:11,www.google.fr
2014-03-19 08:33:12,www.google.fr
2014-03-19 08:33:14,accounts.google.com
2014-03-19 08:33:33,translate.google.fr
2014-03-19 08:33:33,plus.google.com
2014-03-19 08:33:33,www.google.com
2014-03-19 08:33:33,www.google.fr
2014-03-19 08:33:47,docs.google.com
2014-03-19 08:33:47,clients6.google.com
2014-03-19 08:33:47,apis.google.com
2014-03-19 08:33:47,accounts.google.com
2014-03-19 08:33:47,www.google.com
2014-03-19 08:33:49,inputtools.google.com
2014-03-19 08:34:11,docs.google.com
2014-03-19 08:35:08,www.google.fr
2014-03-19 08:35:20,www.google.fr
2014-03-19 08:35:38,plus.google.com
2014-03-19 08:35:50,apis.google.com
2014-03-19 08:35:56,www.google.fr
2014-03-19 08:35:56,plus.google.com
2014-03-19 08:35:57,www.google.fr
2014-03-19 08:35:57,www.univ-paris3.fr
2014-03-19 08:35:57,clients6.google.com
2014-03-19 08:35:58,www.univ-paris3.fr
2014-03-19 08:36:00,translate.google.fr
2014-03-19 08:36:00,plus.google.com
2014-03-19 08:36:00,inputtools.google.com
2014-03-19 08:36:00,www.google.com
2014-03-19 08:36:00,www.google.fr
2014-03-19 08:36:01,www.univ-paris3.fr
2014-03-19 08:36:19,www.google.fr
2014-03-19 08:36:20,www.google.fr
2014-03-19 08:36:20,plus.google.com
2014-03-19 08:36:20,langues.univ-lyon2.fr
2014-03-19 08:36:21,langues.univ-lyon2.fr
2014-03-19 08:36:24,langues.univ-lyon2.fr
2014-03-19 08:36:54,www.google.fr
2014-03-19 08:36:54,plus.google.com
2014-03-19 08:37:05,www.google.fr
2014-03-19 08:38:14,www.utexas.edu
2014-03-19 08:38:15,www.google.fr
2014-03-19 08:38:15,www.utexas.edu
2014-03-19 08:38:16,www.google.fr
2014-03-19 08:38:16,www.utexas.edu
2014-03-19 08:38:17,www.utexas.edu
2014-03-19 08:38:18,www.utexas.edu
2014-03-19 08:38:19,www.utexas.edu
2014-03-19 08:38:21,www.utexas.edu
2014-03-19 08:38:28,www.utexas.edu
2014-03-19 08:38:39,docs.google.com
2014-03-19 08:39:58,www.utexas.edu
2014-03-19 08:39:59,www.utexas.edu
2014-03-19 08:39:59,ajax.googleapis.com
2014-03-19 08:40:00,www.utexas.edu
2014-03-19 08:40:01,www.utexas.edu
2014-03-19 08:40:03,www.utexas.edu
2014-03-19 08:40:22,www.utexas.edu
2014-03-19 08:40:23,www.utexas.edu
2014-03-19 08:40:24,clients6.google.com
2014-03-19 08:40:24,www.utexas.edu
2014-03-19 08:40:27,plus.google.com
2014-03-19 08:40:29,talkgadget.google.com
2014-03-19 08:40:30,www.utexas.edu
2014-03-19 08:40:31,www.utexas.edu
2014-03-19 08:40:33,www.utexas.edu
2014-03-19 08:40:44,www.utexas.edu
2014-03-19 08:40:49,www.utexas.edu
2014-03-19 08:40:54,www.lib.utexas.edu
2014-03-19 08:40:56,www.lib.utexas.edu
2014-03-19 08:40:57,www.lib.utexas.edu
2014-03-19 08:40:57,images.amazon.com
2014-03-19 08:40:58,www.lib.utexas.edu
2014-03-19 08:40:59,www.lib.utexas.edu
2014-03-19 08:40:59,www.utexas.edu
2014-03-19 08:41:00,www.lib.utexas.edu
2014-03-19 08:41:33,plus.google.com
2014-03-19 08:41:38,docs.google.com
2014-03-19 08:42:20,www.utexas.edu
2014-03-19 08:42:21,www.utexas.edu
2014-03-19 08:42:22,www.utexas.edu
2014-03-19 08:42:26,www.utexas.edu
2014-03-19 08:42:27,www.utexas.edu
2014-03-19 08:43:36,www.google.fr
2014-03-19 08:43:41,apis.google.com
2014-03-19 08:43:41,plus.google.com
2014-03-19 08:43:43,plus.google.com
2014-03-19 08:43:43,apis.google.com
2014-03-19 08:43:43,www.google.fr
2014-03-19 08:43:43,maps.google.fr
2014-03-19 08:43:45,maps.google.fr
2014-03-19 08:43:47,www.google.fr
2014-03-19 08:43:50,www.google.fr
2014-03-19 08:43:50,mt.google.com
2014-03-19 08:43:51,www.google.fr
2014-03-19 08:43:52,mt.google.com
2014-03-19 08:43:52,www.google.fr
2014-03-19 08:43:52,mts0.google.com
2014-03-19 08:43:53,mts0.google.com
2014-03-19 08:43:53,plus.google.com
2014-03-19 08:43:54,mts0.google.com
2014-03-19 08:43:55,mts0.google.com
2014-03-19 08:43:56,www.google.fr
2014-03-19 08:43:56,mts0.google.com
2014-03-19 08:43:57,mts0.google.com
2014-03-19 08:43:58,www.google.fr
2014-03-19 08:43:59,www.google.fr
2014-03-19 08:43:59,mts0.google.com
2014-03-19 08:44:00,mts0.google.com
2014-03-19 08:44:01,mts0.google.com
2014-03-19 08:44:01,www.google.fr
2014-03-19 08:44:03,www.google.fr
2014-03-19 08:44:04,www.google.fr
2014-03-19 08:44:04,mts0.google.com
2014-03-19 08:44:07,mts0.google.com
2014-03-19 08:44:27,docs.google.com
2014-03-19 08:45:32,mail.google.com
2014-03-19 08:46:24,clients6.google.com
2014-03-19 08:46:31,talkgadget.google.com
2014-03-19 08:47:23,translate.google.fr
2014-03-19 08:47:23,plus.google.com
2014-03-19 08:48:07,www.google.fr
2014-03-19 08:48:08,www.google.fr
2014-03-19 08:48:19,www.google.fr
2014-03-19 08:48:49,docs.google.com
2014-03-19 08:49:52,translate.google.fr
2014-03-19 08:50:14,docs.google.com
2014-03-19 08:50:24,clients6.google.com
2014-03-19 08:50:34,talkgadget.google.com
2014-03-19 08:51:57,maps.google.fr
2014-03-19 08:51:58,maps.google.fr
2014-03-19 08:52:00,www.google.fr
2014-03-19 08:52:00,maps.google.fr
2014-03-19 08:52:01,maps.google.fr
2014-03-19 08:52:04,www.google.fr
2014-03-19 08:52:05,maps.google.fr
2014-03-19 08:52:05,www.google.fr
2014-03-19 08:52:09,translate.google.fr
2014-03-19 08:52:09,inputtools.google.com
2014-03-19 08:52:11,www.utexas.edu
2014-03-19 08:52:12,www.google.fr
2014-03-19 08:52:12,www.utexas.edu
2014-03-19 08:52:17,www.utexas.edu
2014-03-19 08:52:17,www.google.fr
2014-03-19 08:52:18,www.utexas.edu
2014-03-19 08:52:19,www.utexas.edu
2014-03-19 08:52:22,www.utexas.edu
2014-03-19 08:52:23,www.utexas.edu
2014-03-19 08:52:24,www.utexas.edu
2014-03-19 08:54:18,docs.google.com
2014-03-19 08:55:58,docs.google.com
2014-03-19 08:56:45,www.utexas.edu
2014-03-19 08:56:46,www.utexas.edu
2014-03-19 08:56:47,www.utexas.edu
2014-03-19 08:56:48,www.utexas.edu
2014-03-19 08:56:49,www.utexas.edu
2014-03-19 08:57:00,www.utexas.edu
2014-03-19 08:57:01,www.utexas.edu
2014-03-19 08:57:20,www.utexas.edu
2014-03-19 08:57:21,www.utexas.edu
2014-03-19 08:57:30,www.utexas.edu
2014-03-19 08:57:31,www.utexas.edu
2014-03-19 08:57:38,www.utexas.edu
2014-03-19 08:57:39,www.utexas.edu
2014-03-19 08:57:42,www.utexas.edu
2014-03-19 08:57:43,www.utexas.edu
2014-03-19 08:57:52,www.utexas.edu
2014-03-19 08:57:57,www.utexas.edu
2014-03-19 08:58:13,www.utexas.edu
2014-03-19 08:58:15,www.utexas.edu
2014-03-19 08:58:16,www.utexas.edu
2014-03-19 08:58:21,www.utexas.edu
2014-03-19 08:58:22,www.utexas.edu
2014-03-19 08:58:22,www.youtube.com
2014-03-19 08:58:23,s.ytimg.com
2014-03-19 08:58:23,www.utexas.edu
2014-03-19 08:58:24,i1.ytimg.com
2014-03-19 08:58:30,www.utexas.edu
2014-03-19 08:58:32,i1.ytimg.com
2014-03-19 08:58:32,www.youtube.com
2014-03-19 08:58:32,www.utexas.edu
2014-03-19 08:58:32,s.ytimg.com
2014-03-19 08:58:33,www.utexas.edu
2014-03-19 08:58:34,www.utexas.edu
2014-03-19 08:58:46,www.utexas.edu
2014-03-19 08:58:47,www.utexas.edu
2014-03-19 08:58:52,www.utexas.edu
2014-03-19 08:58:53,www.utexas.edu
2014-03-19 08:59:33,docs.google.com
2014-03-19 09:00:24,clients6.google.com
2014-03-19 09:00:37,plus.google.com
2014-03-19 09:00:38,clients6.google.com
2014-03-19 09:00:47,talkgadget.google.com
2014-03-19 09:02:19,www.google.com
2014-03-19 09:02:19,www.utexas.edu
2014-03-19 09:02:23,www.utexas.edu
2014-03-19 09:02:25,www.google.com
2014-03-19 09:02:30,www.utexas.edu
2014-03-19 09:02:31,www.utexas.edu
2014-03-19 09:03:36,mail.google.com
2014-03-19 09:03:39,translate.google.fr
2014-03-19 09:04:48,docs.google.com
2014-03-19 09:04:59,www.utexas.edu
2014-03-19 09:05:00,www.utexas.edu
2014-03-19 09:06:05,plus.google.com
2014-03-19 09:06:39,www.utexas.edu
2014-03-19 09:06:40,www.utexas.edu
2014-03-19 09:06:41,www.utexas.edu
2014-03-19 09:06:42,www.utexas.edu
2014-03-19 09:06:56,www.utexas.edu
2014-03-19 09:06:57,www.utexas.edu
2014-03-19 09:07:19,utdirect.utexas.edu
2014-03-19 09:07:20,utdirect.utexas.edu
2014-03-19 09:08:37,clients6.google.com
2014-03-19 09:08:44,talkgadget.google.com
2014-03-19 09:10:16,www.utexas.edu
2014-03-19 09:10:19,www.utexas.edu
2014-03-19 09:10:20,www.utexas.edu
2014-03-19 09:10:53,utdirect.utexas.edu
2014-03-19 09:10:54,bealonghorn.utexas.edu
2014-03-19 09:10:55,bealonghorn.utexas.edu
2014-03-19 09:10:56,bealonghorn.utexas.edu
2014-03-19 09:11:18,bealonghorn.utexas.edu
2014-03-19 09:11:19,bealonghorn.utexas.edu
2014-03-19 09:11:20,bealonghorn.utexas.edu
2014-03-19 09:11:33,bealonghorn.utexas.edu
2014-03-19 09:11:34,bealonghorn.utexas.edu
2014-03-19 09:11:37,bealonghorn.utexas.edu
2014-03-19 09:11:54,bealonghorn.utexas.edu
2014-03-19 09:11:55,bealonghorn.utexas.edu
2014-03-19 09:12:08,translate.google.fr
2014-03-19 09:12:38,clients6.google.com
2014-03-19 09:12:45,talkgadget.google.com
2014-03-19 09:13:22,docs.google.com
2014-03-19 09:15:32,mail.google.com
2014-03-19 09:15:41,translate.google.fr
2014-03-19 09:18:44,translate.google.fr
2014-03-19 09:18:44,inputtools.google.com
2014-03-19 09:19:54,docs.google.com
2014-03-19 09:20:24,clients6.google.com
2014-03-19 09:20:35,talkgadget.google.com
2014-03-19 09:20:37,plus.google.com
2014-03-19 09:20:59,bealonghorn.utexas.edu
2014-03-19 09:21:01,bealonghorn.utexas.edu
2014-03-19 09:21:05,bealonghorn.utexas.edu
2014-03-19 09:21:10,www.utexas.edu
2014-03-19 09:21:11,www.utexas.edu
2014-03-19 09:22:15,translate.google.fr
2014-03-19 09:22:15,inputtools.google.com
2014-03-19 09:22:22,www.utexas.edu
2014-03-19 09:22:23,www.utexas.edu
2014-03-19 09:22:24,www.utexas.edu
2014-03-19 09:23:09,www.utexas.edu
2014-03-19 09:23:10,www.utexas.edu
2014-03-19 09:23:11,www.utexas.edu
2014-03-19 09:23:57,www.utexas.edu
2014-03-19 09:23:58,www.utexas.edu
2014-03-19 09:24:24,www.utexas.edu
2014-03-19 09:24:25,docs.google.com
2014-03-19 09:24:38,clients6.google.com
2014-03-19 09:24:50,talkgadget.google.com
2014-03-19 09:25:49,www.google.fr
2014-03-19 09:25:49,plus.google.com
2014-03-19 09:26:14,plus.google.com
2014-03-19 09:26:14,www.google.fr
2014-03-19 09:26:14,sports.cbsimg.net
2014-03-19 09:26:15,images.footballfanatics.com
2014-03-19 09:26:15,dws.cbsimg.net
2014-03-19 09:26:15,p.typekit.net
2014-03-19 09:26:15,cn.cbsimg.net
2014-03-19 09:26:15,cbssports.com
2014-03-19 09:26:15,sports.cbsimg.net
2014-03-19 09:26:15,www.cbssports.com
2014-03-19 09:26:15,www.google.fr
2014-03-19 09:26:16,dw.cbsi.com
2014-03-19 09:26:16,choices.truste.com
2014-03-19 09:26:16,dw.cbssports.com
2014-03-19 09:26:16,api.cbssports.com
2014-03-19 09:26:16,sports.cbsimg.net
2014-03-19 09:26:17,sports.cbsimg.net
2014-03-19 09:26:17,www.cbssports.com
2014-03-19 09:26:17,i.i.cbsi.com
2014-03-19 09:26:21,images.maxpreps.com
2014-03-19 09:26:22,sports.cbsimg.net
2014-03-19 09:26:23,sports.cbsimg.net
2014-03-19 09:26:25,sports.cbsimg.net
2014-03-19 09:26:32,sports.cbsimg.net
2014-03-19 09:26:38,sports.cbsimg.net
2014-03-19 09:26:39,sports.cbsimg.net
2014-03-19 09:26:46,www.cbssports.com
2014-03-19 09:26:46,sports.cbsimg.net
2014-03-19 09:26:47,www.cbssports.com
2014-03-19 09:26:47,choices.truste.com
2014-03-19 09:26:47,dw.cbsi.com
2014-03-19 09:26:47,platform.twitter.com
2014-03-19 09:26:47,connect.facebook.net
2014-03-19 09:26:47,platform.stumbleupon.com
2014-03-19 09:26:47,api.cbssports.com
2014-03-19 09:26:47,p.typekit.net
2014-03-19 09:26:48,www.facebook.com
2014-03-19 09:26:48,static.ak.facebook.com
2014-03-19 09:26:48,s-static.ak.facebook.com
2014-03-19 09:26:48,sports.cbsimg.net
2014-03-19 09:26:48,platform.twitter.com
2014-03-19 09:26:48,www.cbssports.com
2014-03-19 09:26:50,www.facebook.com
2014-03-19 09:26:50,apis.google.com
2014-03-19 09:26:50,accounts.google.com
2014-03-19 09:26:51,www.google.com
2014-03-19 09:26:54,apis.google.com
2014-03-19 09:26:55,www.cbssports.com
2014-03-19 09:26:55,accounts.google.com
2014-03-19 09:26:56,www.cbssports.com
2014-03-19 09:27:00,twitter.com
2014-03-19 09:27:01,sports.cbsimg.net
2014-03-19 09:27:02,p.typekit.net
2014-03-19 09:27:02,www.cbssports.com
2014-03-19 09:27:02,sports.cbsimg.net
2014-03-19 09:27:02,cbssports.com
2014-03-19 09:27:02,twitter.com
2014-03-19 09:27:02,choices.truste.com
2014-03-19 09:27:02,platform.twitter.com
2014-03-19 09:27:03,choices.truste.com
2014-03-19 09:27:03,dw.cbsi.com
2014-03-19 09:27:03,api.cbssports.com
2014-03-19 09:27:03,www.cbssports.com
2014-03-19 09:27:03,wbmd.southwest.com
2014-03-19 09:27:04,wbmd.southwest.com
2014-03-19 09:27:15,sports.cbsimg.net
2014-03-19 09:27:16,www.cbssports.com
2014-03-19 09:27:19,p.typekit.net
2014-03-19 09:27:19,sports.cbsimg.net
2014-03-19 09:27:19,choices.truste.com
2014-03-19 09:27:20,sports.cbsimg.net
2014-03-19 09:27:20,dw.cbsi.com
2014-03-19 09:27:20,choices.truste.com
2014-03-19 09:27:21,s-static.ak.facebook.com
2014-03-19 09:27:21,www.facebook.com
2014-03-19 09:27:21,static.ak.facebook.com
2014-03-19 09:27:21,www.cbssports.com
2014-03-19 09:27:22,www.facebook.com
2014-03-19 09:27:24,sports.cbsimg.net
2014-03-19 09:27:24,um.simpli.fi
2014-03-19 09:27:25,badge.stumbleupon.com
2014-03-19 09:27:49,dw.cbsi.com
2014-03-19 09:27:49,choices.truste.com
2014-03-19 09:27:49,p.typekit.net
2014-03-19 09:27:50,sports.cbsimg.net
2014-03-19 09:27:50,www.cbssports.com
2014-03-19 09:27:50,www.facebook.com
2014-03-19 09:27:50,www.google.com
2014-03-19 09:27:50,api.cbssports.com
2014-03-19 09:27:50,static.ak.facebook.com
2014-03-19 09:27:50,s-static.ak.facebook.com
2014-03-19 09:27:51,www.cbssports.com
2014-03-19 09:27:52,twitter.com
2014-03-19 09:27:53,www.cbssports.com
2014-03-19 09:27:59,twitter.com
2014-03-19 09:28:01,apis.google.com
2014-03-19 09:28:03,accounts.google.com
2014-03-19 09:28:06,badge.stumbleupon.com
2014-03-19 09:28:11,images.maxpreps.com
2014-03-19 09:28:12,www.cbssports.com
2014-03-19 09:28:12,sports.cbsimg.net
2014-03-19 09:28:14,sports.cbsimg.net
2014-03-19 09:28:16,www.cbssports.com
2014-03-19 09:28:21,www.cbssports.com
2014-03-19 09:28:30,twitter.com
2014-03-19 09:28:30,api.cbssports.com
2014-03-19 09:28:36,www.cbssports.com
2014-03-19 09:28:38,sports.cbsimg.net
2014-03-19 09:28:38,apis.google.com
2014-03-19 09:28:38,accounts.google.com
2014-03-19 09:28:39,sports.cbsimg.net
2014-03-19 09:28:39,p.typekit.net
2014-03-19 09:28:41,choices.truste.com
2014-03-19 09:28:41,hal9000.redintelligence.net
2014-03-19 09:28:42,sports.cbsimg.net
2014-03-19 09:28:42,dw.cbsi.com
2014-03-19 09:28:42,hal9000.redintelligence.net
2014-03-19 09:28:43,banniere.reussissonsensemble.fr
2014-03-19 09:28:43,dsp.active-agent.com
2014-03-19 09:28:44,banniere.reussissonsensemble.fr
2014-03-19 09:28:51,apis.google.com
2014-03-19 09:28:52,www.cbssports.com
2014-03-19 09:29:20,www.cbssports.com
2014-03-19 09:29:24,sports.cbsimg.net
2014-03-19 09:29:25,sports.cbsimg.net
2014-03-19 09:29:25,cn.cbsimg.net
2014-03-19 09:29:25,p.typekit.net
2014-03-19 09:29:25,images.footballfanatics.com
2014-03-19 09:29:25,www.cbssports.com
2014-03-19 09:29:26,dws.cbsimg.net
2014-03-19 09:29:26,choices.truste.com
2014-03-19 09:29:26,dw.cbsi.com
2014-03-19 09:29:26,sports.cbsimg.net
2014-03-19 09:29:28,www.groupon.fr
2014-03-19 09:29:51,www.cbssports.com
2014-03-19 09:30:10,p.typekit.net
2014-03-19 09:30:11,dw.cbsi.com
2014-03-19 09:30:11,www.cbssports.com
2014-03-19 09:30:11,wbmd.southwest.com
2014-03-19 09:30:11,choices.truste.com
2014-03-19 09:30:12,s-static.ak.facebook.com
2014-03-19 09:30:12,twitter.com
2014-03-19 09:30:12,apis.google.com
2014-03-19 09:30:12,static.ak.facebook.com
2014-03-19 09:30:12,www.facebook.com
2014-03-19 09:30:13,wbmd.southwest.com
2014-03-19 09:30:22,talkgadget.google.com
2014-03-19 09:30:24,clients6.google.com
2014-03-19 09:30:27,sports.cbsimg.net
2014-03-19 09:30:32,www.cbssports.com
2014-03-19 09:30:34,sports.cbsimg.net
2014-03-19 09:30:34,www.cbssports.com
2014-03-19 09:30:34,choices.truste.com
2014-03-19 09:30:34,zor.livefyre.com
2014-03-19 09:30:34,p.typekit.net
2014-03-19 09:30:35,www.cbssports.com
2014-03-19 09:30:35,sports.cbsimg.net
2014-03-19 09:30:35,choices.truste.com
2014-03-19 09:30:39,zor.fyre.co
2014-03-19 09:30:39,dw.cbsi.com
2014-03-19 09:30:39,sports.cbsimg.net
2014-03-19 09:30:40,www.facebook.com
2014-03-19 09:30:40,s-static.ak.facebook.com
2014-03-19 09:30:40,static.ak.facebook.com
2014-03-19 09:30:40,sports.cbsimg.net
2014-03-19 09:30:40,zor.fyre.co
2014-03-19 09:30:40,api.cbssports.com
2014-03-19 09:30:41,ea.numericable.fr
2014-03-19 09:30:41,www.cbssports.com
2014-03-19 09:30:41,p.typekit.net
2014-03-19 09:30:41,match.rtbidder.net
2014-03-19 09:30:41,sports.cbsimg.net
2014-03-19 09:30:42,zor.fyre.co
2014-03-19 09:30:42,sports.cbsimg.net
2014-03-19 09:30:42,avatars.fyre.co
2014-03-19 09:30:43,avatars.fyre.co
2014-03-19 09:30:43,zor.fyre.co
2014-03-19 09:30:43,www.cbssports.com
2014-03-19 09:30:44,vidtech.cbsinteractive.com
2014-03-19 09:30:44,sports.cbsimg.net
2014-03-19 09:30:45,vidtech.cbsinteractive.com
2014-03-19 09:30:45,sports.cbsimg.net
2014-03-19 09:30:46,sports.cbsimg.net
2014-03-19 09:30:46,vidtech.cbsinteractive.com
2014-03-19 09:30:47,www.cbssports.com
2014-03-19 09:30:47,vidtech.cbsinteractive.com
2014-03-19 09:30:48,sports.cbsimg.net
2014-03-19 09:30:48,vidtech.cbsinteractive.com
2014-03-19 09:30:49,sports.cbsimg.net
2014-03-19 09:30:50,vidtech.cbsinteractive.com
2014-03-19 09:30:51,link.theplatform.com
2014-03-19 09:30:51,dw.cbsi.com
2014-03-19 09:30:52,thumbnails.cbsig.net
2014-03-19 09:30:53,thumbnails.cbsig.net
2014-03-19 09:30:58,dw.cbsi.com
2014-03-19 09:31:12,www.cbssports.com
2014-03-19 09:31:20,api.cbssports.com
2014-03-19 09:31:41,www.cbssports.com
2014-03-19 09:31:42,www.cbssports.com
2014-03-19 09:33:08,deanofstudents.utexas.edu
2014-03-19 09:33:09,deanofstudents.utexas.edu
2014-03-19 09:33:10,platform.twitter.com
2014-03-19 09:33:10,deanofstudents.utexas.edu
2014-03-19 09:33:22,pbs.twimg.com
2014-03-19 09:33:23,pbs.twimg.com
2014-03-19 09:33:23,deanofstudents.utexas.edu
2014-03-19 09:33:32,twitter.com
2014-03-19 09:33:36,2.docs.google.com
2014-03-19 09:33:53,twitter.com
2014-03-19 09:33:53,pbs.twimg.com
2014-03-19 09:33:54,deanofstudents.utexas.edu
2014-03-19 09:33:59,deanofstudents.utexas.edu
2014-03-19 09:34:01,syndication.twitter.com
2014-03-19 09:34:02,syndication.twitter.com
2014-03-19 09:34:17,twitter.com
2014-03-19 09:34:25,gg.google.com
2014-03-19 09:34:30,twitter.com
2014-03-19 09:35:10,platform.twitter.com
2014-03-19 09:35:10,pbs.twimg.com
2014-03-19 09:36:17,clients6.google.com
2014-03-19 09:36:23,talkgadget.google.com
2014-03-19 09:36:29,docs.google.com
2014-03-19 09:36:38,docs.google.com
2014-03-19 09:36:43,docs.google.com
2014-03-19 09:36:45,clients2.google.com
2014-03-19 09:36:47,docs.google.com
2014-03-19 09:36:48,clients2.google.com
2014-03-19 09:36:48,docs.google.com
2014-03-19 09:36:48,apis.google.com
2014-03-19 09:36:49,docs.google.com
2014-03-19 09:36:49,www.google.com
2014-03-19 09:36:50,3.docs.google.com
2014-03-19 09:36:51,3.docs.google.com
2014-03-19 09:36:53,docs.google.com
2014-03-19 09:37:01,accounts.google.com
2014-03-19 09:37:06,apis.google.com
2014-03-19 09:37:08,clients6.google.com
2014-03-19 09:37:41,mail.google.com
2014-03-19 09:37:41,clients6.google.com
2014-03-19 09:37:45,talkgadget.google.com
2014-03-19 09:37:46,apis.google.com
2014-03-19 09:37:59,mail.google.com
2014-03-19 09:38:21,docs.google.com
2014-03-19 09:38:21,plus.google.com
2014-03-19 09:38:38,docs.google.com
2014-03-19 09:38:41,docs.google.com
2014-03-19 09:38:44,4.docs.google.com
2014-03-19 09:38:45,4.docs.google.com
2014-03-19 09:38:47,docs.google.com
2014-03-19 09:38:55,4.talkgadget.google.com
2014-03-19 09:38:56,apis.google.com
2014-03-19 09:38:58,4.talkgadget.google.com
2014-03-19 09:38:58,plus.google.com
2014-03-19 09:39:23,plus.google.com
2014-03-19 09:39:34,gg.google.com
2014-03-19 09:40:01,docs.google.com
2014-03-19 09:40:02,docs.google.com
2014-03-19 09:40:03,mail.google.com
2014-03-19 09:40:07,talkgadget.google.com
2014-03-19 09:40:08,2.docs.google.com
2014-03-19 09:40:08,clients6.google.com
2014-03-19 09:40:08,docs.google.com
2014-03-19 09:40:08,apis.google.com
2014-03-19 09:40:08,www.google.com
2014-03-19 09:40:08,www.google.fr
2014-03-19 09:40:08,plus.google.com
2014-03-19 09:40:11,www.google.com
2014-03-19 09:40:11,mail.google.com
2014-03-19 09:40:16,accounts.google.com
2014-03-19 09:40:16,plus.google.com
2014-03-19 09:40:16,mail.google.com
2014-03-19 09:40:16,accounts.youtube.com
2014-03-19 09:40:16,docs.google.com
2014-03-19 09:40:16,4.docs.google.com
2014-03-19 09:40:16,3.docs.google.com
2014-03-19 09:40:16,accounts.google.fr
2014-03-19 09:40:16,clients6.google.com
2014-03-19 09:40:16,talkgadget.google.com
2014-03-19 09:40:16,4.talkgadget.google.com
2014-03-19 09:40:16,apis.google.com
2014-03-19 09:40:16,www.google.com
2014-03-26 08:06:00,google.fr
2014-03-26 08:06:00,www.google.fr
2014-03-26 08:06:13,www.google.fr
2014-03-26 08:06:14,apis.google.com
2014-03-26 08:06:17,www.google.com
2014-03-26 08:06:19,mail.google.com
2014-03-26 08:06:31,accounts.google.com
2014-03-26 08:06:35,apis.google.com
2014-03-26 08:06:38,accounts.youtube.com
2014-03-26 08:06:38,www.google.fr
2014-03-26 08:08:38,www.google.com
2014-03-26 08:08:38,www.google.fr
2014-03-26 08:08:38,mail.google.com
2014-03-26 08:08:38,accounts.google.com
2014-03-26 08:08:38,accounts.youtube.com
2014-03-26 08:09:07,ieonline.microsoft.com
2014-03-26 08:09:58,accounts.google.fr
2014-03-26 08:10:00,accounts.google.com
2014-03-26 08:10:00,accounts.youtube.com
2014-03-26 08:10:00,accounts.google.fr
2014-03-26 08:10:00,clients2.google.com
2014-03-26 08:10:00,mail.google.com
2014-03-26 08:10:00,www.google.com
2014-03-26 08:10:01,clients2.google.com
2014-03-26 08:10:03,chatenabled.mail.google.com
2014-03-26 08:10:04,mail.google.com
2014-03-26 08:10:11,mail.google.com
2014-03-26 08:10:15,accounts.google.com
2014-03-26 08:10:20,mail.google.com
2014-03-26 08:10:51,chatenabled.mail.google.com
2014-03-26 08:10:51,mail.google.com
2014-03-26 08:10:51,apis.google.com
2014-03-26 08:10:52,www.google.com
2014-03-26 08:10:52,mail.google.com
2014-03-26 08:10:52,www.bing.com
2014-03-26 08:10:53,www.bing.com
2014-03-26 08:10:53,cms.abmr.net
2014-03-26 08:10:54,www.google.com
2014-03-26 08:10:54,www.bing.com
2014-03-26 08:11:00,drive.google.com
2014-03-26 08:11:01,mail.google.com
2014-03-26 08:11:01,drive.google.com
2014-03-26 08:11:02,drive.google.com
2014-03-26 08:11:04,0.drive.google.com
2014-03-26 08:11:06,login.live.com
2014-03-26 08:11:07,apis.google.com
2014-03-26 08:11:07,docs.google.com
2014-03-26 08:11:07,drive.google.com
2014-03-26 08:11:08,docs.google.com
2014-03-26 08:11:12,docs.google.com
2014-03-26 08:11:13,docs.google.com
2014-03-26 08:11:13,drive.google.com
2014-03-26 08:11:13,0.drive.google.com
2014-03-26 08:11:21,docs.google.com
2014-03-26 08:11:25,docs.google.com
2014-03-26 08:11:26,docs.google.com
2014-03-26 08:11:26,www.google.com
2014-03-26 08:11:28,docs.google.com
2014-03-26 08:11:30,docs.google.com
2014-03-26 08:11:33,docs.google.com
2014-03-26 08:11:34,docs.google.com
2014-03-26 08:11:35,www.google.com
2014-03-26 08:11:39,0.docs.google.com
2014-03-26 08:11:39,apis.google.com
2014-03-26 08:11:40,0.docs.google.com
2014-03-26 08:11:43,0.docs.google.com
2014-03-26 08:12:14,docs.google.com
2014-03-26 08:13:36,docs.google.com
2014-03-26 08:15:30,www.reverso.net
2014-03-26 08:15:31,api.conduit.com
2014-03-26 08:15:31,cdn2.reverso.net
2014-03-26 08:15:31,ajax.googleapis.com
2014-03-26 08:15:31,connect.facebook.net
2014-03-26 08:15:32,s-static.ak.facebook.com
2014-03-26 08:15:32,www.facebook.com
2014-03-26 08:15:32,cdn2.reverso.net
2014-03-26 08:15:32,static.ak.facebook.com
2014-03-26 08:15:35,i1-js-14-3-01-12160-78679621-i.init.cedexis-radar.net
2014-03-26 08:15:35,cdx1.ecritel.bench.cedexis.com
2014-03-26 08:15:36,cdx1.ecritel.bench.cedexis.com
2014-03-26 08:15:37,fastly.bench.cedexis.com.global.prod.fastly.net
2014-03-26 08:15:37,fastly.bench.cedexis.com
2014-03-26 08:15:38,cdn2.reverso.net
2014-03-26 08:15:38,netdna.cedexis.com
2014-03-26 08:15:39,www.reverso.net
2014-03-26 08:15:40,apis.google.com
2014-03-26 08:16:49,www.google.fr
2014-03-26 08:17:09,www.google.fr
2014-03-26 08:17:37,docs.google.com
2014-03-26 08:17:54,www.google.fr
2014-03-26 08:17:58,www.google.fr
2014-03-26 08:17:58,www.students.mq.edu.au
2014-03-26 08:17:59,www.students.mq.edu.au
2014-03-26 08:18:00,www.google.com
2014-03-26 08:18:00,www.mq.edu.au
2014-03-26 08:18:00,www.students.mq.edu.au
2014-03-26 08:18:01,www.students.mq.edu.au
2014-03-26 08:18:01,www.mq.edu.au
2014-03-26 08:18:02,www.students.mq.edu.au
2014-03-26 08:18:02,www.google.com
2014-03-26 08:18:02,www.mq.edu.au
2014-03-26 08:18:04,www.google.com
2014-03-26 08:18:04,mq.edu.au
2014-03-26 08:18:05,www.mq.edu.au
2014-03-26 08:18:05,www.students.mq.edu.au
2014-03-26 08:18:05,mq.edu.au
2014-03-26 08:18:06,www.mq.edu.au
2014-03-26 08:18:07,www.students.mq.edu.au
2014-03-26 08:18:11,clients1.google.fr
2014-03-26 08:18:12,www.students.mq.edu.au
2014-03-26 08:18:13,clients1.google.fr
2014-03-26 08:18:16,clients1.google.com
2014-03-26 08:18:17,students.mq.edu.au
2014-03-26 08:18:17,www.students.mq.edu.au
2014-03-26 08:19:16,www.reverso.net
2014-03-26 08:19:16,cdn2.reverso.net
2014-03-26 08:19:17,connect.facebook.net
2014-03-26 08:19:17,static.ak.facebook.com
2014-03-26 08:19:17,www.facebook.com
2014-03-26 08:19:17,s-static.ak.facebook.com
2014-03-26 08:19:17,cdn2.reverso.net
2014-03-26 08:19:19,i1-js-14-3-01-12160-337850177-i.init.cedexis-radar.net
2014-03-26 08:19:20,cloudfront.cedexis.com
2014-03-26 08:19:20,level3.cedexis.com
2014-03-26 08:19:21,lon1.rackspace.bench.cedexis.com
2014-03-26 08:19:21,level3.cedexis.com
2014-03-26 08:19:22,transact-can.cedexis.com
2014-03-26 08:19:23,cdn2.reverso.net
2014-03-26 08:19:24,www.reverso.net
2014-03-26 08:19:31,cdn2.reverso.net
2014-03-26 08:19:36,cdn2.reverso.net
2014-03-26 08:19:36,ajax.googleapis.com
2014-03-26 08:19:36,static.ak.facebook.com
2014-03-26 08:19:36,s-static.ak.facebook.com
2014-03-26 08:19:36,www.reverso.net
2014-03-26 08:19:37,fpdownload2.macromedia.com
2014-03-26 08:19:39,i1-js-14-3-01-12160-456541955-i.init.cedexis-radar.net
2014-03-26 08:19:41,ec2-us-west-2a.cedexis.com
2014-03-26 08:19:45,cdn2.reverso.net
2014-03-26 08:19:46,www.reverso.net
2014-03-26 08:20:35,www.reverso.net
2014-03-26 08:20:36,cdn2.reverso.net
2014-03-26 08:20:36,ajax.googleapis.com
2014-03-26 08:20:36,www.facebook.com
2014-03-26 08:20:36,static.ak.facebook.com
2014-03-26 08:20:36,s-static.ak.facebook.com
2014-03-26 08:20:39,bitgravity.cedexis.com
2014-03-26 08:20:39,i1-js-14-3-01-12160-992698180-i.init.cedexis-radar.net
2014-03-26 08:20:40,bitgravity.cedexis.com
2014-03-26 08:20:41,val.cloudwatt.bench.cedexis.com
2014-03-26 08:20:41,ec2-us-west-2a.cedexis.com
2014-03-26 08:20:42,cloudfront.cedexis.com
2014-03-26 08:20:43,cdn2.reverso.net
2014-03-26 08:20:43,cloudfront.cedexis.com
2014-03-26 08:20:44,www.reverso.net
2014-03-26 08:20:44,cedexis-test01.insnw.net
2014-03-26 08:20:44,cdn2.reverso.net
2014-03-26 08:22:12,cdn2.reverso.net
2014-03-26 08:22:12,www.reverso.net
2014-03-26 08:22:12,context2.reverso.net
2014-03-26 08:22:23,www.reverso.net
2014-03-26 08:24:06,cdn2.reverso.net
2014-03-26 08:24:06,dictionnaire.reverso.net
2014-03-26 08:24:06,www.reverso.net
2014-03-26 08:24:06,ajax.googleapis.com
2014-03-26 08:24:07,match.rtbidder.net
2014-03-26 08:24:47,www.reverso.net
2014-03-26 08:25:03,www.reverso.net
2014-03-26 08:25:04,dictionnaire.reverso.net
2014-03-26 08:25:04,www.reverso.net
2014-03-26 08:25:05,choices.truste.com
2014-03-26 08:25:06,choices.truste.com
2014-03-26 08:25:28,www.reverso.net
2014-03-26 08:25:48,www.bing.com
2014-03-26 08:25:50,www.bing.com
2014-03-26 08:25:58,www.bing.com
2014-03-26 08:25:59,login.live.com
2014-03-26 08:26:01,drive.google.com
2014-03-26 08:26:02,ssl.bing.com
2014-03-26 08:26:04,1.drive.google.com
2014-03-26 08:26:05,1.drive.google.com
2014-03-26 08:26:12,1.docs.google.com
2014-03-26 08:26:13,1.talkgadget.google.com
2014-03-26 08:26:13,1.docs.google.com
2014-03-26 08:26:14,1.talkgadget.google.com
2014-03-26 08:26:14,docs.google.com
2014-03-26 08:26:15,docs.google.com
2014-03-26 08:26:17,plus.google.com
2014-03-26 08:26:19,docs.google.com
2014-03-26 08:27:02,gg.google.com
2014-03-26 08:27:15,1.talkgadget.google.com
2014-03-26 08:28:13,dictionnaire.reverso.net
2014-03-26 08:28:13,www.reverso.net
2014-03-26 08:28:14,hal9000.redintelligence.net
2014-03-26 08:28:15,dictionnaire.reverso.net
2014-03-26 08:28:15,www.reverso.net
2014-03-26 08:28:15,banniere.reussissonsensemble.fr
2014-03-26 08:28:49,docs.google.com
2014-03-26 08:28:49,1.docs.google.com
2014-03-26 08:28:49,1.talkgadget.google.com
2014-03-26 08:28:51,accounts.google.com
2014-03-26 08:28:58,0.docs.google.com
2014-03-26 08:28:58,docs.google.com
2014-03-26 08:29:08,drive.google.com
2014-03-26 08:29:10,plus.google.com
2014-03-26 08:29:10,1.talkgadget.google.com
2014-03-26 08:29:10,www.google.com
2014-03-26 08:29:10,clients2.google.com
2014-03-26 08:29:10,apis.google.com
2014-03-26 08:29:13,2.docs.google.com
2014-03-26 08:29:14,2.talkgadget.google.com
2014-03-26 08:29:14,www.google.com
2014-03-26 08:30:10,clients2.google.com
2014-03-26 08:30:15,docs.google.com
2014-03-26 08:30:19,docs.google.com
2014-03-26 08:30:53,accounts.google.com
2014-03-26 08:31:02,gg.google.com
2014-03-26 08:31:51,docs.google.com
2014-03-26 08:33:08,drive.google.com
2014-03-26 08:33:15,plus.google.com
2014-03-26 08:33:15,2.talkgadget.google.com
2014-03-26 08:33:28,www.reverso.net
2014-03-26 08:33:28,api.conduit.com
2014-03-26 08:33:29,s-static.ak.facebook.com
2014-03-26 08:33:29,ajax.googleapis.com
2014-03-26 08:33:29,static.ak.facebook.com
2014-03-26 08:33:29,rp.gwallet.com
2014-03-26 08:33:29,www.google.com
2014-03-26 08:33:38,www.reverso.net
2014-03-26 08:33:39,s-static.ak.facebook.com
2014-03-26 08:33:39,www.facebook.com
2014-03-26 08:33:39,static.ak.facebook.com
2014-03-26 08:33:39,www.reverso.net
2014-03-26 08:33:39,dictionnaire.reverso.net
2014-03-26 08:33:40,um.simpli.fi
2014-03-26 08:33:40,www.google.com
2014-03-26 08:33:41,accounts.google.com
2014-03-26 08:33:42,i1-js-14-3-01-12160-149034531-i.init.cedexis-radar.net
2014-03-26 08:33:43,probe.cedexis.org
2014-03-26 08:33:43,cdx1.ecritel.bench.cedexis.com
2014-03-26 08:33:43,accounts.google.com
2014-03-26 08:33:44,llnwop.cedexis.com
2014-03-26 08:33:44,cdn2.reverso.net
2014-03-26 08:33:44,www.reverso.net
2014-03-26 08:33:45,www.reverso.net
2014-03-26 08:34:02,drive.google.com
2014-03-26 08:34:15,www.google.com
2014-03-26 08:35:27,accounts.google.com
2014-03-26 08:35:28,www.reverso.net
2014-03-26 08:35:28,dictionnaire.reverso.net
2014-03-26 08:35:35,dictionnaire.reverso.net
2014-03-26 08:35:35,www.reverso.net
2014-03-26 08:35:40,www.reverso.net
2014-03-26 08:35:41,www.reverso.net
2014-03-26 08:35:41,s-static.ak.facebook.com
2014-03-26 08:35:41,dictionnaire.reverso.net
2014-03-26 08:35:41,www.facebook.com
2014-03-26 08:35:41,static.ak.facebook.com
2014-03-26 08:35:45,i1-js-14-3-01-12160-935903694-i.init.cedexis-radar.net
2014-03-26 08:35:46,val.cloudwatt.bench.cedexis.com
2014-03-26 08:35:48,cloudfront.cedexis.com
2014-03-26 08:35:48,level3.cedexis.com
2014-03-26 08:35:49,cloudfront.cedexis.com
2014-03-26 08:35:49,www.reverso.net
2014-03-26 08:35:50,cdn2.reverso.net
2014-03-26 08:35:52,apis.google.com
2014-03-26 08:35:52,docs.google.com
2014-03-26 08:37:52,accounts.google.com
2014-03-26 08:37:52,apis.google.com
2014-03-26 08:38:26,docs.google.com
2014-03-26 08:38:26,1.drive.google.com
2014-03-26 08:38:26,2.docs.google.com
2014-03-26 08:38:27,drive.google.com
2014-03-26 08:44:31,www.google.fr
2014-03-26 08:44:31,google.fr
2014-03-26 08:44:43,www.google.fr
2014-03-26 08:44:44,apis.google.com
2014-03-26 08:44:46,www.google.com
2014-03-26 08:44:47,www.google.fr
2014-03-26 08:45:29,www.google.fr
2014-03-26 08:45:41,www.google.fr
2014-03-26 08:45:50,www.google.fr
2014-03-26 08:45:51,www.google.fr
2014-03-26 08:45:51,stadeproligne.sportsdirectinc.com
2014-03-26 08:45:52,stadeproligne.sportsdirectinc.com
2014-03-26 08:45:52,images.sportsdirectinc.com
2014-03-26 08:45:52,www.google.fr
2014-03-26 08:45:53,images.sportsdirectinc.com
2014-03-26 08:45:54,stadeproligne.sportsdirectinc.com
2014-03-26 08:45:59,www.google.fr
2014-03-26 08:46:14,www.google.fr
2014-03-26 08:46:15,scores.espn.go.com
2014-03-26 08:46:15,sports-ak.espn.go.com
2014-03-26 08:46:15,www.google.fr
2014-03-26 08:46:16,scores.espn.go.com
2014-03-26 08:46:16,player.ooyala.com
2014-03-26 08:46:16,games-ak.espn.go.com
2014-03-26 08:46:16,broadband.espn.go.com
2014-03-26 08:46:17,tredir.go.com
2014-03-26 08:46:17,opf.ooyala.com
2014-03-26 08:46:17,assets.espn.go.com
2014-03-26 08:46:17,player.ooyala.com
2014-03-26 08:46:17,log.go.com
2014-03-26 08:46:17,sports-ak.espn.go.com
2014-03-26 08:46:17,w88.go.com
2014-03-26 08:46:18,opf.ooyala.com
2014-03-26 08:46:18,player.ooyala.com
2014-03-26 08:46:18,adm.fwmrm.net
2014-03-26 08:46:18,w88.go.com
2014-03-26 08:46:18,cdn-api.ooyala.com
2014-03-26 08:46:18,ak.c.ooyala.com
2014-03-26 08:46:19,sports-ak.espn.go.com
2014-03-26 08:46:20,vod.espn.go.com
2014-03-26 08:46:20,l.ooyala.com
2014-03-26 08:46:25,assets.espn.go.com
2014-03-26 08:46:31,pbs.twimg.com
2014-03-26 08:46:31,assets.espn.go.com
2014-03-26 08:46:31,espn.go.com
2014-03-26 08:46:31,sports-ak.espn.go.com
2014-03-26 08:46:32,tredir.go.com
2014-03-26 08:46:32,player.ooyala.com
2014-03-26 08:46:32,log.go.com
2014-03-26 08:46:32,connect.facebook.net
2014-03-26 08:46:33,s-static.ak.facebook.com
2014-03-26 08:46:33,www.facebook.com
2014-03-26 08:46:33,static.ak.facebook.com
2014-03-26 08:46:34,w88.go.com
2014-03-26 08:46:34,player.ooyala.com
2014-03-26 08:46:34,vod.espn.go.com
2014-03-26 08:46:35,l.ooyala.com
2014-03-26 08:46:43,apis.google.com
2014-03-26 08:46:44,livepassdl.conviva.com
2014-03-26 08:46:44,platform.twitter.com
2014-03-26 08:46:44,apis.google.com
2014-03-26 08:46:48,assets.espn.go.com
2014-03-26 08:46:48,espn.go.com
2014-03-26 08:46:50,adm.fwmrm.net
2014-03-26 08:46:51,vod.espn.go.com
2014-03-26 08:46:51,l.ooyala.com
2014-03-26 08:47:03,www.google.fr
2014-03-26 08:47:03,www.google.com
2014-03-26 08:47:03,apis.google.com
2014-03-26 08:47:08,espn.go.com
2014-03-26 08:47:09,espn.go.com
2014-03-26 08:47:22,www.facebook.com
2014-03-26 08:47:24,espn.go.com
2014-03-26 08:47:26,sports-ak.espn.go.com
2014-03-26 08:47:27,player.ooyala.com
2014-03-26 08:47:27,log.go.com
2014-03-26 08:47:27,scores.espn.go.com
2014-03-26 08:47:28,w88.go.com
2014-03-26 08:47:28,player.ooyala.com
2014-03-26 08:47:29,player.ooyala.com
2014-03-26 08:47:42,www.google.fr
2014-03-26 08:47:43,apis.google.com
2014-03-26 08:47:43,www.google.fr
2014-03-26 08:47:43,www.ncaa.com
2014-03-26 08:47:43,i2.turner.ncaa.com
2014-03-26 08:47:43,i.turner.ncaa.com
2014-03-26 08:47:44,www.ncaa.com
2014-03-26 08:47:44,i2.turner.ncaa.com
2014-03-26 08:47:44,data.ncaa.com
2014-03-26 08:47:45,i2.turner.ncaa.com
2014-03-26 08:47:49,i2.turner.ncaa.com
2014-03-26 08:47:51,cdns.gigya.com
2014-03-26 08:47:51,i2.turner.ncaa.com
2014-03-26 08:47:54,data.ncaa.com
2014-03-26 08:48:04,data.ncaa.com
2014-03-26 08:48:14,data.ncaa.com
2014-03-26 08:48:25,data.ncaa.com
2014-03-26 08:48:35,data.ncaa.com
2014-03-26 08:48:46,data.ncaa.com
2014-03-26 08:48:55,cdns.gigya.com
2014-03-26 08:48:55,data.ncaa.com
2014-03-26 08:49:05,data.ncaa.com
2014-03-26 08:49:15,data.ncaa.com
2014-03-26 08:49:25,data.ncaa.com
2014-03-26 08:49:35,data.ncaa.com
2014-03-26 08:49:47,data.ncaa.com
2014-03-26 08:49:55,data.ncaa.com
2014-03-26 08:50:05,data.ncaa.com
2014-03-26 08:50:15,data.ncaa.com
2014-03-26 08:50:25,data.ncaa.com
2014-03-26 08:50:35,data.ncaa.com
2014-03-26 08:50:46,data.ncaa.com
2014-03-26 08:50:55,data.ncaa.com
2014-03-26 08:51:05,data.ncaa.com
2014-03-26 08:51:16,data.ncaa.com
2014-03-26 08:51:25,data.ncaa.com
2014-03-26 08:51:35,data.ncaa.com
2014-03-26 08:51:45,data.ncaa.com
2014-03-26 08:51:55,data.ncaa.com
2014-03-26 08:52:05,data.ncaa.com
2014-03-26 08:52:15,data.ncaa.com
2014-03-26 08:52:25,data.ncaa.com
2014-03-26 08:52:35,data.ncaa.com
2014-03-26 08:52:45,data.ncaa.com
2014-03-26 08:52:55,data.ncaa.com
2014-03-26 08:53:05,data.ncaa.com
2014-03-26 08:53:15,data.ncaa.com
2014-03-26 08:53:25,data.ncaa.com
2014-03-26 08:53:35,data.ncaa.com
2014-03-26 08:53:45,data.ncaa.com
2014-03-26 08:53:55,data.ncaa.com
2014-03-26 08:54:05,data.ncaa.com
2014-03-26 08:54:15,data.ncaa.com
2014-03-26 08:54:25,data.ncaa.com
2014-03-26 08:54:35,data.ncaa.com
2014-03-26 08:54:45,data.ncaa.com
2014-03-26 08:54:57,data.ncaa.com
2014-03-26 08:55:05,data.ncaa.com
2014-03-26 08:55:15,data.ncaa.com
2014-03-26 08:55:25,data.ncaa.com
2014-03-26 08:55:35,data.ncaa.com
2014-03-26 08:55:45,data.ncaa.com
2014-03-26 08:55:55,data.ncaa.com
2014-03-26 08:56:05,data.ncaa.com
2014-03-26 08:56:15,data.ncaa.com
2014-03-26 08:56:26,data.ncaa.com
2014-03-26 08:56:35,data.ncaa.com
2014-03-26 08:56:45,data.ncaa.com
2014-03-26 08:56:55,data.ncaa.com
2014-03-26 08:57:05,data.ncaa.com
2014-03-26 08:57:15,data.ncaa.com
2014-03-26 08:57:25,data.ncaa.com
2014-03-26 08:57:35,data.ncaa.com
2014-03-26 08:57:45,data.ncaa.com
2014-03-26 08:57:55,data.ncaa.com
2014-03-26 08:58:06,data.ncaa.com
2014-03-26 08:58:15,data.ncaa.com
2014-03-26 08:58:25,data.ncaa.com
2014-03-26 08:58:35,data.ncaa.com
2014-03-26 08:58:45,data.ncaa.com
2014-03-26 08:58:57,data.ncaa.com
2014-03-26 08:59:05,data.ncaa.com
2014-03-26 08:59:15,data.ncaa.com
2014-03-26 08:59:25,data.ncaa.com
2014-03-26 08:59:35,data.ncaa.com
2014-03-26 08:59:45,data.ncaa.com
2014-03-26 08:59:55,data.ncaa.com
2014-03-26 09:00:07,data.ncaa.com
2014-03-26 09:00:15,data.ncaa.com
2014-03-26 09:00:25,data.ncaa.com
2014-03-26 09:00:35,data.ncaa.com
2014-03-26 09:00:45,data.ncaa.com
2014-03-26 09:00:55,data.ncaa.com
2014-03-26 09:01:05,data.ncaa.com
2014-03-26 09:01:15,data.ncaa.com
2014-03-26 09:01:25,data.ncaa.com
2014-03-26 09:01:36,data.ncaa.com
2014-03-26 09:01:45,data.ncaa.com
2014-03-26 09:01:55,data.ncaa.com
2014-03-26 09:02:05,data.ncaa.com
2014-03-26 09:02:15,data.ncaa.com
2014-03-26 09:02:25,data.ncaa.com
2014-03-26 09:02:35,data.ncaa.com
2014-03-26 09:02:45,data.ncaa.com
2014-03-26 09:02:55,data.ncaa.com
2014-03-26 09:02:59,www.bing.com
2014-03-26 09:03:05,data.ncaa.com
2014-03-26 09:03:13,www.bing.com
2014-03-26 09:03:14,www.bing.com
2014-03-26 09:03:15,www.bing.com
2014-03-26 09:03:15,data.ncaa.com
2014-03-26 09:03:23,www.bing.com
2014-03-26 09:03:25,data.ncaa.com
2014-03-26 09:03:30,login.live.com
2014-03-26 09:03:35,data.ncaa.com
2014-03-26 09:03:37,www.bing.com
2014-03-26 09:03:45,data.ncaa.com
2014-03-26 09:03:55,data.ncaa.com
2014-03-26 09:04:06,data.ncaa.com
2014-03-26 09:04:15,data.ncaa.com
2014-03-26 09:04:25,data.ncaa.com
2014-03-26 09:04:35,data.ncaa.com
2014-03-26 09:04:38,ssl.bing.com
2014-03-26 09:04:38,www.bing.com
2014-03-26 09:04:41,www.bing.com
2014-03-26 09:04:45,data.ncaa.com
2014-03-26 09:04:45,www.bing.com
2014-03-26 09:04:52,www.bing.com
2014-03-26 09:04:53,login.live.com
2014-03-26 09:04:55,data.ncaa.com
2014-03-26 09:04:56,drive.google.com
2014-03-26 09:04:59,drive.google.com
2014-03-26 09:05:00,drive.google.com
2014-03-26 09:05:00,apis.google.com
2014-03-26 09:05:03,0.drive.google.com
2014-03-26 09:05:06,drive.google.com
2014-03-26 09:05:06,apis.google.com
2014-03-26 09:05:06,data.ncaa.com
2014-03-26 09:05:17,docs.google.com
2014-03-26 09:05:17,data.ncaa.com
2014-03-26 09:05:17,drive.google.com
2014-03-26 09:05:18,docs.google.com
2014-03-26 09:05:19,www.google.com
2014-03-26 09:05:22,accounts.google.com
2014-03-26 09:05:23,0.drive.google.com
2014-03-26 09:05:23,accounts.youtube.com
2014-03-26 09:05:23,docs.google.com
2014-03-26 09:05:23,www.google.com
2014-03-26 09:05:25,data.ncaa.com
2014-03-26 09:05:26,www.google.com
2014-03-26 09:05:26,www.google.fr
2014-03-26 09:05:26,mail.google.com
2014-03-26 09:05:26,drive.google.com
2014-03-26 09:05:26,accounts.google.fr
2014-03-26 09:05:27,accounts.youtube.com
2014-03-26 09:05:30,mail.google.com
2014-03-26 09:05:30,accounts.google.fr
2014-03-26 09:05:35,data.ncaa.com
2014-03-26 09:05:48,accounts.google.com
2014-03-26 09:05:48,www.google.com
2014-03-26 09:05:48,drive.google.com
2014-03-26 09:05:48,accounts.youtube.com
2014-03-26 09:06:11,google.fr
2014-03-26 09:06:11,www.google.fr
2014-03-26 09:06:23,www.google.fr
2014-03-26 09:06:24,apis.google.com
2014-03-26 09:06:27,www.google.com
2014-03-26 09:07:08,mail.google.com
2014-03-26 09:07:10,mail.google.com
2014-03-26 09:07:12,accounts.google.com
2014-03-26 09:07:13,www.google.fr
2014-03-26 09:07:15,apis.google.com
2014-03-26 09:07:15,www.google.fr
2014-03-26 09:07:20,accounts.youtube.com
2014-03-26 09:07:20,www.google.fr
2014-03-26 09:07:20,www.google.com
2014-03-26 09:08:13,mail.google.com
2014-03-26 09:08:20,mail.google.com
2014-03-26 09:08:22,accounts.google.fr
2014-03-26 09:08:23,accounts.google.fr
2014-03-26 09:08:24,accounts.youtube.com
2014-03-26 09:08:25,www.google.com
2014-03-26 09:08:25,accounts.google.com
2014-03-26 09:08:25,accounts.google.fr
2014-03-26 09:08:25,mail.google.com
2014-03-26 09:08:25,clients2.google.com
2014-03-26 09:08:26,plus.google.com
2014-03-26 09:08:26,mail.google.com
2014-03-26 09:08:26,clients2.google.com
2014-03-26 09:08:27,mail.google.com
2014-03-26 09:08:27,talkgadget.google.com
2014-03-26 09:08:28,plus.google.com
2014-03-26 09:08:29,accounts.google.com
2014-03-26 09:08:29,talkgadget.google.com
2014-03-26 09:08:30,mail.google.com
2014-03-26 09:08:30,plus.google.com
2014-03-26 09:08:30,clients6.google.com
2014-03-26 09:08:30,talkgadget.google.com
2014-03-26 09:08:30,accounts.google.com
2014-03-26 09:08:36,apis.google.com
2014-03-26 09:08:39,clients6.google.com
2014-03-26 09:08:40,talkgadget.google.com
2014-03-26 09:08:40,plus.google.com
2014-03-26 09:08:40,clients6.google.com
2014-03-26 09:08:40,apis.google.com
2014-03-26 09:09:00,docs.google.com
2014-03-26 09:09:04,docs.google.com
2014-03-26 09:09:06,apis.google.com
2014-03-26 09:09:07,docs.google.com
2014-03-26 09:09:07,www.google.com
2014-03-26 09:09:09,docs.google.com
2014-03-26 09:09:16,docs.google.com
2014-03-26 09:09:18,0.docs.google.com
2014-03-26 09:09:18,apis.google.com
2014-03-26 09:09:19,apis.google.com
2014-03-26 09:09:19,0.docs.google.com
2014-03-26 09:09:31,mail.google.com
2014-03-26 09:09:41,www.google.com
2014-03-26 09:09:42,apis.google.com
2014-03-26 09:09:42,clients2.google.com
2014-03-26 09:09:45,www.google.com
2014-03-26 09:09:45,0.docs.google.com
2014-03-26 09:09:45,clients2.google.com
2014-03-26 09:09:46,docs.google.com
2014-03-26 09:09:48,1.docs.google.com
2014-03-26 09:09:48,accounts.google.com
2014-03-26 09:09:48,docs.google.com
2014-03-26 09:09:51,docs.google.com
2014-03-26 09:09:51,clients6.google.com
2014-03-26 09:10:40,talkgadget.google.com
2014-03-26 09:10:42,docs.google.com
2014-03-26 09:12:39,docs.google.com
2014-03-26 09:13:31,mail.google.com
2014-03-26 09:13:32,clients6.google.com
2014-03-26 09:13:36,clients6.google.com
2014-03-26 09:13:37,talkgadget.google.com
2014-03-26 09:13:45,apis.google.com
2014-03-26 09:13:48,accounts.google.com
2014-03-26 09:13:52,apis.google.com
2014-03-26 09:13:53,docs.google.com
2014-03-26 09:13:53,clients6.google.com
2014-03-26 09:13:56,clients2.google.com
2014-03-26 09:13:57,docs.google.com
2014-03-26 09:13:58,clients2.google.com
2014-03-26 09:13:59,docs.google.com
2014-03-26 09:14:00,www.google.com
2014-03-26 09:14:01,docs.google.com
2014-03-26 09:14:08,docs.google.com
2014-03-26 09:14:11,2.docs.google.com
2014-03-26 09:14:11,apis.google.com
2014-03-26 09:14:12,2.docs.google.com
2014-03-26 09:14:13,2.docs.google.com
2014-03-26 09:14:23,docs.google.com
2014-03-26 09:14:41,mail.google.com
2014-03-26 09:14:42,clients6.google.com
2014-03-26 09:14:45,www.google.com
2014-03-26 09:14:48,2.docs.google.com
2014-03-26 09:14:48,apis.google.com
2014-03-26 09:14:50,www.google.com
2014-03-26 09:14:51,docs.google.com
2014-03-26 09:14:52,3.docs.google.com
2014-03-26 09:14:52,docs.google.com
2014-03-26 09:14:53,accounts.google.com
2014-03-26 09:14:53,docs.google.com
2014-03-26 09:14:54,3.docs.google.com
2014-03-26 09:14:54,talkgadget.google.com
2014-03-26 09:14:56,docs.google.com
2014-03-26 09:14:56,clients6.google.com
2014-03-26 09:15:49,clients6.google.com
2014-03-26 09:15:49,apis.google.com
2014-03-26 09:15:49,talkgadget.google.com
2014-03-26 09:15:54,mail.google.com
2014-03-26 09:15:58,accounts.google.com
2014-03-26 09:15:58,apis.google.com
2014-03-26 09:15:58,docs.google.com
2014-03-26 09:16:00,apis.google.com
2014-03-26 09:16:00,clients6.google.com
2014-03-26 09:16:01,3.docs.google.com
2014-03-26 09:16:02,www.google.com
2014-03-26 09:16:02,docs.google.com
2014-03-26 09:16:03,docs.google.com
2014-03-26 09:16:04,4.docs.google.com
2014-03-26 09:16:05,docs.google.com
2014-03-26 09:16:06,4.docs.google.com
2014-03-26 09:16:25,docs.google.com
2014-03-26 09:16:26,docs.google.com
2014-03-26 09:16:26,apis.google.com
2014-03-26 09:16:26,accounts.google.com
2014-03-26 09:16:27,clients6.google.com
2014-03-26 09:16:27,4.docs.google.com
2014-03-26 09:16:27,docs.google.com
2014-03-26 09:16:29,docs.google.com
2014-03-26 09:16:29,www.google.com
2014-03-26 09:16:29,5.docs.google.com
2014-03-26 09:16:30,docs.google.com
2014-03-26 09:16:33,5.docs.google.com
2014-03-26 09:17:27,docs.google.com
2014-03-26 09:17:37,mail.google.com
2014-03-26 09:18:30,clients6.google.com
2014-03-26 09:18:31,plus.google.com
2014-03-26 09:18:41,talkgadget.google.com
2014-03-26 09:19:58,docs.google.com
2014-03-26 09:20:28,docs.google.com
2014-03-26 09:20:29,apis.google.com
2014-03-26 09:20:29,accounts.google.com
2014-03-26 09:20:30,apis.google.com
2014-03-26 09:20:32,clients6.google.com
2014-03-26 09:20:34,docs.google.com
2014-03-26 09:20:37,5.docs.google.com
2014-03-26 09:20:40,docs.google.com
2014-03-26 09:20:41,talkgadget.google.com
2014-03-26 09:20:41,clients6.google.com
2014-03-26 09:20:41,plus.google.com
2014-03-26 09:20:41,mail.google.com
2014-03-26 09:20:43,docs.google.com
2014-03-26 09:20:45,www.google.com
2014-03-26 09:20:45,docs.google.com
2014-03-26 09:20:46,docs.google.com
2014-03-26 09:20:47,6.docs.google.com
2014-03-26 09:20:49,docs.google.com
2014-03-26 09:20:49,6.docs.google.com
2014-03-26 09:21:28,docs.google.com
2014-03-26 09:21:28,apis.google.com
2014-03-26 09:21:38,docs.google.com
2014-03-26 09:22:16,accounts.google.com
2014-03-26 09:22:31,drive.google.com
2014-03-26 09:22:34,www.google.com
2014-03-26 09:22:53,www.google.com
2014-03-26 09:22:53,drive.google.com
2014-03-26 09:22:56,drive.google.com
2014-03-26 09:22:58,drive.google.com
2014-03-26 09:23:04,apis.google.com
2014-03-26 09:23:04,0.drive.google.com
2014-03-26 09:23:04,plus.google.com
2014-03-26 09:23:05,0.drive.google.com
2014-03-26 09:23:05,apis.google.com
2014-03-26 09:23:05,drive.google.com
2014-03-26 09:23:05,docs.google.com
2014-03-26 09:23:05,plus.google.com
2014-03-26 09:23:06,0.drive.google.com
2014-03-26 09:23:06,docs.google.com
2014-03-26 09:23:07,docs.google.com
2014-03-26 09:23:11,clients6.google.com
2014-03-26 09:23:11,6.docs.google.com
2014-03-26 09:23:11,mail.google.com
2014-03-26 09:23:11,apis.google.com
2014-03-26 09:23:14,7.docs.google.com
2014-03-26 09:23:15,7.docs.google.com
2014-03-26 09:23:15,plus.google.com
2014-03-26 09:23:15,www.google.com
2014-03-26 09:23:15,7.talkgadget.google.com
2014-03-26 09:23:18,docs.google.com
2014-03-26 09:23:23,docs.google.com
2014-03-26 09:23:26,docs.google.com
2014-03-26 09:23:31,docs.google.com
2014-03-26 09:23:33,docs.google.com
2014-03-26 09:23:53,docs.google.com
2014-03-26 09:23:53,gg.google.com
2014-03-26 09:24:10,7.talkgadget.google.com
2014-03-26 09:24:17,7.talkgadget.google.com
2014-03-26 09:24:17,plus.google.com
2014-03-26 09:25:31,mail.google.com
2014-03-26 09:27:07,docs.google.com
2014-03-26 09:27:07,drive.google.com
2014-03-26 09:27:08,mail.google.com
2014-03-26 09:27:13,drive.google.com
2014-03-26 09:27:16,talkgadget.google.com
2014-03-26 09:27:25,docs.google.com
2014-03-26 09:27:27,clients2.google.com
2014-03-26 09:27:28,docs.google.com
2014-03-26 09:27:30,apis.google.com
2014-03-26 09:27:30,clients2.google.com
2014-03-26 09:27:30,docs.google.com
2014-03-26 09:27:31,www.google.com
2014-03-26 09:27:32,8.docs.google.com
2014-03-26 09:27:32,docs.google.com
2014-03-26 09:27:33,8.docs.google.com
2014-03-26 09:27:44,accounts.google.com
2014-03-26 09:27:49,clients6.google.com
2014-03-26 09:27:52,gg.google.com
2014-03-26 09:28:17,www.google.com
2014-03-26 09:28:28,apis.google.com
2014-03-26 09:28:30,clients6.google.com
2014-03-26 09:28:33,talkgadget.google.com
2014-03-26 09:29:17,docs.google.com
2014-03-26 09:29:22,drive.google.com
2014-03-26 09:29:23,0.drive.google.com
2014-03-26 09:29:24,docs.google.com
2014-03-26 09:29:26,mail.google.com
2014-03-26 09:29:42,apis.google.com
2014-03-26 09:29:47,clients6.google.com
2014-03-26 09:29:52,docs.google.com
2014-03-26 09:29:52,1.docs.google.com
2014-03-26 09:29:53,www.google.com
2014-03-26 09:29:54,docs.google.com
2014-03-26 09:29:56,9.docs.google.com
2014-03-26 09:29:57,docs.google.com
2014-03-26 09:29:57,9.docs.google.com
2014-03-26 09:30:02,talkgadget.google.com
2014-03-26 09:30:18,8.docs.google.com
2014-03-26 09:30:18,docs.google.com
2014-03-26 09:30:18,clients6.google.com
2014-03-26 09:30:18,apis.google.com
2014-03-26 09:30:18,accounts.google.com
2014-03-26 09:30:18,www.google.com
2014-03-26 09:30:19,1.drive.google.com
2014-03-26 09:30:20,1.drive.google.com
2014-03-26 09:30:24,7.docs.google.com
2014-03-26 09:30:24,docs.google.com
2014-03-26 09:30:24,apis.google.com
2014-03-26 09:30:25,mail.google.com
2014-03-26 09:30:25,clients6.google.com
2014-03-26 09:30:28,10.docs.google.com
2014-03-26 09:30:29,talkgadget.google.com
2014-03-26 09:30:29,www.google.com
2014-03-26 09:30:29,10.docs.google.com
2014-03-26 09:30:30,10.talkgadget.google.com
2014-03-26 09:30:31,docs.google.com
2014-03-26 09:30:33,docs.google.com
2014-03-26 09:30:52,docs.google.com
2014-03-26 09:30:57,drive.google.com
2014-03-26 09:31:05,docs.google.com
2014-03-26 09:31:16,docs.google.com
2014-03-26 09:31:24,clients2.google.com
2014-03-26 09:31:25,11.docs.google.com
2014-03-26 09:31:26,11.docs.google.com
2014-03-26 09:31:26,docs.google.com
2014-03-26 09:31:27,clients6.google.com
2014-03-26 09:31:27,11.docs.google.com
2014-03-26 09:31:31,10.talkgadget.google.com
2014-03-26 09:31:40,docs.google.com
2014-03-26 09:31:50,gg.google.com
2014-03-26 09:31:50,docs.google.com
2014-03-26 09:33:13,docs.google.com
2014-03-26 09:33:14,clients2.google.com
2014-03-26 09:33:39,talkgadget.google.com
2014-03-26 09:33:41,docs.google.com
2014-03-26 09:33:46,1.drive.google.com
2014-03-26 09:33:54,apis.google.com
2014-03-26 09:33:54,accounts.google.com
2014-03-26 09:33:56,docs.google.com
2014-03-26 09:33:57,apis.google.com
2014-03-26 09:33:57,clients6.google.com
2014-03-26 09:34:22,docs.google.com
2014-03-26 09:34:22,11.docs.google.com
2014-03-26 09:34:22,plus.google.com
2014-03-26 09:34:23,docs.google.com
2014-03-26 09:34:23,gg.google.com
2014-03-26 09:34:24,9.docs.google.com
2014-03-26 09:34:24,10.docs.google.com
2014-03-26 09:34:24,docs.google.com
2014-03-26 09:34:24,drive.google.com
2014-03-26 09:34:24,talkgadget.google.com
2014-03-26 09:34:24,www.google.com
2014-03-26 09:34:24,mail.google.com
2014-03-26 09:34:24,gg.google.com
2014-03-26 09:34:24,plus.google.com
2014-03-26 09:34:24,10.talkgadget.google.com
2014-03-26 09:34:29,google.fr
2014-03-26 09:34:32,www.google.fr
2014-03-26 09:34:39,plus.google.com
2014-03-26 09:34:41,apis.google.com
2014-03-26 09:34:41,www.google.fr
2014-03-26 09:34:42,www.google.com
2014-03-26 09:34:42,clients2.google.com
2014-03-26 09:34:42,mail.google.com
2014-03-26 09:34:43,mail.google.com
2014-03-26 09:34:44,apis.google.com
2014-03-26 09:34:44,talkgadget.google.com
2014-03-26 09:34:44,plus.google.com
2014-03-26 09:34:48,plus.google.com
2014-03-26 09:34:48,mail.google.com
2014-03-26 09:34:48,accounts.google.com
2014-03-26 09:34:48,talkgadget.google.com
2014-03-26 09:34:48,www.google.com
2014-03-26 09:34:49,apis.google.com
2014-03-26 09:34:49,mail.google.com
2014-03-26 09:34:49,talkgadget.google.com
2014-03-26 09:34:49,accounts.google.com
2014-03-26 09:34:49,plus.google.com
2014-03-26 09:34:49,clients6.google.com
2014-03-26 09:34:50,www.google.com
2014-03-26 09:34:51,www.google.fr
2014-03-26 09:34:51,mail.google.com
2014-03-26 09:34:51,talkgadget.google.com
2014-03-26 09:34:52,accounts.google.fr
2014-03-26 09:35:06,mail.google.com
2014-03-26 09:35:06,accounts.google.com
2014-03-26 09:35:06,accounts.youtube.com
2014-03-26 09:35:12,www.google.fr
2014-03-26 09:35:23,drive.google.com
2014-03-26 09:35:24,apis.google.com
2014-03-26 09:35:24,www.google.fr
2014-03-26 09:35:30,www.google.fr
2014-03-26 09:35:30,accounts.google.com
2014-03-26 09:35:30,accounts.youtube.com
2014-03-26 09:35:30,www.google.com
2014-03-26 09:35:30,drive.google.com
2014-03-26 09:35:37,www.google.fr
2014-03-26 09:35:37,google.fr
2014-03-26 09:35:49,www.google.fr
2014-03-26 09:35:50,apis.google.com
2014-03-26 09:35:52,www.google.com
2014-03-26 09:36:08,drive.google.com
2014-03-26 09:36:11,accounts.google.com
2014-03-26 09:36:14,apis.google.com
2014-03-26 09:36:14,www.google.fr
2014-03-26 09:36:14,accounts.youtube.com
2014-03-26 09:36:30,accounts.google.com
2014-03-26 09:36:30,accounts.youtube.com
2014-03-26 09:36:30,www.google.com
2014-03-26 09:36:30,drive.google.com
2014-03-26 09:36:30,www.google.fr
