timestamp,site
2013-09-12 09:44:35,fpdownload2.macromedia.com
2013-09-12 09:44:41,www.google.fr
2013-09-12 09:44:41,google.fr
2013-09-12 09:44:55,www.google.fr
2013-09-12 09:44:59,www.google.com
2013-09-12 09:46:04,www.google.fr
2013-09-12 09:46:04,www.google.com
2013-09-12 09:57:39,www.google.fr
2013-09-12 09:57:40,www.google.fr
2013-09-12 09:57:54,ajax.googleapis.com
2013-09-12 09:58:04,www.google.com
2013-09-12 09:59:50,www.google.com
2013-09-12 10:00:03,www.google.fr
2013-09-12 10:00:03,mathematiques.discipline.ac-lille.fr
2013-09-12 10:01:09,www.google.fr
2013-09-12 10:01:09,doum27.free.fr
2013-09-12 10:01:59,www.google.fr
2013-09-12 10:02:04,doum27.free.fr
2013-09-12 10:02:11,doum27.free.fr
2013-09-12 10:02:18,doum27.free.fr
2013-09-12 10:02:22,doum27.free.fr
2013-09-12 10:02:22,pageperso.free.fr
2013-09-12 10:02:25,doum27.free.fr
2013-09-12 10:02:27,doum27.free.fr
2013-09-12 10:02:29,doum27.free.fr
2013-09-12 10:02:30,doum27.free.fr
2013-09-12 10:03:37,www.google.fr
2013-09-12 10:14:17,www.google.fr
2013-09-12 10:14:17,tpeeoliennefoucauld20092010.wifeo.com
2013-09-12 10:14:17,ajax.googleapis.com
2013-09-12 10:14:17,www.wifeo.com
2013-09-12 10:14:18,www.merci-facteur.com
2013-09-12 10:14:18,www.gifsanimes.net
2013-09-12 10:14:18,www.wifeo.com
2013-09-12 10:15:23,tpeeoliennefoucauld20092010.wifeo.com
2013-09-12 10:15:23,www.wifeo.com
2013-09-12 10:15:23,e7dd2692.linkbucks.com
2013-09-12 10:15:24,www.facebook.com
2013-09-12 10:15:24,www.wifeo.com
2013-09-12 10:15:24,img176.imageshack.us
2013-09-12 10:15:43,www.wifeo.com
2013-09-12 10:15:43,c9788f77.linkbucks.com
2013-09-12 10:15:43,tpeeoliennefoucauld20092010.wifeo.com
2013-09-12 10:15:44,www.gifsanimes.net
2013-09-12 10:17:43,www.wifeo.com
2013-09-12 10:17:43,www.myjobcompany.com
2013-09-12 10:17:43,tpeeoliennefoucauld20092010.wifeo.com
2013-09-12 10:17:51,tpeeoliennefoucauld20092010.wifeo.com
2013-09-12 10:17:51,www.wifeo.com
2013-09-12 10:17:52,www.wifeo.com
2013-09-12 10:18:00,c9788f77.linkbucks.com
2013-09-12 10:18:01,tpeeoliennefoucauld20092010.wifeo.com
2013-09-12 10:18:01,www.wifeo.com
2013-09-12 10:18:01,www.gifsanimes.net
2013-09-12 10:18:56,www.wifeo.com
2013-09-12 10:18:56,tpeeoliennefoucauld20092010.wifeo.com
2013-09-12 10:18:57,www.wifeo.com
2013-09-12 10:19:00,www.wifeo.com
2013-09-12 10:19:00,tpeeoliennefoucauld20092010.wifeo.com
2013-09-12 10:19:00,www.gifsanimes.net
2013-09-12 10:19:14,www.google.fr
2013-09-12 10:19:14,www.iufmrese.cict.fr
2013-09-12 10:20:19,www.google.fr
2013-09-12 10:21:17,www.google.fr
2013-09-12 10:21:20,gte.univ-littoral.fr
2013-09-12 10:22:20,www.google.fr
2013-09-12 10:23:04,www.google.fr
2013-09-12 10:23:05,garnero.michel.free.fr
2013-09-12 10:24:05,www.google.fr
2013-09-12 10:24:43,www.google.fr
2013-09-12 10:25:29,www.google.fr
2013-09-12 10:27:38,www.google.fr
2013-09-12 10:27:39,www.gimeole.ovh.org
2013-09-12 10:28:34,www.google.fr
2013-09-12 10:29:59,www.google.fr
2013-09-12 10:30:11,www.google.fr
2013-09-12 10:30:14,www.google.com
2013-09-12 10:30:22,www.google.com
2013-09-12 10:30:22,www.google.fr
2013-09-12 10:55:03,www.google.fr
2013-09-12 10:55:18,tmsec.pagesperso-orange.fr
2013-09-12 10:55:18,www.google.fr
2013-09-12 10:56:18,www.google.fr
2013-09-12 10:59:57,www.google.fr
2013-09-12 11:00:58,www.google.fr
2013-09-12 11:01:21,www.google.fr
2013-09-12 11:01:33,www.google.fr
2013-09-12 11:01:35,www.google.com
2013-09-12 11:01:46,www.google.fr
2013-09-12 11:01:47,www.ac-nancy-metz.fr
2013-09-12 11:02:42,www.google.com
2013-09-12 11:02:52,www.google.fr
2013-09-12 11:03:53,www.google.fr
2013-09-12 11:03:55,lphe.epfl.ch
2013-09-12 11:04:40,www.google.com
2013-09-12 11:04:45,www.google.fr
2013-09-12 11:11:17,bits.wikimedia.org
2013-09-12 11:11:17,fr.wikipedia.org
2013-09-12 11:11:17,www.google.fr
2013-09-12 11:11:18,meta.wikimedia.org
2013-09-12 11:11:18,fr.wikipedia.org
2013-09-12 11:11:18,login.wikimedia.org
2013-09-12 11:11:18,bits.wikimedia.org
2013-09-12 11:11:23,www.google.fr
2013-09-12 11:11:26,www.cnrtl.fr
2013-09-12 11:11:26,www.google.fr
2013-09-12 11:11:31,bits.wikimedia.org
2013-09-12 11:11:32,login.wikimedia.org
2013-09-12 11:11:37,www.ac-nice.fr
2013-09-12 11:11:37,www.google.fr
2013-09-12 11:11:41,www.ac-nice.fr
2013-09-12 11:15:33,www.google.fr
2013-10-12 16:13:01,go.microsoft.com
2013-10-12 16:13:01,windows.microsoft.com
2013-10-12 16:13:01,js.microsoft.com
2013-10-12 16:13:01,ajax.microsoft.com
2013-10-12 16:13:01,res1.windows.microsoft.com
2013-10-12 16:13:02,windows.microsoft.com
2013-10-12 16:13:02,res1.windows.microsoft.com
2013-10-12 16:13:02,res2.windows.microsoft.com
2013-10-12 16:13:02,www.facebook.com
2013-10-12 16:13:03,windows.microsoft.com
2013-10-12 16:13:03,res2.windows.microsoft.com
2013-10-12 16:13:03,res1.windows.microsoft.com
2013-10-12 16:13:03,js.microsoft.com
2013-10-12 16:13:05,www.bing.com
2013-10-12 16:13:05,www.google.com
2013-10-12 16:13:06,res1.windows.microsoft.com
2013-10-12 16:13:16,api.bing.com
2013-10-12 16:13:17,api.bing.com
2013-10-12 16:13:17,google.fr
2013-10-12 16:13:17,www.google.fr
2013-10-12 16:13:18,www.google.fr
2013-10-12 16:13:19,www.google.com
2013-10-12 16:13:19,apis.google.com
2013-10-12 16:13:36,apis.google.com
2013-10-12 16:13:36,www.google.fr
2013-10-12 16:13:36,www.google.com
2013-10-12 16:13:37,ajax.cloudflare.com
2013-10-12 16:13:37,www.google.fr
2013-10-12 16:13:37,ajax.googleapis.com
2013-10-12 16:13:37,connect.facebook.net
2013-10-12 16:13:38,www.facebook.com
2013-10-12 16:13:38,s-static.ak.facebook.com
2013-10-12 16:13:38,static.ak.facebook.com
2013-10-12 16:13:39,www.facebook.com
2013-10-12 16:13:39,www.google.com
2013-10-12 16:13:39,s-static.ak.facebook.com
2013-10-12 16:13:43,hal9000.redintelligence.net
2013-10-12 16:13:43,www.facebook.com
2013-10-12 16:13:44,n28.hal9000.redintelligence.net
2013-10-12 16:13:44,affiliation.service-voyages.com
2013-10-12 16:13:44,ea.numericable.fr
2013-10-12 16:13:44,hal9000.redintelligence.net
2013-10-12 16:13:47,apis.google.com
2013-10-12 16:13:47,accounts.google.com
2013-10-12 16:13:47,www.facebook.com
2013-10-12 16:13:48,apis.google.com
2013-10-12 16:13:59,www.facebook.com
2013-10-12 16:13:59,accounts.google.com
2013-10-12 16:14:08,www.facebook.com
2013-10-12 16:14:08,connect.facebook.net
2013-10-12 16:14:10,graph.facebook.com
2013-10-12 16:14:10,www.facebook.com
2013-10-12 16:14:10,fbstatic-a.akamaihd.net
2013-10-12 16:14:10,apis.google.com
2013-10-12 16:14:26,fbstatic-a.akamaihd.net
2013-10-12 16:14:27,fbstatic-a.akamaihd.net
2013-10-12 16:14:27,www.facebook.com
2013-10-12 16:15:05,go.microsoft.com
2013-10-12 16:15:05,ieonline.microsoft.com
2013-11-21 13:00:14,fpdownload2.macromedia.com
2013-11-21 13:00:21,js.microsoft.com
2013-11-21 13:00:21,windows.microsoft.com
2013-11-21 13:00:21,go.microsoft.com
2013-11-21 13:00:21,ajax.microsoft.com
2013-11-21 13:00:21,res1.windows.microsoft.com
2013-11-21 13:00:21,res2.windows.microsoft.com
2013-11-21 13:00:25,www.google.com
2013-11-21 13:00:34,google.fr
2013-11-21 13:00:34,www.google.fr
2013-11-21 13:00:45,www.google.fr
2013-11-21 13:00:46,apis.google.com
2013-11-21 13:00:49,www.google.com
2013-11-21 13:00:57,www.google.fr
2013-11-21 13:00:57,apis.google.com
2013-11-21 13:00:57,www.google.com
2013-11-21 13:00:58,www.formation-mentaliste.com
2013-11-21 13:00:59,www.formation-mentaliste.com
2013-11-21 13:01:06,www.google.fr
2013-11-21 13:01:07,www.google.fr
2013-11-21 13:01:41,ieonline.microsoft.com
2013-11-21 13:05:32,www.google.fr
2013-11-21 13:06:33,www.google.fr
2013-11-21 13:07:01,www.google.fr
2013-11-21 13:07:11,www.google.fr
2013-11-21 13:07:12,i0.wp.com
2013-11-21 13:07:12,www.facebook.com
2013-11-21 13:07:12,www.gravatar.com
2013-11-21 13:07:12,www.google.fr
2013-11-21 13:07:12,platform.twitter.com
2013-11-21 13:07:12,www.lematindz.net
2013-11-21 13:07:13,d0.histats.12mlbe.com
2013-11-21 13:07:13,www.lematindz.net
2013-11-21 13:07:13,www.google.com
2013-11-21 13:07:13,platform.twitter.com
2013-11-21 13:07:13,c0.histats.12mlbe.com
2013-11-21 13:07:14,www.google.com
2013-11-21 13:07:23,twitter.com
2013-11-21 13:07:45,twitter.com
2013-11-21 13:07:45,lesoirdalgerie.com
2013-11-21 13:07:45,www.lesoirdalgerie.com
2013-11-21 13:07:46,lesoirdalgerie.com
2013-11-21 13:07:46,www.lesoirdalgerie.com
2013-11-21 13:08:43,lesoirdalgerie.com
2013-11-21 13:08:44,lesoirdalgerie.com
2013-11-25 08:03:38,google.fr
2013-11-25 08:03:38,www.google.fr
2013-11-25 08:03:48,facebook.fr
2013-11-25 08:03:52,www.google.fr
2013-11-25 08:03:53,apis.google.com
2013-11-25 08:03:55,www.google.com
2013-11-25 08:04:03,www.google.fr
2013-11-25 08:04:04,www.google.fr
2013-11-25 08:04:04,apis.google.com
2013-11-25 08:04:04,www.google.com
2013-11-25 08:04:04,yahoo.fr
2013-11-25 08:04:05,fr.yahoo.com
2013-11-25 08:04:07,locdrop.query.yahoo.com
2013-11-25 08:04:07,ea.virginmobile.fr
2013-11-25 08:04:07,fr.yahoo.com
2013-11-25 08:04:14,mail.yahoo.com
2013-11-25 08:04:21,mail.yahoo.com
2013-11-25 08:04:21,fr.yahoo.com
2013-11-25 08:04:33,login.yahoo.com
2013-11-25 08:04:34,login.yahoo.com
2013-11-25 08:04:52,login.yahoo.com
2013-11-25 08:05:03,login.yahoo.com
2013-11-25 08:05:04,fr-mg42.mail.yahoo.com
2013-11-25 08:05:09,fr-mg42.mail.yahoo.com
2013-11-25 08:05:12,fr-mg42.mail.yahoo.com
2013-11-25 08:05:13,fr-mg42.mail.yahoo.com
2013-11-25 08:05:16,ucs.query.yahoo.com
2013-11-25 08:05:44,ucs.query.yahoo.com
2013-11-25 08:05:44,fr-mg42.mail.yahoo.com
2013-11-25 08:05:44,www.covoiturage.fr
2013-11-25 08:05:44,sndgd.blablacar.com
2013-11-25 08:05:45,fr-mg42.mail.yahoo.com
2013-11-25 08:05:47,fr-mg42.mail.yahoo.com
2013-11-25 08:06:13,us.lrd.yahoo.com
2013-11-25 08:06:15,fr.yahoo.com
2013-11-25 08:06:15,login.yahoo.com
2013-11-25 08:06:17,ea.virginmobile.fr
2013-11-25 08:06:18,fr.yahoo.com
2013-11-25 08:06:18,locdrop.query.yahoo.com
2013-11-25 09:26:22,www.google.fr
2013-11-25 09:26:23,www.google.fr
2013-11-25 09:26:30,www.google.fr
2013-11-25 09:26:33,www.google.fr
2013-11-25 09:26:34,www.google.fr
2013-11-25 09:26:35,www.google.fr
2013-11-25 09:26:36,apis.google.com
2013-11-25 09:26:38,www.google.com
2013-11-25 09:26:49,www.google.com
2013-11-25 09:26:49,apis.google.com
2013-11-25 09:26:49,www.google.fr
2013-11-25 11:00:27,hotmail.fr
2013-11-25 11:00:37,login.live.com
2013-11-25 11:00:42,hotmail.fr
2013-11-25 11:00:43,login.live.com
2013-11-25 11:00:55,login.live.com
2013-11-25 11:01:19,login.live.com
2013-11-25 11:01:20,login.live.com
2013-11-25 11:01:26,mail.live.com
2013-11-25 11:01:31,dub113.mail.live.com
2013-11-25 11:01:32,people.directory.live.com
2013-11-25 11:01:32,dub113.mail.live.com
2013-11-25 11:01:37,windowslive.tt.omtrdc.net
2013-11-25 11:01:37,dub113.mail.live.com
2013-11-25 11:01:38,secure.shared.live.com
2013-11-25 11:01:39,cid-e5fa2adfe8c4b1b7.users.storage.live.com
2013-11-25 11:01:39,secure.shared.live.com
2013-11-25 11:01:40,people.directory.live.com
2013-11-25 11:01:40,api.skype.com
2013-11-25 11:01:40,login.live.com
2013-11-25 11:01:40,go.trouter.io
2013-11-25 11:01:40,js.live.net
2013-11-25 11:01:41,windowslive.tt.omtrdc.net
2013-11-25 11:01:41,storage.live.com
2013-11-25 11:01:41,blufiles.storage.msn.com
2013-11-25 11:01:43,dub113.mail.live.com
2013-11-25 11:01:44,h.live.com
2013-11-25 11:01:45,dub113.mail.live.com
2013-11-25 11:01:46,dub113.mail.live.com
2013-11-25 11:01:46,h.live.com
2013-11-25 11:01:48,h.live.com
2013-11-25 11:01:48,dub113.mail.live.com
2013-11-25 11:01:49,dub113.mail.live.com
2013-11-25 11:01:50,dub113.mail.live.com
2013-11-25 11:01:51,login.live.com
2013-11-25 11:01:53,prod.registrar.skype.com
2013-11-25 11:01:54,p.sfx.ms
2013-11-25 11:01:57,h.live.com
2013-11-25 11:01:57,go.trouter.io
2013-11-25 11:01:58,storage.live.com
2013-11-25 11:01:58,login.live.com
2013-11-25 11:01:58,prod.registrar.skype.com
2013-11-25 11:01:58,api.skype.com
2013-11-25 11:01:58,secure.shared.live.com
2013-11-25 11:01:58,cid-e5fa2adfe8c4b1b7.users.storage.live.com
2013-11-25 11:01:58,dub113.mail.live.com
2013-11-25 11:01:59,login.skype.com
2013-11-25 11:01:59,go.trouter.io
2013-11-25 11:01:59,dub113.mail.live.com
2013-11-25 11:01:59,g.live.com
2014-01-13 10:47:19,www.google.fr
2014-01-13 10:47:19,google.fr
2014-01-13 10:47:31,www.google.fr
2014-01-13 10:47:34,apis.google.com
2014-01-13 10:47:37,www.google.com
2014-01-13 10:47:42,www.google.com
2014-01-13 10:47:42,apis.google.com
2014-01-13 10:47:42,www.google.fr
2014-01-13 10:50:13,ieonline.microsoft.com
2014-01-29 12:47:04,fpdownload2.macromedia.com
2014-01-29 12:47:08,hotmail.fr
2014-01-29 12:47:18,login.live.com
2014-01-29 12:47:36,login.live.com
2014-01-29 12:47:54,login.live.com
2014-01-29 12:47:55,login.live.com
2014-01-29 12:48:02,mail.live.com
2014-01-29 12:48:02,cid-90d04e29db181821.users.storage.live.com
2014-01-29 12:48:08,dub127.mail.live.com
2014-01-29 12:48:12,dub127.mail.live.com
2014-01-29 12:48:13,secure.shared.live.com
2014-01-29 12:48:13,dub127.mail.live.com
2014-01-29 12:48:13,people.directory.live.com
2014-01-29 12:48:13,js.live.net
2014-01-29 12:48:15,h.live.com
2014-01-29 12:48:15,windowslive.tt.omtrdc.net
2014-01-29 12:48:16,p.sfx.ms
2014-01-29 12:48:16,h.live.com
2014-01-29 12:48:16,api.skype.com
2014-01-29 12:48:16,go.trouter.io
2014-01-29 12:48:16,dub127.mail.live.com
2014-01-29 12:48:17,windowslive.tt.omtrdc.net
2014-01-29 12:48:17,dub127.mail.live.com
2014-01-29 12:48:17,login.live.com
2014-01-29 12:48:17,h.live.com
2014-01-29 12:48:17,p.sfx.ms
2014-01-29 12:48:17,go.trouter.io
2014-01-29 12:48:18,prod.registrar.skype.com
2014-01-29 12:48:19,prod.registrar.skype.com
2014-01-29 12:48:27,www.meteojob.com
2014-01-29 12:48:29,images2.meteojob.com
2014-01-29 12:48:29,www.meteojob.com
2014-01-29 12:48:29,images1.meteojob.com
2014-01-29 12:48:29,images3.meteojob.com
2014-01-29 12:48:30,static.ak.facebook.com
2014-01-29 12:48:30,images1.meteojob.com
2014-01-29 12:48:30,connect.facebook.net
2014-01-29 12:48:30,tx3n9nb4gs.s.ad6media.fr
2014-01-29 12:48:30,images2.meteojob.com
2014-01-29 12:48:30,images3.meteojob.com
2014-01-29 12:48:30,s-static.ak.facebook.com
2014-01-29 12:48:30,www.meteojob.com
2014-01-29 12:48:31,www.meteojob.com
2014-01-29 12:48:31,www.facebook.com
2014-01-29 12:48:32,images1.meteojob.com
2014-01-29 12:48:32,images2.meteojob.com
2014-01-29 12:48:32,images3.meteojob.com
2014-01-29 12:48:32,www.meteojob.com
2014-01-29 12:48:32,www.google.com
2014-01-29 12:48:42,apis.google.com
2014-01-29 12:48:44,apis.google.com
2014-01-29 12:48:44,accounts.google.com
2014-01-29 12:48:47,www.meteojob.com
2014-01-29 12:48:49,apis.google.com
2014-01-29 12:48:49,accounts.google.com
2014-01-29 12:48:49,www.meteojob.com
2014-01-29 12:48:50,www.meteojob.com
2014-01-29 12:48:50,www.google.com
2014-01-29 12:48:50,images1.meteojob.com
2014-01-29 12:48:50,maps.googleapis.com
2014-01-29 12:48:50,images2.meteojob.com
2014-01-29 12:48:51,s-static.ak.facebook.com
2014-01-29 12:48:51,mt0.googleapis.com
2014-01-29 12:48:51,mt1.googleapis.com
2014-01-29 12:48:51,www.facebook.com
2014-01-29 12:48:51,static.ak.facebook.com
2014-01-29 12:48:51,tx3n9nb4gs.s.ad6media.fr
2014-01-29 12:48:51,www.meteojob.com
2014-01-29 12:48:52,maps.googleapis.com
2014-01-29 12:48:57,maps.googleapis.com
2014-01-29 12:48:59,g.live.com
2014-01-29 12:49:02,apis.google.com
2014-01-29 12:49:19,dub127.mail.live.com
2014-01-29 12:49:20,h.live.com
2014-01-29 12:49:23,www.meteojob.com
2014-01-29 12:49:23,apis.google.com
2014-01-29 12:49:24,images2.meteojob.com
2014-01-29 12:49:24,www.meteojob.com
2014-01-29 12:49:24,images3.meteojob.com
2014-01-29 12:49:24,images1.meteojob.com
2014-01-29 12:49:25,tx3n9nb4gs.s.ad6media.fr
2014-01-29 12:49:25,s-static.ak.facebook.com
2014-01-29 12:49:25,images3.meteojob.com
2014-01-29 12:49:25,static.ak.facebook.com
2014-01-29 12:49:25,www.meteojob.com
2014-01-29 12:49:26,www.facebook.com
2014-01-29 12:49:33,images3.meteojob.com
2014-01-29 12:49:33,images2.meteojob.com
2014-01-29 12:49:33,images1.meteojob.com
2014-01-29 12:49:58,www.meteojob.com
2014-01-29 12:50:00,images2.meteojob.com
2014-01-29 12:50:00,www.meteojob.com
2014-01-29 12:50:00,images1.meteojob.com
2014-01-29 12:50:00,dub127.mail.live.com
2014-01-29 12:50:00,tx3n9nb4gs.s.ad6media.fr
2014-01-29 12:50:01,www.facebook.com
2014-01-29 12:50:01,static.ak.facebook.com
2014-01-29 12:50:01,s-static.ak.facebook.com
2014-01-29 12:50:03,ieonline.microsoft.com
2014-01-29 12:51:15,dub127.mail.live.com
2014-01-29 12:52:01,apis.google.com
2014-01-29 12:52:23,api.skype.com
2014-01-29 12:52:35,images1.meteojob.com
2014-01-29 12:52:38,login.live.com
2014-01-29 12:52:38,go.trouter.io
2014-01-29 12:52:38,h.live.com
2014-01-29 12:52:38,cid-90d04e29db181821.users.storage.live.com
2014-01-29 12:52:38,dub127.mail.live.com
2014-01-29 12:52:39,dub127.mail.live.com
2014-01-29 12:52:39,g.live.com
2014-01-29 12:52:44,login.skype.com
2014-01-29 12:52:44,windowslive.tt.omtrdc.net
2014-01-29 12:52:44,maroc.msn.com
2014-01-29 12:52:44,arabia.msn.com
2014-01-29 12:52:44,connect.facebook.net
2014-01-29 12:52:45,arabia.msn.com
2014-01-29 12:52:45,www.facebook.com
2014-01-29 12:52:45,static.ak.facebook.com
2014-01-29 12:52:45,platform.twitter.com
2014-01-29 12:52:45,s-static.ak.facebook.com
2014-01-29 12:52:45,c.msn.com
2014-01-29 12:52:46,c.msn.com
2014-01-29 12:52:46,maroc.msn.com
2014-01-29 12:52:52,twitter.com
2014-01-29 12:52:59,www.meteojob.com
2014-01-29 12:53:23,twitter.com
2014-01-29 12:53:37,www.meteojob.com
2014-01-29 12:53:38,www.meteojob.com
2014-01-29 12:53:39,tx3n9nb4gs.s.ad6media.fr
2014-01-29 12:53:39,www.facebook.com
2014-01-29 12:53:39,static.ak.facebook.com
2014-01-29 12:53:39,s-static.ak.facebook.com
2014-01-29 12:54:11,www.meteojob.com
2014-01-29 12:54:18,www.meteojob.com
2014-01-29 12:54:19,www.meteojob.com
2014-01-29 12:54:20,apis.google.com
2014-01-29 12:54:20,connect.facebook.net
2014-01-29 12:54:20,tx3n9nb4gs.s.ad6media.fr
2014-01-29 12:54:22,static.ak.facebook.com
2014-01-29 12:54:23,s-static.ak.facebook.com
2014-01-29 12:54:23,www.facebook.com
2014-01-29 12:54:42,www.meteojob.com
2014-01-29 12:54:51,www.meteojob.com
2014-01-29 12:56:41,apis.google.com
2014-01-29 12:56:42,www.meteojob.com
2014-01-29 12:56:43,s-static.ak.facebook.com
2014-01-29 12:56:43,images2.meteojob.com
2014-01-29 12:56:43,tx3n9nb4gs.s.ad6media.fr
2014-01-29 12:56:43,static.ak.facebook.com
2014-01-29 12:56:43,www.meteojob.com
2014-01-29 12:56:44,www.facebook.com
2014-01-29 12:56:59,login.live.com
2014-01-29 12:57:00,login.live.com
2014-01-29 12:57:12,windowslive.tt.omtrdc.net
2014-01-29 12:57:14,www.google.fr
2014-01-29 12:57:14,dub127.mail.live.com
2014-01-29 12:57:26,apis.google.com
2014-01-29 12:57:26,www.google.fr
2014-01-29 12:57:29,www.google.com
2014-01-29 12:57:43,www.google.fr
2014-01-29 12:57:50,apis.google.com
2014-01-29 12:57:50,www.google.fr
2014-01-29 12:57:51,www.optioncarriere.com
2014-01-29 12:57:51,www.google.com
2014-01-29 12:57:51,www.facebook.com
2014-01-29 12:57:51,www.google.fr
2014-01-29 12:57:51,static.careerjet.net
2014-01-29 12:57:56,www.facebook.com
2014-01-29 12:57:56,www.optioncarriere.com
2014-01-29 12:57:57,apis.google.com
2014-01-29 12:57:57,www.google.com
2014-01-29 12:58:02,accounts.google.com
2014-01-29 12:58:04,accounts.google.com
2014-01-29 12:58:04,apis.google.com
2014-01-29 12:58:06,apis.google.com
2014-01-29 12:58:06,static.careerjet.net
2014-01-29 12:58:07,www.optioncarriere.com
2014-01-29 12:58:08,media.newjobs.com
2014-01-29 12:58:08,media.monster.com
2014-01-29 12:58:08,js-seeker.newjobs.com
2014-01-29 12:58:08,css-seeker.newjobs.com
2014-01-29 12:58:08,nexus.ensighten.com
2014-01-29 12:58:08,offre-emploi.monster.fr
2014-01-29 12:58:08,www.google.com
2014-01-29 12:58:09,www.google.fr
2014-01-29 12:58:09,img-seeker.newjobs.com
2014-01-29 12:58:09,www.google.com
2014-01-29 12:58:09,media.monster.com
2014-01-29 12:58:17,www.google.com
2014-01-29 12:58:17,jdn.monster.com
2014-01-29 12:58:17,www.google.fr
2014-01-29 12:58:18,www.facebook.com
2014-01-29 12:58:18,jdn.monster.com
2014-01-29 12:58:18,media.newjobs.com
2014-01-29 12:58:39,offre-emploi.monster.fr
2014-01-29 12:58:39,media.newjobs.com
2014-01-29 12:58:41,jdn.monster.com
2014-01-29 12:58:41,img-seeker.newjobs.com
2014-01-29 12:58:41,nexus.ensighten.com
2014-01-29 12:58:41,www.google.com
2014-01-29 12:58:41,media.monster.com
2014-01-29 12:58:41,media.newjobs.com
2014-01-29 12:58:41,www.google.fr
2014-01-29 12:58:41,js-seeker.newjobs.com
2014-01-29 12:58:41,css-seeker.newjobs.com
2014-01-29 12:58:41,offres.monster.fr
2014-01-29 12:58:42,offres.monster.fr
2014-01-29 12:58:42,jdn.monster.com
2014-01-29 12:58:43,js-seeker.newjobs.com
2014-01-29 12:58:43,www.google.com
2014-01-29 12:58:43,www.google.fr
2014-01-29 12:58:44,apis.google.com
2014-01-29 12:58:59,jdn.monster.com
2014-01-29 12:59:07,media.newjobs.com
2014-01-29 12:59:08,offres.monster.fr
2014-01-29 12:59:09,offres.monster.fr
2014-01-29 12:59:10,offres.monster.fr
2014-01-29 12:59:11,offres.monster.fr
2014-01-29 12:59:12,offres.monster.fr
2014-01-29 12:59:13,offres.monster.fr
2014-01-29 12:59:14,offres.monster.fr
2014-01-29 12:59:22,www.google.com
2014-01-29 12:59:23,www.google.fr
2014-01-29 12:59:23,nexus.ensighten.com
2014-01-29 12:59:23,offres.monster.fr
2014-01-29 12:59:23,js-seeker.newjobs.com
2014-01-29 12:59:38,s-static.ak.facebook.com
2014-01-29 12:59:38,img-seeker.newjobs.com
2014-01-29 12:59:38,media.newjobs.com
2014-01-29 12:59:38,static.ak.facebook.com
2014-01-29 12:59:38,www.facebook.com
2014-01-29 12:59:39,js-seeker.newjobs.com
2014-01-29 12:59:39,www.google.com
2014-01-29 12:59:39,www.google.fr
2014-01-29 12:59:39,jdn.monster.com
2014-01-29 12:59:43,www.google.fr
2014-01-29 12:59:46,accounts.google.com
2014-01-29 12:59:46,www.google.com
2014-01-29 12:59:46,www.facebook.com
2014-01-29 12:59:46,www.optioncarriere.com
2014-01-29 12:59:46,apis.google.com
2014-01-29 12:59:47,www.google.com
2014-01-29 13:00:11,offres.monster.fr
2014-01-29 13:00:18,www.optioncarriere.com
2014-01-29 13:00:20,ajax.googleapis.com
2014-01-29 13:00:20,platform.linkedin.com
2014-01-29 13:00:20,jobs.cgi.com
2014-01-29 13:00:21,jdn.monster.com
2014-01-29 13:00:21,jobs.cgi.com
2014-01-29 13:00:23,jdn.monster.com
2014-01-29 13:00:24,jdn.monster.com
2014-01-29 13:00:33,www.linkedin.com
2014-01-29 13:00:34,platform.linkedin.com
2014-01-29 13:00:34,jobs.cgi.com
2014-01-29 13:00:34,jdn.monster.com
2014-01-29 13:00:35,jdn.monster.com
2014-01-29 13:00:42,jdn.monster.com
2014-01-29 13:00:43,www.google.com
2014-01-29 13:00:43,nexus.ensighten.com
2014-01-29 13:00:43,www.google.fr
2014-01-29 13:00:43,offres.monster.fr
2014-01-29 13:00:44,www.google.fr
2014-01-29 13:00:44,www.google.com
2014-01-29 13:00:50,jobs.cgi.com
2014-01-29 13:01:47,apis.google.com
2014-01-29 13:01:48,www.linkedin.com
2014-01-29 13:01:49,www.linkedin.com
2014-01-29 13:02:08,www.optioncarriere.com
2014-01-29 13:02:09,jobs.cgi.com
2014-01-29 13:02:10,platform.linkedin.com
2014-01-29 13:02:20,www.linkedin.com
2014-01-29 13:02:32,www.google.com
2014-01-29 13:02:32,www.optioncarriere.com
2014-01-29 13:02:32,www.facebook.com
2014-01-29 13:02:55,www.google.com
2014-01-29 13:02:55,www.facebook.com
2014-01-29 13:02:55,apis.google.com
2014-01-29 13:02:55,www.optioncarriere.com
2014-01-29 13:03:23,www.optioncarriere.com
2014-01-29 13:03:24,www.facebook.com
2014-01-29 13:03:24,www.google.com
2014-01-29 13:03:24,apis.google.com
2014-01-29 13:03:37,www.linkedin.com
2014-01-29 13:03:37,www.optioncarriere.com
2014-01-29 13:03:38,jobs.cgi.com
2014-01-29 13:03:39,platform.linkedin.com
2014-01-29 13:05:24,apis.google.com
2014-01-29 13:05:32,www.meteojob.com
2014-01-29 13:05:33,www.meteojob.com
2014-01-29 13:05:35,www.meteojob.com
2014-01-29 13:05:37,www.meteojob.com
2014-01-29 13:05:39,www.linkedin.com
2014-01-29 13:05:44,www.meteojob.com
2014-01-29 13:05:47,www.meteojob.com
2014-01-29 13:05:49,www.meteojob.com
2014-01-29 13:05:55,www.meteojob.com
2014-01-29 13:05:56,s-static.ak.facebook.com
2014-01-29 13:05:56,tx3n9nb4gs.s.ad6media.fr
2014-01-29 13:05:56,www.meteojob.com
2014-01-29 13:05:56,static.ak.facebook.com
2014-01-29 13:05:57,banniere.reussissonsensemble.fr
2014-01-29 13:05:57,tx3n9nb4gs.s.ad6media.fr
2014-01-29 13:05:57,www.facebook.com
2014-01-29 13:06:24,www.meteojob.com
2014-01-29 13:06:25,tx3n9nb4gs.s.ad6media.fr
2014-01-29 13:06:25,static.ak.facebook.com
2014-01-29 13:06:25,s-static.ak.facebook.com
2014-01-29 13:06:26,banniere.reussissonsensemble.fr
2014-01-29 13:06:26,www.facebook.com
2014-01-29 13:06:32,www.meteojob.com
2014-01-29 13:06:33,www.meteojob.com
2014-01-29 13:06:41,www.meteojob.com
2014-01-29 13:06:41,apis.google.com
2014-01-29 13:06:42,www.meteojob.com
2014-01-29 13:06:42,tx3n9nb4gs.s.ad6media.fr
2014-01-29 13:06:42,banniere.reussissonsensemble.fr
2014-01-29 13:06:43,s-static.ak.facebook.com
2014-01-29 13:06:43,www.facebook.com
2014-01-29 13:06:43,static.ak.facebook.com
2014-01-29 13:06:47,i1-js-14-3-01-10077-342958208-i.init.cedexis-radar.net
2014-01-29 13:06:48,ec2-ap-northeast-1a.cedexis.com
2014-01-29 13:07:01,www.google.fr
2014-01-29 13:07:10,search.live.com
2014-01-29 13:07:10,www.bing.com
2014-01-29 13:07:11,www.bing.com
2014-01-29 13:07:12,cms.abmr.net
2014-01-29 13:07:12,www.bing.com
2014-01-29 13:07:21,www.bing.com
2014-01-29 13:07:22,login.live.com
2014-01-29 13:07:23,www.bing.com
2014-01-29 13:07:26,dz.viadeo.com
2014-01-29 13:07:26,static2.viadeo-static.com
2014-01-29 13:07:26,www.bing.com
2014-01-29 13:07:26,static1.viadeo-static.com
2014-01-29 13:07:27,static2.viadeo-static.com
2014-01-29 13:07:27,static0.viadeo-static.com
2014-01-29 13:07:27,static3.viadeo-static.com
2014-01-29 13:07:27,static1.viadeo-static.com
2014-01-29 13:07:27,d2xyl0vj6bxpfi.cloudfront.net
2014-01-29 13:07:27,dz.viadeo.com
2014-01-29 13:07:27,static9.viadeo-static.com
2014-01-29 13:07:27,join.viadeo.com
2014-01-29 13:07:28,dz.viadeo.com
2014-01-29 13:07:28,static2.viadeo-static.com
2014-01-29 13:07:32,i1-js-14-3-01-10169-989066452-i.init.cedexis-radar.net
2014-01-29 13:07:32,gb1.cedexis.swiftserve.com
2014-01-29 13:07:36,ssl.bing.com
2014-01-29 13:07:36,www.bing.com
2014-01-29 13:07:36,gb1.cedexis.swiftserve.com
2014-01-29 13:08:16,join.viadeo.com
2014-01-29 13:08:16,dz.viadeo.com
2014-01-29 13:08:16,static2.viadeo-static.com
2014-01-29 13:08:16,d2xyl0vj6bxpfi.cloudfront.net
2014-01-29 13:08:19,www.bing.com
2014-01-29 13:08:20,i1-js-14-3-01-10169-542586893-i.init.cedexis-radar.net
2014-01-29 13:08:21,www.bladi.net
2014-01-29 13:08:21,ajax.googleapis.com
2014-01-29 13:08:22,www.bladi.net
2014-01-29 13:08:22,s-static.ak.facebook.com
2014-01-29 13:08:22,www.facebook.com
2014-01-29 13:08:22,cloudfront.cedexis.com
2014-01-29 13:08:22,static.ak.facebook.com
2014-01-29 13:08:23,cloudfront.cedexis.com
2014-01-29 13:08:26,platform.twitter.com
2014-01-29 13:08:33,accounts.google.com
2014-01-29 13:08:33,apis.google.com
2014-01-29 13:08:35,apis.google.com
2014-01-29 13:08:36,twitter.com
2014-01-29 13:08:36,ssl.bing.com
2014-01-29 13:08:37,www.bladi.net
2014-01-29 13:08:37,platform.twitter.com
2014-01-29 13:08:44,org-widgets.viadeo.com
2014-01-29 13:08:48,org-widgets.viadeo.com
2014-01-29 13:09:07,twitter.com
2014-01-29 13:09:22,www.google.fr
2014-01-29 13:09:22,apis.google.com
2014-01-29 13:09:48,criteo.xooit.com
2014-01-29 13:09:48,fr.92.clickintext.net
2014-01-29 13:09:48,fr.92.slidein.clickintext.net
2014-01-29 13:09:48,img.xooimage.com
2014-01-29 13:09:48,xooit.xooit.com
2014-01-29 13:09:48,sonatrach.forum-box.com
2014-01-29 13:09:48,www.bing.com
2014-01-29 13:09:49,adventori.com
2014-01-29 13:09:49,img96.xooimage.com
2014-01-29 13:09:49,fr.91.clickintext.net
2014-01-29 13:09:49,sonatrach.forum-box.com
2014-01-29 13:11:25,accounts.google.com
2014-01-29 13:11:25,apis.google.com
2014-01-29 13:11:29,www.optioncarriere.com
2014-01-29 13:11:29,www.facebook.com
2014-01-29 13:11:30,www.google.com
2014-01-29 13:11:39,img-seeker.newjobs.com
2014-01-29 13:11:39,www.linkedin.com
2014-01-29 13:11:46,apis.google.com
2014-01-30 11:53:47,hotmail.fr
2014-01-30 11:53:57,login.live.com
2014-01-30 11:54:14,login.live.com
2014-01-30 11:54:41,windowslive.tt.omtrdc.net
2014-01-30 11:54:49,login.live.com
2014-01-30 11:54:50,login.live.com
2014-01-30 11:54:56,mail.live.com
2014-01-30 11:55:01,dub127.mail.live.com
2014-01-30 11:55:01,cid-90d04e29db181821.users.storage.live.com
2014-01-30 11:55:02,h.live.com
2014-01-30 11:55:02,people.directory.live.com
2014-01-30 11:55:05,js.live.net
2014-01-30 11:55:07,secure.shared.live.com
2014-01-30 11:55:07,dub127.mail.live.com
2014-01-30 11:55:07,h.live.com
2014-01-30 11:55:08,login.live.com
2014-01-30 11:55:08,windowslive.tt.omtrdc.net
2014-01-30 11:55:08,secure.shared.live.com
2014-01-30 11:55:08,cid-90d04e29db181821.users.storage.live.com
2014-01-30 11:55:09,go.trouter.io
2014-01-30 11:55:11,storage.live.com
2014-01-30 11:55:13,api.skype.com
2014-01-30 11:55:14,login.live.com
2014-01-30 11:55:14,dub127.mail.live.com
2014-01-30 11:55:15,windowslive.tt.omtrdc.net
2014-01-30 11:55:15,h.live.com
2014-01-30 11:55:15,g.live.com
2014-01-30 11:55:15,dub127.mail.live.com
2014-01-30 11:55:16,login.skype.com
2014-01-30 11:55:23,windowslive.tt.omtrdc.net
2014-01-30 11:55:23,connect.facebook.net
2014-01-30 11:55:23,maroc.msn.com
2014-01-30 11:55:24,arabia.msn.com
2014-01-30 11:55:24,maroc.msn.com
2014-01-30 11:55:24,platform.twitter.com
2014-01-30 11:55:25,www.facebook.com
2014-01-30 11:55:25,static.ak.facebook.com
2014-01-30 11:55:25,platform.twitter.com
2014-01-30 11:55:25,c.msn.com
2014-01-30 11:55:25,arabia.msn.com
2014-01-30 11:55:25,maroc.msn.com
2014-01-30 11:55:25,s-static.ak.facebook.com
2014-01-30 11:55:26,maroc.msn.com
2014-01-30 11:55:32,twitter.com
2014-01-30 11:55:39,www.squid-cache.org
2014-01-30 11:56:03,twitter.com
2014-01-30 11:56:11,www.google.fr
2014-01-30 11:56:12,apis.google.com
2014-01-30 11:56:14,www.google.com
2014-01-30 11:56:18,ieonline.microsoft.com
2014-01-30 11:56:24,www.google.fr
2014-01-30 11:58:03,apis.google.com
2014-01-30 11:58:03,www.google.fr
2014-01-30 11:58:03,www.google.com
2014-01-30 11:58:12,www.google.fr
2014-01-30 11:58:13,www.google.fr
2014-01-30 11:58:24,www.google.fr
2014-02-04 13:35:41,www.google.fr
2014-02-04 13:35:43,apis.google.com
2014-02-04 13:35:45,www.google.com
2014-02-04 13:35:55,www.google.fr
2014-02-04 13:35:57,www.google.fr
2014-02-04 13:35:57,apis.google.com
2014-02-04 13:35:58,www.google.com
2014-02-04 13:35:58,www.google.fr
2014-02-04 13:36:08,fpdownload2.macromedia.com
2014-02-04 13:38:01,ieonline.microsoft.com
2014-03-17 23:20:34,go.microsoft.com
2014-03-17 23:20:34,ieonline.microsoft.com
2014-04-02 12:44:03,www.google.fr
2014-04-02 12:44:04,apis.google.com
2014-04-02 12:44:07,www.google.com
2014-04-02 12:44:28,apis.google.com
2014-04-02 12:44:28,www.google.fr
2014-04-02 12:44:32,apis.google.com
2014-04-02 12:44:32,connect.facebook.net
2014-04-02 12:44:32,platform.twitter.com
2014-04-02 12:44:32,media.nexity.fr
2014-04-02 12:44:32,wcb.linkeo.com
2014-04-02 12:44:32,www.google.fr
2014-04-02 12:44:32,www.google.com
2014-04-02 12:44:32,www.nexity.fr
2014-04-02 12:44:33,s-static.ak.facebook.com
2014-04-02 12:44:33,platform.twitter.com
2014-04-02 12:44:33,www.google.fr
2014-04-02 12:44:33,www.google.com
2014-04-02 12:44:33,module-videodesk.com
2014-04-02 12:44:33,www.facebook.com
2014-04-02 12:44:33,static.ak.facebook.com
2014-04-02 12:44:33,www.nexity.fr
2014-04-02 12:44:33,cdn-videodesk.com
2014-04-02 12:44:34,cdn-videodesk.com
2014-04-02 12:44:34,module-videodesk.com
2014-04-02 12:44:43,twitter.com
2014-04-02 12:45:13,twitter.com
2014-04-02 12:45:15,www.nexity.fr
2014-04-02 12:45:16,www.facebook.com
2014-04-02 12:45:26,s-static.ak.facebook.com
2014-04-02 12:45:37,platform.twitter.com
2014-04-02 12:45:39,ieonline.microsoft.com
2014-04-14 13:45:46,www.google.fr
2014-04-14 13:45:47,apis.google.com
2014-04-14 13:45:50,www.google.com
2014-04-14 13:46:09,www.google.fr
2014-04-14 13:46:09,apis.google.com
2014-04-14 13:46:09,www.google.com
2014-04-14 13:46:10,www.google.fr
2014-04-14 13:46:11,fpdownload2.macromedia.com
2014-04-14 13:48:35,ieonline.microsoft.com
