timestamp,site
2014-01-15 13:04:02,windows.microsoft.com
2014-01-15 13:04:02,ajax.microsoft.com
2014-01-15 13:04:03,js.microsoft.com
2014-01-15 13:04:03,windows.microsoft.com
2014-01-15 13:04:09,www.bing.com
2014-01-15 13:04:10,www.bing.com
2014-01-15 13:04:11,www.bing.com
2014-01-15 13:04:12,www.bing.com
2014-01-15 13:04:12,cms.abmr.net
2014-01-15 13:04:13,www.bing.com
2014-01-15 13:04:21,login.live.com
2014-01-15 13:05:18,t.fr.msn.com
2014-01-15 13:05:18,api.bing.com
2014-01-15 13:05:18,www.bing.com
2014-01-15 13:05:27,www.bing.com
2014-01-15 13:05:28,www.bing.com
2014-01-15 13:05:28,api.bing.com
2014-01-15 13:05:36,login.live.com
2014-01-15 13:05:36,ieonline.microsoft.com
2014-01-15 13:05:36,go.microsoft.com
2014-02-26 12:03:47,www.bing.com
2014-02-26 12:03:48,www.bing.com
2014-02-26 12:03:49,cms.abmr.net
2014-02-26 12:03:49,www.bing.com
2014-02-26 12:03:58,www.bing.com
2014-02-26 12:03:59,login.live.com
2014-02-26 12:04:13,ssl.bing.com
2014-02-26 12:04:17,www.bing.com
2014-02-26 12:04:30,ajax.googleapis.com
2014-02-26 12:04:30,www.bing.com
2014-02-26 12:04:30,ssl.bing.com
2014-02-26 12:06:43,ieonline.microsoft.com
2014-02-26 12:27:51,office14client.microsoft.com
2014-02-26 12:27:51,office.microsoft.com
2014-02-26 12:27:52,office.microsoft.com
2014-02-26 12:49:34,office14client.microsoft.com
2014-02-26 12:49:35,office.microsoft.com
2014-02-26 12:49:36,office.microsoft.com
2014-02-26 12:50:11,office14client.microsoft.com
2014-02-26 12:50:12,office.microsoft.com
2014-02-26 13:08:19,www.bing.com
2014-02-26 13:08:20,www.bing.com
2014-02-26 13:08:21,www.bing.com
2014-02-26 13:08:22,ajax.googleapis.com
2014-02-26 13:08:22,www.bing.com
2014-02-26 13:08:31,login.live.com
2014-03-04 10:20:04,www.bing.com
2014-03-04 10:20:05,www.bing.com
2014-03-04 10:20:05,cms.abmr.net
2014-03-04 10:20:06,www.bing.com
2014-03-04 10:20:06,login.live.com
2014-03-04 10:20:07,ajax.googleapis.com
2014-03-04 10:20:25,www.bing.com
2014-03-04 10:20:32,www.bing.com
2014-03-04 10:20:35,www.bing.com
2014-03-04 10:20:36,login.live.com
2014-03-04 10:20:46,drive.google.com
2014-03-04 10:20:48,www.google.com
2014-03-04 10:20:49,www.google.com
2014-03-04 10:20:49,drive.google.com
2014-03-04 10:20:49,apis.google.com
2014-03-04 10:20:52,accounts.google.com
2014-03-04 10:21:03,www.google.com
2014-03-04 10:21:03,apis.google.com
2014-03-04 10:21:30,www.google.fr
2014-03-04 10:21:30,www.google.com
2014-03-04 10:21:30,apis.google.com
2014-03-04 10:21:31,drive.google.com
2014-03-04 10:21:34,apis.google.com
2014-03-04 10:21:36,accounts.youtube.com
2014-03-04 10:22:57,ieonline.microsoft.com
2014-03-04 10:23:27,accounts.google.com
2014-03-04 10:23:27,accounts.youtube.com
2014-03-04 10:23:51,accounts.google.fr
2014-03-04 10:23:52,accounts.youtube.com
2014-03-04 10:23:52,www.google.com
2014-03-04 10:23:52,accounts.google.com
2014-03-04 10:23:53,accounts.google.fr
2014-03-04 10:23:53,drive.google.com
2014-03-04 10:23:55,0.drive.google.com
2014-03-04 10:23:56,0.drive.google.com
2014-03-04 10:23:58,drive.google.com
2014-03-04 10:23:58,plus.google.com
2014-03-04 10:23:58,docs.google.com
2014-03-04 10:23:58,apis.google.com
2014-03-04 10:23:59,docs.google.com
2014-03-04 10:24:09,docs.google.com
2014-03-04 10:24:14,0.drive.google.com
2014-03-04 10:24:14,drive.google.com
2014-03-04 10:24:20,docs.google.com
2014-03-04 10:24:24,docs.google.com
2014-03-04 10:24:26,docs.google.com
2014-03-04 10:24:27,0.docs.google.com
2014-03-04 10:24:27,docs.google.com
2014-03-04 10:24:27,www.google.com
2014-03-04 10:24:28,0.talkgadget.google.com
2014-03-04 10:24:28,docs.google.com
2014-03-04 10:24:29,apis.google.com
2014-03-04 10:24:29,docs.google.com
2014-03-04 10:24:31,plus.google.com
2014-03-04 10:24:34,www.google.com
2014-03-04 10:24:34,1.docs.google.com
2014-03-04 10:24:35,1.docs.google.com
2014-03-04 10:24:38,apis.google.com
2014-03-04 10:24:38,docs.google.com
2014-03-04 10:24:52,docs.google.com
2014-03-04 10:25:15,plus.google.com
2014-03-04 10:25:15,apis.google.com
2014-03-04 10:25:15,drive.google.com
2014-03-04 10:25:15,docs.google.com
2014-03-04 10:25:36,apis.google.com
2014-03-04 10:25:36,0.talkgadget.google.com
2014-03-04 10:25:36,plus.google.com
2014-03-04 10:25:38,www.reverso.net
2014-03-04 10:25:38,api.conduit.com
2014-03-04 10:25:38,cdn2.reverso.net
2014-03-04 10:25:38,ajax.googleapis.com
2014-03-04 10:25:38,0.docs.google.com
2014-03-04 10:25:39,connect.facebook.net
2014-03-04 10:25:39,cdn2.reverso.net
2014-03-04 10:25:39,ajax.googleapis.com
2014-03-04 10:25:39,static.ak.facebook.com
2014-03-04 10:25:40,www.google.com
2014-03-04 10:25:44,accounts.google.com
2014-03-04 10:25:49,cdn2.reverso.net
2014-03-04 10:25:49,s-static.ak.facebook.com
2014-03-04 10:25:52,i1-js-14-3-01-12160-273260580-i.init.cedexis-radar.net
2014-03-04 10:25:52,ajax.googleapis.com
2014-03-04 10:25:52,cdn2.reverso.net
2014-03-04 10:25:52,www.reverso.net
2014-03-04 10:25:53,accounts.google.com
2014-03-04 10:25:53,cdn2.reverso.net
2014-03-04 10:25:53,www.facebook.com
2014-03-04 10:25:53,s-static.ak.facebook.com
2014-03-04 10:25:56,cdn2.reverso.net
2014-03-04 10:25:56,ajax.googleapis.com
2014-03-04 10:25:56,www.reverso.net
2014-03-04 10:26:07,www.facebook.com
2014-03-04 10:27:57,accounts.google.com
2014-03-04 10:27:57,apis.google.com
2014-03-04 10:28:36,docs.google.com
2014-03-04 10:42:46,docs.google.com
2014-03-04 10:57:06,docs.google.com
2014-03-04 10:57:07,1.docs.google.com
2014-03-04 10:57:16,drive.google.com
2014-03-04 10:57:20,1.drive.google.com
2014-03-04 10:57:23,drive.google.com
2014-03-04 10:57:34,plus.google.com
2014-03-04 10:57:34,docs.google.com
2014-03-04 10:57:47,clients2.google.com
2014-03-04 10:57:48,2.docs.google.com
2014-03-04 10:57:49,2.talkgadget.google.com
2014-03-04 10:57:49,2.docs.google.com
2014-03-04 10:57:50,docs.google.com
2014-03-04 10:57:51,docs.google.com
2014-03-04 10:57:55,docs.google.com
2014-03-04 10:58:04,apis.google.com
2014-03-04 10:58:04,2.talkgadget.google.com
2014-03-04 10:58:04,clients2.google.com
2014-03-04 10:58:04,docs.google.com
2014-03-04 10:58:10,2.talkgadget.google.com
2014-03-04 10:58:17,gg.google.com
2014-03-04 10:58:53,www.google.com
2014-03-04 10:59:06,docs.google.com
2014-03-04 10:59:38,docs.google.com
2014-03-04 11:01:33,drive.google.com
2014-03-04 11:01:34,docs.google.com
2014-03-04 11:01:34,plus.google.com
2014-03-04 11:01:38,drive.google.com
2014-03-04 11:01:51,plus.google.com
2014-03-04 11:02:14,1.drive.google.com
2014-03-04 11:02:17,gg.google.com
2014-03-04 11:02:53,www.google.com
2014-03-04 11:03:38,docs.google.com
2014-03-04 11:16:57,docs.google.com
2014-03-04 11:19:43,drive.google.com
2014-03-04 11:19:47,2.drive.google.com
2014-03-04 11:19:48,2.drive.google.com
2014-03-04 11:19:49,2.drive.google.com
2014-03-04 11:19:49,drive.google.com
2014-03-04 11:19:51,2.docs.google.com
2014-03-04 11:19:51,clients2.google.com
2014-03-04 11:19:53,3.docs.google.com
2014-03-04 11:19:54,3.docs.google.com
2014-03-04 11:19:55,docs.google.com
2014-03-04 11:19:57,clients6.google.com
2014-03-04 11:19:57,docs.google.com
2014-03-04 11:20:50,docs.google.com
2014-03-04 11:20:50,drive.google.com
2014-03-04 11:22:17,www.reverso.net
2014-03-04 11:22:17,ajax.googleapis.com
2014-03-04 11:22:17,api.conduit.com
2014-03-04 11:22:18,ajax.googleapis.com
2014-03-04 11:22:18,connect.facebook.net
2014-03-04 11:22:20,ak.c.ooyala.com
2014-03-04 11:22:20,i1-js-14-3-01-12160-691378499-i.init.cedexis-radar.net
2014-03-04 11:22:21,ak.c.ooyala.com
2014-03-04 11:22:22,level3.cedexis.com
2014-03-04 11:22:23,www.reverso.net
2014-03-04 11:22:23,level3.cedexis.com
2014-03-04 11:22:24,limelight.cedexis.com
2014-03-04 11:22:24,cdn2.reverso.net
2014-03-04 11:22:29,ajax.googleapis.com
2014-03-04 11:22:29,www.reverso.net
2014-03-04 11:22:29,www.facebook.com
2014-03-04 11:22:29,cdn2.reverso.net
2014-03-04 11:22:34,ajax.googleapis.com
2014-03-04 11:22:34,www.reverso.net
2014-03-04 11:22:36,i1-js-14-3-01-12160-263757662-i.init.cedexis-radar.net
2014-03-04 11:22:38,ajax.googleapis.com
2014-03-04 11:22:38,www.reverso.net
2014-03-04 11:22:38,cdn2.reverso.net
2014-03-04 11:22:39,www.reverso.net
2014-03-04 11:22:39,www.facebook.com
2014-03-04 11:22:39,ajax.googleapis.com
2014-03-04 11:22:40,ajax.googleapis.com
2014-03-04 11:22:42,i1-js-14-3-01-12160-198953909-i.init.cedexis-radar.net
2014-03-04 11:22:43,www.facebook.com
2014-03-04 11:22:51,docs.google.com
2014-03-04 11:23:51,apis.google.com
2014-03-04 11:23:52,accounts.google.com
2014-03-04 11:23:57,apis.google.com
2014-03-04 11:23:57,clients6.google.com
2014-03-04 11:25:00,www.bing.com
2014-03-04 11:25:04,www.bing.com
2014-03-04 11:25:04,www.hotmail.com
2014-03-04 11:25:07,www.hotmail.com
2014-03-04 11:25:10,www.bing.com
2014-03-04 11:25:11,login.live.com
2014-03-04 11:25:12,login.live.com
2014-03-04 11:25:26,login.live.com
2014-03-04 11:25:50,login.live.com
2014-03-04 11:25:51,account.live.com
2014-03-04 11:25:52,login.live.com
2014-03-04 11:25:56,windowslive.tt.omtrdc.net
2014-03-04 11:25:59,www.bing.com
2014-03-04 11:26:01,www.bing.com
2014-03-04 11:26:01,login.live.com
2014-03-04 11:26:10,www.bing.com
2014-03-04 11:26:13,www.bing.com
2014-03-04 11:26:13,www.yahoo.com
2014-03-04 11:26:14,www.yahoo.com
2014-03-04 11:26:15,www.yahoo.com
2014-03-04 11:26:16,login.yahoo.com
2014-03-04 11:26:17,login.yahoo.com
2014-03-04 11:26:26,login.yahoo.com
2014-03-04 11:26:30,login.yahoo.com
2014-03-04 11:26:44,login.yahoo.com
2014-03-04 11:26:45,login.yahoo.com
2014-03-04 11:26:57,c.live.com
2014-03-04 11:27:29,login.yahoo.com
2014-03-04 11:27:29,www.yahoo.com
2014-03-04 11:27:34,www.yahoo.com
2014-03-04 11:27:36,fr.yahoo.com
2014-03-04 11:27:46,fr.yahoo.com
2014-03-04 11:27:47,fr.yahoo.com
2014-03-04 11:27:47,www.yahoo.com
2014-03-04 11:27:50,fr.yahoo.com
2014-03-04 11:27:53,fr.yahoo.com
2014-03-04 11:27:54,fr.yahoo.com
2014-03-04 11:27:57,hsrd.yahoo.com
2014-03-04 11:27:59,mail.yahoo.com
2014-03-04 11:28:00,mail.yahoo.com
2014-03-04 11:28:03,fr-mg42.mail.yahoo.com
2014-03-04 11:28:05,yui-s.yahooapis.com
2014-03-04 11:28:06,yui-s.yahooapis.com
2014-03-04 11:28:21,fr-mg42.mail.yahoo.com
2014-03-04 11:28:22,fr-mg42.mail.yahoo.com
2014-03-04 11:28:25,docs.google.com
2014-03-04 11:28:27,ucs.query.yahoo.com
2014-03-04 11:28:31,fr-mg42.mail.yahoo.com
2014-03-04 11:28:31,www.dropbox.com
2014-03-04 11:28:31,ucs.query.yahoo.com
2014-03-04 11:28:58,ir2-attach.mail.yahoo.com
2014-03-04 11:29:00,ir2-attach.mail.yahoo.com
2014-03-04 11:29:02,ir2-attach.mail.yahoo.com
2014-03-04 11:29:05,ir2-attach.mail.yahoo.com
2014-03-04 11:29:16,ir2-attach.mail.yahoo.com
2014-03-04 11:29:23,www.dropbox.com
2014-03-04 11:29:48,fr-mg42.mail.yahoo.com
2014-03-04 11:29:49,fr-mg42.mail.yahoo.com
2014-03-04 11:30:30,fxdepo-a.akamaihd.net
2014-03-04 11:31:44,fr-mg42.mail.yahoo.com
2014-03-04 11:31:48,drive.google.com
2014-03-04 11:31:49,fr-mg42.mail.yahoo.com
2014-03-04 11:31:52,3.drive.google.com
2014-03-04 11:31:55,plus.google.com
2014-03-04 11:31:55,docs.google.com
2014-03-04 11:31:55,fr-mg42.mail.yahoo.com
2014-03-04 11:31:57,3.drive.google.com
2014-03-04 11:31:57,drive.google.com
2014-03-04 11:32:06,docs.google.com
2014-03-04 11:32:12,4.docs.google.com
2014-03-04 11:32:13,4.docs.google.com
2014-03-04 11:32:24,docs.google.com
2014-03-04 11:32:24,4.talkgadget.google.com
2014-03-04 11:32:25,docs.google.com
2014-03-04 11:32:26,apis.google.com
2014-03-04 11:32:27,apis.google.com
2014-03-04 11:32:27,plus.google.com
2014-03-04 11:32:27,docs.google.com
2014-03-04 11:32:28,docs.google.com
2014-03-04 11:32:57,drive.google.com
2014-03-04 11:32:57,plus.google.com
2014-03-04 11:32:57,docs.google.com
2014-03-04 11:33:09,4.talkgadget.google.com
2014-03-04 11:33:27,4.talkgadget.google.com
2014-03-04 11:33:34,4.talkgadget.google.com
2014-03-04 11:33:34,plus.google.com
2014-03-04 11:33:35,apis.google.com
2014-03-04 11:33:39,www.google.com
2014-03-04 11:33:46,3.docs.google.com
2014-03-04 11:33:46,4.docs.google.com
2014-03-04 11:33:46,docs.google.com
2014-03-04 11:33:46,apis.google.com
2014-03-04 11:41:54,office14client.microsoft.com
2014-03-04 11:41:55,rr.office.microsoft.com
2014-03-04 11:41:55,services.highbeam.com
2014-03-04 11:41:55,integrate.factiva.com
2014-03-04 11:41:55,api.bing.com
2014-03-04 11:41:56,www.microsofttranslator.com
2014-03-04 11:41:56,www.worldlingo.com
2014-03-19 12:15:51,www.bing.com
2014-03-19 12:15:52,www.bing.com
2014-03-19 12:15:53,www.bing.com
2014-03-19 12:15:53,cms.abmr.net
2014-03-19 12:15:58,www.bing.com
2014-03-19 12:16:03,login.live.com
2014-03-19 12:18:36,ieonline.microsoft.com
2014-03-19 13:08:08,www.bing.com
2014-03-19 13:08:11,www.bing.com
2014-03-19 13:08:15,www.bing.com
2014-03-19 13:08:17,www.google.fr
2014-03-19 13:08:17,www.bing.com
2014-03-19 13:08:19,login.live.com
2014-03-19 13:08:19,www.google.fr
2014-03-19 13:08:25,www.bing.com
2014-03-19 13:08:29,www.google.fr
2014-03-19 13:08:31,apis.google.com
2014-03-19 13:08:31,www.google.fr
2014-03-19 13:08:34,www.google.com
2014-03-19 13:08:49,www.google.fr
2014-03-19 13:08:49,www.sportstrategies.com
2014-03-19 13:08:49,code.jquery.com
2014-03-19 13:08:50,www.sportstrategies.com
2014-03-19 13:08:50,builder.extensionfactory.com
2014-03-19 13:08:53,www.sportstrategies.com
2014-03-19 13:08:54,bits.wikimedia.org
2014-03-19 13:08:54,fr.wikipedia.org
2014-03-19 13:08:54,www.google.com
2014-03-19 13:08:54,apis.google.com
2014-03-19 13:08:54,www.google.fr
2014-03-19 13:08:55,login.wikimedia.org
2014-03-19 13:08:55,bits.wikimedia.org
2014-03-19 13:08:55,meta.wikimedia.org
2014-03-19 13:08:55,fr.wikipedia.org
2014-03-19 13:09:53,www.sportstrategies.com
2014-03-19 13:10:25,www.google.fr
2014-03-19 13:10:58,www.google.fr
2014-03-19 13:10:58,bits.wikimedia.org
2014-03-19 13:10:58,fr.wikipedia.org
2014-03-19 13:10:59,meta.wikimedia.org
2014-03-19 13:10:59,bits.wikimedia.org
2014-03-19 13:10:59,fr.wikipedia.org
2014-03-19 13:12:10,www.google.fr
2014-03-19 13:12:11,bits.wikimedia.org
2014-03-19 13:12:11,fr.wikipedia.org
2014-03-19 13:12:11,meta.wikimedia.org
2014-03-19 13:12:21,meta.wikimedia.org
2014-03-19 13:12:21,fr.wikipedia.org
2014-03-19 13:12:24,meta.wikimedia.org
2014-03-19 13:12:24,bits.wikimedia.org
2014-03-19 13:12:24,fr.wikipedia.org
2014-03-19 13:12:27,fr.wikipedia.org
2014-03-19 13:12:27,meta.wikimedia.org
2014-03-19 13:12:27,bits.wikimedia.org
2014-03-19 13:12:28,fr.wikipedia.org
2014-03-19 13:12:28,meta.wikimedia.org
2014-03-19 13:16:05,www.google.fr
2014-03-19 13:16:05,clients1.google.fr
2014-03-19 13:16:10,www.google.fr
2014-03-19 13:16:11,www.google.fr
2014-03-19 13:16:11,www.facebook.com
2014-03-19 13:16:11,fr-fr.facebook.com
2014-03-19 13:16:11,connect.facebook.net
2014-03-19 13:16:11,s1.static-clubeo.com
2014-03-19 13:16:11,s2.static-clubeo.com
2014-03-19 13:16:11,s3.static-clubeo.com
2014-03-19 13:16:11,ascjchepy.clubeo.com
2014-03-19 13:16:12,www.google.com
2014-03-19 13:16:12,www.facebook.com
2014-03-19 13:16:12,s1.static-clubeo.com
2014-03-19 13:16:12,s-static.ak.facebook.com
2014-03-19 13:16:12,www.google.fr
2014-03-19 13:16:12,its.tradelab.fr
2014-03-19 13:16:12,s2.static-clubeo.com
2014-03-19 13:16:12,static.ak.facebook.com
2014-03-19 13:16:16,www.google.fr
2014-03-19 13:16:16,ea.numericable.fr
2014-03-19 13:16:16,s1.static-clubeo.com
2014-03-19 13:16:16,ad.publicidees.com
2014-03-19 13:16:17,vercivaltc.clubeo.com
2014-03-19 13:16:17,s1.static-clubeo.com
2014-03-19 13:16:17,fr-fr.facebook.com
2014-03-19 13:16:17,s3.static-clubeo.com
2014-03-19 13:16:17,platform.twitter.com
2014-03-19 13:16:17,s-static.ak.facebook.com
2014-03-19 13:16:17,static.ak.facebook.com
2014-03-19 13:16:17,cntr.adrcntr.com
2014-03-19 13:16:17,apis.google.com
2014-03-19 13:16:17,www.google.fr
2014-03-19 13:16:18,platform.twitter.com
2014-03-19 13:16:18,www.google.fr
2014-03-19 13:16:18,www.google.com
2014-03-19 13:16:18,apis.google.com
2014-03-19 13:16:18,s1.static-clubeo.com
2014-03-19 13:16:20,a.nonstoppartner.net
2014-03-19 13:16:20,ad.publicidees.com
2014-03-19 13:16:20,www.google.fr
2014-03-19 13:16:20,www.facebook.com
2014-03-19 13:16:21,img.myefox.fr
2014-03-19 13:16:21,data.myefox.fr
2014-03-19 13:16:21,www.google.fr
2014-03-19 13:16:21,eulerian.canal-plus.com
2014-03-19 13:16:21,www.myefox.fr
2014-03-19 13:16:22,ajax.googleapis.com
2014-03-19 13:16:22,img.myefox.fr
2014-03-19 13:16:22,data.myefox.fr
2014-03-19 13:16:22,s3.static-clubeo.com
2014-03-19 13:16:22,img2.myefox.fr
2014-03-19 13:16:23,www.myefox.fr
2014-03-19 13:16:23,data.myefox.fr
2014-03-19 13:16:23,img.myefox.fr
2014-03-19 13:16:23,img2.myefox.fr
2014-03-19 13:16:24,s2.static-clubeo.com
2014-03-19 13:16:26,www.google.fr
2014-03-19 13:16:26,accounts.google.com
2014-03-19 13:16:27,accounts.google.com
2014-03-19 13:16:29,pbs.twimg.com
2014-03-19 13:16:29,disqus.com
2014-03-19 13:16:29,0.gravatar.com
2014-03-19 13:16:29,go.disqus.com
2014-03-19 13:16:29,wearesocial-fr.disqus.com
2014-03-19 13:16:29,wearesocial.fr
2014-03-19 13:16:31,wearesocial-fr.disqus.com
2014-03-19 13:16:31,disqus.com
2014-03-19 13:16:31,platform.linkedin.com
2014-03-19 13:16:31,s1.static-clubeo.com
2014-03-19 13:16:31,ajax.googleapis.com
2014-03-19 13:16:31,farm3.staticflickr.com
2014-03-19 13:16:31,farm8.staticflickr.com
2014-03-19 13:16:31,farm9.staticflickr.com
2014-03-19 13:16:31,pbs.twimg.com
2014-03-19 13:16:31,go.disqus.com
2014-03-19 13:16:31,farm6.staticflickr.com
2014-03-19 13:16:32,wearesocial-fr.disqus.com
2014-03-19 13:16:32,www.linkedin.com
2014-03-19 13:16:32,www.facebook.com
2014-03-19 13:16:32,disqus.com
2014-03-19 13:16:32,s-static.ak.facebook.com
2014-03-19 13:16:32,eulerian.canal-plus.com
2014-03-19 13:16:32,static.ak.facebook.com
2014-03-19 13:16:33,pbs.twimg.com
2014-03-19 13:16:33,www.google.fr
2014-03-19 13:16:33,platform.twitter.com
2014-03-19 13:16:33,www.facebook.com
2014-03-19 13:16:33,img2.myefox.fr
2014-03-19 13:16:33,img.myefox.fr
2014-03-19 13:16:33,apis.google.com
2014-03-19 13:16:33,www.myefox.fr
2014-03-19 13:16:33,service.myefox.fr
2014-03-19 13:16:33,wearesocial.fr
2014-03-19 13:16:34,www.google.fr
2014-03-19 13:16:34,disqus.com
2014-03-19 13:16:34,www.google.com
2014-03-19 13:16:35,disqus.com
2014-03-19 13:16:36,twitter.com
2014-03-19 13:16:39,dpm.zebestof.com
2014-03-19 13:16:39,twitter.com
2014-03-19 13:16:39,trk.adbutter.net
2014-03-19 13:16:39,platform.twitter.com
2014-03-19 13:16:40,www.google.fr
2014-03-19 13:16:42,www.facebook.com
2014-03-19 13:16:42,ce.lijit.com
2014-03-19 13:16:43,s.kau.li
2014-03-19 13:16:43,www.facebook.com
2014-03-19 13:16:43,admaym.com
2014-03-19 13:16:43,cs.specificclick.net
2014-03-19 13:16:43,twitter.com
2014-03-19 13:16:43,y.one.impact-ad.jp
2014-03-19 13:16:43,ce.lijit.com
2014-03-19 13:16:44,admaym.com
2014-03-19 13:16:44,cs.specificclick.net
2014-03-19 13:16:44,www.google.fr
2014-03-19 13:16:44,apis.google.com
2014-03-19 13:16:44,y.one.impact-ad.jp
2014-03-19 13:16:44,s.kau.li
2014-03-19 13:16:44,accounts.google.com
2014-03-19 13:16:54,www.google.fr
2014-03-19 13:16:57,www.google.com
2014-03-19 13:16:57,www.google.fr
2014-03-19 13:16:57,www.facebook.com
2014-03-19 13:17:03,its.tradelab.fr
2014-03-19 13:17:12,syndication.twitter.com
2014-03-19 13:17:12,service.myefox.fr
2014-03-19 13:17:13,twitter.com
2014-03-19 13:17:16,service.myefox.fr
2014-03-19 13:17:20,service.myefox.fr
2014-03-19 13:17:39,apis.google.com
2014-03-19 13:17:39,platform.twitter.com
2014-03-19 13:17:39,www.google.fr
2014-03-19 13:17:40,accounts.google.com
2014-03-19 13:17:40,www.linkedin.com
2014-03-19 13:17:40,wearesocial.fr
2014-03-19 13:17:40,disqus.com
2014-03-19 13:17:40,go.disqus.com
2014-03-19 13:17:40,pbs.twimg.com
2014-03-19 13:17:40,connect.facebook.net
2014-03-19 13:17:40,platform.linkedin.com
2014-03-19 13:17:41,wearesocial.fr
2014-03-19 13:17:41,s-static.ak.facebook.com
2014-03-19 13:17:41,www.facebook.com
2014-03-19 13:17:41,static.ak.facebook.com
2014-03-19 13:17:42,syndication.twitter.com
2014-03-19 13:17:42,disqus.com
2014-03-19 13:17:48,evt.adrcntr.com
2014-03-19 13:17:48,vercivaltc.clubeo.com
2014-03-19 13:17:48,s1.static-clubeo.com
2014-03-19 13:17:48,s3.static-clubeo.com
2014-03-19 13:17:48,s2.static-clubeo.com
2014-03-19 13:17:48,fr-fr.facebook.com
2014-03-19 13:17:48,connect.facebook.net
2014-03-19 13:17:49,cntr.adrcntr.com
2014-03-19 13:17:49,static.ak.facebook.com
2014-03-19 13:17:49,www.google.com
2014-03-19 13:17:49,s1.static-clubeo.com
2014-03-19 13:17:49,www.google.fr
2014-03-19 13:17:49,s-static.ak.facebook.com
2014-03-19 13:17:49,apis.google.com
2014-03-19 13:17:49,platform.twitter.com
2014-03-19 13:17:49,eulerian.canal-plus.com
2014-03-19 13:17:49,accounts.google.com
2014-03-19 13:17:51,twitter.com
2014-03-19 13:17:51,www.myefox.fr
2014-03-19 13:17:54,platform.twitter.com
2014-03-19 13:17:54,banniere.reussissonsensemble.fr
2014-03-19 13:17:54,tag.yakarouler.com
2014-03-19 13:18:03,s3.static-clubeo.com
2014-03-19 13:18:04,pbs.twimg.com
2014-03-19 13:18:04,www.linkedin.com
2014-03-19 13:18:06,s2.static-clubeo.com
2014-03-19 13:18:08,evt.adrcntr.com
2014-03-19 13:18:08,www.google.fr
2014-03-19 13:18:08,vercivaltc.clubeo.com
2014-03-19 13:18:09,www.google.fr
2014-03-19 13:18:09,www.google.com
2014-03-19 13:18:09,fr-fr.facebook.com
2014-03-19 13:18:09,pbs.twimg.com
2014-03-19 13:18:09,s-static.ak.facebook.com
2014-03-19 13:18:09,static.ak.facebook.com
2014-03-19 13:18:10,eulerian.canal-plus.com
2014-03-19 13:18:10,apis.google.com
2014-03-19 13:18:10,match.rtbidder.net
2014-03-19 13:18:10,s3.static-clubeo.com
2014-03-19 13:18:10,um.simpli.fi
2014-03-19 13:18:11,twitter.com
2014-03-19 13:18:22,twitter.com
2014-03-19 13:18:22,s1.static-clubeo.com
2014-03-19 13:18:22,s3.static-clubeo.com
2014-03-19 13:18:22,s2.static-clubeo.com
2014-03-19 13:18:40,platform.twitter.com
2014-03-19 13:19:04,apis.google.com
2014-03-19 13:19:11,syndication.twitter.com
2014-03-19 13:19:23,www.google.fr
2014-03-19 13:19:23,clients1.google.fr
2014-03-19 13:19:28,www.google.fr
2014-03-19 13:20:40,www.google.fr
2014-03-19 13:20:41,syndication.twitter.com
2014-03-19 13:20:42,clients1.google.fr
2014-03-19 13:20:42,www.google.fr
2014-03-20 10:46:23,www.bing.com
2014-03-20 10:46:24,www.bing.com
2014-03-20 10:46:24,cms.abmr.net
2014-03-20 10:46:25,www.bing.com
2014-03-20 10:46:26,www.bing.com
2014-03-20 10:46:34,login.live.com
2014-03-20 10:46:44,www.bing.com
2014-03-20 10:46:47,www.bing.com
2014-03-20 10:46:54,www.bing.com
2014-03-20 10:46:55,login.live.com
2014-03-20 10:47:01,drive.google.com
2014-03-20 10:47:03,www.google.com
2014-03-20 10:47:06,accounts.google.com
2014-03-20 10:47:20,accounts.youtube.com
2014-03-20 10:48:30,accounts.google.fr
2014-03-20 10:48:30,drive.google.com
2014-03-20 10:48:31,accounts.google.fr
2014-03-20 10:48:31,www.google.com
2014-03-20 10:48:31,accounts.google.com
2014-03-20 10:48:31,accounts.youtube.com
2014-03-20 10:48:32,drive.google.com
2014-03-20 10:48:34,0.drive.google.com
2014-03-20 10:48:34,apis.google.com
2014-03-20 10:48:35,0.drive.google.com
2014-03-20 10:48:37,drive.google.com
2014-03-20 10:48:37,docs.google.com
2014-03-20 10:48:37,apis.google.com
2014-03-20 10:48:38,docs.google.com
2014-03-20 10:48:39,plus.google.com
2014-03-20 10:48:39,docs.google.com
2014-03-20 10:48:40,docs.google.com
2014-03-20 10:48:45,0.drive.google.com
2014-03-20 10:48:45,drive.google.com
2014-03-20 10:48:52,docs.google.com
2014-03-20 10:48:54,docs.google.com
2014-03-20 10:48:55,docs.google.com
2014-03-20 10:48:56,docs.google.com
2014-03-20 10:48:57,docs.google.com
2014-03-20 10:48:57,apis.google.com
2014-03-20 10:48:57,www.google.com
2014-03-20 10:48:59,0.docs.google.com
2014-03-20 10:48:59,apis.google.com
2014-03-20 10:49:00,docs.google.com
2014-03-20 10:49:00,0.docs.google.com
2014-03-20 10:49:00,1.docs.google.com
2014-03-20 10:49:01,docs.google.com
2014-03-20 10:49:01,1.docs.google.com
2014-03-20 10:49:03,docs.google.com
2014-03-20 10:49:08,1.talkgadget.google.com
2014-03-20 10:49:09,accounts.google.com
2014-03-20 10:49:10,apis.google.com
2014-03-20 10:49:12,clients6.google.com
2014-03-20 10:49:13,apis.google.com
2014-03-20 10:49:14,plus.google.com
2014-03-20 10:49:29,ieonline.microsoft.com
2014-03-20 10:49:45,drive.google.com
2014-03-20 10:49:45,apis.google.com
2014-03-20 10:49:45,docs.google.com
2014-03-20 10:49:45,plus.google.com
2014-03-20 10:50:04,www.google.com
2014-03-20 10:50:16,www.google.com
2014-03-20 10:53:02,docs.google.com
2014-03-20 10:53:08,1.talkgadget.google.com
2014-03-20 10:53:10,accounts.google.com
2014-03-20 10:53:12,clients6.google.com
2014-03-20 10:53:12,apis.google.com
2014-03-20 10:53:13,1.talkgadget.google.com
2014-03-20 10:53:13,apis.google.com
2014-03-20 10:53:14,plus.google.com
2014-03-20 10:54:16,www.google.com
2014-03-20 10:55:07,docs.google.com
2014-03-20 10:57:23,docs.google.com
2014-03-20 10:58:06,www.bing.com
2014-03-20 10:58:07,www.bing.com
2014-03-20 10:58:08,www.bing.com
2014-03-20 10:58:08,www.reverso.net
2014-03-20 10:58:08,api.conduit.com
2014-03-20 10:58:09,connect.facebook.net
2014-03-20 10:58:09,cdn2.reverso.net
2014-03-20 10:58:09,ajax.googleapis.com
2014-03-20 10:58:10,ajax.googleapis.com
2014-03-20 10:58:10,static.ak.facebook.com
2014-03-20 10:58:10,cdn2.reverso.net
2014-03-20 10:58:10,s-static.ak.facebook.com
2014-03-20 10:58:12,i1-js-14-3-01-12160-304501993-i.init.cedexis-radar.net
2014-03-20 10:58:13,limelight.cedexis.com
2014-03-20 10:58:14,dfw.rackspace.bench.cedexis.com
2014-03-20 10:58:14,ak.c.ooyala.com
2014-03-20 10:58:14,cdn2.reverso.net
2014-03-20 10:58:15,cdn2.reverso.net
2014-03-20 10:58:15,www.reverso.net
2014-03-20 10:58:21,cdn2.reverso.net
2014-03-20 10:58:21,www.reverso.net
2014-03-20 10:58:22,cdn2.reverso.net
2014-03-20 10:58:22,static.ak.facebook.com
2014-03-20 10:58:22,s-static.ak.facebook.com
2014-03-20 10:58:22,www.facebook.com
2014-03-20 10:58:23,i1-js-14-3-01-12160-72042005-i.init.cedexis-radar.net
2014-03-20 10:58:24,cloudfront-dsa.cedexis.com
2014-03-20 10:58:25,ec2-us-west-2a.cedexis.com
2014-03-20 10:58:25,fastly.bench.cedexis.com.global.prod.fastly.net
2014-03-20 10:58:25,fastly.bench.cedexis.com
2014-03-20 10:58:26,www.reverso.net
2014-03-20 10:58:26,cdn2.reverso.net
2014-03-20 10:58:26,ec2-us-west-2a.cedexis.com
2014-03-20 10:58:27,s-static.ak.facebook.com
2014-03-20 10:58:27,www.reverso.net
2014-03-20 10:58:27,cdn2.reverso.net
2014-03-20 10:58:27,ajax.googleapis.com
2014-03-20 10:58:27,static.ak.facebook.com
2014-03-20 10:58:28,rp.gwallet.com
2014-03-20 10:58:29,i1-js-14-3-01-12160-772791322-i.init.cedexis-radar.net
2014-03-20 10:58:30,bitgravity.cedexis.com
2014-03-20 10:58:32,cdn2.reverso.net
2014-03-20 10:58:32,sfr.cedexis.com
2014-03-20 10:58:32,www.reverso.net
2014-03-20 11:00:50,www.reverso.net
2014-03-20 11:00:51,cdn2.reverso.net
2014-03-20 11:00:51,static.ak.facebook.com
2014-03-20 11:00:51,s-static.ak.facebook.com
2014-03-20 11:00:51,www.facebook.com
2014-03-20 11:00:53,dictionnaire.reverso.net
2014-03-20 11:00:53,www.reverso.net
2014-03-20 11:00:54,ajax.googleapis.com
2014-03-20 11:00:54,static.ak.facebook.com
2014-03-20 11:00:54,s-static.ak.facebook.com
2014-03-20 11:00:56,i1-js-14-3-01-12160-948121563-i.init.cedexis-radar.net
2014-03-20 11:00:57,gb1.cedexis.swiftserve.com
2014-03-20 11:00:58,gb1.cedexis.swiftserve.com
2014-03-20 11:01:00,limelight.cedexis.com
2014-03-20 11:01:01,limelight.cedexis.com
2014-03-20 11:01:01,cdn2.reverso.net
2014-03-20 11:01:02,www.reverso.net
2014-03-20 11:01:26,www.reverso.net
2014-03-20 11:01:27,static.ak.facebook.com
2014-03-20 11:01:27,www.facebook.com
2014-03-20 11:01:27,s-static.ak.facebook.com
2014-03-20 11:01:28,www.facebook.com
2014-03-20 11:01:28,cdn2.reverso.net
2014-03-20 11:01:28,www.reverso.net
2014-03-20 11:01:28,ajax.googleapis.com
2014-03-20 11:01:28,dictionnaire.reverso.net
2014-03-20 11:01:29,um.simpli.fi
2014-03-20 11:01:30,i1-js-14-3-01-12160-786179441-i.init.cedexis-radar.net
2014-03-20 11:01:33,ec2-us-west-2a.cedexis.com
2014-03-20 11:01:33,cdn2.reverso.net
2014-03-20 11:01:34,www.reverso.net
2014-03-20 11:01:37,www.reverso.net
2014-03-20 11:01:39,dictionnaire.reverso.net
2014-03-20 11:01:39,www.reverso.net
2014-03-20 11:01:39,ajax.googleapis.com
2014-03-20 11:01:39,static.ak.facebook.com
2014-03-20 11:01:39,s-static.ak.facebook.com
2014-03-20 11:01:41,i1-js-14-3-01-12160-951040840-i.init.cedexis-radar.net
2014-03-20 11:01:43,ec2-us-east-1a.cedexis.com
2014-03-20 11:01:45,cdn2.reverso.net
2014-03-20 11:01:45,www.reverso.net
2014-03-20 11:01:52,www.facebook.com
2014-03-20 11:01:52,static.ak.facebook.com
2014-03-20 11:01:52,www.reverso.net
2014-03-20 11:01:52,s-static.ak.facebook.com
2014-03-20 11:01:53,cdn2.reverso.net
2014-03-20 11:01:53,context2.reverso.net
2014-03-20 11:01:54,i1-js-14-3-01-12160-55914827-i.init.cedexis-radar.net
2014-03-20 11:01:55,www.reverso.net
2014-03-20 11:01:55,sjc.sl.bench.cedexis.com
2014-03-20 11:01:56,static.ak.facebook.com
2014-03-20 11:01:56,s-static.ak.facebook.com
2014-03-20 11:01:56,ajax.googleapis.com
2014-03-20 11:01:59,i1-js-14-3-01-12160-673248161-i.init.cedexis-radar.net
2014-03-20 11:02:04,cdn2.reverso.net
2014-03-20 11:02:04,www.reverso.net
2014-03-20 11:03:32,docs.google.com
2014-03-20 11:06:47,docs.google.com
2014-03-20 11:08:04,www.reverso.net
2014-03-20 11:08:05,static.ak.facebook.com
2014-03-20 11:08:05,www.facebook.com
2014-03-20 11:08:05,s-static.ak.facebook.com
2014-03-20 11:08:07,i1-js-14-3-01-12160-143775091-i.init.cedexis-radar.net
2014-03-20 11:08:10,probe.cedexis.org
2014-03-20 11:08:11,probe.cedexis.org
2014-03-20 11:08:12,cdn2.reverso.net
2014-03-20 11:08:13,cdn2.reverso.net
2014-03-20 11:08:14,www.reverso.net
2014-03-20 11:08:18,www.reverso.net
2014-03-20 11:08:21,www.reverso.net
2014-03-20 11:08:28,www.reverso.net
2014-03-20 11:08:29,static.ak.facebook.com
2014-03-20 11:08:29,ajax.googleapis.com
2014-03-20 11:08:29,s-static.ak.facebook.com
2014-03-20 11:08:31,i1-js-14-3-01-12160-481454843-i.init.cedexis-radar.net
2014-03-20 11:08:32,transact-can.cedexis.com
2014-03-20 11:08:35,ec2-us-east-1a.cedexis.com
2014-03-20 11:08:36,ec2-us-east-1a.cedexis.com
2014-03-20 11:08:37,cdn2.reverso.net
2014-03-20 11:08:38,www.reverso.net
2014-03-20 11:08:53,docs.google.com
2014-03-20 11:11:01,www.reverso.net
2014-03-20 11:11:03,s-static.ak.facebook.com
2014-03-20 11:11:03,www.facebook.com
2014-03-20 11:11:03,static.ak.facebook.com
2014-03-20 11:11:04,i1-js-14-3-01-12160-983247777-i.init.cedexis-radar.net
2014-03-20 11:11:06,cloudfront.cedexis.com
2014-03-20 11:11:07,ca.ecritel.bench.cedexis.com
2014-03-20 11:11:07,cdn2.reverso.net
2014-03-20 11:11:07,www.reverso.net
2014-03-20 11:11:11,www.reverso.net
2014-03-20 11:11:11,static.ak.facebook.com
2014-03-20 11:11:11,ajax.googleapis.com
2014-03-20 11:11:11,s-static.ak.facebook.com
2014-03-20 11:11:14,i1-js-14-3-01-12160-603530239-i.init.cedexis-radar.net
2014-03-20 11:11:15,cloudfront.cedexis.com
2014-03-20 11:11:16,cloudfront.cedexis.com
2014-03-20 11:11:17,cedexis.cachefly.net
2014-03-20 11:11:17,cdn2.reverso.net
2014-03-20 11:11:18,www.reverso.net
2014-03-20 11:11:18,netdna.cedexis.com
2014-03-20 11:14:25,www.bing.com
2014-03-20 11:14:35,www.bing.com
2014-03-20 11:14:36,login.live.com
2014-03-20 11:14:39,ssl.bing.com
2014-03-20 11:14:43,docs.google.com
2014-03-20 11:15:52,docs.google.com
2014-03-20 11:18:24,docs.google.com
2014-03-20 11:19:14,www.bing.com
2014-03-20 11:19:16,www.google.fr
2014-03-20 11:19:16,www.bing.com
2014-03-20 11:19:16,login.live.com
2014-03-20 11:19:18,www.google.fr
2014-03-20 11:19:24,www.bing.com
2014-03-20 11:19:27,www.google.fr
2014-03-20 11:19:28,www.google.fr
2014-03-20 11:19:31,www.google.com
2014-03-20 11:19:31,apis.google.com
2014-03-20 11:19:40,plus.google.com
2014-03-20 11:20:56,www.google.fr
2014-03-20 11:20:56,apis.google.com
2014-03-20 11:20:56,plus.google.com
2014-03-20 11:20:56,www.google.com
2014-03-20 11:20:57,www.google.fr
2014-03-20 11:20:57,www.europeanmasterhpa.it
2014-03-20 11:20:58,www.elingueiusmlearn.it
2014-03-20 11:20:59,www.elingueiusmlearn.it
2014-03-20 11:21:00,www.europeanmasterhpa.it
2014-03-20 11:21:04,www.elingueiusmlearn.it
2014-03-20 11:21:04,www.europeanmasterhpa.it
2014-03-20 11:21:08,www.google.fr
2014-03-20 11:21:39,www.jyu.fi
2014-03-20 11:21:39,www.google.fr
2014-03-20 11:21:39,plus.google.com
2014-03-20 11:21:40,www.jyu.fi
2014-03-20 11:21:45,www.google.fr
2014-03-20 11:21:47,www.jyu.fi
2014-03-20 11:21:47,p.typekit.net
2014-03-20 11:21:47,use.typekit.com
2014-03-20 11:21:52,apis.google.com
2014-03-20 11:21:52,accounts.google.com
2014-03-20 11:21:52,www.jyu.fi
2014-03-20 11:21:57,www.jyu.fi
2014-03-20 11:22:16,docs.google.com
2014-03-20 11:22:17,docs.google.com
2014-03-20 11:22:18,www.ed.ac.uk
2014-03-20 11:22:18,www.google.fr
2014-03-20 11:22:18,www.apps.hss.ed.ac.uk
2014-03-20 11:22:18,apis.google.com
2014-03-20 11:22:18,accounts.google.com
2014-03-20 11:22:18,plus.google.com
2014-03-20 11:22:19,www.ed.ac.uk
2014-03-20 11:22:49,www.google.fr
2014-03-20 11:22:49,www.ed.ac.uk
2014-03-20 11:22:54,docs.google.com
2014-03-20 11:22:57,www.ed.ac.uk
2014-03-20 11:23:46,www.google.fr
2014-03-20 11:27:54,docs.google.com
2014-03-20 11:27:54,api.conduit.com
2014-03-20 11:27:54,www.reverso.net
2014-03-20 11:27:55,ajax.googleapis.com
2014-03-20 11:27:55,static.ak.facebook.com
2014-03-20 11:27:55,s-static.ak.facebook.com
2014-03-20 11:27:55,connect.facebook.net
2014-03-20 11:27:58,i1-js-14-3-01-12160-723508034-i.init.cedexis-radar.net
2014-03-20 11:27:58,fastly.bench.cedexis.com.global.prod.fastly.net
2014-03-20 11:27:58,fastly.bench.cedexis.com
2014-03-20 11:27:59,netdna.cedexis.com
2014-03-20 11:27:59,bitgravity.cedexis.com
2014-03-20 11:28:00,cdn2.reverso.net
2014-03-20 11:28:01,cdn2.reverso.net
2014-03-20 11:28:02,www.reverso.net
2014-03-20 11:28:05,www.reverso.net
2014-03-20 11:28:06,www.facebook.com
2014-03-20 11:28:06,s-static.ak.facebook.com
2014-03-20 11:28:06,static.ak.facebook.com
2014-03-20 11:28:08,i1-js-14-3-01-12160-519130489-i.init.cedexis-radar.net
2014-03-20 11:28:10,br.ecritel.bench.cedexis.com
2014-03-20 11:28:10,probe.cedexis.org
2014-03-20 11:28:11,cdn2.reverso.net
2014-03-20 11:28:11,www.reverso.net
2014-03-20 11:28:11,probe.cedexis.org
2014-03-20 11:28:13,www.reverso.net
2014-03-20 11:28:14,c1.adform.net
2014-03-20 11:28:14,s-static.ak.facebook.com
2014-03-20 11:28:14,ajax.googleapis.com
2014-03-20 11:28:14,static.ak.facebook.com
2014-03-20 11:28:16,i1-js-14-3-01-12160-328485292-i.init.cedexis-radar.net
2014-03-20 11:28:17,cloudfront.cedexis.com
2014-03-20 11:28:18,www.reverso.net
2014-03-20 11:30:41,www.ed.ac.uk
2014-03-20 11:30:43,www.ed.ac.uk
2014-03-20 11:32:38,www.ed.ac.uk
2014-03-20 11:32:38,docs.google.com
2014-03-20 11:32:39,widget.unistats.ac.uk
2014-03-20 11:32:39,ajax.googleapis.com
2014-03-20 11:32:39,www.ed.ac.uk
2014-03-20 11:33:24,www.ed.ac.uk
2014-03-20 11:33:24,widget.unistats.ac.uk
2014-03-20 11:33:24,ajax.googleapis.com
2014-03-20 11:34:42,www.ed.ac.uk
2014-03-20 11:34:42,dnn506yrbagrg.cloudfront.net
2014-03-20 11:34:46,www.ed.ac.uk
2014-03-20 11:34:46,dnn506yrbagrg.cloudfront.net
2014-03-20 11:35:35,www.ed.ac.uk
2014-03-20 11:35:52,www.bing.com
2014-03-20 11:35:58,www.bing.com
2014-03-20 11:36:04,login.live.com
2014-03-20 11:36:05,www.bing.com
2014-03-20 11:36:06,ssl.bing.com
2014-03-20 11:36:07,login.live.com
2014-03-20 11:36:07,www.bing.com
2014-03-20 11:36:07,www.google.fr
2014-03-20 11:36:23,www.google.fr
2014-03-20 11:36:23,plus.google.com
2014-03-20 11:36:34,clients1.google.fr
2014-03-20 11:36:36,clients1.google.fr
2014-03-20 11:36:36,plus.google.com
2014-03-20 11:36:37,clients1.google.fr
2014-03-20 11:36:37,www.google.fr
2014-03-20 11:37:02,www.google.fr
2014-03-20 11:37:33,docs.google.com
2014-03-20 11:38:10,www.google.fr
2014-03-20 11:38:52,www.reverso.net
2014-03-20 11:38:53,ajax.googleapis.com
2014-03-20 11:38:53,static.ak.facebook.com
2014-03-20 11:38:53,s-static.ak.facebook.com
2014-03-20 11:38:54,match.rtbidder.net
2014-03-20 11:38:55,i1-js-14-3-01-12160-615118790-i.init.cedexis-radar.net
2014-03-20 11:38:56,fastly.bench.cedexis.com.global.prod.fastly.net
2014-03-20 11:38:56,fastly.bench.cedexis.com
2014-03-20 11:38:56,www.reverso.net
2014-03-20 11:38:57,s-static.ak.facebook.com
2014-03-20 11:38:57,static.ak.facebook.com
2014-03-20 11:38:58,www.facebook.com
2014-03-20 11:39:00,i1-js-14-3-01-12160-727811634-i.init.cedexis-radar.net
2014-03-20 11:39:00,canada.savvis.bench.cedexis.com
2014-03-20 11:39:01,bitgravity.cedexis.com
2014-03-20 11:39:01,llnwop.cedexis.com
2014-03-20 11:39:02,llnwop.cedexis.com
2014-03-20 11:39:02,www.reverso.net
2014-03-20 11:39:02,docs.google.com
2014-03-20 11:39:03,static.ak.facebook.com
2014-03-20 11:39:03,ajax.googleapis.com
2014-03-20 11:39:03,s-static.ak.facebook.com
2014-03-20 11:39:05,i1-js-14-3-01-12160-728329331-i.init.cedexis-radar.net
2014-03-20 11:39:06,fastly.bench.cedexis.com
2014-03-20 11:39:06,fastly.bench.cedexis.com.global.prod.fastly.net
2014-03-20 11:39:07,fastly.bench.cedexis.com
2014-03-20 11:39:07,ec2-eu-west-1a.cedexis.com
2014-03-20 11:39:07,cdn2.reverso.net
2014-03-20 11:39:08,cdn2.reverso.net
2014-03-20 11:39:08,www.reverso.net
2014-03-20 11:39:42,www.reverso.net
2014-03-20 11:39:46,www.reverso.net
2014-03-20 11:39:47,www.facebook.com
2014-03-20 11:39:47,s-static.ak.facebook.com
2014-03-20 11:39:47,static.ak.facebook.com
2014-03-20 11:39:48,www.facebook.com
2014-03-20 11:39:49,i1-js-14-3-01-12160-713073062-i.init.cedexis-radar.net
2014-03-20 11:39:50,ec2-us-east-1a.cedexis.com
2014-03-20 11:39:52,cedexis.cachefly.net
2014-03-20 11:39:53,limelight.cedexis.com
2014-03-20 11:39:53,www.reverso.net
2014-03-20 11:39:53,cedexis.cachefly.net
2014-03-20 11:39:54,www.reverso.net
2014-03-20 11:39:54,cdn2.reverso.net
2014-03-20 11:40:08,www.reverso.net
2014-03-20 11:40:09,s-static.ak.facebook.com
2014-03-20 11:40:09,ajax.googleapis.com
2014-03-20 11:40:09,static.ak.facebook.com
2014-03-20 11:40:11,www.reverso.net
2014-03-20 11:40:12,static.ak.facebook.com
2014-03-20 11:40:12,s-static.ak.facebook.com
2014-03-20 11:40:12,ajax.googleapis.com
2014-03-20 11:40:14,chinacache.cedexis.com
2014-03-20 11:40:14,i1-js-14-3-01-12160-200686941-i.init.cedexis-radar.net
2014-03-20 11:40:15,chinacache.cedexis.com
2014-03-20 11:40:15,fastly.bench.cedexis.com.global.prod.fastly.net
2014-03-20 11:40:15,fastly.bench.cedexis.com
2014-03-20 11:40:16,fastly.bench.cedexis.com
2014-03-20 11:40:17,edgecast-adn.cedexis.com
2014-03-20 11:40:17,cdn2.reverso.net
2014-03-20 11:40:18,cdn2.reverso.net
2014-03-20 11:40:18,netdna.cedexis.com
2014-03-20 11:40:19,netdna.cedexis.com
2014-03-20 11:40:19,www.reverso.net
2014-03-20 11:42:55,docs.google.com
2014-03-20 11:45:04,docs.google.com
2014-03-20 11:45:04,0.docs.google.com
2014-03-20 11:45:25,www.bing.com
2014-03-20 11:45:25,1.docs.google.com
2014-03-20 11:45:25,docs.google.com
2014-03-20 11:45:26,www.bing.com
2014-03-20 11:45:27,www.bing.com
2014-03-20 11:45:27,login.live.com
2014-03-20 11:45:29,drive.google.com
2014-03-20 11:45:30,drive.google.com
2014-03-20 11:45:33,1.drive.google.com
2014-03-20 11:45:38,drive.google.com
2014-03-20 11:45:38,1.drive.google.com
2014-03-20 11:45:46,docs.google.com
2014-03-20 11:45:48,docs.google.com
2014-03-20 11:45:50,clients2.google.com
2014-03-20 11:45:51,clients2.google.com
2014-03-20 11:45:51,apis.google.com
2014-03-20 11:45:52,docs.google.com
2014-03-20 11:45:52,2.docs.google.com
2014-03-20 11:45:53,2.docs.google.com
2014-03-20 11:45:53,3.docs.google.com
2014-03-20 11:45:54,clients6.google.com
2014-03-20 11:45:54,3.docs.google.com
2014-03-20 11:46:00,2.talkgadget.google.com
2014-03-20 11:46:07,plus.google.com
2014-03-20 11:46:50,docs.google.com
2014-03-20 11:46:54,plus.google.com
2014-03-20 11:46:54,docs.google.com
2014-03-20 11:46:54,drive.google.com
2014-03-20 11:47:02,docs.google.com
2014-03-20 11:47:24,2.docs.google.com
2014-03-20 11:47:24,docs.google.com
2014-03-20 11:47:24,plus.google.com
2014-03-20 11:47:24,2.talkgadget.google.com
2014-03-20 11:49:52,apis.google.com
2014-03-20 11:49:55,3.talkgadget.google.com
2014-03-20 11:49:58,plus.google.com
2014-03-20 11:50:15,docs.google.com
2014-03-20 11:50:15,3.docs.google.com
2014-03-20 11:50:15,plus.google.com
2014-03-20 11:50:15,3.talkgadget.google.com
2014-03-27 10:12:29,www.bing.com
2014-03-27 10:12:30,www.bing.com
2014-03-27 10:12:31,cms.abmr.net
2014-03-27 10:12:31,www.bing.com
2014-03-27 10:12:32,www.bing.com
2014-03-27 10:12:33,ajax.googleapis.com
2014-03-27 10:12:48,login.live.com
2014-03-27 10:15:33,ieonline.microsoft.com
2014-03-27 10:16:45,www.bing.com
2014-03-27 10:16:55,www.bing.com
2014-03-27 10:16:59,login.live.com
2014-03-27 10:17:01,www.bing.com
2014-03-27 10:17:08,www.bing.com
2014-03-27 10:17:22,drive.google.com
2014-03-27 10:17:24,www.google.com
2014-03-27 10:17:27,accounts.google.com
2014-03-27 10:17:41,accounts.youtube.com
2014-03-27 10:17:55,accounts.google.fr
2014-03-27 10:17:56,accounts.youtube.com
2014-03-27 10:17:56,accounts.google.com
2014-03-27 10:17:56,www.google.com
2014-03-27 10:17:56,apis.google.com
2014-03-27 10:17:56,accounts.google.fr
2014-03-27 10:17:56,ssl.bing.com
2014-03-27 10:17:56,drive.google.com
2014-03-27 10:17:59,0.drive.google.com
2014-03-27 10:18:00,0.drive.google.com
2014-03-27 10:18:02,plus.google.com
2014-03-27 10:18:02,docs.google.com
2014-03-27 10:18:02,apis.google.com
2014-03-27 10:18:02,drive.google.com
2014-03-27 10:18:03,drive.google.com
2014-03-27 10:18:03,docs.google.com
2014-03-27 10:18:04,0.drive.google.com
2014-03-27 10:18:13,docs.google.com
2014-03-27 10:18:18,docs.google.com
2014-03-27 10:18:19,docs.google.com
2014-03-27 10:18:20,docs.google.com
2014-03-27 10:18:21,0.docs.google.com
2014-03-27 10:18:21,docs.google.com
2014-03-27 10:18:22,www.google.com
2014-03-27 10:18:23,0.docs.google.com
2014-03-27 10:18:32,apis.google.com
2014-03-27 10:18:33,1.docs.google.com
2014-03-27 10:18:34,1.docs.google.com
2014-03-27 10:18:34,1.talkgadget.google.com
2014-03-27 10:18:34,clients2.google.com
2014-03-27 10:18:34,apis.google.com
2014-03-27 10:18:34,accounts.google.com
2014-03-27 10:18:34,docs.google.com
2014-03-27 10:18:34,www.google.com
2014-03-27 10:18:35,clients2.google.com
2014-03-27 10:18:35,plus.google.com
2014-03-27 10:18:35,clients6.google.com
2014-03-27 10:18:37,1.talkgadget.google.com
2014-03-27 10:19:05,docs.google.com
2014-03-27 10:19:05,plus.google.com
2014-03-27 10:19:05,apis.google.com
2014-03-27 10:19:35,apis.google.com
2014-03-27 10:19:35,1.talkgadget.google.com
2014-03-27 10:19:37,www.google.com
2014-03-27 10:20:12,docs.google.com
2014-03-27 10:20:17,apis.google.com
2014-03-27 10:20:27,clients6.google.com
2014-03-27 10:20:27,apis.google.com
2014-03-27 10:20:27,accounts.google.com
2014-03-27 10:22:34,apis.google.com
2014-03-27 10:22:35,1.talkgadget.google.com
2014-03-27 10:22:35,plus.google.com
2014-03-27 10:23:29,docs.google.com
2014-03-27 10:23:33,fpdownload2.macromedia.com
2014-03-27 10:23:38,www.google.com
2014-03-27 10:24:20,docs.google.com
2014-03-27 10:24:45,www.bing.com
2014-03-27 10:24:47,www.hotmail.com
2014-03-27 10:24:47,www.bing.com
2014-03-27 10:24:49,www.hotmail.com
2014-03-27 10:24:56,www.hotmail.com
2014-03-27 10:24:56,www.bing.com
2014-03-27 10:24:57,login.live.com
2014-03-27 10:24:58,login.live.com
2014-03-27 10:24:59,login.live.com
2014-03-27 10:25:07,login.live.com
2014-03-27 10:25:08,www.bing.com
2014-03-27 10:25:09,www.bing.com
2014-03-27 10:25:19,login.live.com
2014-03-27 10:25:29,login.live.com
2014-03-27 10:25:29,account.live.com
2014-03-27 10:25:30,login.live.com
2014-03-27 10:26:05,www.bing.com
2014-03-27 10:26:05,api.bing.com
2014-03-27 10:26:06,login.live.com
2014-03-27 10:26:06,www.bing.com
2014-03-27 10:26:07,fr.yahoo.com
2014-03-27 10:26:08,mail.yahoo.com
2014-03-27 10:26:08,fr.yahoo.com
2014-03-27 10:26:10,mail.yahoo.com
2014-03-27 10:26:22,login.yahoo.com
2014-03-27 10:26:23,login.yahoo.com
2014-03-27 10:26:25,login.yahoo.com
2014-03-27 10:26:26,login.yahoo.com
2014-03-27 10:26:35,c.live.com
2014-03-27 10:26:37,account.live.com
2014-03-27 10:26:39,clicks.beap.bc.yahoo.com
2014-03-27 10:26:40,login.yahoo.com
2014-03-27 10:26:40,clicks.beap.bc.yahoo.com
2014-03-27 10:26:42,fr-mg42.mail.yahoo.com
2014-03-27 10:26:48,fr-mg42.mail.yahoo.com
2014-03-27 10:26:51,fr-mg42.mail.yahoo.com
2014-03-27 10:26:56,ucs.query.yahoo.com
2014-03-27 10:26:59,fr-mg42.mail.yahoo.com
2014-03-27 10:27:00,ucs.query.yahoo.com
2014-03-27 10:27:01,www.dropbox.com
2014-03-27 10:28:01,www.dropbox.com
2014-03-27 10:29:41,fr-mg42.mail.yahoo.com
2014-03-27 10:33:41,docs.google.com
2014-03-27 10:36:18,docs.google.com
2014-03-27 10:38:04,ir2-attach.mail.yahoo.com
2014-03-27 10:38:05,ir2-attach.mail.yahoo.com
2014-03-27 10:38:06,ir2-attach.mail.yahoo.com
2014-03-27 10:38:07,ir2-attach.mail.yahoo.com
2014-03-27 10:38:08,ir2-attach.mail.yahoo.com
2014-03-27 10:38:29,ir2-attach.mail.yahoo.com
2014-03-27 10:38:30,ir2-attach.mail.yahoo.com
2014-03-27 10:38:31,ir2-attach.mail.yahoo.com
2014-03-27 10:38:32,ir2-attach.mail.yahoo.com
2014-03-27 10:38:33,ir2-attach.mail.yahoo.com
2014-03-27 10:38:35,ir2-attach.mail.yahoo.com
2014-03-27 10:38:36,ir2-attach.mail.yahoo.com
2014-03-27 10:38:37,ir2-attach.mail.yahoo.com
2014-03-27 10:38:52,ir2-attach.mail.yahoo.com
2014-03-27 10:38:53,ir2-attach.mail.yahoo.com
2014-03-27 10:38:55,ir2-attach.mail.yahoo.com
2014-03-27 10:38:56,ir2-attach.mail.yahoo.com
2014-03-27 10:38:57,ir2-attach.mail.yahoo.com
2014-03-27 10:38:58,ir2-attach.mail.yahoo.com
2014-03-27 10:39:00,ir2-attach.mail.yahoo.com
2014-03-27 10:39:01,ir2-attach.mail.yahoo.com
2014-03-27 10:39:16,ir2-attach.mail.yahoo.com
2014-03-27 10:39:18,ir2-attach.mail.yahoo.com
2014-03-27 10:39:19,ir2-attach.mail.yahoo.com
2014-03-27 10:39:21,ir2-attach.mail.yahoo.com
2014-03-27 10:39:22,ir2-attach.mail.yahoo.com
2014-03-27 10:39:23,ir2-attach.mail.yahoo.com
2014-03-27 10:39:24,ir2-attach.mail.yahoo.com
2014-03-27 10:39:26,ir2-attach.mail.yahoo.com
2014-03-27 10:39:27,ir2-attach.mail.yahoo.com
2014-03-27 10:39:28,ir2-attach.mail.yahoo.com
2014-03-27 10:39:30,ir2-attach.mail.yahoo.com
2014-03-27 10:39:31,ir2-attach.mail.yahoo.com
2014-03-27 10:39:33,ir2-attach.mail.yahoo.com
2014-03-27 10:39:34,ir2-attach.mail.yahoo.com
2014-03-27 10:39:36,ir2-attach.mail.yahoo.com
2014-03-27 10:39:37,ir2-attach.mail.yahoo.com
2014-03-27 10:39:39,ir2-attach.mail.yahoo.com
2014-03-27 10:39:55,fr-mg42.mail.yahoo.com
2014-03-27 10:41:14,docs.google.com
2014-03-27 10:43:05,fr-mg42.mail.yahoo.com
2014-03-27 10:43:10,fr-mg42.mail.yahoo.com
2014-03-27 10:44:10,docs.google.com
2014-03-27 10:46:33,docs.google.com
2014-03-27 10:49:54,www.ed.ac.uk
2014-03-27 10:49:55,www.ed.ac.uk
2014-03-27 10:52:19,docs.google.com
2014-03-27 10:52:21,docs.google.com
2014-03-27 10:53:39,1.docs.google.com
2014-03-27 10:53:39,docs.google.com
2014-03-27 10:59:39,www.bing.com
2014-03-27 10:59:41,www.bing.com
2014-03-27 10:59:41,www.google.fr
2014-03-27 10:59:46,www.google.fr
2014-03-27 10:59:49,www.bing.com
2014-03-27 10:59:50,login.live.com
2014-03-27 10:59:53,www.google.fr
2014-03-27 10:59:54,apis.google.com
2014-03-27 10:59:56,www.google.com
2014-03-27 11:00:12,plus.google.com
2014-03-27 11:01:40,www.google.fr
2014-03-27 11:01:45,cdn2.reverso.net
2014-03-27 11:01:45,apis.google.com
2014-03-27 11:01:45,api.conduit.com
2014-03-27 11:01:45,ajax.googleapis.com
2014-03-27 11:01:45,www.reverso.net
2014-03-27 11:01:45,www.google.fr
2014-03-27 11:01:45,www.google.com
2014-03-27 11:01:45,plus.google.com
2014-03-27 11:01:46,cdn2.reverso.net
2014-03-27 11:01:48,cdn2.reverso.net
2014-03-27 11:01:49,static.ak.facebook.com
2014-03-27 11:01:49,cdn2.reverso.net
2014-03-27 11:01:49,connect.facebook.net
2014-03-27 11:01:49,ajax.googleapis.com
2014-03-27 11:01:49,www.google.com
2014-03-27 11:01:49,s-static.ak.facebook.com
2014-03-27 11:02:01,accounts.google.com
2014-03-27 11:02:03,cdn2.reverso.net
2014-03-27 11:02:06,i1-js-14-3-01-12160-302641541-i.init.cedexis-radar.net
2014-03-27 11:02:07,cedexis.cachefly.net
2014-03-27 11:02:09,chinacache.cedexis.com
2014-03-27 11:02:10,cdn2.reverso.net
2014-03-27 11:02:10,chinacache.cedexis.com
2014-03-27 11:02:11,probe.cedexis.org
2014-03-27 11:02:11,www.reverso.net
2014-03-27 11:02:50,www.google.fr
2014-03-27 11:03:16,dnn506yrbagrg.cloudfront.net
2014-03-27 11:03:16,www.ed.ac.uk
2014-03-27 11:03:16,www.google.fr
2014-03-27 11:03:18,www.google.fr
2014-03-27 11:03:18,docs.google.com
2014-03-27 11:03:19,bits.wikimedia.org
2014-03-27 11:03:19,fr.wikipedia.org
2014-03-27 11:03:19,login.wikimedia.org
2014-03-27 11:03:19,meta.wikimedia.org
2014-03-27 11:03:25,accounts.google.com
2014-03-27 11:03:25,www.google.fr
2014-03-27 11:03:25,plus.google.com
2014-03-27 11:03:32,clients1.google.fr
2014-03-27 11:03:33,maps.google.fr
2014-03-27 11:03:33,www.google.fr
2014-03-27 11:03:36,maps.google.fr
2014-03-27 11:03:36,clients1.google.fr
2014-03-27 11:03:36,plus.google.com
2014-03-27 11:03:37,www.google.fr
2014-03-27 11:03:38,www.google.fr
2014-03-27 11:04:38,mt.google.com
2014-03-27 11:04:39,plus.google.com
2014-03-27 11:04:39,mt.google.com
2014-03-27 11:04:39,www.google.fr
2014-03-27 11:04:39,mts0.google.com
2014-03-27 11:04:42,mts0.google.com
2014-03-27 11:04:43,www.google.fr
2014-03-27 11:04:45,geo0.ggpht.com
2014-03-27 11:04:45,storage.googleapis.com
2014-03-27 11:05:10,storage.googleapis.com
2014-03-27 11:05:10,mts0.google.com
2014-03-27 11:05:10,www.google.fr
2014-03-27 11:05:10,geo0.ggpht.com
2014-03-27 11:05:11,www.google.fr
2014-03-27 11:05:19,www.google.fr
2014-03-27 11:05:20,mts0.google.com
2014-03-27 11:05:21,www.google.fr
2014-03-27 11:05:22,mts0.google.com
2014-03-27 11:05:22,www.google.fr
2014-03-27 11:05:23,mts0.google.com
2014-03-27 11:05:23,www.google.fr
2014-03-27 11:05:24,mts0.google.com
2014-03-27 11:05:48,www.google.fr
2014-03-27 11:05:48,mts0.google.com
2014-03-27 11:05:58,www.ed.ac.uk
2014-03-27 11:05:59,www.ed.ac.uk
2014-03-27 11:06:13,www.google.fr
2014-03-27 11:06:26,www.google.fr
2014-03-27 11:07:22,mw2.google.com
2014-03-27 11:08:04,www.ed.ac.uk
2014-03-27 11:08:04,plus.google.com
2014-03-27 11:08:04,www.google.fr
2014-03-27 11:08:04,mw2.google.com
2014-03-27 11:08:22,www.ed.ac.uk
2014-03-27 11:08:23,www.ed.ac.uk
2014-03-27 11:08:25,www.ed.ac.uk
2014-03-27 11:08:27,www.google.fr
2014-03-27 11:09:33,www.ed.ac.uk
2014-03-27 11:09:47,www.ed.ac.uk
2014-03-27 11:10:09,www.google.fr
2014-03-27 11:10:14,www.google.fr
2014-03-27 11:10:21,www.google.fr
2014-03-27 11:10:26,plus.google.com
2014-03-27 11:10:58,maps.google.fr
2014-03-27 11:11:07,maps.google.fr
2014-03-27 11:11:10,maps.google.fr
2014-03-27 11:11:12,maps.google.fr
2014-03-27 11:11:13,plus.google.com
2014-03-27 11:11:13,maps.google.fr
2014-03-27 11:11:15,www.google.fr
2014-03-27 11:11:15,mts0.google.com
2014-03-27 11:11:20,mts0.google.com
2014-03-27 11:11:20,www.google.fr
2014-03-27 11:11:21,mts0.google.com
2014-03-27 11:11:21,www.google.fr
2014-03-27 11:11:21,plus.google.com
2014-03-27 11:11:22,mts0.google.com
2014-03-27 11:11:22,www.google.fr
2014-03-27 11:11:23,mts0.google.com
2014-03-27 11:11:24,www.google.fr
2014-03-27 11:11:24,mts0.google.com
2014-03-27 11:11:27,mts0.google.com
2014-03-27 11:11:37,mts0.google.com
2014-03-27 11:11:38,mts0.google.com
2014-03-27 11:11:38,geo0.ggpht.com
2014-03-27 11:11:39,mts0.google.com
2014-03-27 11:11:40,mts0.google.com
2014-03-27 11:11:55,mts0.google.com
2014-03-27 11:11:55,geo0.ggpht.com
2014-03-27 11:11:55,mt.google.com
2014-03-27 11:11:55,www.google.fr
2014-03-27 11:12:12,www.google.fr
2014-03-27 11:12:13,mts0.google.com
2014-03-27 11:12:14,www.google.fr
2014-03-27 11:12:15,www.google.fr
2014-03-27 11:12:21,mt.google.com
2014-03-27 11:13:09,mts0.google.com
2014-03-27 11:13:09,www.google.fr
2014-03-27 11:13:09,www.bing.com
2014-03-27 11:13:10,www.bing.com
2014-03-27 11:13:13,www.bing.com
2014-03-27 11:13:13,www.google.fr
2014-03-27 11:13:20,www.google.fr
2014-03-27 11:13:20,www.bing.com
2014-03-27 11:13:21,login.live.com
2014-03-27 11:13:23,www.bing.com
2014-03-27 11:13:23,www.google.fr
2014-03-27 11:13:30,www.bing.com
2014-03-27 11:13:32,ssl.bing.com
2014-03-27 11:13:32,www.bing.com
2014-03-27 11:13:32,www.google.fr
2014-03-27 11:13:33,ts2.mm.bing.net
2014-03-27 11:13:33,ts1.mm.bing.net
2014-03-27 11:13:33,ts3.mm.bing.net
2014-03-27 11:13:33,ts4.mm.bing.net
2014-03-27 11:13:33,www.bing.com
2014-03-27 11:13:34,ts1.mm.bing.net
2014-03-27 11:13:34,ts4.mm.bing.net
2014-03-27 11:13:34,ts3.mm.bing.net
2014-03-27 11:13:34,ts2.mm.bing.net
2014-03-27 11:13:34,api.bing.com
2014-03-27 11:13:34,www.bing.com
2014-03-27 11:13:35,www.bing.com
2014-03-27 11:13:37,www.bing.com
2014-03-27 11:13:40,api.bing.com
2014-03-27 11:13:42,api.bing.com
2014-03-27 11:13:43,api.bing.com
2014-03-27 11:13:45,api.bing.com
2014-03-27 11:13:45,login.live.com
2014-03-27 11:13:46,api.bing.com
2014-03-27 11:13:47,ts3.mm.bing.net
2014-03-27 11:13:47,ts4.mm.bing.net
2014-03-27 11:13:47,www.bing.com
2014-03-27 11:13:47,ssl.bing.com
2014-03-27 11:13:47,ts2.mm.bing.net
2014-03-27 11:13:47,ts1.mm.bing.net
2014-03-27 11:13:48,ts4.mm.bing.net
2014-03-27 11:13:48,ts3.mm.bing.net
2014-03-27 11:13:48,ts1.mm.bing.net
2014-03-27 11:13:48,ts2.mm.bing.net
2014-03-27 11:13:48,www.bing.com
2014-03-27 11:13:49,ts3.mm.bing.net
2014-03-27 11:13:49,ts1.mm.bing.net
2014-03-27 11:13:49,ts2.mm.bing.net
2014-03-27 11:13:49,ts4.mm.bing.net
2014-03-27 11:13:49,www.bing.com
2014-03-27 11:13:50,ts1.mm.bing.net
2014-03-27 11:13:50,ts2.mm.bing.net
2014-03-27 11:13:50,ts4.mm.bing.net
2014-03-27 11:13:50,ts3.mm.bing.net
2014-03-27 11:13:51,ts2.mm.bing.net
2014-03-27 11:13:51,api.bing.com
2014-03-27 11:13:51,ts4.mm.bing.net
2014-03-27 11:13:51,ts1.mm.bing.net
2014-03-27 11:13:51,www.bing.com
2014-03-27 11:13:51,ts3.mm.bing.net
2014-03-27 11:13:53,www.bing.com
2014-03-27 11:13:56,www.bing.com
2014-03-27 11:13:56,ts1.mm.bing.net
2014-03-27 11:13:57,www.bing.com
2014-03-27 11:13:57,ts1.mm.bing.net
2014-03-27 11:13:58,ts1.mm.bing.net
2014-03-27 11:13:58,www.bing.com
2014-03-27 11:14:00,www.bing.com
2014-03-27 11:14:01,www.bing.com
2014-03-27 11:14:03,www.bing.com
2014-03-27 11:14:09,www.bing.com
2014-03-27 11:14:09,ts1.mm.bing.net
2014-03-27 11:14:11,www.bing.com
2014-03-27 11:14:13,www.bing.com
2014-03-27 11:14:14,www.bing.com
2014-03-27 11:14:18,api.bing.com
2014-03-27 11:14:20,www.bing.com
2014-03-27 11:14:21,www.bing.com
2014-03-27 11:14:21,ts2.mm.bing.net
2014-03-27 11:14:21,ts3.mm.bing.net
2014-03-27 11:14:21,ts1.mm.bing.net
2014-03-27 11:14:21,ts4.mm.bing.net
2014-03-27 11:14:22,ts4.mm.bing.net
2014-03-27 11:14:22,www.bing.com
2014-03-27 11:14:22,ts2.mm.bing.net
2014-03-27 11:14:22,ts1.mm.bing.net
2014-03-27 11:14:22,ts3.mm.bing.net
2014-03-27 11:14:23,ts3.mm.bing.net
2014-03-27 11:14:23,ts4.mm.bing.net
2014-03-27 11:14:23,ts2.mm.bing.net
2014-03-27 11:14:23,ts1.mm.bing.net
2014-03-27 11:14:23,www.bing.com
2014-03-27 11:14:24,ts3.mm.bing.net
2014-03-27 11:14:24,ts2.mm.bing.net
2014-03-27 11:14:24,api.bing.com
2014-03-27 11:14:24,ts1.mm.bing.net
2014-03-27 11:14:24,ts4.mm.bing.net
2014-03-27 11:14:34,login.live.com
2014-03-27 11:14:36,www.bing.com
2014-03-27 11:14:36,api.bing.com
2014-03-27 11:14:37,www.bing.com
2014-03-27 11:14:53,www.google.fr
2014-03-27 11:15:43,docs.google.com
2014-03-27 11:16:39,ssl.bing.com
2014-03-27 11:16:43,www.google.fr
2014-03-27 11:17:06,static.ak.facebook.com
2014-03-27 11:17:06,www.facebook.com
2014-03-27 11:17:06,s-static.ak.facebook.com
2014-03-27 11:17:06,www.reverso.net
2014-03-27 11:17:06,ajax.googleapis.com
2014-03-27 11:17:06,cdn2.reverso.net
2014-03-27 11:17:06,api.conduit.com
2014-03-27 11:17:09,i1-js-14-3-01-12160-612381184-i.init.cedexis-radar.net
2014-03-27 11:17:11,ec2-ap-northeast-1a.cedexis.com
2014-03-27 11:17:12,cdn2.reverso.net
2014-03-27 11:17:14,cdn2.reverso.net
2014-03-27 11:17:14,www.reverso.net
2014-03-27 11:17:14,fastly.bench.cedexis.com.global.prod.fastly.net
2014-03-27 11:17:14,fastly.bench.cedexis.com
2014-03-27 11:17:15,fastly.bench.cedexis.com
2014-03-27 11:17:18,docs.google.com
2014-03-27 11:17:37,www.bing.com
2014-03-27 11:17:39,www.bing.com
2014-03-27 11:17:40,ts4.mm.bing.net
2014-03-27 11:17:40,ts1.mm.bing.net
2014-03-27 11:17:40,ts2.mm.bing.net
2014-03-27 11:17:40,www.bing.com
2014-03-27 11:17:40,ts3.mm.bing.net
2014-03-27 11:17:41,ts2.mm.bing.net
2014-03-27 11:17:41,ts4.mm.bing.net
2014-03-27 11:17:41,ts1.mm.bing.net
2014-03-27 11:17:41,ts3.mm.bing.net
2014-03-27 11:17:41,www.bing.com
2014-03-27 11:17:42,ts3.mm.bing.net
2014-03-27 11:17:42,ts1.mm.bing.net
2014-03-27 11:17:42,ts2.mm.bing.net
2014-03-27 11:17:42,ts4.mm.bing.net
2014-03-27 11:17:43,ts2.mm.bing.net
2014-03-27 11:17:43,www.bing.com
2014-03-27 11:17:43,api.bing.com
2014-03-27 11:17:43,login.live.com
2014-03-27 11:17:43,ts1.mm.bing.net
2014-03-27 11:17:43,ts4.mm.bing.net
2014-03-27 11:17:43,ts3.mm.bing.net
2014-03-27 11:17:44,ts1.mm.bing.net
2014-03-27 11:17:44,ts3.mm.bing.net
2014-03-27 11:17:44,ts2.mm.bing.net
2014-03-27 11:17:44,ts4.mm.bing.net
2014-03-27 11:17:44,www.bing.com
2014-03-27 11:17:45,ts3.mm.bing.net
2014-03-27 11:17:45,ts4.mm.bing.net
2014-03-27 11:17:45,www.bing.com
2014-03-27 11:17:45,ts1.mm.bing.net
2014-03-27 11:17:45,ts2.mm.bing.net
2014-03-27 11:17:46,ts2.mm.bing.net
2014-03-27 11:17:46,ts4.mm.bing.net
2014-03-27 11:17:46,ts3.mm.bing.net
2014-03-27 11:17:46,api.bing.com
2014-03-27 11:17:46,ts1.mm.bing.net
2014-03-27 11:17:47,www.bing.com
2014-03-27 11:17:47,ts4.mm.bing.net
2014-03-27 11:17:47,ts3.mm.bing.net
2014-03-27 11:17:47,ts1.mm.bing.net
2014-03-27 11:17:47,ts2.mm.bing.net
2014-03-27 11:17:48,ts4.mm.bing.net
2014-03-27 11:17:48,www.bing.com
2014-03-27 11:17:48,login.live.com
2014-03-27 11:17:49,www.bing.com
2014-03-27 11:17:51,ts1.mm.bing.net
2014-03-27 11:17:51,www.bing.com
2014-03-27 11:17:52,www.bing.com
2014-03-27 11:17:52,ts1.mm.bing.net
2014-03-27 11:17:54,www.bing.com
2014-03-27 11:17:57,www.bing.com
2014-03-27 11:17:58,plus.google.com
2014-03-27 11:17:58,www.google.fr
2014-03-27 11:17:59,www.bing.com
2014-03-27 11:20:11,0.docs.google.com
2014-03-27 11:21:20,docs.google.com
2014-03-27 11:21:27,docs.google.com
2014-03-27 11:21:48,s-static.ak.facebook.com
2014-03-27 11:21:48,www.reverso.net
2014-03-27 11:21:48,ajax.googleapis.com
2014-03-27 11:21:48,connect.facebook.net
2014-03-27 11:21:48,static.ak.facebook.com
2014-03-27 11:21:58,ajax.googleapis.com
2014-03-27 11:21:58,www.reverso.net
2014-03-27 11:21:58,www.facebook.com
2014-03-27 11:21:59,static.ak.facebook.com
2014-03-27 11:21:59,dictionnaire.reverso.net
2014-03-27 11:21:59,cdn2.reverso.net
2014-03-27 11:21:59,www.facebook.com
2014-03-27 11:21:59,s-static.ak.facebook.com
2014-03-27 11:21:59,ajax.googleapis.com
2014-03-27 11:21:59,www.reverso.net
2014-03-27 11:22:01,ea.numericable.fr
2014-03-27 11:22:02,i1-js-14-3-01-12160-962095439-i.init.cedexis-radar.net
2014-03-27 11:22:03,probe.cedexis.org
2014-03-27 11:22:04,probe.cedexis.org
2014-03-27 11:22:07,netdna.cedexis.com
2014-03-27 11:22:08,netdna.cedexis.com
2014-03-27 11:22:10,www.reverso.net
2014-03-27 11:22:11,www.reverso.net
2014-03-27 11:22:11,dictionnaire.reverso.net
2014-03-27 11:22:11,ajax.googleapis.com
2014-03-27 11:22:12,hal9000.redintelligence.net
2014-03-27 11:22:12,cdn2.reverso.net
2014-03-27 11:22:13,cdn2.reverso.net
2014-03-27 11:22:13,ad.publicidees.com
2014-03-27 11:22:13,affiliation.service-voyages.com
2014-03-27 11:22:13,hal9000.redintelligence.net
2014-03-27 11:27:01,docs.google.com
2014-03-27 11:27:06,apis.google.com
2014-03-27 11:27:08,2.docs.google.com
2014-03-27 11:27:09,2.docs.google.com
2014-03-27 11:27:19,docs.google.com
2014-03-27 11:27:21,docs.google.com
2014-03-27 11:27:22,clients6.google.com
2014-03-27 11:27:23,docs.google.com
2014-03-27 11:27:23,drive.google.com
2014-03-27 11:27:26,1.drive.google.com
2014-03-27 11:27:27,1.drive.google.com
2014-03-27 11:27:28,drive.google.com
2014-03-27 11:27:28,1.drive.google.com
2014-03-27 11:27:31,apis.google.com
2014-03-27 11:27:40,3.docs.google.com
2014-03-27 11:27:42,3.docs.google.com
2014-03-27 11:27:43,2.docs.google.com
2014-03-27 11:27:43,drive.google.com
2014-03-27 11:27:45,3.talkgadget.google.com
2014-03-27 11:27:46,docs.google.com
2014-03-27 11:27:47,plus.google.com
2014-03-27 11:28:46,docs.google.com
2014-03-27 11:28:53,www.google.com
2014-03-27 11:28:54,www.google.com
2014-03-27 11:29:09,docs.google.com
2014-03-27 11:30:22,docs.google.com
2014-03-27 11:30:22,3.docs.google.com
2014-03-27 11:30:22,www.google.com
2014-03-27 11:30:22,plus.google.com
2014-03-27 11:30:22,3.talkgadget.google.com
2014-03-27 11:30:22,apis.google.com
2014-03-27 11:30:59,www.bing.com
2014-03-27 11:31:01,www.bing.com
2014-03-27 11:31:02,ajax.googleapis.com
2014-03-27 11:31:02,docs.google.com
2014-03-27 11:31:10,login.live.com
2014-03-27 11:33:07,connect.facebook.net
2014-03-27 11:33:07,cdn2.reverso.net
2014-03-27 11:33:07,api.conduit.com
2014-03-27 11:33:07,ajax.googleapis.com
2014-03-27 11:33:07,www.reverso.net
2014-03-27 11:33:08,cdn2.reverso.net
2014-03-27 11:33:08,static.ak.facebook.com
2014-03-27 11:33:08,ajax.googleapis.com
2014-03-27 11:33:08,s-static.ak.facebook.com
2014-03-27 11:33:09,dps.bing.com
2014-03-27 11:33:09,ajax.googleapis.com
2014-03-27 11:33:11,i1-js-14-3-01-12160-579340003-i.init.cedexis-radar.net
2014-03-27 11:33:14,www.reverso.net
2014-03-27 11:33:14,cdn2.reverso.net
2014-03-27 11:33:15,ajax.googleapis.com
2014-03-27 11:33:16,s-static.ak.facebook.com
2014-03-27 11:33:16,www.reverso.net
2014-03-27 11:33:16,static.ak.facebook.com
2014-03-27 11:33:16,www.facebook.com
2014-03-27 11:33:17,www.reverso.net
2014-03-27 11:33:17,ajax.googleapis.com
2014-03-27 11:33:17,dictionnaire.reverso.net
2014-03-27 11:33:18,static.ak.facebook.com
2014-03-27 11:33:18,ajax.googleapis.com
2014-03-27 11:33:18,s-static.ak.facebook.com
2014-03-27 11:33:21,limelight.cedexis.com
2014-03-27 11:33:21,i1-js-14-3-01-12160-369735794-i.init.cedexis-radar.net
2014-03-27 11:33:22,probe.cedexis.org
2014-03-27 11:33:22,fastly.bench.cedexis.com.global.prod.fastly.net
2014-03-27 11:33:22,limelight.cedexis.com
2014-03-27 11:33:22,fastly.bench.cedexis.com
2014-03-27 11:33:23,www.reverso.net
2014-03-27 11:33:23,fastly.bench.cedexis.com
2014-03-27 11:33:23,akamai.cedexis.com
2014-03-27 11:33:24,www.reverso.net
2014-03-27 11:33:24,cdn2.reverso.net
2014-03-27 11:34:00,www.reverso.net
2014-03-27 11:34:06,www.facebook.com
2014-03-27 11:34:06,static.ak.facebook.com
2014-03-27 11:34:06,s-static.ak.facebook.com
2014-03-27 11:34:06,ajax.googleapis.com
2014-03-27 11:34:06,www.reverso.net
2014-03-27 11:34:09,i1-js-14-3-01-12160-480215858-i.init.cedexis-radar.net
2014-03-27 11:34:10,fastly.bench.cedexis.com.global.prod.fastly.net
2014-03-27 11:34:10,fastly.bench.cedexis.com
2014-03-27 11:34:11,netdna.cedexis.com
2014-03-27 11:34:11,limelight.cedexis.com
2014-03-27 11:34:12,cdn2.reverso.net
2014-03-27 11:34:13,www.reverso.net
2014-03-27 11:34:19,ajax.googleapis.com
2014-03-27 11:34:19,www.reverso.net
2014-03-27 11:34:20,s-static.ak.facebook.com
2014-03-27 11:34:20,static.ak.facebook.com
2014-03-27 11:34:20,ajax.googleapis.com
2014-03-27 11:34:23,i1-js-14-3-01-12160-996794496-i.init.cedexis-radar.net
2014-03-27 11:34:24,fastlydsa.bench.cedexis.com
2014-03-27 11:34:25,ec2-us-west-2a.cedexis.com
2014-03-27 11:34:25,chinacache.cedexis.com
2014-03-27 11:34:26,chinacache.cedexis.com
2014-03-27 11:34:27,cdn2.reverso.net
2014-03-27 11:34:34,cdn2.reverso.net
2014-03-27 11:34:34,www.reverso.net
2014-03-27 11:36:10,ajax.googleapis.com
2014-03-27 11:36:10,www.reverso.net
2014-03-27 11:36:10,context2.reverso.net
2014-03-27 11:36:10,cdn2.reverso.net
2014-03-27 11:36:10,www.facebook.com
2014-03-27 11:36:10,static.ak.facebook.com
2014-03-27 11:36:10,s-static.ak.facebook.com
2014-03-27 11:36:13,i1-js-14-3-01-12160-86941623-i.init.cedexis-radar.net
2014-03-27 11:36:13,limelight.cedexis.com
2014-03-27 11:36:14,bitgravity.cedexis.com
2014-03-27 11:36:14,netdna.cedexis.com
2014-03-27 11:36:15,www.reverso.net
2014-03-27 11:36:15,netdna.cedexis.com
2014-03-27 11:36:15,cdn2.reverso.net
2014-03-27 11:36:15,ajax.googleapis.com
2014-03-27 11:36:16,static.ak.facebook.com
2014-03-27 11:36:16,ajax.googleapis.com
2014-03-27 11:36:16,s-static.ak.facebook.com
2014-03-27 11:36:16,images.orangepublicite.fr
2014-03-27 11:36:19,i1-js-14-3-01-12160-340169806-i.init.cedexis-radar.net
2014-03-27 11:36:19,fastly.bench.cedexis.com.global.prod.fastly.net
2014-03-27 11:36:19,fastly.bench.cedexis.com
2014-03-27 11:36:20,fastly.bench.cedexis.com
2014-03-27 11:36:20,akamai.cedexis.com
2014-03-27 11:36:20,level3.cedexis.com
2014-03-27 11:36:21,level3.cedexis.com
2014-03-27 11:36:22,level3.cedexis.com
2014-03-27 11:36:23,ec2-us-west-1a.cedexis.com
2014-03-27 11:36:23,www.reverso.net
2014-03-27 11:36:24,cdn2.reverso.net
2014-03-27 11:36:24,www.reverso.net
2014-03-27 11:37:04,docs.google.com
2014-03-27 11:40:40,ajax.googleapis.com
2014-03-27 11:40:40,www.reverso.net
2014-03-27 11:40:41,dictionnaire.reverso.net
2014-03-27 11:40:41,static.ak.facebook.com
2014-03-27 11:40:41,www.facebook.com
2014-03-27 11:40:41,ajax.googleapis.com
2014-03-27 11:40:41,cdn2.reverso.net
2014-03-27 11:40:41,www.reverso.net
2014-03-27 11:40:41,s-static.ak.facebook.com
2014-03-27 11:40:42,ajax.googleapis.com
2014-03-27 11:40:42,www.reverso.net
2014-03-27 11:40:43,static.ak.facebook.com
2014-03-27 11:40:43,s-static.ak.facebook.com
2014-03-27 11:40:43,ajax.googleapis.com
2014-03-27 11:40:46,i1-js-14-3-01-12160-695535693-i.init.cedexis-radar.net
2014-03-27 11:40:46,c1.adform.net
2014-03-27 11:40:46,um.simpli.fi
2014-03-27 11:40:47,transact-can.cedexis.com
2014-03-27 11:40:48,fastly.bench.cedexis.com.global.prod.fastly.net
2014-03-27 11:40:48,fastly.bench.cedexis.com
2014-03-27 11:40:49,level3.cedexis.com
2014-03-27 11:40:51,netdna.cedexis.com
2014-03-27 11:40:52,www.reverso.net
2014-03-27 11:40:53,cdn2.reverso.net
2014-03-27 11:41:33,ajax.googleapis.com
2014-03-27 11:41:33,www.reverso.net
2014-03-27 11:41:34,s-static.ak.facebook.com
2014-03-27 11:41:34,www.facebook.com
2014-03-27 11:41:34,context2.reverso.net
2014-03-27 11:41:34,static.ak.facebook.com
2014-03-27 11:41:37,i1-js-14-3-01-12160-219331922-i.init.cedexis-radar.net
2014-03-27 11:41:38,ec2-sa-east-1a.cedexis.com
2014-03-27 11:41:39,ec2-sa-east-1a.cedexis.com
2014-03-27 11:41:39,cloudfront.cedexis.com
2014-03-27 11:41:40,cloudfront.cedexis.com
2014-03-27 11:41:40,cedexis-test01.insnw.net
2014-03-27 11:41:41,cedexis-test01.insnw.net
2014-03-27 11:41:42,www.reverso.net
2014-03-27 11:41:42,context2.reverso.net
2014-03-27 11:41:43,www.reverso.net
2014-03-27 11:41:44,ajax.googleapis.com
2014-03-27 11:41:44,www.reverso.net
2014-03-27 11:41:45,s-static.ak.facebook.com
2014-03-27 11:41:45,ajax.googleapis.com
2014-03-27 11:41:45,static.ak.facebook.com
2014-03-27 11:42:08,cedexis-test01.insnw.net
2014-03-27 11:42:08,i1-js-14-3-01-12160-704862681-i.init.cedexis-radar.net
2014-03-27 11:42:08,aspserveur.bench.cedexis.com
2014-03-27 11:42:09,cedexis-test01.insnw.net
2014-03-27 11:42:09,cdn2.reverso.net
2014-03-27 11:42:10,www.reverso.net
2014-03-27 11:42:10,cdn2.reverso.net
2014-03-27 11:42:17,docs.google.com
2014-03-27 11:42:35,pixel2368.everesttech.net
2014-03-27 11:42:36,cm.adgrx.com
2014-03-27 11:42:37,www.ed.ac.uk
2014-03-27 11:42:38,www.ed.ac.uk
2014-03-27 11:42:38,adventori.com
2014-03-27 11:42:40,www.ed.ac.uk
2014-03-27 11:42:52,www.ed.ac.uk
2014-03-27 11:42:52,docs.google.com
2014-03-27 11:42:59,docs.google.com
2014-03-27 11:43:01,pixel2368.everesttech.net
2014-03-27 11:43:07,0.docs.google.com
