timestamp,site
2014-01-05 18:14:13,ent-shasta-rrs.symantec.com
2014-04-14 08:12:00,ent-shasta-rrs.symantec.com
2014-04-14 09:45:02,ent-shasta-rrs.symantec.com
2014-04-14 11:18:06,ent-shasta-rrs.symantec.com
2014-04-14 11:49:07,ent-shasta-rrs.symantec.com
2014-04-14 12:51:09,ent-shasta-rrs.symantec.com
2014-04-14 13:38:47,ent-shasta-rrs.symantec.com
2014-04-14 13:53:11,ent-shasta-rrs.symantec.com
2014-04-14 14:24:14,ent-shasta-rrs.symantec.com
2014-04-14 14:35:33,ent-shasta-rrs.symantec.com
2014-04-14 14:55:22,ent-shasta-rrs.symantec.com
2014-04-14 15:17:57,ent-shasta-rrs.symantec.com
2014-04-14 15:26:16,ent-shasta-rrs.symantec.com
2014-04-14 15:57:16,ent-shasta-rrs.symantec.com
2014-04-14 16:28:17,ent-shasta-rrs.symantec.com
2014-04-14 16:59:18,ent-shasta-rrs.symantec.com
2014-04-14 18:01:23,ent-shasta-rrs.symantec.com
2014-04-14 19:03:22,ent-shasta-rrs.symantec.com
2014-04-14 22:30:12,ent-shasta-rrs.symantec.com
2014-04-15 08:29:38,ent-shasta-rrs.symantec.com
2014-04-15 09:00:39,ent-shasta-rrs.symantec.com
2014-04-15 09:31:43,ent-shasta-rrs.symantec.com
2014-04-15 10:02:48,ent-shasta-rrs.symantec.com
2014-04-15 10:33:50,ent-shasta-rrs.symantec.com
2014-04-15 11:04:50,ent-shasta-rrs.symantec.com
2014-04-15 11:35:51,ent-shasta-rrs.symantec.com
2014-04-15 12:57:08,ent-shasta-rrs.symantec.com
2014-04-15 13:08:54,ent-shasta-rrs.symantec.com
2014-04-15 16:13:15,ent-shasta-rrs.symantec.com
2014-04-15 16:44:16,ent-shasta-rrs.symantec.com
2014-04-16 08:14:49,ent-shasta-rrs.symantec.com
2014-04-16 08:45:50,ent-shasta-rrs.symantec.com
2014-04-16 09:49:03,ent-shasta-rrs.symantec.com
2014-04-16 10:49:02,ent-shasta-rrs.symantec.com
2014-04-16 13:24:09,ent-shasta-rrs.symantec.com
2014-04-16 13:55:14,ent-shasta-rrs.symantec.com
2014-04-16 14:26:18,ent-shasta-rrs.symantec.com
2014-04-16 14:57:26,ent-shasta-rrs.symantec.com
2014-04-16 15:28:32,ent-shasta-rrs.symantec.com
2014-04-16 15:59:33,ent-shasta-rrs.symantec.com
2014-04-17 07:55:39,ent-shasta-rrs.symantec.com
2014-04-17 07:55:41,ent-shasta-rrs.symantec.com
2014-04-17 08:01:13,ent-shasta-rrs.symantec.com
2014-04-17 08:32:14,ent-shasta-rrs.symantec.com
2014-04-17 09:50:34,ent-shasta-rrs.symantec.com
2014-04-17 09:52:37,ent-shasta-rrs.symantec.com
2014-04-17 09:52:39,ent-shasta-rrs.symantec.com
2014-04-17 09:58:57,ent-shasta-rrs.symantec.com
2014-04-17 10:05:20,ent-shasta-rrs.symantec.com
2014-04-17 10:36:22,ent-shasta-rrs.symantec.com
2014-04-17 10:36:32,ent-shasta-rrs.symantec.com
2014-04-17 11:38:40,ent-shasta-rrs.symantec.com
2014-04-17 12:09:42,ent-shasta-rrs.symantec.com
2014-04-17 14:44:52,ent-shasta-rrs.symantec.com
2014-04-17 15:15:54,ent-shasta-rrs.symantec.com
2014-04-17 16:16:56,ent-shasta-rrs.symantec.com
2014-04-17 18:12:48,ent-shasta-rrs.symantec.com
2014-04-18 08:18:40,ent-shasta-rrs.symantec.com
2014-04-18 08:49:42,ent-shasta-rrs.symantec.com
2014-04-18 09:34:29,ent-shasta-rrs.symantec.com
2014-04-18 09:35:00,ent-shasta-rrs.symantec.com
2014-04-18 10:21:46,ent-shasta-rrs.symantec.com
2014-04-18 10:28:40,ent-shasta-rrs.symantec.com
2014-04-18 10:52:56,ent-shasta-rrs.symantec.com
2014-04-18 12:57:06,ent-shasta-rrs.symantec.com
2014-04-18 13:28:08,ent-shasta-rrs.symantec.com
2014-04-18 14:30:12,ent-shasta-rrs.symantec.com
2014-04-18 15:01:15,ent-shasta-rrs.symantec.com
2014-04-18 15:32:17,ent-shasta-rrs.symantec.com
2014-04-18 16:03:20,ent-shasta-rrs.symantec.com
2014-04-18 17:05:25,ent-shasta-rrs.symantec.com
2014-04-21 15:43:52,ent-shasta-rrs.symantec.com
2014-04-22 08:58:18,ent-shasta-rrs.symantec.com
2014-04-22 09:59:26,ent-shasta-rrs.symantec.com
2014-04-22 10:30:28,ent-shasta-rrs.symantec.com
2014-04-22 11:01:29,ent-shasta-rrs.symantec.com
2014-04-22 11:32:30,ent-shasta-rrs.symantec.com
2014-04-22 12:34:35,ent-shasta-rrs.symantec.com
2014-04-22 13:01:15,ent-shasta-rrs.symantec.com
2014-04-22 13:36:36,ent-shasta-rrs.symantec.com
2014-04-22 14:38:35,ent-shasta-rrs.symantec.com
2014-04-23 09:46:10,ent-shasta-rrs.symantec.com
2014-04-23 10:17:11,ent-shasta-rrs.symantec.com
2014-04-23 10:48:12,ent-shasta-rrs.symantec.com
2014-04-23 12:52:26,ent-shasta-rrs.symantec.com
2014-04-23 13:54:30,ent-shasta-rrs.symantec.com
2014-04-23 14:25:32,ent-shasta-rrs.symantec.com
2014-04-23 14:56:33,ent-shasta-rrs.symantec.com
2014-04-23 16:28:37,ent-shasta-rrs.symantec.com
2014-04-23 17:27:49,ent-shasta-rrs.symantec.com
2014-04-23 17:30:41,ent-shasta-rrs.symantec.com
2014-04-24 08:26:05,ent-shasta-rrs.symantec.com
2014-04-24 08:28:33,ent-shasta-rrs.symantec.com
2014-04-24 10:34:20,ent-shasta-rrs.symantec.com
2014-04-24 13:40:32,ent-shasta-rrs.symantec.com
2014-04-24 14:00:13,ent-shasta-rrs.symantec.com
2014-04-24 14:11:33,ent-shasta-rrs.symantec.com
2014-04-24 14:42:34,ent-shasta-rrs.symantec.com
2014-04-24 18:19:46,ent-shasta-rrs.symantec.com
2014-04-25 08:17:24,ent-shasta-rrs.symantec.com
2014-04-25 08:48:23,ent-shasta-rrs.symantec.com
2014-04-25 10:52:30,ent-shasta-rrs.symantec.com
2014-04-25 11:16:46,ent-shasta-rrs.symantec.com
2014-04-25 11:19:39,ent-shasta-rrs.symantec.com
2014-04-25 11:54:36,ent-shasta-rrs.symantec.com
2014-04-28 14:13:54,ent-shasta-rrs.symantec.com
2014-04-28 17:51:00,ent-shasta-rrs.symantec.com
2014-04-28 17:51:02,ent-shasta-rrs.symantec.com
2014-04-28 17:51:05,ent-shasta-rrs.symantec.com
2014-04-28 17:51:08,ent-shasta-rrs.symantec.com
2014-04-28 17:51:12,ent-shasta-rrs.symantec.com
2014-04-28 17:51:16,ent-shasta-rrs.symantec.com
2014-04-28 21:51:26,ent-shasta-rrs.symantec.com
2014-04-29 11:51:50,ent-shasta-rrs.symantec.com
2014-04-29 11:51:53,ent-shasta-rrs.symantec.com
2014-04-29 12:21:58,ent-shasta-rrs.symantec.com
2014-04-29 13:22:03,ent-shasta-rrs.symantec.com
2014-04-29 13:27:13,ent-shasta-rrs.symantec.com
2014-04-29 13:52:08,ent-shasta-rrs.symantec.com
2014-04-29 13:52:10,ent-shasta-rrs.symantec.com
2014-04-29 15:35:06,ent-shasta-rrs.symantec.com
2014-04-29 18:05:15,ent-shasta-rrs.symantec.com
2014-04-29 22:05:24,ent-shasta-rrs.symantec.com
2014-04-30 09:53:02,ent-shasta-rrs.symantec.com
2014-04-30 09:55:20,ent-shasta-rrs.symantec.com
2014-04-30 09:59:14,ent-shasta-rrs.symantec.com
2014-04-30 10:05:41,ent-shasta-rrs.symantec.com
2014-04-30 10:30:53,ent-shasta-rrs.symantec.com
2014-04-30 10:52:34,ent-shasta-rrs.symantec.com
2014-04-30 12:32:45,ent-shasta-rrs.symantec.com
2014-04-30 12:52:47,ent-shasta-rrs.symantec.com
2014-04-30 13:30:14,ent-shasta-rrs.symantec.com
2014-04-30 13:32:54,ent-shasta-rrs.symantec.com
2014-04-30 18:13:09,ent-shasta-rrs.symantec.com
