timestamp,site
2013-05-12 11:29:21,fpdownload2.macromedia.com
2013-05-12 11:29:31,www.bing.com
2013-05-12 11:29:35,cms.abmr.net
2013-05-12 11:29:35,www.bing.com
2013-05-12 11:29:36,www.bing.com
2013-05-12 11:29:37,www.bing.com
2013-05-12 11:29:40,www.bing.com
2013-05-12 11:29:41,www.bing.com
2013-05-12 11:29:45,login.live.com
2013-05-12 13:42:37,clients1.google.com
2013-05-12 13:42:38,clients1.google.com
2013-05-12 13:42:38,gtglobal-ocsp.geotrust.com
2013-05-12 13:43:18,ocsp.verisign.com
2013-05-12 13:43:19,ocsp.thawte.com
2013-05-12 13:44:08,www.google.com
2013-05-12 13:44:08,www.google.fr
2013-05-12 13:44:08,apis.google.com
2013-05-12 13:44:22,gtssl-ocsp.geotrust.com
2013-05-12 13:44:24,gtssl-ocsp.geotrust.com
2013-05-12 13:44:29,geo.mozilla.org
2013-05-12 13:45:10,clients1.google.com
2013-05-12 13:45:11,gtglobal-ocsp.geotrust.com
2013-05-12 13:45:11,safebrowsing.clients.google.com
2013-05-12 13:45:11,safebrowsing-cache.google.com
2013-05-12 13:46:13,ocsp.digicert.com
2013-05-12 13:48:06,sb-ssl.google.com
2013-05-12 13:52:43,www.google.com
2013-05-12 13:52:43,clients1.google.com
2013-05-12 13:52:44,www.google.com
2013-05-12 13:52:45,www.google.com
2013-05-12 13:52:48,ocsp.usertrust.com
2013-05-12 13:52:48,ocsp.tcs.terena.org
2013-05-12 13:52:48,clients1.google.com
2013-05-12 13:52:48,www.google.fr
2013-05-12 13:52:49,clients1.google.com
2013-05-12 13:55:41,www.google.fr
2013-05-12 13:55:41,www.google.com
2013-05-12 13:57:00,www.google.fr
2013-05-12 13:57:01,static.pubmed.gov
2013-05-12 13:57:01,www.ncbi.nlm.nih.gov
2013-05-12 13:57:02,www.ncbi.nlm.nih.gov
2013-05-12 13:57:02,static.pubmed.gov
2013-05-12 13:57:25,www.ncbi.nlm.nih.gov
2013-05-12 13:57:25,static.pubmed.gov
2013-05-12 13:57:26,www.ncbi.nlm.nih.gov
2013-05-12 13:57:26,static.pubmed.gov
2013-05-12 13:57:36,www.google.fr
2013-05-12 13:57:37,blast.ncbi.nlm.nih.gov
2013-05-12 13:57:37,www.ncbi.nlm.nih.gov
2013-05-12 13:57:38,blast.ncbi.nlm.nih.gov
2013-05-12 13:58:20,blast.ncbi.nlm.nih.gov
2013-05-12 13:58:21,blast.ncbi.nlm.nih.gov
2013-05-12 13:58:22,blast.ncbi.nlm.nih.gov
2013-05-12 13:58:24,blast.ncbi.nlm.nih.gov
2013-05-12 13:58:26,blast.ncbi.nlm.nih.gov
2013-05-12 13:58:29,blast.ncbi.nlm.nih.gov
2013-05-12 13:58:31,blast.ncbi.nlm.nih.gov
2013-05-12 13:58:34,blast.ncbi.nlm.nih.gov
2013-05-12 13:58:42,blast.ncbi.nlm.nih.gov
2013-05-12 13:58:54,blast.ncbi.nlm.nih.gov
2013-05-12 13:58:59,blast.ncbi.nlm.nih.gov
2013-05-12 13:59:06,blast.ncbi.nlm.nih.gov
2013-05-12 13:59:14,blast.ncbi.nlm.nih.gov
2013-05-12 13:59:25,blast.ncbi.nlm.nih.gov
2013-05-12 13:59:38,blast.ncbi.nlm.nih.gov
2013-05-12 13:59:52,blast.ncbi.nlm.nih.gov
2013-05-12 13:59:52,www.ncbi.nlm.nih.gov
2013-05-12 13:59:53,blast.ncbi.nlm.nih.gov
2013-05-12 13:59:54,blast.ncbi.nlm.nih.gov
2013-05-12 14:00:10,blast.ncbi.nlm.nih.gov
2013-05-12 14:00:30,www.google.com
2013-05-12 14:00:31,www.google.fr
2013-05-12 14:01:03,blast.ncbi.nlm.nih.gov
2013-05-12 14:01:05,www.ncbi.nlm.nih.gov
2013-05-12 14:01:05,static.pubmed.gov
2013-05-12 14:01:06,www.ncbi.nlm.nih.gov
2013-05-12 14:01:06,static.pubmed.gov
2013-05-12 14:07:18,www.google.fr
2013-05-12 14:07:19,rdp.cme.msu.edu
2013-05-12 14:07:54,rdp.cme.msu.edu
2013-05-12 14:08:23,rdp.cme.msu.edu
2013-05-12 14:08:24,rdp.cme.msu.edu
2013-05-12 14:08:43,rdp.cme.msu.edu
2013-05-12 14:08:44,rdp.cme.msu.edu
2013-05-12 14:09:20,rdp.cme.msu.edu
2013-05-12 14:09:21,rdp.cme.msu.edu
2013-05-12 14:09:23,rdp.cme.msu.edu
2013-05-12 14:09:25,rdp.cme.msu.edu
2013-05-12 14:09:59,rdp.cme.msu.edu
2013-05-12 14:10:08,www.google.fr
2013-05-12 14:10:12,rdp.cme.msu.edu
2013-05-12 14:12:15,www.ncbi.nlm.nih.gov
2013-05-12 14:12:15,static.pubmed.gov
2013-05-12 14:12:16,www.ncbi.nlm.nih.gov
2013-05-12 14:12:37,www.ncbi.nlm.nih.gov
2013-05-12 14:12:38,www.ncbi.nlm.nih.gov
2013-05-12 14:13:06,static.pubmed.gov
2013-05-12 14:13:06,www.ncbi.nlm.nih.gov
2013-05-12 14:13:07,static.pubmed.gov
2013-05-12 14:13:07,www.ncbi.nlm.nih.gov
2013-05-12 14:13:14,www.ncbi.nlm.nih.gov
2013-05-12 14:13:15,www.ncbi.nlm.nih.gov
2013-05-12 14:13:15,static.pubmed.gov
2013-05-12 14:13:16,static.pubmed.gov
2013-05-12 14:13:16,www.ncbi.nlm.nih.gov
2013-05-12 14:13:22,www.ncbi.nlm.nih.gov
2013-05-12 14:13:23,www.ncbi.nlm.nih.gov
2013-05-12 14:13:24,www.ncbi.nlm.nih.gov
2013-05-12 14:13:25,www.ncbi.nlm.nih.gov
2013-05-12 14:13:37,www.ncbi.nlm.nih.gov
2013-05-12 14:13:38,www.ncbi.nlm.nih.gov
2013-05-12 14:13:39,www.ncbi.nlm.nih.gov
2013-05-12 14:13:58,www.ncbi.nlm.nih.gov
2013-05-12 14:13:59,www.ncbi.nlm.nih.gov
2013-05-12 14:14:00,www.ncbi.nlm.nih.gov
2013-05-12 14:14:03,www.ncbi.nlm.nih.gov
2013-05-12 14:14:04,www.ncbi.nlm.nih.gov
2013-05-12 14:14:11,www.ncbi.nlm.nih.gov
2013-05-12 14:14:13,www.ncbi.nlm.nih.gov
2013-05-12 14:14:14,www.ncbi.nlm.nih.gov
2013-05-12 14:14:26,www.ncbi.nlm.nih.gov
2013-05-12 14:14:27,www.ncbi.nlm.nih.gov
2013-05-12 14:14:28,www.ncbi.nlm.nih.gov
2013-05-12 14:14:29,www.ncbi.nlm.nih.gov
2013-05-12 14:14:56,www.ncbi.nlm.nih.gov
2013-05-12 14:14:57,www.ncbi.nlm.nih.gov
2013-05-12 14:14:58,www.ncbi.nlm.nih.gov
2013-05-12 14:15:11,www.ncbi.nlm.nih.gov
2013-05-12 14:15:12,www.ncbi.nlm.nih.gov
2013-05-12 14:15:13,www.ncbi.nlm.nih.gov
2013-05-12 14:15:32,www.ncbi.nlm.nih.gov
2013-05-12 14:15:33,www.ncbi.nlm.nih.gov
2013-05-12 14:15:47,www.ncbi.nlm.nih.gov
2013-05-12 14:16:10,www.ncbi.nlm.nih.gov
2013-05-12 14:16:11,www.ncbi.nlm.nih.gov
2013-05-12 14:16:12,www.ncbi.nlm.nih.gov
2013-05-12 14:16:46,www.ncbi.nlm.nih.gov
2013-05-12 14:17:00,www.ncbi.nlm.nih.gov
2013-05-12 14:17:06,safebrowsing.clients.google.com
2013-05-12 14:17:06,safebrowsing-cache.google.com
2013-05-12 14:17:07,safebrowsing-cache.google.com
2013-05-12 14:17:40,www.ncbi.nlm.nih.gov
2013-05-12 14:17:41,www.ncbi.nlm.nih.gov
2013-05-12 14:17:42,www.ncbi.nlm.nih.gov
2013-05-12 14:17:57,www.ncbi.nlm.nih.gov
2013-05-12 14:17:58,www.ncbi.nlm.nih.gov
2013-05-12 14:17:59,www.ncbi.nlm.nih.gov
2013-05-12 14:18:02,www.ncbi.nlm.nih.gov
2013-05-12 14:18:08,www.ncbi.nlm.nih.gov
2013-05-12 14:18:18,www.ncbi.nlm.nih.gov
2013-05-12 14:18:19,www.ncbi.nlm.nih.gov
2013-05-12 14:18:20,www.ncbi.nlm.nih.gov
2013-05-12 14:18:36,www.ncbi.nlm.nih.gov
2013-05-12 14:18:37,www.ncbi.nlm.nih.gov
2013-05-12 14:18:38,www.ncbi.nlm.nih.gov
2013-05-12 14:18:45,www.ncbi.nlm.nih.gov
2013-05-12 14:18:46,www.ncbi.nlm.nih.gov
2013-05-12 14:18:47,www.ncbi.nlm.nih.gov
2013-05-12 14:21:05,www.ncbi.nlm.nih.gov
2013-05-12 14:21:06,www.ncbi.nlm.nih.gov
2013-05-12 14:21:09,www.ncbi.nlm.nih.gov
2013-05-12 14:21:10,www.ncbi.nlm.nih.gov
2013-05-12 14:23:44,www.ncbi.nlm.nih.gov
2013-05-12 14:23:45,www.ncbi.nlm.nih.gov
2013-05-12 14:23:46,www.ncbi.nlm.nih.gov
2013-05-12 14:23:47,www.ncbi.nlm.nih.gov
2013-05-12 14:23:50,www.ncbi.nlm.nih.gov
2013-05-12 14:23:56,www.ncbi.nlm.nih.gov
2013-05-12 14:26:36,rdp.cme.msu.edu
2013-05-12 14:26:47,rdp.cme.msu.edu
2013-05-12 14:26:48,rdp.cme.msu.edu
2013-05-12 14:27:41,rdp.cme.msu.edu
2013-05-12 14:27:51,rdp.cme.msu.edu
2013-05-12 14:28:00,rdp.cme.msu.edu
2013-05-12 14:28:06,rdp.cme.msu.edu
2013-05-12 14:28:11,rdp.cme.msu.edu
2013-05-12 14:28:12,rdp.cme.msu.edu
2013-05-12 14:28:17,rdp.cme.msu.edu
2013-05-12 14:29:34,rdp.cme.msu.edu
2013-05-12 14:29:39,rdp.cme.msu.edu
2013-05-12 14:29:43,rdp.cme.msu.edu
2013-05-12 14:29:47,rdp.cme.msu.edu
2013-05-12 14:29:59,rdp.cme.msu.edu
2013-05-12 14:30:02,rdp.cme.msu.edu
2013-05-12 14:32:16,www.google.fr
2013-05-12 14:33:51,toolkit.tuebingen.mpg.de
2013-05-12 14:33:52,toolkit.tuebingen.mpg.de
2013-05-12 14:33:54,toolkit.tuebingen.mpg.de
2013-05-12 14:33:55,toolkit.tuebingen.mpg.de
2013-05-12 14:34:00,toolkit.tuebingen.mpg.de
2013-05-12 14:34:10,toolkit.tuebingen.mpg.de
2013-05-12 14:34:11,toolkit.tuebingen.mpg.de
2013-05-12 14:34:25,www.google.fr
2013-05-12 14:34:27,toolkit.tuebingen.mpg.de
2013-05-12 14:35:15,toolkit.tuebingen.mpg.de
2013-05-12 14:35:22,toolkit.tuebingen.mpg.de
2013-05-12 14:35:23,toolkit.tuebingen.mpg.de
2013-05-12 14:36:13,toolkit.tuebingen.mpg.de
2013-05-12 14:36:14,toolkit.tuebingen.mpg.de
2013-05-12 14:36:15,toolkit.tuebingen.mpg.de
2013-05-12 14:36:18,toolkit.tuebingen.mpg.de
2013-05-12 14:36:23,toolkit.tuebingen.mpg.de
2013-05-12 14:36:26,toolkit.tuebingen.mpg.de
2013-05-12 14:36:56,toolkit.tuebingen.mpg.de
2013-05-12 14:37:06,toolkit.tuebingen.mpg.de
2013-05-12 14:37:07,toolkit.tuebingen.mpg.de
2013-05-12 14:37:09,toolkit.tuebingen.mpg.de
2013-05-12 14:37:13,toolkit.tuebingen.mpg.de
2013-05-12 14:37:18,www.google.com
2013-05-12 14:37:20,toolkit.tuebingen.mpg.de
2013-05-12 14:37:20,www.google.fr
2013-05-12 14:37:24,toolkit.tuebingen.mpg.de
2013-05-12 14:37:25,toolkit.tuebingen.mpg.de
2013-05-12 14:37:26,toolkit.tuebingen.mpg.de
2013-05-12 14:43:33,toolkit.tuebingen.mpg.de
2013-05-12 14:43:55,www.google.fr
2013-05-12 14:46:47,www.google.com
2013-05-12 14:46:48,www.google.fr
2013-05-12 14:47:59,safebrowsing-cache.google.com
2013-05-12 14:47:59,safebrowsing.clients.google.com
2013-05-12 15:00:31,gtglobal-ocsp.geotrust.com
2013-05-12 15:00:31,clients1.google.com
2013-05-12 15:03:31,www.google.com
2013-05-12 15:03:33,www.google.fr
2013-05-12 15:09:08,www.google.fr
2013-05-12 15:09:09,www.arb-silva.de
2013-05-12 15:09:31,www.arb-silva.de
2013-05-12 15:09:32,www.arb-silva.de
2013-05-12 15:09:33,www.arb-silva.de
2013-05-12 15:09:35,www.arb-silva.de
2013-05-12 15:09:44,www.arb-silva.de
2013-05-12 15:09:47,www.arb-silva.de
2013-05-12 15:09:53,www.arb-silva.de
2013-05-12 15:09:59,www.arb-silva.de
2013-05-12 15:10:05,www.arb-silva.de
2013-05-12 15:10:11,www.arb-silva.de
2013-05-12 15:10:17,www.arb-silva.de
2013-05-12 15:10:23,www.arb-silva.de
2013-05-12 15:10:25,www.arb-silva.de
2013-05-12 15:10:26,www.arb-silva.de
2013-05-12 15:10:28,www.arb-silva.de
2013-05-12 15:10:29,www.arb-silva.de
2013-05-12 15:10:34,www.arb-silva.de
2013-05-12 15:10:40,www.arb-silva.de
2013-05-12 15:10:46,www.arb-silva.de
2013-05-12 15:10:52,www.arb-silva.de
2013-05-12 15:10:58,www.arb-silva.de
2013-05-12 15:11:05,www.arb-silva.de
2013-05-12 15:11:10,www.arb-silva.de
2013-05-12 15:11:16,www.arb-silva.de
2013-05-12 15:11:22,www.arb-silva.de
2013-05-12 15:11:28,www.arb-silva.de
2013-05-12 15:11:34,www.arb-silva.de
2013-05-12 15:11:40,www.arb-silva.de
2013-05-12 15:11:41,www.arb-silva.de
2013-05-12 15:11:46,www.arb-silva.de
2013-05-12 15:11:52,www.arb-silva.de
2013-05-12 15:11:58,www.arb-silva.de
2013-05-12 15:12:02,www.google.com
2013-05-12 15:12:03,www.google.fr
2013-05-12 15:12:04,www.arb-silva.de
2013-05-12 15:12:10,www.arb-silva.de
2013-05-12 15:12:16,www.arb-silva.de
2013-05-12 15:12:22,www.arb-silva.de
2013-05-12 15:12:28,www.arb-silva.de
2013-05-12 15:12:34,www.arb-silva.de
2013-05-12 15:12:39,www.arb-silva.de
2013-05-12 15:12:40,www.arb-silva.de
2013-05-12 15:12:46,www.arb-silva.de
2013-05-12 15:12:53,www.arb-silva.de
2013-05-12 15:12:59,www.arb-silva.de
2013-05-12 15:13:09,www.arb-silva.de
2013-05-12 15:13:15,www.arb-silva.de
2013-05-12 15:13:17,www.arb-silva.de
2013-05-12 15:13:22,www.arb-silva.de
2013-05-12 15:13:28,www.arb-silva.de
2013-05-12 15:13:34,www.arb-silva.de
2013-05-12 15:13:40,www.arb-silva.de
2013-05-12 15:13:42,www.arb-silva.de
2013-05-12 15:13:43,www.arb-silva.de
2013-05-12 15:13:46,www.arb-silva.de
2013-05-12 15:13:51,www.arb-silva.de
2013-05-12 15:13:57,www.arb-silva.de
2013-05-12 15:14:03,www.arb-silva.de
2013-05-12 15:14:05,www.arb-silva.de
2013-05-12 15:14:09,www.arb-silva.de
2013-05-12 15:14:16,www.arb-silva.de
2013-05-12 15:14:22,www.arb-silva.de
2013-05-12 15:14:28,www.arb-silva.de
2013-05-12 15:14:34,www.arb-silva.de
2013-05-12 15:14:39,www.arb-silva.de
2013-05-12 15:14:46,www.arb-silva.de
2013-05-12 15:14:52,www.arb-silva.de
2013-05-12 15:14:58,www.arb-silva.de
2013-05-12 15:15:03,www.arb-silva.de
2013-05-12 15:15:05,www.arb-silva.de
2013-05-12 15:15:06,www.arb-silva.de
2013-05-12 15:15:08,www.arb-silva.de
2013-05-12 15:15:09,www.arb-silva.de
2013-05-12 15:15:14,www.arb-silva.de
2013-05-12 15:15:20,www.arb-silva.de
2013-05-12 15:15:26,www.arb-silva.de
2013-05-12 15:15:32,www.arb-silva.de
2013-05-12 15:15:33,www.arb-silva.de
2013-05-12 15:15:38,www.arb-silva.de
2013-05-12 15:15:44,www.arb-silva.de
2013-05-12 15:15:50,www.arb-silva.de
2013-05-12 15:15:56,www.arb-silva.de
2013-05-12 15:16:03,www.arb-silva.de
2013-05-12 15:16:08,www.arb-silva.de
2013-05-12 15:16:14,www.arb-silva.de
2013-05-12 15:16:21,www.arb-silva.de
2013-05-12 15:16:26,www.arb-silva.de
2013-05-12 15:16:32,www.arb-silva.de
2013-05-12 15:16:38,www.arb-silva.de
2013-05-12 15:16:44,www.arb-silva.de
2013-05-12 15:16:50,www.arb-silva.de
2013-05-12 15:16:56,www.arb-silva.de
2013-05-12 15:17:04,www.arb-silva.de
2013-05-12 15:17:04,safebrowsing-cache.google.com
2013-05-12 15:17:04,safebrowsing.clients.google.com
2013-05-12 15:17:10,www.arb-silva.de
2013-05-12 15:17:18,www.arb-silva.de
2013-05-12 15:17:23,www.arb-silva.de
2013-05-12 15:17:28,www.arb-silva.de
2013-05-12 15:17:34,www.arb-silva.de
2013-05-12 15:17:41,www.arb-silva.de
2013-05-12 15:17:46,www.arb-silva.de
2013-05-12 15:17:52,www.arb-silva.de
2013-05-12 15:17:58,www.arb-silva.de
2013-05-12 15:18:04,www.arb-silva.de
2013-05-12 15:18:10,www.arb-silva.de
2013-05-12 15:18:46,www.arb-silva.de
2013-05-12 15:18:52,www.arb-silva.de
2013-05-12 15:18:58,www.arb-silva.de
2013-05-12 15:19:04,www.arb-silva.de
2013-05-12 15:19:10,www.arb-silva.de
2013-05-12 15:19:16,www.arb-silva.de
2013-05-12 15:19:18,www.arb-silva.de
2013-05-12 15:19:20,www.arb-silva.de
2013-05-12 15:19:40,www.arb-silva.de
2013-05-12 15:19:46,www.arb-silva.de
2013-05-12 15:19:48,www.arb-silva.de
2013-05-12 15:19:50,www.arb-silva.de
2013-05-12 15:19:52,www.arb-silva.de
2013-05-12 15:19:54,www.arb-silva.de
2013-05-12 15:19:59,www.arb-silva.de
2013-05-12 15:20:03,www.arb-silva.de
2013-05-12 15:20:06,www.arb-silva.de
2013-05-12 15:20:07,www.arb-silva.de
2013-05-12 15:20:10,www.arb-silva.de
2013-05-12 15:20:16,www.arb-silva.de
2013-05-12 15:20:36,www.arb-silva.de
2013-05-12 15:20:42,www.arb-silva.de
2013-05-12 15:20:48,www.arb-silva.de
2013-05-12 15:20:54,www.arb-silva.de
2013-05-12 15:21:00,www.arb-silva.de
2013-05-12 15:21:06,www.arb-silva.de
2013-05-12 15:21:12,www.arb-silva.de
2013-05-12 15:21:18,www.arb-silva.de
2013-05-12 15:21:24,www.arb-silva.de
2013-05-12 15:21:30,www.arb-silva.de
2013-05-12 15:21:36,www.arb-silva.de
2013-05-12 15:21:42,www.arb-silva.de
2013-05-12 15:21:48,www.arb-silva.de
2013-05-12 15:21:54,www.arb-silva.de
2013-05-12 15:22:00,www.arb-silva.de
2013-05-12 15:22:06,www.arb-silva.de
2013-05-12 15:22:12,www.arb-silva.de
2013-05-12 15:22:18,www.arb-silva.de
2013-05-12 15:22:24,www.arb-silva.de
2013-05-12 15:22:30,www.arb-silva.de
2013-05-12 15:22:36,www.arb-silva.de
2013-05-12 15:22:42,www.arb-silva.de
2013-05-12 15:22:48,www.arb-silva.de
2013-05-12 15:22:54,www.arb-silva.de
2013-05-12 15:23:00,www.arb-silva.de
2013-05-12 15:23:06,www.arb-silva.de
2013-05-12 15:23:12,www.arb-silva.de
2013-05-12 15:23:18,www.arb-silva.de
2013-05-12 15:23:24,www.arb-silva.de
2013-05-12 15:23:30,www.arb-silva.de
2013-05-12 15:23:36,www.arb-silva.de
2013-05-12 15:23:42,www.arb-silva.de
2013-05-12 15:23:48,www.arb-silva.de
2013-05-12 15:23:54,www.arb-silva.de
2013-05-12 15:24:00,www.arb-silva.de
2013-05-12 15:24:06,www.arb-silva.de
2013-05-12 15:24:12,www.arb-silva.de
2013-05-12 15:24:18,www.arb-silva.de
2013-05-12 15:24:24,www.arb-silva.de
2013-05-12 15:24:30,www.arb-silva.de
2013-05-12 15:24:36,www.arb-silva.de
2013-05-12 15:24:42,www.arb-silva.de
2013-05-12 15:24:48,www.arb-silva.de
2013-05-12 15:24:54,www.arb-silva.de
2013-05-12 15:25:00,www.arb-silva.de
2013-05-12 15:25:06,www.arb-silva.de
2013-05-12 15:25:12,www.arb-silva.de
2013-05-12 15:25:18,www.arb-silva.de
2013-05-12 15:25:24,www.arb-silva.de
2013-05-12 15:25:30,www.arb-silva.de
2013-05-12 15:25:36,www.arb-silva.de
2013-05-12 15:25:42,www.arb-silva.de
2013-05-12 15:25:48,www.arb-silva.de
2013-05-12 15:25:54,www.arb-silva.de
2013-05-12 15:26:00,www.arb-silva.de
2013-05-12 15:26:06,www.arb-silva.de
2013-05-12 15:26:12,www.arb-silva.de
2013-05-12 15:26:18,www.arb-silva.de
2013-05-12 15:26:24,www.arb-silva.de
2013-05-12 15:26:30,www.arb-silva.de
2013-05-12 15:26:36,www.arb-silva.de
2013-05-12 15:26:42,www.arb-silva.de
2013-05-12 15:26:48,www.arb-silva.de
2013-05-12 15:26:54,www.arb-silva.de
2013-05-12 15:27:00,www.arb-silva.de
2013-05-12 15:27:06,www.arb-silva.de
2013-05-12 15:27:12,www.arb-silva.de
2013-05-12 15:27:18,www.arb-silva.de
2013-05-12 15:27:25,www.arb-silva.de
2013-05-12 15:27:30,www.arb-silva.de
2013-05-12 15:27:37,www.arb-silva.de
2013-05-12 15:27:42,www.arb-silva.de
2013-05-12 15:27:49,www.arb-silva.de
2013-05-12 15:27:54,www.arb-silva.de
2013-05-12 15:28:00,www.arb-silva.de
2013-05-12 15:28:06,www.arb-silva.de
2013-05-12 15:28:12,www.arb-silva.de
2013-05-12 15:28:18,www.arb-silva.de
2013-05-12 15:28:24,www.arb-silva.de
2013-05-12 15:28:30,www.arb-silva.de
2013-05-12 15:28:36,www.arb-silva.de
2013-05-12 15:28:43,www.arb-silva.de
2013-05-12 15:28:48,www.arb-silva.de
2013-05-12 15:28:54,www.arb-silva.de
2013-05-12 15:29:00,www.arb-silva.de
2013-05-12 15:29:06,www.arb-silva.de
2013-05-12 15:29:12,www.arb-silva.de
2013-05-12 15:29:18,www.arb-silva.de
2013-05-12 15:29:24,www.arb-silva.de
2013-05-12 15:29:30,www.arb-silva.de
2013-05-12 15:29:36,www.arb-silva.de
2013-05-12 15:29:42,www.arb-silva.de
2013-05-12 15:29:49,www.arb-silva.de
2013-05-12 15:29:54,www.arb-silva.de
2013-05-12 15:30:00,www.arb-silva.de
2013-05-12 15:30:06,www.arb-silva.de
2013-05-12 15:30:12,www.arb-silva.de
2013-05-12 15:30:18,www.arb-silva.de
2013-05-12 15:30:25,www.arb-silva.de
2013-05-12 15:30:31,www.arb-silva.de
2013-05-12 15:30:37,www.arb-silva.de
2013-05-12 15:30:43,www.arb-silva.de
2013-05-12 15:30:49,www.arb-silva.de
2013-05-12 15:30:55,www.arb-silva.de
2013-05-12 15:31:00,www.arb-silva.de
2013-05-12 15:31:06,www.arb-silva.de
2013-05-12 15:31:12,www.arb-silva.de
2013-05-12 15:31:18,www.arb-silva.de
2013-05-12 15:31:24,www.arb-silva.de
2013-05-12 15:31:30,www.arb-silva.de
2013-05-12 15:31:36,www.arb-silva.de
2013-05-12 15:31:42,www.arb-silva.de
2013-05-12 15:31:48,www.arb-silva.de
2013-05-12 15:31:54,www.arb-silva.de
2013-05-12 15:32:00,www.arb-silva.de
2013-05-12 15:32:06,www.arb-silva.de
2013-05-12 15:32:12,www.arb-silva.de
2013-05-12 15:32:18,www.arb-silva.de
2013-05-12 15:32:24,www.arb-silva.de
2013-05-12 15:32:30,www.arb-silva.de
2013-05-12 15:32:36,www.arb-silva.de
2013-05-12 15:32:42,www.arb-silva.de
2013-05-12 15:32:48,www.arb-silva.de
2013-05-12 15:32:54,www.arb-silva.de
2013-05-12 15:33:01,www.arb-silva.de
2013-05-12 15:33:06,www.arb-silva.de
2013-05-12 15:33:12,www.arb-silva.de
2013-05-12 15:33:18,www.arb-silva.de
2013-05-12 15:33:24,www.arb-silva.de
2013-05-12 15:33:30,www.arb-silva.de
2013-05-12 15:33:37,www.arb-silva.de
2013-05-12 15:33:43,www.arb-silva.de
2013-05-12 15:33:49,www.arb-silva.de
2013-05-12 15:33:55,www.arb-silva.de
2013-05-12 15:34:01,www.arb-silva.de
2013-05-12 15:34:07,www.arb-silva.de
2013-05-12 15:34:13,www.arb-silva.de
2013-05-12 15:34:19,www.arb-silva.de
2013-05-12 15:34:25,www.arb-silva.de
2013-05-12 15:34:31,www.arb-silva.de
2013-05-12 15:34:37,www.arb-silva.de
2013-05-12 15:34:43,www.arb-silva.de
2013-05-12 15:34:49,www.arb-silva.de
2013-05-12 15:34:55,www.arb-silva.de
2013-05-12 15:35:01,www.arb-silva.de
2013-05-12 15:35:07,www.arb-silva.de
2013-05-12 15:35:13,www.arb-silva.de
2013-05-12 15:35:19,www.arb-silva.de
2013-05-12 15:35:25,www.arb-silva.de
2013-05-12 15:35:31,www.arb-silva.de
2013-05-12 15:35:37,www.arb-silva.de
2013-05-12 15:35:43,www.arb-silva.de
2013-05-12 15:35:49,www.arb-silva.de
2013-05-12 15:35:55,www.arb-silva.de
2013-05-12 15:36:01,www.arb-silva.de
2013-05-12 15:36:07,www.arb-silva.de
2013-05-12 15:36:13,www.arb-silva.de
2013-05-12 15:36:19,www.arb-silva.de
2013-05-12 15:36:25,www.arb-silva.de
2013-05-12 15:36:31,www.arb-silva.de
2013-05-12 15:36:37,www.arb-silva.de
2013-05-12 15:36:43,www.arb-silva.de
2013-05-12 15:36:49,www.arb-silva.de
2013-05-12 15:36:55,www.arb-silva.de
2013-05-12 15:37:01,www.arb-silva.de
2013-05-12 15:37:07,www.arb-silva.de
2013-05-12 15:37:13,www.arb-silva.de
2013-05-12 15:37:19,www.arb-silva.de
2013-05-12 15:37:25,www.arb-silva.de
2013-05-12 15:37:31,www.arb-silva.de
2013-05-12 15:37:37,www.arb-silva.de
2013-05-12 15:37:43,www.arb-silva.de
2013-05-12 15:37:49,www.arb-silva.de
2013-05-12 15:37:55,www.arb-silva.de
2013-05-12 15:38:01,www.arb-silva.de
2013-05-12 15:38:07,www.arb-silva.de
2013-05-12 15:38:13,www.arb-silva.de
2013-05-12 15:38:19,www.arb-silva.de
2013-05-12 15:38:25,www.arb-silva.de
2013-05-12 15:38:31,www.arb-silva.de
2013-05-12 15:38:37,www.arb-silva.de
2013-05-12 15:38:43,www.arb-silva.de
2013-05-12 15:38:49,www.arb-silva.de
2013-05-12 15:38:55,www.arb-silva.de
2013-05-12 15:39:01,www.arb-silva.de
2013-05-12 15:39:07,www.arb-silva.de
2013-05-12 15:39:13,www.arb-silva.de
2013-05-12 15:39:19,www.arb-silva.de
2013-05-12 15:39:25,www.arb-silva.de
2013-05-12 15:39:31,www.arb-silva.de
2013-05-12 15:39:37,www.arb-silva.de
2013-05-12 15:39:43,www.arb-silva.de
2013-05-12 15:39:49,www.arb-silva.de
2013-05-12 15:39:55,www.arb-silva.de
2013-05-12 15:40:01,www.arb-silva.de
2013-05-12 15:40:07,www.arb-silva.de
2013-05-12 15:40:13,www.arb-silva.de
2013-05-12 15:40:19,www.arb-silva.de
2013-05-12 15:40:25,www.arb-silva.de
2013-05-12 15:40:31,www.arb-silva.de
2013-05-12 15:40:37,www.arb-silva.de
2013-05-12 15:40:43,www.arb-silva.de
2013-05-12 15:40:49,www.arb-silva.de
2013-05-12 15:40:55,www.arb-silva.de
2013-05-12 15:41:01,www.arb-silva.de
2013-05-12 15:41:07,www.arb-silva.de
2013-05-12 15:41:13,www.arb-silva.de
2013-05-12 15:41:19,www.arb-silva.de
2013-05-12 15:41:25,www.arb-silva.de
2013-05-12 15:41:31,www.arb-silva.de
2013-05-12 15:41:37,www.arb-silva.de
2013-05-12 15:41:43,www.arb-silva.de
2013-05-12 15:41:49,www.arb-silva.de
2013-05-12 15:41:55,www.arb-silva.de
2013-05-12 15:42:01,www.arb-silva.de
2013-05-12 15:42:07,www.arb-silva.de
2013-05-12 15:42:13,www.arb-silva.de
2013-05-12 15:42:19,www.arb-silva.de
2013-05-12 15:42:25,www.arb-silva.de
2013-05-12 15:42:31,www.arb-silva.de
2013-05-12 15:42:37,www.arb-silva.de
2013-05-12 15:42:43,www.arb-silva.de
2013-05-12 15:42:49,www.arb-silva.de
2013-05-12 15:42:55,www.arb-silva.de
2013-05-12 15:43:01,www.arb-silva.de
2013-05-12 15:43:07,www.arb-silva.de
2013-05-12 15:43:15,www.arb-silva.de
2013-05-12 15:43:19,www.arb-silva.de
2013-05-12 15:43:25,www.arb-silva.de
2013-05-12 15:43:31,www.arb-silva.de
2013-05-12 15:43:37,www.arb-silva.de
2013-05-12 15:43:43,www.arb-silva.de
2013-05-12 15:43:49,www.arb-silva.de
2013-05-12 15:43:55,www.arb-silva.de
2013-05-12 15:44:01,www.arb-silva.de
2013-05-12 15:44:07,www.arb-silva.de
2013-05-12 15:44:13,www.arb-silva.de
2013-05-12 15:44:19,www.arb-silva.de
2013-05-12 15:44:25,www.arb-silva.de
2013-05-12 15:44:31,www.arb-silva.de
2013-05-12 15:44:37,www.arb-silva.de
2013-05-12 15:44:43,www.arb-silva.de
2013-05-12 15:44:49,www.arb-silva.de
2013-05-12 15:44:55,www.arb-silva.de
2013-05-12 15:45:03,www.arb-silva.de
2013-05-12 15:45:07,www.arb-silva.de
2013-05-12 15:45:13,www.arb-silva.de
2013-05-12 15:45:19,www.arb-silva.de
2013-05-12 15:45:26,www.arb-silva.de
2013-05-12 15:45:31,www.arb-silva.de
2013-05-12 15:45:37,www.arb-silva.de
2013-05-12 15:45:43,www.arb-silva.de
2013-05-12 15:45:49,www.arb-silva.de
2013-05-12 15:45:55,www.arb-silva.de
2013-05-12 15:46:01,www.arb-silva.de
2013-05-12 15:46:07,www.arb-silva.de
2013-05-12 15:46:12,safebrowsing.clients.google.com
2013-05-12 15:46:13,safebrowsing-cache.google.com
2013-05-12 15:46:13,www.arb-silva.de
2013-05-12 15:46:19,www.arb-silva.de
2013-05-12 15:46:25,www.arb-silva.de
2013-05-12 15:46:31,www.arb-silva.de
2013-05-12 15:46:37,www.arb-silva.de
2013-05-12 15:46:43,www.arb-silva.de
2013-05-12 15:46:49,www.arb-silva.de
2013-05-12 15:46:55,www.arb-silva.de
2013-05-12 15:47:01,www.arb-silva.de
2013-05-12 15:47:07,www.arb-silva.de
2013-05-12 15:47:13,www.arb-silva.de
2013-05-12 15:47:19,www.arb-silva.de
2013-05-12 15:47:26,www.arb-silva.de
2013-05-12 15:47:32,www.arb-silva.de
2013-05-12 15:47:50,www.arb-silva.de
2013-05-12 15:47:55,www.arb-silva.de
2013-05-12 15:48:10,www.arb-silva.de
2013-05-12 15:48:47,www.arb-silva.de
2013-05-12 15:48:48,www.arb-silva.de
2013-05-12 15:49:02,www.arb-silva.de
2013-05-12 15:49:23,www.arb-silva.de
2013-05-12 15:49:36,www.arb-silva.de
2013-05-12 15:49:53,www.arb-silva.de
2013-05-12 15:49:54,www.arb-silva.de
2013-05-12 15:50:29,www.arb-silva.de
2013-05-12 15:50:31,www.arb-silva.de
2013-05-12 15:50:37,www.arb-silva.de
2013-05-12 15:50:43,www.arb-silva.de
2013-05-12 15:50:49,www.arb-silva.de
2013-05-12 15:50:55,www.arb-silva.de
2013-05-12 15:51:34,www.arb-silva.de
2013-05-12 15:51:36,www.arb-silva.de
2013-05-12 15:51:37,www.arb-silva.de
2013-05-12 15:52:49,www.arb-silva.de
2013-05-12 15:54:09,www.arb-silva.de
2013-09-12 11:16:06,www.bing.com
2013-09-12 11:16:07,www.bing.com
2013-09-12 11:16:08,cms.abmr.net
2013-09-12 11:16:08,www.bing.com
2013-09-12 11:16:09,www.librairie-hussard.com
2013-09-12 11:16:09,librairie-hussard.com
2013-09-12 11:16:09,www.bing.com
2013-09-12 11:16:15,librairie-hussard.com
2013-09-12 11:16:16,librairie-hussard.com
2013-09-12 11:16:18,login.live.com
2013-09-12 11:16:20,librairie-hussard.com
2013-09-12 11:16:21,librairie-hussard.com
2013-09-12 11:16:23,apis.google.com
2013-09-12 11:16:23,librairie-hussard.com
2013-09-12 11:16:28,librairie-hussard.com
2013-09-12 11:16:34,apis.google.com
2013-09-12 11:16:35,apis.google.com
2013-09-12 11:17:58,librairie-hussard.com
2013-09-12 11:17:59,librairie-hussard.com
2013-09-12 11:18:05,librairie-hussard.com
2013-09-12 11:18:08,librairie-hussard.com
2013-11-26 13:27:44,fpdownload2.macromedia.com
2013-11-26 13:27:58,www.bing.com
2013-11-26 13:27:59,www.bing.com
2013-11-26 13:28:00,cms.abmr.net
2013-11-26 13:28:00,www.bing.com
2013-11-26 13:28:01,www.bing.com
2013-11-26 13:28:03,www.bing.com
2013-11-26 13:28:05,www.bing.com
2013-11-26 13:28:10,login.live.com
2014-01-31 14:46:12,www.bing.com
2014-01-31 14:46:13,www.bing.com
2014-01-31 14:49:17,ieonline.microsoft.com
2014-02-04 14:09:04,www.google.fr
2014-02-04 14:09:17,www.google.fr
2014-02-04 14:09:18,apis.google.com
2014-02-04 14:09:20,www.google.com
2014-02-04 14:09:26,www.google.fr
2014-02-04 14:09:26,apis.google.com
2014-02-04 14:09:27,www.google.fr
2014-02-04 14:09:27,www.google.com
2014-02-04 14:12:12,ieonline.microsoft.com
2014-02-19 16:24:57,www.bing.com
2014-02-19 16:24:58,www.bing.com
2014-02-19 16:25:42,player.vimeo.com
2014-02-19 16:27:58,ieonline.microsoft.com
2014-03-25 12:04:53,www.google.fr
2014-03-25 12:05:06,www.google.fr
2014-03-25 12:05:07,apis.google.com
2014-03-25 12:05:09,www.google.com
2014-03-25 12:05:17,www.google.fr
2014-03-25 12:05:17,www.google.com
2014-03-25 12:05:17,apis.google.com
2014-03-25 12:05:18,www.google.fr
2014-03-25 12:07:55,ieonline.microsoft.com
2014-03-25 15:39:18,www.google.fr
2014-03-25 15:39:33,www.google.fr
2014-03-25 15:39:34,apis.google.com
2014-03-25 15:39:36,www.google.com
2014-03-25 15:39:53,www.google.com
2014-03-25 15:39:53,www.google.fr
2014-03-25 15:39:53,apis.google.com
2014-03-25 15:39:54,www.google.fr
2014-03-25 15:41:07,ieonline.microsoft.com
2014-03-31 15:53:16,www.google.fr
2014-03-31 15:53:34,www.google.fr
2014-03-31 15:53:48,www.google.fr
2014-03-31 15:53:50,apis.google.com
2014-03-31 15:53:51,www.google.com
2014-03-31 15:54:25,fr.wikipedia.org
2014-03-31 15:54:25,www.google.com
2014-03-31 15:54:25,apis.google.com
2014-03-31 15:54:25,www.google.fr
2014-03-31 15:54:25,meta.wikimedia.org
2014-03-31 15:54:25,login.wikimedia.org
2014-03-31 15:54:25,bits.wikimedia.org
2014-03-31 15:54:26,bits.wikimedia.org
2014-03-31 15:54:26,meta.wikimedia.org
2014-03-31 15:54:29,bits.wikimedia.org
2014-03-31 15:54:29,fr.wikipedia.org
2014-03-31 15:54:29,meta.wikimedia.org
2014-03-31 15:54:30,bits.wikimedia.org
2014-03-31 15:54:33,meta.wikimedia.org
2014-03-31 15:54:33,fr.wikipedia.org
2014-03-31 15:54:44,www.google.fr
2014-03-31 15:54:45,proteopedia.org
2014-03-31 15:54:46,www.google.fr
2014-03-31 15:54:46,proteopedia.org
2014-03-31 15:54:47,proteopedia.org
2014-03-31 15:54:49,proteopedia.org
2014-03-31 15:54:50,chemapps.stolaf.edu
2014-03-31 15:54:50,proteopedia.org
2014-03-31 15:54:51,proteopedia.org
2014-03-31 15:54:54,proteopedia.org
2014-03-31 15:54:55,proteopedia.org
2014-03-31 15:54:57,proteopedia.org
2014-03-31 15:55:00,proteopedia.org
2014-03-31 15:55:01,proteopedia.org
2014-03-31 15:55:02,proteopedia.org
2014-03-31 15:56:17,ieonline.microsoft.com
2014-03-31 15:58:51,www.chups.jussieu.fr
2014-03-31 15:58:51,www.google.fr
2014-03-31 15:58:52,www.chups.jussieu.fr
2014-03-31 15:58:56,www.chups.jussieu.fr
2014-03-31 15:58:57,www.chups.jussieu.fr
2014-03-31 15:59:57,www.linguee.fr
2014-03-31 15:59:57,www.google.fr
2014-03-31 16:00:00,www.google.fr
2014-03-31 16:00:00,static.linguee.fr
2014-03-31 16:00:00,www.linguee.fr
2014-03-31 16:00:12,static.linguee.fr
2014-03-31 16:00:14,ea.numericable.fr
2014-03-31 16:00:14,ad.publicidees.com
2014-03-31 16:00:14,static.linguee.fr
2014-03-31 16:00:16,www.groupon.fr
2014-03-31 16:00:18,match.rtbidder.net
2014-03-31 16:00:18,www.google.com
2014-03-31 16:00:19,www.linguee.fr
2014-03-31 16:00:21,www.google.com
2014-03-31 16:00:21,fpdownload2.macromedia.com
2014-03-31 16:00:41,www.google.fr
2014-03-31 16:00:54,www.google.fr
2014-03-31 16:00:55,apis.google.com
2014-03-31 16:00:57,www.google.com
2014-03-31 16:02:13,www.google.fr
2014-03-31 16:02:18,apis.google.com
2014-03-31 16:02:18,www.google.fr
2014-03-31 16:02:18,www.google.com
2014-03-31 16:02:22,www.google.fr
