timestamp,site
2014-02-22 10:17:59,www.google.com
2014-02-22 10:18:19,www.google.fr
2014-02-22 10:18:22,www.google.fr
2014-02-22 10:18:23,apis.google.com
2014-02-22 10:18:24,www.google.com
2014-02-22 10:19:48,apis.google.com
2014-02-22 10:19:48,www.google.com
2014-02-22 10:19:48,www.google.fr
2014-02-22 10:19:59,go.microsoft.com
2014-02-22 10:19:59,ieonline.microsoft.com
2014-02-22 10:22:06,www.google.fr
2014-02-22 10:22:07,www.google.fr
2014-02-22 10:22:46,player.vimeo.com
2014-02-22 10:22:47,livepassdl.conviva.com
2014-02-22 10:22:48,livepassdl.conviva.com
2014-02-22 10:22:50,pings.conviva.com
2014-02-22 10:22:51,pings.conviva.com
2014-02-22 10:22:53,livepassdl.conviva.com
2014-02-22 10:25:14,player.vimeo.com
2014-02-22 10:25:15,livepassdl.conviva.com
2014-02-22 10:25:16,livepassdl.conviva.com
2014-02-22 10:25:21,pings.conviva.com
2014-02-22 10:28:34,player.vimeo.com
2014-02-22 10:28:34,livepassdl.conviva.com
2014-02-22 10:28:35,livepassdl.conviva.com
2014-02-22 10:28:40,pings.conviva.com
2014-02-22 10:29:44,www.google.fr
2014-02-22 10:29:45,www.google.fr
2014-02-22 10:31:00,www.google.fr
2014-02-22 10:36:34,player.vimeo.com
2014-02-22 10:36:35,livepassdl.conviva.com
2014-02-22 10:36:36,livepassdl.conviva.com
2014-02-22 10:36:39,pings.conviva.com
2014-02-22 10:42:12,www.google.fr
2014-02-22 10:43:53,www.google.fr
2014-02-22 10:43:59,www.google.fr
2014-02-22 10:44:00,login.live.com
2014-02-22 10:44:00,www.hotmail.fr
2014-02-22 10:44:02,login.live.com
2014-02-22 10:44:03,www.google.fr
2014-02-22 10:44:04,www.google.fr
2014-02-22 10:44:05,windowslive.tt.omtrdc.net
2014-02-22 10:44:13,www.google.fr
2014-02-22 10:44:16,windowslive.tt.omtrdc.net
2014-02-22 10:45:56,www.google.fr
2014-02-22 10:56:26,office.microsoft.com
2014-02-22 10:56:26,office14client.microsoft.com
2014-02-22 10:56:29,office.microsoft.com
2014-02-22 11:23:51,www.google.fr
2014-02-22 11:23:52,www.google.fr
2014-02-22 11:23:54,www.google.com
2014-02-22 11:23:54,apis.google.com
2014-02-22 11:24:22,www.google.fr
2014-02-22 11:24:24,www.pourlascience.fr
2014-02-22 11:24:24,assets.pinterest.com
2014-02-22 11:24:24,apis.google.com
2014-02-22 11:24:24,www.cerveauetpsycho.fr
2014-02-22 11:24:24,www.google.com
2014-02-22 11:24:24,www.google.fr
2014-02-22 11:24:25,assets.pinterest.com
2014-02-22 11:24:25,platform.twitter.com
2014-02-22 11:24:25,www.facebook.com
2014-02-22 11:24:25,www.cerveauetpsycho.fr
2014-02-22 11:24:26,passets.pinterest.com
2014-02-22 11:24:26,widgets.pinterest.com
2014-02-22 11:24:26,www.facebook.com
2014-02-22 11:24:26,apis.google.com
2014-02-22 11:24:27,www.facebook.com
2014-02-22 11:24:27,platform.twitter.com
2014-02-22 11:24:27,apis.google.com
2014-02-22 11:24:28,www.paypal.com
2014-02-22 11:24:28,accounts.google.com
2014-02-22 11:24:29,apis.google.com
2014-02-22 11:24:30,www.paypal.com
2014-02-22 11:24:30,www.cerveauetpsycho.fr
2014-02-22 11:24:30,fpdownload2.macromedia.com
2014-02-22 11:24:30,apis.google.com
2014-02-22 11:24:30,twitter.com
2014-02-22 11:24:30,accounts.google.com
2014-02-22 11:24:52,apis.google.com
2014-02-22 11:24:52,twitter.com
2014-02-22 11:27:16,apis.google.com
2014-02-22 11:29:10,www.google.fr
2014-02-22 11:29:10,www.futura-sciences.com
2014-02-22 11:29:11,www.futura-sciences.com
2014-02-22 11:29:12,www.facebook.com
2014-02-22 11:29:13,www.futura-sciences.com
2014-02-22 11:29:14,apis.google.com
2014-02-22 11:29:16,accounts.google.com
2014-02-22 11:29:18,apis.google.com
2014-02-22 11:29:19,platform.twitter.com
2014-02-22 11:29:19,connect.facebook.net
2014-02-22 11:29:20,apis.google.com
2014-02-22 11:29:20,s-static.ak.facebook.com
2014-02-22 11:29:20,static.ak.facebook.com
2014-02-22 11:29:20,www.facebook.com
2014-02-22 11:29:22,platform.twitter.com
2014-02-22 11:29:22,hal9000.redintelligence.net
2014-02-22 11:29:23,www.futura-sciences.com
2014-02-22 11:29:23,www.facebook.com
2014-02-22 11:29:23,adventori.com
2014-02-22 11:29:24,twitter.com
2014-02-22 11:29:24,ecx.images-amazon.com
2014-02-22 11:29:24,www.futura-sciences.com
2014-02-22 11:29:24,platform.twitter.com
2014-02-22 11:29:24,www.google.com
2014-02-22 11:29:51,www.google.fr
2014-02-22 11:29:52,www.inexplique-endebat.com
2014-02-22 11:29:53,services.supportduweb.com
2014-02-22 11:29:53,fdata.over-blog.net
2014-02-22 11:29:53,idata.over-blog.com
2014-02-22 11:29:53,yui.yahooapis.com
2014-02-22 11:29:53,img.over-blog.com
2014-02-22 11:29:53,www.inexplique-endebat.com
2014-02-22 11:29:53,www.google.fr
2014-02-22 11:29:53,apis.google.com
2014-02-22 11:29:54,img.over-blog.com
2014-02-22 11:29:54,idata.over-blog.com
2014-02-22 11:29:54,fdata.over-blog.net
2014-02-22 11:29:55,www.inexplique-endebat.com
2014-02-22 11:29:55,fdata.over-blog.net
2014-02-22 11:29:55,www.anonymousdmp.com
2014-02-22 11:29:55,img.over-blog.com
2014-02-22 11:29:55,www.audienceinsights.net
2014-02-22 11:29:56,img.over-blog.com
2014-02-22 11:29:56,fdata.over-blog.net
2014-02-22 11:29:56,fdata.over-blog.com
2014-02-22 11:29:56,idata.over-blog.com
2014-02-22 11:29:56,a404.idata.over-blog.com
2014-02-22 11:29:56,external.wikio.fr
2014-02-22 11:29:56,www.cnrs.fr
2014-02-22 11:29:56,www.pagerank.fr
2014-02-22 11:29:57,a133.idata.over-blog.com
2014-02-22 11:29:57,a137.idata.over-blog.com
2014-02-22 11:29:57,a403.idata.over-blog.com
2014-02-22 11:29:57,a392.idata.over-blog.com
2014-02-22 11:29:57,a401.idata.over-blog.com
2014-02-22 11:29:57,a395.idata.over-blog.com
2014-02-22 11:29:57,a398.idata.over-blog.com
2014-02-22 11:29:57,a406.idata.over-blog.com
2014-02-22 11:29:57,a400.idata.over-blog.com
2014-02-22 11:29:57,a404.idata.over-blog.com
2014-02-22 11:29:57,a142.idata.over-blog.com
2014-02-22 11:29:57,a407.idata.over-blog.com
2014-02-22 11:29:57,a54.idata.over-blog.com
2014-02-22 11:29:57,a141.idata.over-blog.com
2014-02-22 11:29:57,a136.idata.over-blog.com
2014-02-22 11:29:57,a402.idata.over-blog.com
2014-02-22 11:29:57,a397.idata.over-blog.com
2014-02-22 11:29:57,a405.idata.over-blog.com
2014-02-22 11:29:58,a136.idata.over-blog.com
2014-02-22 11:29:58,a392.idata.over-blog.com
2014-02-22 11:29:58,a403.idata.over-blog.com
2014-02-22 11:29:58,a142.idata.over-blog.com
2014-02-22 11:29:58,platform.linkedin.com
2014-02-22 11:29:58,a405.idata.over-blog.com
2014-02-22 11:29:58,services.supportduweb.com
2014-02-22 11:29:58,platform.twitter.com
2014-02-22 11:29:58,a141.idata.over-blog.com
2014-02-22 11:29:58,fdata.over-blog.net
2014-02-22 11:29:58,a400.idata.over-blog.com
2014-02-22 11:29:58,a407.idata.over-blog.com
2014-02-22 11:29:58,a406.idata.over-blog.com
2014-02-22 11:29:58,a398.idata.over-blog.com
2014-02-22 11:29:58,a404.idata.over-blog.com
2014-02-22 11:29:58,a133.idata.over-blog.com
2014-02-22 11:29:58,a54.idata.over-blog.com
2014-02-22 11:29:58,a402.idata.over-blog.com
2014-02-22 11:29:58,a401.idata.over-blog.com
2014-02-22 11:29:58,a395.idata.over-blog.com
2014-02-22 11:29:58,a137.idata.over-blog.com
2014-02-22 11:29:58,a397.idata.over-blog.com
2014-02-22 11:29:59,a133.idata.over-blog.com
2014-02-22 11:29:59,a397.idata.over-blog.com
2014-02-22 11:29:59,a398.idata.over-blog.com
2014-02-22 11:29:59,www.dailymotion.com
2014-02-22 11:29:59,www.youtube.com
2014-02-22 11:29:59,external.labs.ebuzzing.fr
2014-02-22 11:29:59,a405.idata.over-blog.com
2014-02-22 11:29:59,a400.idata.over-blog.com
2014-02-22 11:29:59,a141.idata.over-blog.com
2014-02-22 11:29:59,a136.idata.over-blog.com
2014-02-22 11:29:59,a401.idata.over-blog.com
2014-02-22 11:29:59,a402.idata.over-blog.com
2014-02-22 11:29:59,a54.idata.over-blog.com
2014-02-22 11:29:59,a406.idata.over-blog.com
2014-02-22 11:29:59,a395.idata.over-blog.com
2014-02-22 11:29:59,a404.idata.over-blog.com
2014-02-22 11:29:59,a392.idata.over-blog.com
2014-02-22 11:30:00,s-static.ak.facebook.com
2014-02-22 11:30:00,accounts.google.com
2014-02-22 11:30:00,apis.google.com
2014-02-22 11:30:00,platform.linkedin.com
2014-02-22 11:30:00,fdata.over-blog.net
2014-02-22 11:30:00,static.ak.facebook.com
2014-02-22 11:30:00,s.ytimg.com
2014-02-22 11:30:01,ajax.googleapis.com
2014-02-22 11:30:01,s.ytimg.com
2014-02-22 11:30:01,www.dailymotion.com
2014-02-22 11:30:02,twitter.com
2014-02-22 11:30:02,www.cnrs.fr
2014-02-22 11:30:02,www.google.com
2014-02-22 11:30:02,www.linkedin.com
2014-02-22 11:30:03,www.dailymotion.com
2014-02-22 11:30:04,www.paypalobjects.com
2014-02-22 11:30:05,www.paypalobjects.com
2014-02-22 11:30:06,s.ytimg.com
2014-02-22 11:30:07,s.ytimg.com
2014-02-22 11:30:08,fdata.over-blog.net
2014-02-22 11:30:08,webcast.in2p3.fr
2014-02-22 11:30:08,www.cnrs.fr
2014-02-22 11:30:08,www.facebook.com
2014-02-22 11:30:09,webcast.in2p3.fr
2014-02-22 11:30:09,www.dailymotion.com
2014-02-22 11:30:09,i1.ytimg.com
2014-02-22 11:30:09,s.ytimg.com
2014-02-22 11:30:10,www.dailymotion.com
2014-02-22 11:30:57,www.linkedin.com
2014-02-22 11:31:14,www.google.fr
2014-02-22 11:31:15,shea.swelen.com
2014-02-22 11:31:15,static.e-monsite.com
2014-02-22 11:31:15,musicorganisme.e-monsite.com
2014-02-22 11:31:15,www.google.fr
2014-02-22 11:31:16,static.e-monsite.com
2014-03-29 10:13:45,gtglobal-ocsp.geotrust.com
2014-03-29 10:13:45,clients1.google.com
2014-03-29 10:14:37,gtssl-ocsp.geotrust.com
2014-03-29 10:14:40,clients1.google.com
2014-03-29 10:15:00,www.google.fr
2014-03-29 10:15:01,static2.pagesjaunes.fr
2014-03-29 10:15:01,www.pagesjaunes.fr
2014-03-29 10:15:01,static.pagesjaunes.fr
2014-03-29 10:15:02,static.pagesjaunes.fr
2014-03-29 10:15:02,dlive.pagesjaunes.fr
2014-03-29 10:15:02,logc257.at.pagesjaunes.fr
2014-03-29 10:15:02,static2.pagesjaunes.fr
2014-03-29 10:15:03,www.facebook.com
2014-03-29 10:15:03,www.pagesjaunes.fr
2014-03-29 10:15:03,connect.facebook.net
2014-03-29 10:15:03,logc257.at.pagesjaunes.fr
2014-03-29 10:15:03,static.ak.facebook.com
2014-03-29 10:15:03,ocsp.verisign.com
2014-03-29 10:15:06,www.pagesjaunes.fr
2014-03-29 10:15:10,www.pagesjaunes.fr
2014-03-29 10:15:12,www.pagesjaunes.fr
2014-03-29 10:15:13,static2.pagesjaunes.fr
2014-03-29 10:15:14,www.pagesjaunes.fr
2014-03-29 10:15:22,logc257.at.pagesjaunes.fr
2014-03-29 10:15:22,www.pagesjaunes.fr
2014-03-29 10:15:35,www.pagesjaunes.fr
2014-03-29 10:15:44,www.google.fr
2014-03-29 10:15:44,www.le-site-de.com
2014-03-29 10:15:45,www.google.com
2014-03-29 10:15:45,www.le-site-de.com
2014-03-29 10:15:45,clients1.google.com
2014-03-29 10:15:46,www.le-site-de.com
2014-03-29 10:15:59,safebrowsing-cache.google.com
2014-03-29 10:15:59,safebrowsing.clients.google.com
2014-03-29 10:16:00,safebrowsing-cache.google.com
2014-03-29 10:16:42,www.google.com
2014-03-29 10:16:58,s-static.ak.facebook.com
2014-03-29 10:17:13,troc2roues.fr
2014-03-29 10:17:13,www.troc2roues.fr
2014-03-29 10:17:14,www.youtube.com
2014-03-29 10:17:14,www.troc2roues.fr
2014-03-29 10:17:15,www.troc2roues.fr
2014-03-29 10:17:27,troc2roues.fr
2014-03-29 10:17:33,troc2roues.fr
2014-03-29 10:17:36,www.google.fr
2014-03-29 10:17:43,www.troc2roues.fr
2014-03-29 10:17:44,www.troc2roues.fr
2014-03-29 10:18:04,www.facebook.com
2014-03-29 10:18:40,accounts.google.com
2014-03-29 10:18:40,apis.google.com
2014-03-29 10:18:54,sb-ssl.google.com
2014-03-29 10:19:03,www.troc2roues.fr
2014-03-29 10:19:03,troc2roues.fr
2014-03-29 10:19:05,www.troc2roues.fr
2014-03-29 10:19:32,ocsp.thawte.com
2014-03-29 10:21:32,ocsp.verisign.com
2014-03-29 10:22:20,www.google.com
2014-03-29 10:22:21,www.google.fr
2014-03-29 10:23:32,ocsp.digicert.com
2014-03-29 10:23:33,ocsp.digicert.com
2014-03-29 10:27:30,www.hotmail.fr
2014-03-29 10:27:30,www.google.fr
2014-03-29 10:27:31,evintl-ocsp.verisign.com
2014-03-29 10:27:31,evsecure-ocsp.verisign.com
2014-03-29 10:27:31,login.live.com
2014-03-29 10:27:32,login.live.com
2014-03-29 10:27:32,ocsp.digicert.com
2014-03-29 10:27:33,ocsp.digicert.com
2014-03-29 10:27:43,windowslive.tt.omtrdc.net
2014-03-29 10:28:08,login.live.com
2014-03-29 10:28:09,evintl-ocsp.verisign.com
2014-03-29 10:28:23,ocsp.verisign.com
2014-03-29 10:29:09,mail.live.com
2014-03-29 10:29:21,h.bing.com
2014-03-29 10:29:24,h.bing.com
2014-03-29 10:29:25,people.directory.live.com
2014-03-29 10:29:25,js.live.net
2014-03-29 10:29:27,storage.live.com
2014-03-29 10:29:27,cid-838c3e526d1f5c1c.users.storage.live.com
2014-03-29 10:29:37,proxy-bay-people.directory.live.com
2014-03-29 10:29:41,login.live.com
2014-03-29 10:29:42,g.live.com
2014-03-29 10:29:42,snt149.mail.live.com
2014-03-29 10:29:55,windowslive.tt.omtrdc.net
2014-03-29 10:30:07,snt149.mail.live.com
2014-03-29 10:30:08,snt149.mail.live.com
2014-03-29 10:30:09,snt149.mail.live.com
2014-03-29 10:30:10,snt149.mail.live.com
2014-03-29 10:30:19,h.live.com
2014-03-29 10:30:21,secure.shared.live.com
2014-03-29 10:30:22,www.google.com
2014-03-29 10:30:24,www.google.fr
2014-03-29 10:30:34,h.live.com
2014-03-29 10:30:36,snt149.mail.live.com
2014-03-29 10:30:38,cid-838c3e526d1f5c1c.users.storage.live.com
2014-03-29 10:31:02,p.sfx.ms
2014-03-29 10:31:37,go.trouter.io
2014-03-29 10:37:36,www.google.com
2014-03-29 10:37:37,www.google.fr
2014-03-29 10:45:07,safebrowsing-cache.google.com
2014-03-29 10:45:07,safebrowsing.clients.google.com
2014-03-29 10:57:07,maps.google.fr
2014-03-29 10:58:04,www.motoexpert.fr
2014-03-29 10:58:05,www.motoexpert.fr
2014-03-29 10:58:05,pubme.infra-imagerie.com
2014-03-29 10:58:06,www.motoexpert.fr
2014-03-29 10:58:09,www.motoexpert.fr
2014-03-29 10:58:11,www.motoexpert.fr
2014-03-29 10:58:12,www.motoexpert.fr
2014-03-29 10:58:14,www.motoexpert.fr
2014-03-29 10:58:22,www.motoexpert.fr
2014-03-29 10:58:28,www.motoexpert.fr
2014-03-29 10:58:29,www.motoexpert.fr
2014-03-29 10:58:31,www.motoexpert.fr
2014-03-29 10:58:39,www.motoexpert.fr
2014-03-29 10:58:44,pubme.infra-imagerie.com
2014-03-29 10:58:44,www.motoexpert.fr
2014-03-29 10:58:45,www.motoexpert.fr
2014-03-29 10:58:58,www.motoexpert.fr
2014-03-29 10:59:10,www.motoexpert.fr
2014-03-29 10:59:10,pubme.infra-imagerie.com
2014-03-29 10:59:11,www.motoexpert.fr
2014-03-29 10:59:11,pubme.infra-imagerie.com
2014-03-29 10:59:14,www.motoexpert.fr
2014-03-29 11:00:01,www.motoexpert.fr
2014-03-29 11:00:02,www.motoexpert.fr
2014-03-29 11:00:02,maps.google.fr
2014-03-29 11:00:04,mt.google.com
2014-03-29 11:00:11,www.motoexpert.fr
2014-03-29 11:00:22,www.motoexpert.fr
2014-03-29 11:00:25,www.motoexpert.fr
2014-03-29 11:00:25,pubme.infra-imagerie.com
2014-03-29 11:00:26,pubme.infra-imagerie.com
2014-03-29 11:00:26,www.motoexpert.fr
2014-03-29 11:00:39,geo0.ggpht.com
2014-03-29 11:00:40,mts0.google.com
2014-03-29 11:00:53,www.auvergne-motos.fr
2014-03-29 11:00:53,auvergne-motos.fr
2014-03-29 11:00:53,www.my-meteo.fr
2014-03-29 11:00:53,ajax.googleapis.com
2014-03-29 11:00:54,www.auvergne-motos.fr
2014-03-29 11:00:54,auvergne-motos.fr
2014-03-29 11:00:54,www.maxxess-occasion.fr
2014-03-29 11:00:55,auvergne-motos.fr
2014-03-29 11:00:55,www.maxxess-occasion.fr
2014-03-29 11:00:56,www.maxxess-occasion.fr
2014-03-29 11:00:57,www.maxxess-occasion.fr
2014-03-29 11:00:58,www.my-meteo.fr
2014-03-29 11:00:58,www.auvergne-motos.fr
2014-03-29 11:00:58,www.maxxess-occasion.fr
2014-03-29 11:00:59,www.maxxess-occasion.fr
2014-03-29 11:00:59,auvergne-motos.fr
2014-03-29 11:00:59,www.auvergne-motos.fr
2014-03-29 11:00:59,www.my-meteo.fr
2014-03-29 11:01:00,auvergne-motos.fr
2014-03-29 11:01:34,www.auvergne-motos.fr
2014-03-29 11:01:48,www.yamaha-motor.eu
2014-03-29 11:01:49,www.yamaha-motor.eu
2014-03-29 11:01:49,ajax.googleapis.com
2014-03-29 11:01:51,api.sharedcount.com
2014-03-29 11:01:51,www.yamaha-motor.eu
2014-03-29 11:02:36,stats.yme.com
2014-03-29 11:02:36,www.yamaha-motor.eu
2014-03-29 11:02:37,yamaha.bbvms.com
2014-03-29 11:02:37,stats.yme.com
2014-03-29 11:02:37,api.sharedcount.com
2014-03-29 11:02:38,stats.yme.com
2014-03-29 11:03:01,www.auvergne-motos.fr
2014-03-29 11:04:17,www.jalis.fr
2014-03-29 11:04:18,www.jalis.fr
2014-03-29 11:05:17,www.hdauvergne.com
2014-03-29 11:05:18,www.hdauvergne.com
2014-03-29 11:05:32,www.hdauvergne.com
2014-03-29 11:06:16,mts0.google.com
2014-03-29 11:06:18,clients1.google.com
2014-03-29 11:06:29,mt.google.com
2014-03-29 11:06:39,www.motoservices.com
2014-03-29 11:06:39,www.google.fr
2014-03-29 11:06:40,www.club14.com
2014-03-29 11:06:40,www.motoservices.com
2014-03-29 11:06:40,www.google.fr
2014-03-29 11:06:41,www.motoservices.com
2014-03-29 11:06:41,platform.twitter.com
2014-03-29 11:06:41,connect.facebook.net
2014-03-29 11:06:41,eulerian.motoblouz.com
2014-03-29 11:06:41,media.motoservices.com
2014-03-29 11:06:42,www.facebook.com
2014-03-29 11:06:42,evsecure-ocsp.verisign.com
2014-03-29 11:06:42,gtssl-ocsp.geotrust.com
2014-03-29 11:06:43,www.facebook.com
2014-03-29 11:06:47,www.motoservices.com
2014-03-29 11:06:48,media.motoservices.com
2014-03-29 11:06:48,www.motoservices.com
2014-03-29 11:06:48,www.google.fr
2014-03-29 11:06:49,www.club14.com
2014-03-29 11:06:49,safebrowsing.clients.google.com
2014-03-29 11:06:51,www.club14.com
2014-03-29 11:06:51,platform.twitter.com
2014-03-29 11:06:52,www.facebook.com
2014-03-29 11:07:19,www.rcbike.fr
2014-03-29 11:07:19,www.google.fr
2014-03-29 11:07:19,rcbike.fr
2014-03-29 11:07:20,nsm08.casimages.com
2014-03-29 11:07:20,i68.servimg.com
2014-03-29 11:07:20,rcbike.fr
2014-03-29 11:07:20,www.rcbike.fr
2014-03-29 11:07:20,nsm05.casimages.com
2014-03-29 11:07:21,img84.imageshack.us
2014-03-29 11:07:22,twitter.com
2014-03-29 11:07:39,www.google.fr
2014-03-29 11:07:39,clients1.google.com
2014-03-29 11:07:39,tinymce.cachefly.net
2014-03-29 11:07:41,platform.twitter.com
2014-03-29 11:07:42,www.facebook.com
2014-03-29 11:07:42,rs.mediapostcommunication.net
2014-03-29 11:07:42,av.mediapostcommunication.net
2014-03-29 11:07:42,ws.mediapostcommunication.net
2014-03-29 11:07:43,av.mediapostcommunication.net
2014-03-29 11:07:44,match.rtbidder.net
2014-03-29 11:07:53,geo0.ggpht.com
2014-03-29 11:08:13,twitter.com
2014-03-29 11:08:17,platform.twitter.com
2014-03-29 11:08:17,www.facebook.com
2014-03-29 11:08:25,maps.google.fr
2014-03-29 11:08:26,mt1.googleapis.com
2014-03-29 11:08:26,maps.googleapis.com
2014-03-29 11:08:26,mt0.googleapis.com
2014-03-29 11:08:27,maps.googleapis.com
2014-03-29 11:08:31,maps.googleapis.com
2014-03-29 11:08:41,www.google.com
2014-03-29 11:08:44,www.facebook.com
2014-03-29 11:08:52,www.moteur63.com
2014-03-29 11:08:52,www.google.fr
2014-03-29 11:08:53,www.moteur63.com
2014-03-29 11:09:02,twitter.com
2014-03-29 11:09:42,193.164.196.50
2014-03-29 11:09:42,www.google.fr
2014-03-29 11:09:42,www.leboncoin.fr
2014-03-29 11:09:42,static.leboncoin.fr
2014-03-29 11:09:42,193.164.197.60
2014-03-29 11:09:42,193.164.196.40
2014-03-29 11:09:42,193.164.196.30
2014-03-29 11:09:42,193.164.197.30
2014-03-29 11:09:42,193.164.197.40
2014-03-29 11:09:42,193.164.196.60
2014-03-29 11:09:43,193.164.197.40
2014-03-29 11:09:43,193.164.197.60
2014-03-29 11:09:43,193.164.196.60
2014-03-29 11:09:43,193.164.196.30
2014-03-29 11:09:43,193.164.196.50
2014-03-29 11:09:43,193.164.197.30
2014-03-29 11:09:43,193.164.197.50
2014-03-29 11:09:43,193.164.196.40
2014-03-29 11:09:48,compteperso.leboncoin.fr
2014-03-29 11:09:55,www.google.fr
2014-03-29 11:09:56,clermont.maxxess.fr
2014-03-29 11:09:57,clermont.maxxess.fr
2014-03-29 11:09:57,www.my-meteo.fr
2014-03-29 11:09:58,www.maxxess-occasion.fr
2014-03-29 11:09:58,clermont.maxxess.fr
2014-03-29 11:09:59,www.maxxess-occasion.fr
2014-03-29 11:09:59,clermont.maxxess.fr
2014-03-29 11:10:00,clermont.maxxess.fr
2014-03-29 11:10:00,www.maxxess-occasion.fr
2014-03-29 11:10:01,www.maxxess-occasion.fr
2014-03-29 11:10:01,clermont.maxxess.fr
2014-03-29 11:10:02,clermont.maxxess.fr
2014-03-29 11:10:02,www.my-meteo.fr
2014-03-29 11:10:03,clermont.maxxess.fr
2014-03-29 11:10:27,clermont.maxxess.fr
2014-03-29 11:10:38,accounts.google.com
2014-03-29 11:10:45,www.google.com
2014-03-29 11:10:45,maps.googleapis.com
2014-03-29 11:10:45,www.google.fr
2014-03-29 11:10:45,apis.google.com
