timestamp,site
2013-09-12 10:37:43,gtssl-ocsp.geotrust.com
2013-09-12 10:37:45,gtssl-ocsp.geotrust.com
2013-09-12 10:37:50,geo.mozilla.org
2013-09-12 10:37:56,clients1.google.com
2013-09-12 10:37:57,gtglobal-ocsp.geotrust.com
2013-09-12 10:37:58,clients1.google.com
2013-09-12 10:38:06,www.google.fr
2013-09-12 10:38:07,ocsp.godaddy.com
2013-09-12 10:38:07,www.google.fr
2013-09-12 10:38:07,ajax.googleapis.com
2013-09-12 10:38:07,stackoverflow.com
2013-09-12 10:38:07,i.stack.imgur.com
2013-09-12 10:38:08,careers.stackoverflow.com
2013-09-12 10:38:08,stackoverflow.com
2013-09-12 10:38:08,cdn-careers.sstatic.net
2013-09-12 10:38:09,ocsp.digicert.com
2013-09-12 10:38:09,cdn-careers.sstatic.net
2013-09-12 10:38:15,www.google.fr
2013-09-12 10:38:15,www.jmdoudoux.fr
2013-09-12 10:38:15,clients1.google.com
2013-09-12 10:38:16,clients1.google.com
2013-09-12 10:38:17,www.jmdoudoux.fr
2013-09-12 10:38:21,safebrowsing-cache.google.com
2013-09-12 10:38:21,safebrowsing.clients.google.com
2013-09-12 10:38:22,safebrowsing-cache.google.com
2013-09-12 10:38:24,stackauth.com
2013-09-12 10:38:24,ocsp.verisign.com
2013-09-12 10:38:25,adzerk-www.s3.amazonaws.com
2013-09-12 10:38:32,ocsp.digicert.com
2013-09-12 10:39:50,www.oracle.com
2013-09-12 10:39:50,www.google.fr
2013-09-12 10:39:50,docs.oracle.com
2013-09-12 10:39:51,docs.oracle.com
2013-09-12 10:39:52,docs.oracle.com
2013-09-12 10:40:02,www.gravatar.com
2013-09-12 10:40:11,docs.oracle.com
2013-09-12 10:41:10,apis.google.com
2013-09-12 10:41:12,accounts.google.com
2013-09-12 10:41:15,sb-ssl.google.com
2013-09-12 10:42:44,www.google.com
2013-09-12 10:42:45,www.google.fr
2013-09-12 11:10:15,safebrowsing-cache.google.com
2013-09-12 11:10:15,safebrowsing.clients.google.com
2013-10-12 09:04:32,clients1.google.com
2013-10-12 09:04:33,gtglobal-ocsp.geotrust.com
2013-10-12 09:04:33,clients1.google.com
2013-10-12 09:04:35,snippets-stats.mozilla.org
2013-10-12 09:04:36,www.google.fr
2013-10-12 09:04:36,fr.wikipedia.org
2013-10-12 09:04:36,bits.wikimedia.org
2013-10-12 09:04:38,fr.wikipedia.org
2013-10-12 09:04:38,meta.wikimedia.org
2013-10-12 09:04:38,bits.wikimedia.org
2013-10-12 09:04:38,login.wikimedia.org
2013-10-12 09:04:39,bits.wikimedia.org
2013-10-12 09:04:39,meta.wikimedia.org
2013-10-12 09:04:39,ocsp.digicert.com
2013-10-12 09:04:39,fr.wikipedia.org
2013-10-12 09:05:19,fr.wikipedia.org
2013-10-12 09:05:21,fr.wikipedia.org
2013-10-12 09:05:21,bits.wikimedia.org
2013-10-12 09:05:21,meta.wikimedia.org
2013-10-12 09:05:24,meta.wikimedia.org
2013-10-12 09:05:24,bits.wikimedia.org
2013-10-12 09:05:24,fr.wikipedia.org
2013-10-12 09:05:25,meta.wikimedia.org
2013-10-12 09:05:25,fr.wikipedia.org
2013-10-12 09:05:39,bits.wikimedia.org
2013-10-12 09:07:28,apis.google.com
2013-10-12 09:07:30,www.google.fr
2013-10-12 09:07:30,www.google.com
2013-10-12 09:07:47,safebrowsing-cache.google.com
2013-10-12 09:07:47,safebrowsing.clients.google.com
2013-10-12 09:07:48,safebrowsing-cache.google.com
2013-10-12 09:10:14,ocsp.thawte.com
2013-10-12 09:11:11,fr.wikipedia.org
2013-10-12 09:11:11,bits.wikimedia.org
2013-10-12 09:11:12,meta.wikimedia.org
2013-10-12 09:11:12,fr.wikipedia.org
2013-10-12 09:19:14,bits.wikimedia.org
2013-10-12 09:19:14,fr.wikipedia.org
2013-10-12 09:19:15,meta.wikimedia.org
2013-10-12 09:19:16,fr.wikipedia.org
2013-10-12 09:19:16,meta.wikimedia.org
2013-10-12 09:20:57,bits.wikimedia.org
2013-10-12 09:20:57,fr.wikipedia.org
2013-10-12 09:20:58,meta.wikimedia.org
2013-10-12 09:20:58,fr.wikipedia.org
2013-10-12 09:21:34,fr.wikipedia.org
2013-10-12 09:21:34,meta.wikimedia.org
2013-10-12 09:21:42,fr.wikipedia.org
2013-10-12 09:25:02,docs.oracle.com
2013-10-12 09:25:02,www.oracle.com
2013-10-12 09:25:02,www.google.fr
2013-10-12 09:25:03,docs.oracle.com
2013-10-12 09:25:17,docs.oracle.com
2013-10-12 09:27:55,www.google.com
2013-10-12 09:27:56,www.google.fr
2013-10-12 09:35:56,safebrowsing.clients.google.com
2013-10-12 09:35:56,safebrowsing-cache.google.com
2013-10-12 10:07:48,safebrowsing.clients.google.com
2013-10-12 10:07:48,safebrowsing-cache.google.com
2013-10-12 10:07:49,safebrowsing-cache.google.com
2013-10-12 10:16:45,clients1.google.com
2013-10-12 10:16:45,gtglobal-ocsp.geotrust.com
2013-10-12 10:16:50,www.google.fr
2013-10-12 10:16:51,cdn-careers.sstatic.net
2013-10-12 10:16:51,ocsp.godaddy.com
2013-10-12 10:16:51,ajax.googleapis.com
2013-10-12 10:16:51,stackoverflow.com
2013-10-12 10:16:52,careers.stackoverflow.com
2013-10-12 10:16:52,cdn-careers.sstatic.net
2013-10-12 10:16:52,ocsp.digicert.com
2013-10-12 10:16:59,java.sun.com
2013-10-12 10:17:05,download.oracle.com
2013-10-12 10:17:06,docs.oracle.com
2013-10-12 10:17:07,stackauth.com
2013-10-12 10:18:47,www.gravatar.com
2013-10-12 10:20:06,www.google.com
2013-10-12 10:20:07,www.google.fr
2013-10-12 10:20:47,java.sun.com
2013-10-12 10:20:47,www.oracle.com
2013-10-12 10:20:48,www.oracleimg.com
2013-10-12 10:20:48,admin.brightcove.com
2013-10-12 10:20:48,www.oracle.com
2013-10-12 10:20:50,ajax.googleapis.com
2013-10-12 10:20:50,s1973398186.t.eloqua.com
2013-10-12 10:20:50,img03.en25.com
2013-10-12 10:20:50,www.oracle.com
2013-10-12 10:20:50,www.oracleimg.com
2013-10-12 10:20:51,s1973398186.t.eloqua.com
2013-10-12 10:20:52,www.oracle.com
2013-10-12 10:21:41,www.google.fr
2013-10-12 10:21:42,stackoverflow.com
2013-10-12 10:21:43,careers.stackoverflow.com
2013-10-12 10:21:43,stackoverflow.com
2013-10-12 10:21:43,cdn-careers.sstatic.net
2013-10-12 10:21:44,ocsp.verisign.com
2013-10-12 10:21:45,adzerk-www.s3.amazonaws.com
2013-10-12 10:22:16,www.gravatar.com
2013-10-12 10:22:16,www.google.fr
2013-10-12 10:22:16,www.google.com
2013-10-12 10:22:16,id.google.fr
2013-11-25 13:38:27,clients1.google.com
2013-11-25 13:38:27,gtglobal-ocsp.geotrust.com
2013-11-25 13:38:27,gtssl-ocsp.geotrust.com
2013-11-25 13:38:29,gtssl-ocsp.geotrust.com
2013-11-25 13:38:35,geo.mozilla.org
2013-11-25 13:38:54,clients1.google.com
2013-11-25 13:38:57,www.google.fr
2013-11-25 13:38:57,www.commentcamarche.net
2013-11-25 13:38:58,static.ccm2.net
2013-11-25 13:38:58,ba.commentcamarche.net
2013-11-25 13:38:58,clients1.google.com
2013-11-25 13:38:58,r.ccm2.net
2013-11-25 13:38:59,static.ccm2.net
2013-11-25 13:38:59,ba.commentcamarche.net
2013-11-25 13:39:00,broadcast.piximedia.fr
2013-11-25 13:39:01,its.tradelab.fr
2013-11-25 13:39:01,static.ak.facebook.com
2013-11-25 13:39:01,connect.facebook.net
2013-11-25 13:39:01,broadcast.piximedia.fr
2013-11-25 13:39:01,rm.piximedia.fr
2013-11-25 13:39:01,s-static.ak.facebook.com
2013-11-25 13:39:02,www.facebook.com
2013-11-25 13:39:02,static.ccm2.net
2013-11-25 13:39:02,static.ccmbg.com
2013-11-25 13:39:02,platform.twitter.com
2013-11-25 13:39:03,www.facebook.com
2013-11-25 13:39:03,evsecure-ocsp.verisign.com
2013-11-25 13:39:04,evsecure-ocsp.verisign.com
2013-11-25 13:39:04,www.commentcamarche.net
2013-11-25 13:39:04,www.facebook.com
2013-11-25 13:39:13,static.ccm2.net
2013-11-25 13:39:30,its.tradelab.fr
2013-11-25 13:39:34,twitter.com
2013-11-25 13:41:22,sb-ssl.google.com
2013-11-25 13:41:50,www.google.com
2013-11-25 13:41:50,apis.google.com
2013-11-25 13:41:51,www.google.fr
2013-11-25 13:41:53,ajax.googleapis.com
2013-11-25 13:43:01,safebrowsing.clients.google.com
2013-11-25 13:43:02,safebrowsing-cache.google.com
2013-11-25 13:43:04,safebrowsing-cache.google.com
2013-11-25 13:43:07,safebrowsing-cache.google.com
2013-11-25 13:43:08,safebrowsing-cache.google.com
2013-11-25 13:43:09,safebrowsing-cache.google.com
2013-11-25 13:43:11,safebrowsing-cache.google.com
2013-11-25 13:43:14,safebrowsing-cache.google.com
2013-11-25 13:43:15,safebrowsing-cache.google.com
2013-11-25 13:43:16,safebrowsing-cache.google.com
2013-11-25 13:43:17,safebrowsing-cache.google.com
2013-11-25 13:44:16,ocsp.thawte.com
2013-11-25 13:46:16,ocsp.verisign.com
2013-11-25 13:48:16,ocsp.digicert.com
2013-11-25 13:55:21,www.google.fr
2013-11-25 13:58:44,www.google.com
2013-11-25 13:58:45,www.google.com
2013-11-25 13:58:46,clients1.google.com
2013-11-25 13:58:50,www.google.com
2013-11-25 13:58:57,www.google.com
2013-11-25 13:58:57,static.lejdn.fr
2013-11-25 13:58:57,www.journaldunet.com
2013-11-25 13:58:58,www.journaldunet.com
2013-11-25 13:58:58,static.ccmbg.com
2013-11-25 13:58:58,ead.journaldunet.com
2013-11-25 13:58:59,static.ccmbg.com
2013-11-25 13:58:59,r.ccmbg.com
2013-11-25 13:58:59,management.journaldunet.com
2013-11-25 13:58:59,www.journaldunet.com
2013-11-25 13:58:59,www.linternaute.com
2013-11-25 13:59:00,www.journaldunet.com
2013-11-25 13:59:02,www.journaldunet.com
2013-11-25 13:59:02,fcc.journaldunet.com
2013-11-25 13:59:03,www.journaldunet.com
2013-11-25 13:59:03,fed.journaldunet.com
2013-11-25 13:59:03,fcc.journaldunet.com
2013-11-25 13:59:04,www.linternaute.com
2013-11-25 13:59:04,www.journaldunet.com
2013-11-25 13:59:05,clients1.google.com
2013-11-25 13:59:05,www.google.com
2013-11-25 13:59:05,broadcast.piximedia.fr
2013-11-25 13:59:06,www.linternaute.com
2013-11-25 13:59:06,www.journaldunet.com
2013-11-25 13:59:06,broadcast.piximedia.fr
2013-11-25 13:59:07,broadcast.piximedia.fr
2013-11-25 13:59:07,www.journaldunet.com
2013-11-25 13:59:09,broadcast.piximedia.fr
2013-11-25 13:59:09,www.journaldunet.com
2013-11-25 13:59:10,ead.journaldunet.com
2013-11-25 13:59:10,static.ccmbg.com
2013-11-25 13:59:10,ajax.googleapis.com
2013-11-25 13:59:10,gtglobal-ocsp.geotrust.com
2013-11-25 13:59:10,www.linternaute.com
2013-11-25 13:59:10,broadcast.piximedia.fr
2013-11-25 13:59:38,clients1.google.com
2013-11-25 13:59:38,img.youtube.com
2013-11-25 13:59:38,www.google.com
2013-11-25 13:59:45,www.google.com
2013-11-25 13:59:45,docs.oracle.com
2013-11-25 13:59:46,docs.oracle.com
2013-11-25 13:59:46,www.oracle.com
2013-11-25 13:59:48,www.google.com
2013-11-25 13:59:49,docs.oracle.com
2013-11-25 14:00:05,www.google.com
2013-11-25 14:00:23,docs.oracle.com
2013-11-25 14:02:14,www.google.com
2013-11-25 14:02:14,clients1.google.com
2013-11-25 14:02:18,www.google.com
2013-11-25 14:02:18,www.commentcamarche.net
2013-11-25 14:02:18,ba.commentcamarche.net
2013-11-25 14:02:19,ba.commentcamarche.net
2013-11-25 14:02:19,static.ccm2.net
2013-11-25 14:02:19,r.ccm2.net
2013-11-25 14:02:19,clients1.google.com
2013-11-25 14:02:20,kh6qrx0f8h.s.ad6media.fr
2013-11-25 14:02:20,static.ccm2.net
2013-11-25 14:02:21,static.ccm2.net
2013-11-25 14:02:21,style2.ad6.fr
2013-11-25 14:02:21,kh6qrx0f8h.s.ad6media.fr
2013-11-25 14:02:22,style2.ad6.fr
2013-11-25 14:02:22,static.ccm2.net
2013-11-25 14:02:22,ba.commentcamarche.net
2013-11-25 14:02:22,ad.publicidees.com
2013-11-25 14:02:23,ba.commentcamarche.net
2013-11-25 14:02:23,static.ccm2.net
2013-11-25 14:02:26,static.ccm2.net
2013-11-25 14:02:26,kh6qrx0f8h.s.ad6media.fr
2013-11-25 14:02:27,static.ak.facebook.com
2013-11-25 14:02:27,www.facebook.com
2013-11-25 14:02:27,connect.facebook.net
2013-11-25 14:02:27,static.ccm2.net
2013-11-25 14:02:28,www.facebook.com
2013-11-25 14:02:29,static.ccm2.net
2013-11-25 14:02:29,platform.twitter.com
2013-11-25 14:02:29,s-static.ak.facebook.com
2013-11-25 14:02:29,static.ccmbg.com
2013-11-25 14:02:30,static.ccm2.net
2013-11-25 14:02:31,evsecure-ocsp.verisign.com
2013-11-25 14:02:33,evsecure-ocsp.verisign.com
2013-11-25 14:02:34,www.commentcamarche.net
2013-11-25 14:03:03,twitter.com
2013-11-25 14:03:20,www.google.com
2013-11-25 14:03:22,fr.openclassrooms.com
2013-11-25 14:03:23,www.google.com
2013-11-25 14:03:24,fr.openclassrooms.com
2013-11-25 14:03:24,www.google.com
2013-11-25 14:03:27,fr.openclassrooms.com
2013-11-25 14:03:28,fr.openclassrooms.com
2013-11-25 14:03:31,www.google.com
2013-11-25 14:03:32,kisai.info
2013-11-25 14:03:32,fr.openclassrooms.com
2013-11-25 14:03:33,www.iro.umontreal.ca
2013-11-25 14:03:34,dnn506yrbagrg.cloudfront.net
2013-11-25 14:03:53,www.google.com
2013-11-25 14:03:54,cip.gagnoo.com
2013-11-25 14:03:55,cip.gagnoo.com
2013-11-25 14:03:55,cs.specificclick.net
2013-11-25 14:03:57,fr.openclassrooms.com
2013-11-25 14:03:58,fr.openclassrooms.com
2013-11-25 14:03:59,fr.openclassrooms.com
2013-11-25 14:04:33,www.siteduzero.com
2013-11-25 14:04:33,fr.openclassrooms.com
2013-11-25 14:04:34,www.google.com
2013-11-25 14:04:34,fr.openclassrooms.com
2013-11-25 14:04:35,www.google.com
2013-11-25 14:04:36,www.google.com
2013-11-25 14:04:38,fr.openclassrooms.com
2013-11-25 14:04:39,kisai.info
2013-11-25 14:04:42,kisai.info
2013-11-25 14:04:42,rbp.mxptint.net
2013-11-25 14:04:43,kisai.info
2013-11-25 14:04:44,www.gravatar.com
2013-11-25 14:04:47,kisai.info
2013-11-25 14:04:52,fr.openclassrooms.com
2013-11-25 14:04:52,kisai.info
2013-11-25 14:04:52,www.gravatar.com
2013-11-25 14:04:53,fr.openclassrooms.com
2013-11-25 14:04:53,angelsafrania.free.fr
2013-11-25 14:04:54,fr.openclassrooms.com
2013-11-25 14:04:56,dnn506yrbagrg.cloudfront.net
2013-11-25 14:06:20,ajax.googleapis.com
2013-11-25 14:06:44,ocsp.digicert.com
2013-11-25 14:08:36,www.googleapis.com
2013-11-25 14:10:38,www.google.com
2013-11-25 14:17:14,safebrowsing.clients.google.com
2013-11-25 14:36:19,clients1.google.com
2013-11-25 14:36:20,ocsp.verisign.com
2013-11-25 14:36:20,gtglobal-ocsp.geotrust.com
2013-11-25 14:36:31,clients1.google.com
2013-11-25 14:36:32,gtglobal-ocsp.geotrust.com
2013-11-25 14:36:35,www.oracle.com
2013-11-25 14:36:35,docs.oracle.com
2013-11-25 14:36:35,www.google.fr
2013-11-25 14:36:36,docs.oracle.com
2013-11-25 14:36:37,docs.oracle.com
2013-11-25 14:36:49,docs.oracle.com
2013-11-25 14:36:49,www.google.fr
2013-11-25 14:36:58,ocsp.digicert.com
2013-11-25 14:36:59,ocsp.digicert.com
2013-11-25 14:39:28,apis.google.com
2013-11-25 14:39:28,www.google.com
2013-11-25 14:39:29,www.google.fr
2013-11-25 14:56:41,www.google.com
2013-11-25 14:57:27,help.adobe.com
2013-11-25 14:57:27,www.google.fr
2013-11-25 14:57:28,helpx.adobe.com
2013-11-25 14:57:28,community.adobe.com
2013-11-25 14:57:28,help.adobe.com
2013-11-25 14:57:29,community.adobe.com
2013-11-25 14:57:29,stats.adobe.com
2013-11-25 14:57:29,help.adobe.com
2013-11-25 14:57:29,wwwimages.adobe.com
2013-11-25 14:57:30,community.adobe.com
2013-11-25 14:57:30,forums.adobe.com
2013-11-25 14:57:30,stats.adobe.com
2013-11-25 14:57:31,community.adobe.com
2013-11-25 14:57:31,help.adobe.com
2013-11-25 14:57:32,stats.adobe.com
2013-11-25 14:57:32,community.adobe.com
2013-11-25 14:57:32,forums.adobe.com
2013-11-25 14:57:33,help.adobe.com
2013-11-25 14:59:57,www.google.com
2013-11-25 15:00:10,www.google.fr
2013-11-25 15:03:56,ajax.googleapis.com
2013-11-25 15:03:56,stackoverflow.com
2013-11-25 15:03:56,www.google.fr
2013-11-25 15:03:57,ocsp.godaddy.com
2013-11-25 15:03:57,stackoverflow.com
2013-11-25 15:03:57,www.gravatar.com
2013-11-25 15:03:57,cdn-careers.sstatic.net
2013-11-25 15:03:59,www.google.fr
2013-11-25 15:04:00,stackoverflow.com
2013-11-25 15:04:01,cdn-careers.sstatic.net
2013-11-25 15:04:01,stackoverflow.com
2013-11-25 15:04:02,careers.stackoverflow.com
2013-11-25 15:04:02,cdn-careers.sstatic.net
2013-11-25 15:04:03,www.google.fr
2013-11-25 15:04:03,stackoverflow.com
2013-11-25 15:04:04,i.stack.imgur.com
2013-11-25 15:04:05,careers.stackoverflow.com
2013-11-25 15:04:05,stackoverflow.com
2013-11-25 15:04:06,careers.stackoverflow.com
2013-11-25 15:04:06,www.google.fr
2013-11-25 15:04:07,stackoverflow.com
2013-11-25 15:04:08,stackoverflow.com
2013-11-25 15:04:08,careers.stackoverflow.com
2013-11-25 15:04:10,careers.stackoverflow.com
2013-11-25 15:06:03,www.gravatar.com
2013-11-25 15:06:45,www.google.com
2013-11-25 15:06:46,www.google.fr
2013-11-25 15:08:03,www.google.fr
2013-11-25 15:08:03,www.jcreator.com
2013-11-25 15:08:04,www.facebook.com
2013-11-25 15:08:04,www.gravatar.com
2013-11-25 15:08:04,s-static.ak.facebook.com
2013-11-25 15:08:04,clients1.google.com
2013-11-25 15:08:04,www.jcreator.com
2013-11-25 15:08:04,static.ak.facebook.com
2013-11-25 15:08:04,i2.wp.com
2013-11-25 15:08:04,connect.facebook.net
2013-11-25 15:08:05,clients1.google.com
2013-11-25 15:10:59,accounts.google.com
2013-11-25 15:10:59,apis.google.com
2013-11-25 15:12:15,www.google.com
2013-11-25 15:13:29,www.google.fr
2013-11-25 15:21:22,docs.oracle.com
2013-11-25 15:30:47,www.google.fr
2013-11-25 15:30:49,www.iro.umontreal.ca
2013-11-25 15:30:50,www.iro.umontreal.ca
2013-11-25 15:32:24,www.google.fr
2013-11-25 15:32:24,www.google.com
2013-12-13 12:36:19,www.google.com
2013-12-13 12:36:19,clients1.google.com
2013-12-13 12:36:21,www.google.com
2013-12-13 12:36:21,docs.oracle.com
2013-12-13 12:36:22,docs.oracle.com
2013-12-13 12:36:22,www.oracle.com
2013-12-13 12:36:23,docs.oracle.com
2013-12-13 12:36:24,docs.oracle.com
2013-12-13 12:36:24,www.google.com
2013-12-13 12:41:23,fxfeeds.mozilla.com
2013-12-13 12:41:24,newsrss.bbc.co.uk
2013-12-13 12:41:24,feeds.bbci.co.uk
2013-12-13 12:41:45,docs.oracle.com
2013-12-13 12:41:53,www.google.com
2013-12-13 12:41:54,clients1.google.com
2013-12-13 12:41:56,www.google.com
2013-12-13 12:41:57,www.tutorialspoint.com
2013-12-13 12:41:58,www.tutorialspoint.com
2013-12-13 12:41:59,apis.google.com
2013-12-13 12:41:59,www.tutorialspoint.com
2013-12-13 12:41:59,www.google.com
2013-12-13 12:41:59,clients1.google.com
2013-12-13 12:42:00,gtglobal-ocsp.geotrust.com
2013-12-13 12:42:00,clients1.google.com
2013-12-13 12:42:01,clients1.google.com
2013-12-13 12:46:00,apis.google.com
2013-12-13 12:46:01,accounts.google.com
2013-12-13 12:50:49,clients1.google.com
2013-12-13 12:50:50,www.google.com
2013-12-13 12:50:50,clients1.google.com
2013-12-13 12:50:52,www.google.com
2013-12-13 12:50:53,www.coderanch.com
2013-12-13 12:50:53,clients1.google.com
2013-12-13 12:50:54,www.coderanch.com
2013-12-13 12:50:54,cache-www.coderanch.com
2013-12-13 12:50:55,cache-www.coderanch.com
2013-12-13 12:50:55,www.coderanch.com
2013-12-13 12:50:56,www.coderanch.com
2013-12-13 12:51:33,www.google.com
2013-12-13 12:51:33,ajax.googleapis.com
2013-12-13 12:51:33,stackoverflow.com
2013-12-13 12:51:34,i.stack.imgur.com
2013-12-13 12:51:34,ocsp.godaddy.com
2013-12-13 12:51:35,cdn-careers.sstatic.net
2013-12-13 12:51:35,stackoverflow.com
2013-12-13 12:51:36,cdn-careers.sstatic.net
2013-12-13 12:51:36,stackoverflow.com
2013-12-13 12:51:36,careers.stackoverflow.com
2013-12-13 12:51:36,ocsp.thawte.com
2013-12-13 12:51:36,www.gravatar.com
2013-12-13 12:51:37,www.google.com
2013-12-13 12:51:38,stackoverflow.com
2013-12-13 12:51:39,careers.stackoverflow.com
2013-12-13 12:51:39,stackoverflow.com
2013-12-13 12:51:40,ocsp.verisign.com
2013-12-13 12:51:41,adzerk-www.s3.amazonaws.com
2013-12-13 12:53:22,clients1.google.com
2013-12-13 12:53:23,www.google.com
2013-12-13 12:53:23,clients1.google.com
2013-12-13 12:53:30,www.google.com
2013-12-13 12:53:31,www.coderanch.com
2013-12-13 12:53:33,www.google.com
2013-12-13 12:53:33,www.coderanch.com
2013-12-13 12:53:34,www.coderanch.com
2013-12-13 12:53:38,docs.oracle.com
2013-12-13 12:54:35,www.gravatar.com
2013-12-13 12:54:36,www.gravatar.com
2013-12-13 12:54:39,www.gravatar.com
2013-12-13 12:54:54,ajax.googleapis.com
2013-12-13 12:59:28,clients1.google.com
2013-12-13 12:59:29,clients1.google.com
2013-12-13 12:59:30,clients1.google.com
2013-12-13 12:59:31,www.google.com
2013-12-13 12:59:31,clients1.google.com
2013-12-13 12:59:41,www.google.com
2013-12-13 12:59:41,clients1.google.com
2013-12-13 12:59:46,www.zebulon.fr
2013-12-13 12:59:46,platform.twitter.com
2013-12-13 12:59:46,www.google.com
2013-12-13 12:59:47,connect.facebook.net
2013-12-13 12:59:47,static.ak.facebook.com
2013-12-13 12:59:47,www.facebook.com
2013-12-13 12:59:47,www.zebulon.fr
2013-12-13 12:59:47,s-static.ak.facebook.com
2013-12-13 12:59:48,ovh.com
2013-12-13 12:59:48,www.zebulon.fr
2013-12-13 12:59:49,www.ovh.com
2013-12-13 12:59:49,www.zebulon.fr
2013-12-13 12:59:50,www.zebulon.fr
2013-12-13 12:59:50,ocsp.godaddy.com
2013-12-13 12:59:51,images.orangepublicite.fr
2013-12-13 12:59:51,platform.twitter.com
2013-12-13 12:59:52,www.facebook.com
2013-12-13 12:59:53,evsecure-ocsp.verisign.com
2013-12-13 12:59:54,ocsp.digicert.com
2013-12-13 12:59:54,evsecure-ocsp.verisign.com
2013-12-13 12:59:56,www.zebulon.fr
2013-12-13 13:00:24,twitter.com
2013-12-13 13:03:52,accounts.google.com
2013-12-13 13:03:52,apis.google.com
2013-12-13 13:06:44,www.google.com
2013-12-13 13:06:46,www.gidforums.com
2013-12-13 13:06:47,www.desilva.biz
2013-12-13 13:06:48,www.gidforums.com
2013-12-13 13:06:49,www.gidforums.com
2013-12-13 13:06:50,www.gidnetwork.com
2013-12-13 13:06:50,www.gidforums.com
2013-12-13 13:06:51,www.gidforums.com
2013-12-13 13:14:59,docs.oracle.com
2013-12-13 13:15:08,docs.oracle.com
2013-12-13 13:15:11,docs.oracle.com
2013-12-13 13:16:32,docs.oracle.com
2013-12-13 13:17:18,docs.oracle.com
2013-12-13 13:56:23,newsrss.bbc.co.uk
2013-12-13 13:56:23,fxfeeds.mozilla.com
2013-12-13 13:56:23,feeds.bbci.co.uk
2013-12-16 13:47:16,www.google.com
2013-12-16 13:47:16,www.google.fr
2013-12-16 13:47:16,clients1.google.fr
2013-12-16 13:47:18,clients1.google.fr
2013-12-16 13:47:19,clients1.google.fr
2013-12-16 13:47:19,www.google.fr
2013-12-16 13:47:20,clients1.google.fr
2013-12-16 13:47:21,www.google.fr
2013-12-16 13:47:21,clients1.google.fr
2013-12-16 13:47:31,www.google.com
2013-12-16 13:47:32,www.google.com
2013-12-16 13:47:32,clients1.google.com
2013-12-16 13:47:33,www.google.com
2013-12-16 13:47:33,stackoverflow.com
2013-12-16 13:47:33,ajax.googleapis.com
2013-12-16 13:47:34,ocsp.godaddy.com
2013-12-16 13:47:35,cdn-careers.sstatic.net
2013-12-16 13:47:36,stackoverflow.com
2013-12-16 13:47:36,cdn-careers.sstatic.net
2013-12-16 13:47:36,careers.stackoverflow.com
2013-12-16 13:47:36,ocsp.digicert.com
2013-12-16 13:47:52,stackauth.com
2013-12-16 13:48:24,www.google.com
2013-12-16 13:50:35,www.gravatar.com
2013-12-16 13:50:36,www.gravatar.com
2013-12-16 13:50:37,www.gravatar.com
2013-12-16 14:00:29,www.google.fr
2013-12-16 14:00:29,docs.oracle.com
2013-12-16 14:00:30,www.oracle.com
2013-12-16 14:00:30,docs.oracle.com
2013-12-16 14:00:32,docs.oracle.com
2013-12-16 14:00:46,docs.oracle.com
2013-12-16 14:01:24,fxfeeds.mozilla.com
2013-12-16 14:01:24,feeds.bbci.co.uk
2013-12-16 14:01:24,newsrss.bbc.co.uk
2013-12-16 14:40:38,clients1.google.com
2013-12-16 14:40:38,www.google.com
2013-12-16 14:40:41,www.google.com
2013-12-16 14:40:56,www.google.com
2013-12-16 14:40:57,java.developpez.com
2013-12-16 14:40:57,www.developpez.com
2013-12-16 14:40:57,www.google.com
2013-12-16 14:40:57,magazine.developpez.com
2013-12-16 14:40:57,premium.hi-mediaserver.com
2013-12-16 14:40:57,javaweb.developpez.com
2013-12-16 14:40:58,magazine.developpez.com
2013-12-16 14:40:58,www.developpez.com
2013-12-16 14:40:58,eclipse.developpez.com
2013-12-16 14:40:58,netbeans.developpez.com
2013-12-16 14:40:58,java.developpez.com
2013-12-16 14:40:58,spring.developpez.com
2013-12-16 14:40:58,javaweb.developpez.com
2013-12-16 14:42:04,www.google.com
2013-12-16 14:42:04,www.loria.fr
2013-12-16 14:42:22,www.google.com
2013-12-16 14:42:23,www.infini-software.com
2013-12-16 14:51:51,www.google.com
2013-12-16 14:51:52,clients1.google.com
2013-12-16 14:51:53,www.google.com
2013-12-16 14:51:54,clients1.google.com
2013-12-16 14:51:54,forum.pcinpact.com
2013-12-16 14:51:54,www.gravatar.com
2013-12-16 14:51:55,www.gravatar.com
2013-12-16 14:51:55,gtglobal-ocsp.geotrust.com
2013-12-16 14:51:55,forum.pcinpact.com
2013-12-16 14:51:55,connect.facebook.net
2013-12-16 14:51:55,i2.wp.com
2013-12-16 14:51:55,www.facebook.com
2013-12-16 14:51:55,static.ak.facebook.com
2013-12-16 14:51:56,forum.pcinpact.com
2013-12-16 14:51:56,clients1.google.com
2013-12-16 14:51:56,s-static.ak.facebook.com
2013-12-16 14:51:57,clients1.google.com
2013-12-16 14:52:33,www.google.com
2013-12-16 14:52:33,forum.hardware.fr
2013-12-16 14:52:33,forum-images.hardware.fr
2013-12-16 14:52:34,clients1.google.com
2013-12-16 14:52:34,www.google.com
2013-12-16 14:52:34,rbx-cdn-tpn.c4tw.net
2013-12-16 14:52:34,wtpn.twenga.fr
2013-12-16 14:52:34,fr.primary.affinitad.com
2013-12-16 14:52:34,forum-images.hardware.fr
2013-12-16 14:52:34,forum.hardware.fr
2013-12-16 14:52:39,rbx-cdn-tpn.c4tw.net
2013-12-16 14:52:39,fr.primary.affinitad.com
2013-12-16 14:53:09,www.google.com
2013-12-16 14:53:09,clients1.google.com
2013-12-16 14:53:13,www.google.com
2013-12-16 14:53:13,www.commentcamarche.net
2013-12-16 14:53:13,ba.commentcamarche.net
2013-12-16 14:53:13,static.ccm2.net
2013-12-16 14:53:13,r.ccm2.net
2013-12-16 14:53:14,platform.twitter.com
2013-12-16 14:53:14,static.ccm2.net
2013-12-16 14:53:14,www.facebook.com
2013-12-16 14:53:14,ba.commentcamarche.net
2013-12-16 14:53:14,clients1.google.com
2013-12-16 14:53:15,static.ccm2.net
2013-12-16 14:53:15,ba.commentcamarche.net
2013-12-16 14:53:15,connect.facebook.net
2013-12-16 14:53:15,static.ak.facebook.com
2013-12-16 14:53:15,www.facebook.com
2013-12-16 14:53:16,www.facebook.com
2013-12-16 14:53:16,evsecure-ocsp.verisign.com
2013-12-16 14:53:16,platform.twitter.com
2013-12-16 14:53:16,static.ccmbg.com
2013-12-16 14:53:16,ba.commentcamarche.net
2013-12-16 14:53:16,static.ccm2.net
2013-12-16 14:53:17,www.commentcamarche.net
2013-12-16 14:53:17,www.facebook.com
2013-12-16 14:53:17,s-static.ak.facebook.com
2013-12-16 14:53:47,twitter.com
2013-12-16 14:54:41,www.google.com
2013-12-16 14:54:42,clients1.google.com
2013-12-16 14:54:44,www.google.com
2013-12-16 14:54:45,media.wiley.com
2013-12-16 14:54:46,media.wiley.com
2013-12-16 14:54:47,media.wiley.com
2013-12-16 14:54:48,go.disqus.com
2013-12-16 14:54:48,wiley-dummies.disqus.com
2013-12-16 14:54:48,media.wiley.com
2013-12-16 14:54:49,media.wiley.com
2013-12-16 14:54:50,apis.google.com
2013-12-16 14:54:51,widgets.pinterest.com
2013-12-16 14:57:14,ajax.googleapis.com
2013-12-16 14:57:14,apis.google.com
2013-12-16 14:58:50,accounts.google.com
2013-12-16 14:58:50,apis.google.com
2013-12-17 10:29:02,www.google.com
2013-12-17 10:29:02,clients1.google.com
2013-12-17 10:29:03,www.google.com
2013-12-17 10:29:04,clients1.google.com
2013-12-17 10:29:04,gtglobal-ocsp.geotrust.com
2013-12-17 10:29:04,ocsp.tcs.terena.org
2013-12-17 10:29:05,www.google.com
2013-12-17 10:29:05,ocsp.comodoca.com
2013-12-17 10:29:05,ocsp.usertrust.com
2014-01-04 10:11:20,windows.microsoft.com
2014-01-04 10:11:20,res2.windows.microsoft.com
2014-01-04 10:11:20,res1.windows.microsoft.com
2014-01-04 10:11:20,ajax.microsoft.com
2014-01-04 10:11:20,js.microsoft.com
2014-01-04 10:11:20,go.microsoft.com
2014-01-04 10:11:21,windows.microsoft.com
2014-01-04 10:11:21,js.microsoft.com
2014-01-04 10:11:21,res2.windows.microsoft.com
2014-01-04 10:11:21,res1.windows.microsoft.com
2014-01-04 10:14:57,www.bing.com
2014-01-04 10:14:58,www.bing.com
2014-01-04 10:14:58,cms.abmr.net
2014-01-04 10:14:59,www.bing.com
2014-01-04 10:14:59,www.uniprot.org
2014-01-04 10:14:59,platform.twitter.com
2014-01-04 10:15:00,platform.twitter.com
2014-01-04 10:15:00,www.uniprot.org
2014-01-04 10:15:01,www.uniprot.org
2014-01-04 10:15:10,twitter.com
2014-01-04 10:15:40,twitter.com
2014-01-04 10:17:38,www.foxitsoftware.com
2014-01-04 10:17:39,ad.foxitsoftware.com
2014-01-04 10:18:55,www.uniprot.org
2014-01-04 10:18:56,www.uniprot.org
2014-01-04 10:19:09,www.uniprot.org
2014-01-04 10:19:19,www.uniprot.org
2014-01-04 10:19:20,www.uniprot.org
2014-01-04 10:19:21,www.uniprot.org
2014-01-04 10:23:37,www.uniprot.org
2014-01-04 10:23:50,www.uniprot.org
2014-01-04 10:24:00,www.uniprot.org
2014-01-04 10:24:10,www.uniprot.org
2014-01-04 10:24:12,www.uniprot.org
2014-01-04 10:24:13,www.uniprot.org
2014-01-04 10:25:19,www.uniprot.org
2014-01-04 10:26:02,www.uniprot.org
2014-01-04 10:26:03,www.uniprot.org
2014-01-04 10:30:24,www.uniprot.org
2014-01-04 10:30:25,www.uniprot.org
2014-01-04 10:31:31,www.bing.com
2014-01-04 10:31:32,www.bing.com
2014-01-04 10:31:33,www.bing.com
2014-01-04 10:31:33,login.wikimedia.org
2014-01-04 10:31:33,bits.wikimedia.org
2014-01-04 10:31:33,fr.wikipedia.org
2014-01-04 10:31:34,bits.wikimedia.org
2014-01-04 10:31:34,meta.wikimedia.org
2014-01-04 10:31:34,fr.wikipedia.org
2014-01-04 10:31:42,login.live.com
2014-01-04 10:32:26,www.bing.com
2014-01-04 10:32:32,www.chups.jussieu.fr
2014-01-04 10:32:32,www.bing.com
2014-01-04 10:32:37,www.chups.jussieu.fr
2014-01-04 10:32:37,login.live.com
2014-01-04 10:32:42,www.bing.com
2014-01-04 10:32:44,login.live.com
2014-01-04 10:32:47,doccismef.chu-rouen.fr
2014-01-04 10:32:47,www.chu-rouen.fr
2014-01-04 10:32:47,www.bing.com
2014-01-04 10:32:48,www.chu-rouen.fr
2014-01-04 10:32:55,ssl.bing.com
2014-01-04 10:33:17,www.bing.com
2014-01-04 10:33:18,www.bing.com
2014-01-04 10:33:19,www.bing.com
2014-01-04 10:33:19,www.orpha.net
2014-01-04 10:33:19,translate.google.com
2014-01-04 10:33:19,login.live.com
2014-01-04 10:33:20,www.honcode.ch
2014-01-04 10:33:20,translate.googleapis.com
2014-01-04 10:33:20,www.orpha.net
2014-01-04 10:33:20,www.frogs-in-nz.com
2014-01-04 10:33:20,r.mzstatic.com
2014-01-04 10:33:21,www.orpha.net
2014-01-04 10:33:23,translate.googleapis.com
2014-01-04 10:33:23,www.orpha.net
2014-01-04 10:33:35,www.google.com
2014-01-04 10:34:53,www.google.com
2014-01-04 10:34:55,www.bing.com
2014-01-04 10:34:56,www.bing.com
2014-01-04 10:34:57,bits.wikimedia.org
2014-01-04 10:34:57,fr.wikipedia.org
2014-01-04 10:34:58,bits.wikimedia.org
2014-01-04 10:34:58,meta.wikimedia.org
2014-01-04 10:34:59,bits.wikimedia.org
2014-01-04 10:34:59,fr.wikipedia.org
2014-01-04 10:34:59,meta.wikimedia.org
2014-01-04 10:35:12,fr.wikipedia.org
2014-01-04 10:35:12,meta.wikimedia.org
2014-01-04 10:35:12,bits.wikimedia.org
2014-01-04 10:37:46,www.uniprot.org
2014-01-04 10:38:01,www.uniprot.org
2014-01-04 10:38:10,www.uniprot.org
2014-01-04 10:40:03,www.uniprot.org
2014-01-04 10:40:10,www.uniprot.org
2014-01-04 10:40:11,www.uniprot.org
2014-01-04 10:41:58,www.uniprot.org
2014-01-04 10:42:18,www.uniprot.org
2014-01-04 10:43:18,www.uniprot.org
2014-01-04 10:44:46,www.uniprot.org
2014-01-04 10:44:53,www.uniprot.org
2014-01-04 10:45:04,www.uniprot.org
2014-01-04 10:45:05,www.uniprot.org
2014-01-04 10:46:03,www.uniprot.org
2014-01-04 10:46:06,www.uniprot.org
2014-01-04 10:49:43,www.uniprot.org
2014-01-04 10:49:44,www.uniprot.org
2014-01-04 10:49:47,www.uniprot.org
2014-01-04 10:50:20,www.uniprot.org
2014-01-04 10:55:42,www.bing.com
2014-01-04 10:55:43,www.bing.com
2014-01-04 10:55:52,www.bing.com
2014-01-04 10:55:54,www.bing.com
2014-01-04 10:55:55,www.bing.com
2014-01-04 10:55:55,login.live.com
2014-01-04 10:55:59,fr-fr.facebook.com
2014-01-04 10:56:01,fr-fr.facebook.com
2014-01-04 10:57:15,www.bing.com
2014-01-04 10:57:16,www.bing.com
2014-01-04 10:57:17,login.live.com
2014-01-04 10:57:17,www.eurosport.fr
2014-01-04 10:57:17,layout.eurosport.fr
2014-01-04 10:57:17,i.eurosport.fr
2014-01-04 10:57:17,layout.eurosport.com
2014-01-04 10:57:17,i.eurosport.com
2014-01-04 10:57:18,i.eurosport.com
2014-01-04 10:57:18,layout.eurosport.com
2014-01-04 10:57:18,static1.webedia.fr
2014-01-04 10:57:19,i.eurosport.fr
2014-01-04 10:57:19,platform.twitter.com
2014-01-04 10:57:19,connect.facebook.net
2014-01-04 10:57:19,layout.eurosport.com
2014-01-04 10:57:19,layout.eurosport.fr
2014-01-04 10:57:20,www.facebook.com
2014-01-04 10:57:20,platform.twitter.com
2014-01-04 10:57:20,layout.eurosport.fr
2014-01-04 10:57:20,static.ak.facebook.com
2014-01-04 10:57:20,go.disqus.com
2014-01-04 10:57:20,eurosport-fr.disqus.com
2014-01-04 10:57:21,www.google.com
2014-01-04 10:57:21,www.google.fr
2014-01-04 10:57:21,eurosportbet.loa24.com
2014-01-04 10:57:21,www.eficiens-serving2.com
2014-01-04 10:57:22,eurosportbet.loa24.com
2014-01-04 10:57:23,www.eficiens-serving2.com
2014-01-04 10:57:24,www.eficiens-serving2.com
2014-01-04 10:57:24,www.facebook.com
2014-01-04 10:57:24,ad.publicidees.com
2014-01-04 10:57:25,www.facebook.com
2014-01-04 10:57:25,i.eurosport.fr
2014-01-04 10:57:27,s-static.ak.facebook.com
2014-01-04 10:57:27,i.eurosport.fr
2014-01-04 10:57:29,eurosportbet.loa24.com
2014-01-04 10:57:29,i.eurosport.fr
2014-01-04 10:57:31,i.eurosport.fr
2014-01-04 10:57:31,apis.google.com
2014-01-04 10:57:32,i.eurosport.fr
2014-01-04 10:57:32,dnl.eurosport.com
2014-01-04 10:57:32,twitter.com
2014-01-04 10:57:32,apis.google.com
2014-01-04 10:57:33,twitter.com
2014-01-04 10:57:33,apis.google.com
2014-01-04 10:57:35,twitter.com
2014-01-04 10:57:35,i.eurosport.fr
2014-01-04 10:57:35,apis.google.com
2014-01-04 10:57:35,accounts.google.com
2014-01-04 10:57:36,i.eurosport.fr
2014-01-04 10:57:36,dnl.eurosport.com
2014-01-04 10:57:37,i.eurosport.fr
2014-01-04 10:57:37,www.facebook.com
2014-01-04 10:57:39,static.ak.facebook.com
2014-01-04 10:57:39,accounts.google.com
2014-01-04 10:57:39,www.facebook.com
2014-01-04 10:57:40,fbstatic-a.akamaihd.net
2014-01-04 10:57:41,fbstatic-a.akamaihd.net
2014-01-04 10:57:41,i.eurosport.fr
2014-01-04 10:57:42,i.eurosport.fr
2014-01-04 10:57:42,fbstatic-a.akamaihd.net
2014-01-04 10:57:44,i.eurosport.fr
2014-01-04 10:57:45,www.eurosport.fr
2014-01-04 10:57:45,layout.eurosport.com
2014-01-04 10:57:48,i.eurosport.fr
2014-01-04 10:57:51,pixel2368.everesttech.net
2014-01-04 10:57:55,www.bing.com
2014-01-04 10:57:59,www.bing.com
2014-01-04 10:58:01,login.live.com
2014-01-04 10:58:04,www.bing.com
2014-01-04 10:58:04,ssl.bing.com
2014-01-04 10:58:05,www.bing.com
2014-01-04 10:58:05,www.secretsdujeu.com
2014-01-04 10:58:06,pixel2368.everesttech.net
2014-01-04 10:58:06,static.secretsdujeu.com
2014-01-04 10:58:06,www.facebook.com
2014-01-04 10:58:06,apis.google.com
2014-01-04 10:58:06,s-static.ak.facebook.com
2014-01-04 10:58:07,apis.google.com
2014-01-04 10:58:07,accounts.google.com
2014-01-04 10:58:08,apis.google.com
2014-01-04 10:58:08,www.google.com
2014-01-04 10:58:13,www.bing.com
2014-01-04 10:58:16,www.bing.com
2014-01-04 10:58:19,www.bing.com
2014-01-04 10:58:20,login.live.com
2014-01-04 10:58:23,www.bing.com
2014-01-04 10:58:25,www.fdj.fr
2014-01-04 10:58:34,media.fdj.fr
2014-01-04 10:58:35,www.fdj.fr
2014-01-04 10:58:35,media.fdj.fr
2014-01-04 10:58:36,media.fdj.fr
2014-01-04 10:58:39,media.fdj.fr
2014-01-04 10:59:40,media.fdj.fr
2014-01-04 10:59:40,www.fdj.fr
2014-01-04 10:59:59,www.bing.com
2014-01-04 11:00:00,www.bing.com
2014-01-04 11:00:01,login.live.com
2014-01-04 11:01:53,www.uniprot.org
2014-01-04 11:01:54,www.uniprot.org
2014-01-04 11:02:11,www.uniprot.org
2014-01-04 11:02:12,www.uniprot.org
2014-01-04 11:02:13,www.uniprot.org
2014-01-04 11:02:16,www.uniprot.org
2014-01-04 11:02:18,www.uniprot.org
2014-01-04 11:02:30,www.uniprot.org
2014-01-04 11:02:34,www.uniprot.org
2014-01-04 11:03:26,www.uniprot.org
2014-01-04 11:03:41,www.uniprot.org
2014-01-04 11:04:01,www.uniprot.org
2014-01-04 11:04:04,www.uniprot.org
2014-01-04 11:04:27,www.uniprot.org
2014-01-04 11:04:33,www.uniprot.org
2014-01-04 11:06:44,www.bing.com
2014-01-04 11:06:46,www.bing.com
2014-01-04 11:06:46,prosite.expasy.org
2014-01-04 11:06:46,ajax.googleapis.com
2014-01-04 11:06:46,www.google.com
2014-01-04 11:06:46,web.expasy.org
2014-01-04 11:06:46,login.live.com
2014-01-04 11:07:57,prosite.expasy.org
2014-01-04 11:11:07,www.uniprot.org
2014-01-04 11:19:44,www.bing.com
2014-01-04 11:19:47,www.cbs.dtu.dk
2014-01-04 11:19:47,www.bing.com
2014-01-04 11:19:48,www.cbs.dtu.dk
2014-01-04 11:19:55,login.live.com
2014-01-04 11:20:20,www.cbs.dtu.dk
2014-01-04 11:20:20,code.jquery.com
2014-01-04 11:27:14,www.cbs.dtu.dk
2014-01-04 11:27:27,www.cbs.dtu.dk
2014-01-04 11:27:32,www.cbs.dtu.dk
2014-01-04 11:35:01,www.cbs.dtu.dk
2014-01-04 11:35:05,www.cbs.dtu.dk
2014-01-04 11:40:19,www.bing.com
2014-01-04 11:40:29,www.bing.com
2014-01-04 11:40:30,www.bing.com
2014-01-04 11:40:31,login.live.com
2014-01-04 11:40:36,www.uniprot.org
2014-01-04 11:40:42,www.uniprot.org
2014-01-04 11:40:46,www.bing.com
2014-01-04 11:40:47,www.bing.com
2014-01-04 11:40:48,www.cbs.dtu.dk
2014-01-04 11:40:52,www.cbs.dtu.dk
2014-01-04 11:42:10,ssl.bing.com
2014-01-04 11:42:11,www.cbs.dtu.dk
2014-01-04 11:42:12,www.cbs.dtu.dk
2014-03-20 08:04:09,clients1.google.com
2014-03-20 08:04:09,www.google.com
2014-03-20 08:04:10,gtglobal-ocsp.geotrust.com
2014-03-20 08:04:12,clients1.google.com
2014-03-20 08:04:14,www.google.fr
2014-03-20 08:04:15,ocsp.tcs.terena.org
2014-03-20 08:04:15,clients1.google.com
2014-03-20 08:04:15,ocsp.usertrust.com
2014-03-20 08:04:40,safebrowsing-cache.google.com
2014-03-20 08:04:40,safebrowsing.clients.google.com
2014-03-20 08:04:48,ocsp.tcs.terena.org
2014-03-20 08:04:55,www.google.fr
2014-03-20 08:04:57,annotathon.org
2014-03-20 08:04:58,gtssl-ocsp.geotrust.com
2014-03-20 08:05:55,ocsp.verisign.com
2014-03-20 08:07:10,apis.google.com
2014-03-20 08:07:48,id.google.fr
2014-03-20 08:07:49,www.google.com
2014-03-20 08:07:49,www.google.fr
2014-03-20 08:07:55,ocsp.digicert.com
2014-03-20 08:13:55,ocsp.thawte.com
2014-03-20 08:15:09,annotathon.org
2014-03-20 08:16:03,annotathon.org
2014-03-20 08:17:26,annotathon.org
2014-03-20 08:17:27,annotathon.org
2014-03-20 08:17:31,annotathon.org
2014-03-20 08:20:08,annotathon.org
2014-03-20 08:20:33,clients1.google.com
2014-03-20 08:20:41,annotathon.org
2014-03-20 08:21:11,annotathon.org
2014-03-20 08:21:41,annotathon.org
2014-03-20 08:22:11,annotathon.org
2014-03-20 08:22:41,annotathon.org
2014-03-20 08:22:59,annotathon.org
2014-03-20 08:23:00,annotathon.org
2014-03-20 08:23:06,annotathon.univ-mrs.fr
2014-03-20 08:23:06,annotathon.org
2014-03-20 08:23:28,www.google.fr
2014-03-20 08:23:29,mail.google.com
2014-03-20 08:23:30,www.google.com
2014-03-20 08:23:30,apis.google.com
2014-03-20 08:23:30,accounts.google.com
2014-03-20 08:23:35,annotathon.org
2014-03-20 08:23:39,annotathon.org
2014-03-20 08:23:44,annotathon.org
2014-03-20 08:23:49,annotathon.org
2014-03-20 08:24:19,annotathon.org
2014-03-20 08:24:39,annotathon.org
2014-03-20 08:25:09,annotathon.org
2014-03-20 08:25:38,annotathon.org
2014-03-20 08:25:39,annotathon.org
2014-03-20 08:26:09,annotathon.org
2014-03-20 08:26:39,annotathon.org
2014-03-20 08:27:09,annotathon.org
2014-03-20 08:27:39,annotathon.org
2014-03-20 08:28:09,annotathon.org
2014-03-20 08:28:39,annotathon.org
2014-03-20 08:29:03,annotathon.org
2014-03-20 08:29:05,annotathon.org
2014-03-20 08:29:35,annotathon.org
2014-03-20 08:29:42,www.google.fr
2014-03-20 08:29:43,www.nioutaik.fr
2014-03-20 08:29:43,connect.facebook.net
2014-03-20 08:29:43,42lemag.fr
2014-03-20 08:29:43,static.ak.facebook.com
2014-03-20 08:29:44,s-static.ak.facebook.com
2014-03-20 08:29:44,www.facebook.com
2014-03-20 08:29:46,www.nioutaik.fr
2014-03-20 08:29:54,www.nioutaik.fr
2014-03-20 08:30:05,annotathon.org
2014-03-20 08:30:35,annotathon.org
2014-03-20 08:31:05,annotathon.org
2014-03-20 08:31:19,annotathon.org
2014-03-20 08:31:49,annotathon.org
2014-03-20 08:32:17,www.google.fr
2014-03-20 08:32:18,www.google.fr
2014-03-20 08:32:18,www.ncbi.nlm.nih.gov
2014-03-20 08:32:19,annotathon.org
2014-03-20 08:32:31,www.ncbi.nlm.nih.gov
2014-03-20 08:32:47,www.ncbi.nlm.nih.gov
2014-03-20 08:32:49,annotathon.org
2014-03-20 08:32:51,www.ncbi.nlm.nih.gov
2014-03-20 08:32:53,www.ncbi.nlm.nih.gov
2014-03-20 08:32:54,www.ncbi.nlm.nih.gov
2014-03-20 08:32:57,annotathon.org
2014-03-20 08:33:11,www.ncbi.nlm.nih.gov
2014-03-20 08:33:23,www.ncbi.nlm.nih.gov
2014-03-20 08:33:24,www.ncbi.nlm.nih.gov
2014-03-20 08:33:27,annotathon.org
2014-03-20 08:33:57,annotathon.org
2014-03-20 08:34:26,www.ncbi.nlm.nih.gov
2014-03-20 08:34:27,annotathon.org
2014-03-20 08:34:39,safebrowsing-cache.google.com
2014-03-20 08:34:39,safebrowsing.clients.google.com
2014-03-20 08:34:40,safebrowsing-cache.google.com
2014-03-20 08:34:41,annotathon.org
2014-03-20 08:34:42,annotathon.org
2014-03-20 08:34:43,annotathon.org
2014-03-20 08:35:11,www.google.com
2014-03-20 08:35:12,www.google.fr
2014-03-20 08:35:13,annotathon.org
2014-03-20 08:35:43,annotathon.org
2014-03-20 08:36:13,annotathon.org
2014-03-20 08:36:42,www.ncbi.nlm.nih.gov
2014-03-20 08:36:43,annotathon.org
2014-03-20 08:36:47,www.ncbi.nlm.nih.gov
2014-03-20 08:36:48,www.ncbi.nlm.nih.gov
2014-03-20 08:36:53,www.ncbi.nlm.nih.gov
2014-03-20 08:37:13,annotathon.org
2014-03-20 08:37:43,www.ncbi.nlm.nih.gov
2014-03-20 08:37:43,annotathon.org
2014-03-20 08:37:44,www.ncbi.nlm.nih.gov
2014-03-20 08:37:49,www.ncbi.nlm.nih.gov
2014-03-20 08:37:58,www.ncbi.nlm.nih.gov
2014-03-20 08:37:58,www.google.fr
2014-03-20 08:37:59,blast.ncbi.nlm.nih.gov
2014-03-20 08:37:59,www.ncbi.nlm.nih.gov
2014-03-20 08:38:13,annotathon.org
2014-03-20 08:38:13,www.ncbi.nlm.nih.gov
2014-03-20 08:38:13,blast.ncbi.nlm.nih.gov
2014-03-20 08:38:14,blast.ncbi.nlm.nih.gov
2014-03-20 08:38:29,blast.ncbi.nlm.nih.gov
2014-03-20 08:38:33,blast.ncbi.nlm.nih.gov
2014-03-20 08:38:35,blast.ncbi.nlm.nih.gov
2014-03-20 08:38:36,www.ncbi.nlm.nih.gov
2014-03-20 08:38:37,blast.ncbi.nlm.nih.gov
2014-03-20 08:38:39,www.ncbi.nlm.nih.gov
2014-03-20 08:38:40,blast.ncbi.nlm.nih.gov
2014-03-20 08:38:41,www.ncbi.nlm.nih.gov
2014-03-20 08:38:42,blast.ncbi.nlm.nih.gov
2014-03-20 08:38:43,annotathon.org
2014-03-20 08:38:44,www.ncbi.nlm.nih.gov
2014-03-20 08:38:45,blast.ncbi.nlm.nih.gov
2014-03-20 08:38:46,www.ncbi.nlm.nih.gov
2014-03-20 08:38:53,blast.ncbi.nlm.nih.gov
2014-03-20 08:38:54,blast.ncbi.nlm.nih.gov
2014-03-20 08:38:54,www.ncbi.nlm.nih.gov
2014-03-20 08:38:55,blast.ncbi.nlm.nih.gov
2014-03-20 08:38:55,www.ncbi.nlm.nih.gov
2014-03-20 08:38:56,blast.ncbi.nlm.nih.gov
2014-03-20 08:38:56,www.ncbi.nlm.nih.gov
2014-03-20 08:38:57,blast.ncbi.nlm.nih.gov
2014-03-20 08:39:13,annotathon.org
2014-03-20 08:39:43,annotathon.org
2014-03-20 08:39:46,blast.ncbi.nlm.nih.gov
2014-03-20 08:39:51,www.ncbi.nlm.nih.gov
2014-03-20 08:39:52,www.ncbi.nlm.nih.gov
2014-03-20 08:40:00,blast.ncbi.nlm.nih.gov
2014-03-20 08:40:13,annotathon.org
2014-03-20 08:40:43,annotathon.org
2014-03-20 08:40:52,www.google.com
2014-03-20 08:40:53,www.google.fr
2014-03-20 08:41:13,annotathon.org
2014-03-20 08:41:30,blast.ncbi.nlm.nih.gov
2014-03-20 08:41:32,blast.ncbi.nlm.nih.gov
2014-03-20 08:41:33,blast.ncbi.nlm.nih.gov
2014-03-20 08:41:34,blast.ncbi.nlm.nih.gov
2014-03-20 08:41:43,annotathon.org
2014-03-20 08:41:49,blast.ncbi.nlm.nih.gov
2014-03-20 08:42:10,blast.ncbi.nlm.nih.gov
2014-03-20 08:42:13,annotathon.org
2014-03-20 08:42:35,blast.ncbi.nlm.nih.gov
2014-03-20 08:42:37,www.ncbi.nlm.nih.gov
2014-03-20 08:42:38,www.ncbi.nlm.nih.gov
2014-03-20 08:42:43,annotathon.org
2014-03-20 08:43:13,annotathon.org
2014-03-20 08:43:16,www.ncbi.nlm.nih.gov
2014-03-20 08:43:20,www.ncbi.nlm.nih.gov
2014-03-20 08:43:23,www.ncbi.nlm.nih.gov
2014-03-20 08:43:43,annotathon.org
2014-03-20 08:44:13,annotathon.org
2014-03-20 08:44:31,www.ncbi.nlm.nih.gov
2014-03-20 08:44:32,www.ncbi.nlm.nih.gov
2014-03-20 08:44:35,www.ncbi.nlm.nih.gov
2014-03-20 08:44:38,www.ncbi.nlm.nih.gov
2014-03-20 08:44:43,annotathon.org
2014-03-20 08:44:52,www.google.fr
2014-03-20 08:44:52,www.ncbi.nlm.nih.gov
2014-03-20 08:44:52,blast.ncbi.nlm.nih.gov
2014-03-20 08:44:53,blast.ncbi.nlm.nih.gov
2014-03-20 08:44:57,blast.ncbi.nlm.nih.gov
2014-03-20 08:45:01,blast.ncbi.nlm.nih.gov
2014-03-20 08:45:02,blast.ncbi.nlm.nih.gov
2014-03-20 08:45:10,blast.ncbi.nlm.nih.gov
2014-03-20 08:45:11,blast.ncbi.nlm.nih.gov
2014-03-20 08:45:13,annotathon.org
2014-03-20 08:45:15,blast.ncbi.nlm.nih.gov
2014-03-20 08:45:17,blast.ncbi.nlm.nih.gov
2014-03-20 08:45:20,blast.ncbi.nlm.nih.gov
2014-03-20 08:45:23,blast.ncbi.nlm.nih.gov
2014-03-20 08:45:30,blast.ncbi.nlm.nih.gov
2014-03-20 08:45:31,blast.ncbi.nlm.nih.gov
2014-03-20 08:45:32,blast.ncbi.nlm.nih.gov
2014-03-20 08:45:43,annotathon.org
2014-03-20 08:45:54,blast.ncbi.nlm.nih.gov
2014-03-20 08:45:55,blast.ncbi.nlm.nih.gov
2014-03-20 08:45:56,blast.ncbi.nlm.nih.gov
2014-03-20 08:45:57,www.ncbi.nlm.nih.gov
2014-03-20 08:45:57,blast.ncbi.nlm.nih.gov
2014-03-20 08:45:58,blast.ncbi.nlm.nih.gov
2014-03-20 08:46:13,annotathon.org
2014-03-20 08:46:43,annotathon.org
2014-03-20 08:46:58,www.ncbi.nlm.nih.gov
2014-03-20 08:46:59,www.ncbi.nlm.nih.gov
2014-03-20 08:47:00,www.ncbi.nlm.nih.gov
2014-03-20 08:47:02,www.ncbi.nlm.nih.gov
2014-03-20 08:47:13,annotathon.org
2014-03-20 08:47:20,blast.ncbi.nlm.nih.gov
2014-03-20 08:47:34,blast.ncbi.nlm.nih.gov
2014-03-20 08:47:36,blast.ncbi.nlm.nih.gov
2014-03-20 08:47:38,blast.ncbi.nlm.nih.gov
2014-03-20 08:47:41,blast.ncbi.nlm.nih.gov
2014-03-20 08:47:43,annotathon.org
2014-03-20 08:47:43,blast.ncbi.nlm.nih.gov
2014-03-20 08:47:46,blast.ncbi.nlm.nih.gov
2014-03-20 08:47:47,www.google.com
2014-03-20 08:47:48,www.google.fr
2014-03-20 08:47:54,blast.ncbi.nlm.nih.gov
2014-03-20 08:48:00,blast.ncbi.nlm.nih.gov
2014-03-20 08:48:06,blast.ncbi.nlm.nih.gov
2014-03-20 08:48:13,annotathon.org
2014-03-20 08:48:24,blast.ncbi.nlm.nih.gov
2014-03-20 08:48:26,blast.ncbi.nlm.nih.gov
2014-03-20 08:48:28,blast.ncbi.nlm.nih.gov
2014-03-20 08:48:43,annotathon.org
2014-03-20 08:48:47,blast.ncbi.nlm.nih.gov
2014-03-20 08:48:48,blast.ncbi.nlm.nih.gov
2014-03-20 08:48:49,blast.ncbi.nlm.nih.gov
2014-03-20 08:48:50,blast.ncbi.nlm.nih.gov
2014-03-20 08:49:13,annotathon.org
2014-03-20 08:49:19,blast.ncbi.nlm.nih.gov
2014-03-20 08:49:20,blast.ncbi.nlm.nih.gov
2014-03-20 08:49:21,www.ncbi.nlm.nih.gov
2014-03-20 08:49:22,blast.ncbi.nlm.nih.gov
2014-03-20 08:49:43,annotathon.org
2014-03-20 08:49:58,blast.ncbi.nlm.nih.gov
2014-03-20 08:50:00,blast.ncbi.nlm.nih.gov
2014-03-20 08:50:01,blast.ncbi.nlm.nih.gov
2014-03-20 08:50:03,www.ncbi.nlm.nih.gov
2014-03-20 08:50:03,blast.ncbi.nlm.nih.gov
2014-03-20 08:50:07,blast.ncbi.nlm.nih.gov
2014-03-20 08:50:13,annotathon.org
2014-03-20 08:50:43,annotathon.org
2014-03-20 08:51:04,blast.ncbi.nlm.nih.gov
2014-03-20 08:51:13,annotathon.org
2014-03-20 08:51:21,blast.ncbi.nlm.nih.gov
2014-03-20 08:51:22,blast.ncbi.nlm.nih.gov
2014-03-20 08:51:23,blast.ncbi.nlm.nih.gov
2014-03-20 08:51:24,www.ncbi.nlm.nih.gov
2014-03-20 08:51:25,blast.ncbi.nlm.nih.gov
2014-03-20 08:51:29,blast.ncbi.nlm.nih.gov
2014-03-20 08:51:30,blast.ncbi.nlm.nih.gov
2014-03-20 08:51:31,www.ncbi.nlm.nih.gov
2014-03-20 08:51:31,blast.ncbi.nlm.nih.gov
2014-03-20 08:51:39,blast.ncbi.nlm.nih.gov
2014-03-20 08:51:40,www.ncbi.nlm.nih.gov
2014-03-20 08:51:40,blast.ncbi.nlm.nih.gov
2014-03-20 08:51:41,blast.ncbi.nlm.nih.gov
2014-03-20 08:51:43,annotathon.org
2014-03-20 08:52:13,annotathon.org
2014-03-20 08:52:43,annotathon.org
2014-03-20 08:53:13,annotathon.org
2014-03-20 08:53:43,annotathon.org
2014-03-20 08:54:13,annotathon.org
2014-03-20 08:54:43,annotathon.org
2014-03-20 08:54:55,blast.ncbi.nlm.nih.gov
2014-03-20 08:55:13,annotathon.org
2014-03-20 08:55:38,blast.ncbi.nlm.nih.gov
2014-03-20 08:55:38,www.ncbi.nlm.nih.gov
2014-03-20 08:55:39,www.ncbi.nlm.nih.gov
2014-03-20 08:55:42,www.ncbi.nlm.nih.gov
2014-03-20 08:55:43,annotathon.org
2014-03-20 08:56:09,www.ncbi.nlm.nih.gov
2014-03-20 08:56:10,www.ncbi.nlm.nih.gov
2014-03-20 08:56:11,www.ncbi.nlm.nih.gov
2014-03-20 08:56:12,www.ncbi.nlm.nih.gov
2014-03-20 08:56:13,annotathon.org
2014-03-20 08:56:14,www.ncbi.nlm.nih.gov
2014-03-20 08:56:20,www.google.fr
2014-03-20 08:56:21,www.ncbi.nlm.nih.gov
2014-03-20 08:56:21,blast.ncbi.nlm.nih.gov
2014-03-20 08:56:24,blast.ncbi.nlm.nih.gov
2014-03-20 08:56:25,blast.ncbi.nlm.nih.gov
2014-03-20 08:56:31,blast.ncbi.nlm.nih.gov
2014-03-20 08:56:32,blast.ncbi.nlm.nih.gov
2014-03-20 08:56:33,blast.ncbi.nlm.nih.gov
2014-03-20 08:56:35,www.ncbi.nlm.nih.gov
2014-03-20 08:56:35,blast.ncbi.nlm.nih.gov
2014-03-20 08:56:37,www.ncbi.nlm.nih.gov
2014-03-20 08:56:38,blast.ncbi.nlm.nih.gov
2014-03-20 08:56:39,www.ncbi.nlm.nih.gov
2014-03-20 08:56:40,blast.ncbi.nlm.nih.gov
2014-03-20 08:56:42,www.ncbi.nlm.nih.gov
2014-03-20 08:56:43,blast.ncbi.nlm.nih.gov
2014-03-20 08:56:43,annotathon.org
2014-03-20 08:56:45,www.ncbi.nlm.nih.gov
2014-03-20 08:56:46,blast.ncbi.nlm.nih.gov
2014-03-20 08:56:51,blast.ncbi.nlm.nih.gov
2014-03-20 08:56:52,blast.ncbi.nlm.nih.gov
2014-03-20 08:56:53,blast.ncbi.nlm.nih.gov
2014-03-20 08:56:54,www.ncbi.nlm.nih.gov
2014-03-20 08:56:55,blast.ncbi.nlm.nih.gov
2014-03-20 08:56:57,blast.ncbi.nlm.nih.gov
2014-03-20 08:56:58,blast.ncbi.nlm.nih.gov
2014-03-20 08:57:03,blast.ncbi.nlm.nih.gov
2014-03-20 08:57:04,blast.ncbi.nlm.nih.gov
2014-03-20 08:57:05,blast.ncbi.nlm.nih.gov
2014-03-20 08:57:06,www.ncbi.nlm.nih.gov
2014-03-20 08:57:06,blast.ncbi.nlm.nih.gov
2014-03-20 08:57:13,annotathon.org
2014-03-20 08:57:39,www.ncbi.nlm.nih.gov
2014-03-20 08:57:42,www.ncbi.nlm.nih.gov
2014-03-20 08:57:43,annotathon.org
2014-03-20 08:57:45,www.ncbi.nlm.nih.gov
2014-03-20 08:57:48,www.ncbi.nlm.nih.gov
2014-03-20 08:57:50,www.ncbi.nlm.nih.gov
2014-03-20 08:57:51,www.ncbi.nlm.nih.gov
2014-03-20 08:57:55,www.ncbi.nlm.nih.gov
2014-03-20 08:58:04,www.google.fr
2014-03-20 08:58:05,www.ncbi.nlm.nih.gov
2014-03-20 08:58:05,blast.ncbi.nlm.nih.gov
2014-03-20 08:58:07,blast.ncbi.nlm.nih.gov
2014-03-20 08:58:08,blast.ncbi.nlm.nih.gov
2014-03-20 08:58:09,blast.ncbi.nlm.nih.gov
2014-03-20 08:58:13,annotathon.org
2014-03-20 08:58:15,blast.ncbi.nlm.nih.gov
2014-03-20 08:58:16,blast.ncbi.nlm.nih.gov
2014-03-20 08:58:18,blast.ncbi.nlm.nih.gov
2014-03-20 08:58:19,blast.ncbi.nlm.nih.gov
2014-03-20 08:58:21,blast.ncbi.nlm.nih.gov
2014-03-20 08:58:22,blast.ncbi.nlm.nih.gov
2014-03-20 08:58:24,blast.ncbi.nlm.nih.gov
2014-03-20 08:58:27,blast.ncbi.nlm.nih.gov
2014-03-20 08:58:34,blast.ncbi.nlm.nih.gov
2014-03-20 08:58:35,blast.ncbi.nlm.nih.gov
2014-03-20 08:58:36,blast.ncbi.nlm.nih.gov
2014-03-20 08:58:43,annotathon.org
2014-03-20 08:58:45,blast.ncbi.nlm.nih.gov
2014-03-20 08:59:07,www.ncbi.nlm.nih.gov
2014-03-20 08:59:08,www.ncbi.nlm.nih.gov
2014-03-20 08:59:09,www.ncbi.nlm.nih.gov
2014-03-20 08:59:12,www.ncbi.nlm.nih.gov
2014-03-20 08:59:13,annotathon.org
2014-03-20 08:59:43,annotathon.org
2014-03-20 09:00:13,annotathon.org
2014-03-20 09:00:43,annotathon.org
2014-03-20 09:00:58,www.google.com
2014-03-20 09:00:59,www.google.fr
2014-03-20 09:01:13,annotathon.org
2014-03-20 09:01:43,annotathon.org
2014-03-20 09:01:44,blast.ncbi.nlm.nih.gov
2014-03-20 09:01:45,blast.ncbi.nlm.nih.gov
2014-03-20 09:01:47,blast.ncbi.nlm.nih.gov
2014-03-20 09:01:48,blast.ncbi.nlm.nih.gov
2014-03-20 09:02:13,annotathon.org
2014-03-20 09:02:43,annotathon.org
2014-03-20 09:03:07,blast.ncbi.nlm.nih.gov
2014-03-20 09:03:08,blast.ncbi.nlm.nih.gov
2014-03-20 09:03:09,blast.ncbi.nlm.nih.gov
2014-03-20 09:03:10,blast.ncbi.nlm.nih.gov
2014-03-20 09:03:13,annotathon.org
2014-03-20 09:03:43,annotathon.org
2014-03-20 09:04:13,annotathon.org
2014-03-20 09:04:31,blast.ncbi.nlm.nih.gov
2014-03-20 09:04:32,blast.ncbi.nlm.nih.gov
2014-03-20 09:04:33,blast.ncbi.nlm.nih.gov
2014-03-20 09:04:38,blast.ncbi.nlm.nih.gov
2014-03-20 09:04:43,annotathon.org
2014-03-20 09:04:49,clients1.google.com
2014-03-20 09:04:50,gtglobal-ocsp.geotrust.com
2014-03-20 09:04:51,www.ncbi.nlm.nih.gov
2014-03-20 09:04:52,www.ncbi.nlm.nih.gov
2014-03-20 09:04:53,www.ncbi.nlm.nih.gov
2014-03-20 09:04:54,www.ncbi.nlm.nih.gov
2014-03-20 09:04:57,www.ncbi.nlm.nih.gov
2014-03-20 09:05:01,www.google.fr
2014-03-20 09:05:01,translate.google.fr
2014-03-20 09:05:02,blast.ncbi.nlm.nih.gov
2014-03-20 09:05:02,translate.google.fr
2014-03-20 09:05:03,translate.google.fr
2014-03-20 09:05:04,www.google.fr
2014-03-20 09:05:04,www.ncbi.nlm.nih.gov
2014-03-20 09:05:04,blast.ncbi.nlm.nih.gov
2014-03-20 09:05:05,blast.ncbi.nlm.nih.gov
2014-03-20 09:05:06,blast.ncbi.nlm.nih.gov
2014-03-20 09:05:07,blast.ncbi.nlm.nih.gov
2014-03-20 09:05:13,annotathon.org
2014-03-20 09:05:17,blast.ncbi.nlm.nih.gov
2014-03-20 09:05:25,blast.ncbi.nlm.nih.gov
2014-03-20 09:05:28,blast.ncbi.nlm.nih.gov
2014-03-20 09:05:30,www.ncbi.nlm.nih.gov
2014-03-20 09:05:31,blast.ncbi.nlm.nih.gov
2014-03-20 09:05:32,www.ncbi.nlm.nih.gov
2014-03-20 09:05:34,blast.ncbi.nlm.nih.gov
2014-03-20 09:05:35,www.ncbi.nlm.nih.gov
2014-03-20 09:05:36,blast.ncbi.nlm.nih.gov
2014-03-20 09:05:38,www.ncbi.nlm.nih.gov
2014-03-20 09:05:39,blast.ncbi.nlm.nih.gov
2014-03-20 09:05:41,www.ncbi.nlm.nih.gov
2014-03-20 09:05:43,annotathon.org
2014-03-20 09:05:46,blast.ncbi.nlm.nih.gov
2014-03-20 09:05:49,www.ncbi.nlm.nih.gov
2014-03-20 09:05:50,safebrowsing.clients.google.com
2014-03-20 09:05:50,safebrowsing-cache.google.com
2014-03-20 09:05:59,blast.ncbi.nlm.nih.gov
2014-03-20 09:06:01,www.ncbi.nlm.nih.gov
2014-03-20 09:06:13,annotathon.org
2014-03-20 09:06:17,blast.ncbi.nlm.nih.gov
2014-03-20 09:06:18,www.ncbi.nlm.nih.gov
2014-03-20 09:06:39,blast.ncbi.nlm.nih.gov
2014-03-20 09:06:40,blast.ncbi.nlm.nih.gov
2014-03-20 09:06:42,blast.ncbi.nlm.nih.gov
2014-03-20 09:06:42,www.ncbi.nlm.nih.gov
2014-03-20 09:06:43,annotathon.org
2014-03-20 09:06:43,blast.ncbi.nlm.nih.gov
2014-03-20 09:06:56,blast.ncbi.nlm.nih.gov
2014-03-20 09:06:58,blast.ncbi.nlm.nih.gov
2014-03-20 09:07:01,blast.ncbi.nlm.nih.gov
2014-03-20 09:07:02,blast.ncbi.nlm.nih.gov
2014-03-20 09:07:03,blast.ncbi.nlm.nih.gov
2014-03-20 09:07:13,annotathon.org
2014-03-20 09:07:43,annotathon.org
2014-03-20 09:07:46,www.google.com
2014-03-20 09:07:59,www.google.fr
2014-03-20 09:08:13,annotathon.org
2014-03-20 09:08:43,annotathon.org
2014-03-20 09:09:13,annotathon.org
2014-03-20 09:09:43,annotathon.org
2014-03-20 09:10:13,annotathon.org
2014-03-20 09:10:38,annotathon.org
2014-03-20 09:10:44,annotathon.org
2014-03-20 09:10:47,annotathon.org
2014-03-20 09:10:56,annotathon.org
2014-03-20 09:11:17,annotathon.org
2014-03-20 09:11:19,annotathon.org
2014-03-20 09:11:23,blast.ncbi.nlm.nih.gov
2014-03-20 09:11:24,blast.ncbi.nlm.nih.gov
2014-03-20 09:11:28,ocsp.usertrust.com
2014-03-20 09:11:28,ocsp.tcs.terena.org
2014-03-20 09:11:47,static.pubmed.gov
2014-03-20 09:11:47,www.ncbi.nlm.nih.gov
2014-03-20 09:11:48,www.ncbi.nlm.nih.gov
2014-03-20 09:11:49,annotathon.org
2014-03-20 09:11:54,www.google.fr
2014-03-20 09:11:55,www.ncbi.nlm.nih.gov
2014-03-20 09:12:00,annotathon.org
2014-03-20 09:12:30,annotathon.org
2014-03-20 09:12:35,annotathon.org
2014-03-20 09:13:05,annotathon.org
2014-03-20 09:13:35,annotathon.org
2014-03-20 09:13:42,annotathon.org
2014-03-20 09:13:43,annotathon.org
2014-03-20 09:13:56,www.ncbi.nlm.nih.gov
2014-03-20 09:14:13,annotathon.org
2014-03-20 09:14:43,annotathon.org
2014-03-20 09:14:50,www.google.fr
2014-03-20 09:15:04,www.google.fr
2014-03-20 09:15:04,www.ncbi.nlm.nih.gov
2014-03-20 09:15:04,blast.ncbi.nlm.nih.gov
2014-03-20 09:15:05,blast.ncbi.nlm.nih.gov
2014-03-20 09:15:06,blast.ncbi.nlm.nih.gov
2014-03-20 09:15:07,blast.ncbi.nlm.nih.gov
2014-03-20 09:15:08,blast.ncbi.nlm.nih.gov
2014-03-20 09:15:12,www.ncbi.nlm.nih.gov
2014-03-20 09:15:13,www.ncbi.nlm.nih.gov
2014-03-20 09:15:13,annotathon.org
2014-03-20 09:15:15,www.ncbi.nlm.nih.gov
2014-03-20 09:15:18,www.ncbi.nlm.nih.gov
2014-03-20 09:15:25,blast.ncbi.nlm.nih.gov
2014-03-20 09:15:27,blast.ncbi.nlm.nih.gov
2014-03-20 09:15:28,blast.ncbi.nlm.nih.gov
2014-03-20 09:15:34,blast.ncbi.nlm.nih.gov
2014-03-20 09:15:36,blast.ncbi.nlm.nih.gov
2014-03-20 09:15:38,blast.ncbi.nlm.nih.gov
2014-03-20 09:15:38,www.ncbi.nlm.nih.gov
2014-03-20 09:15:40,www.ncbi.nlm.nih.gov
2014-03-20 09:15:41,blast.ncbi.nlm.nih.gov
2014-03-20 09:15:42,www.ncbi.nlm.nih.gov
2014-03-20 09:15:43,annotathon.org
2014-03-20 09:15:43,blast.ncbi.nlm.nih.gov
2014-03-20 09:15:45,www.ncbi.nlm.nih.gov
2014-03-20 09:15:46,blast.ncbi.nlm.nih.gov
2014-03-20 09:15:48,www.ncbi.nlm.nih.gov
2014-03-20 09:15:53,blast.ncbi.nlm.nih.gov
2014-03-20 09:15:54,blast.ncbi.nlm.nih.gov
2014-03-20 09:15:55,blast.ncbi.nlm.nih.gov
2014-03-20 09:15:56,www.ncbi.nlm.nih.gov
2014-03-20 09:15:57,blast.ncbi.nlm.nih.gov
2014-03-20 09:16:13,annotathon.org
2014-03-20 09:16:43,annotathon.org
2014-03-20 09:17:13,annotathon.org
2014-03-20 09:17:43,annotathon.org
2014-03-20 09:17:51,blast.ncbi.nlm.nih.gov
2014-03-20 09:17:52,blast.ncbi.nlm.nih.gov
2014-03-20 09:17:53,blast.ncbi.nlm.nih.gov
2014-03-20 09:17:54,blast.ncbi.nlm.nih.gov
2014-03-20 09:17:55,blast.ncbi.nlm.nih.gov
2014-03-20 09:17:56,www.ncbi.nlm.nih.gov
2014-03-20 09:17:57,blast.ncbi.nlm.nih.gov
2014-03-20 09:17:58,www.google.com
2014-03-20 09:17:59,www.google.fr
2014-03-20 09:18:13,annotathon.org
2014-03-20 09:18:43,annotathon.org
2014-03-20 09:19:13,annotathon.org
2014-03-20 09:19:43,annotathon.org
2014-03-20 09:20:13,annotathon.org
2014-03-20 09:20:34,www.ncbi.nlm.nih.gov
2014-03-20 09:20:43,annotathon.org
2014-03-20 09:21:13,annotathon.org
2014-03-20 09:21:40,www.ncbi.nlm.nih.gov
2014-03-20 09:21:41,www.ncbi.nlm.nih.gov
2014-03-20 09:21:43,annotathon.org
2014-03-20 09:21:48,www.ncbi.nlm.nih.gov
2014-03-20 09:22:13,annotathon.org
2014-03-20 09:22:43,annotathon.org
2014-03-20 09:23:13,annotathon.org
2014-03-20 09:23:43,annotathon.org
2014-03-20 09:23:51,annotathon.org
2014-03-20 09:24:15,annotathon.org
2014-03-20 09:24:44,annotathon.org
2014-03-20 09:24:53,annotathon.org
2014-03-20 09:24:54,annotathon.org
2014-03-20 09:25:15,annotathon.org
2014-03-20 09:25:16,annotathon.org
2014-03-20 09:25:44,www.google.fr
2014-03-20 09:25:46,annotathon.org
2014-03-20 09:26:16,annotathon.org
2014-03-20 09:26:46,annotathon.org
2014-03-20 09:27:16,annotathon.org
2014-03-20 09:27:26,www.ncbi.nlm.nih.gov
2014-03-20 09:27:46,annotathon.org
2014-03-20 09:27:52,annotathon.org
2014-03-20 09:27:53,annotathon.org
2014-03-20 09:28:23,annotathon.org
2014-03-20 09:28:39,www.google.com
2014-03-20 09:28:40,www.google.fr
2014-03-20 09:28:53,annotathon.org
2014-03-20 09:29:23,annotathon.org
2014-03-20 09:29:53,annotathon.org
2014-03-20 09:30:00,annotathon.org
2014-03-20 09:30:30,annotathon.org
2014-03-20 09:31:00,annotathon.org
2014-03-20 09:31:12,blast.ncbi.nlm.nih.gov
2014-03-20 09:31:17,blast.ncbi.nlm.nih.gov
2014-03-20 09:31:18,blast.ncbi.nlm.nih.gov
2014-03-20 09:31:19,blast.ncbi.nlm.nih.gov
2014-03-20 09:31:30,annotathon.org
2014-03-20 09:31:37,blast.ncbi.nlm.nih.gov
2014-03-20 09:31:38,blast.ncbi.nlm.nih.gov
2014-03-20 09:31:46,www.google.fr
2014-03-20 09:31:47,www.ncbi.nlm.nih.gov
2014-03-20 09:32:00,annotathon.org
2014-03-20 09:32:02,annotathon.org
2014-03-20 09:32:03,annotathon.org
2014-03-20 09:32:06,annotathon.org
2014-03-20 09:32:07,annotathon.org
2014-03-20 09:32:17,www.ncbi.nlm.nih.gov
2014-03-20 09:32:26,blast.ncbi.nlm.nih.gov
2014-03-20 09:32:26,www.google.fr
2014-03-20 09:32:26,www.ncbi.nlm.nih.gov
2014-03-20 09:32:27,blast.ncbi.nlm.nih.gov
2014-03-20 09:32:28,blast.ncbi.nlm.nih.gov
2014-03-20 09:32:29,blast.ncbi.nlm.nih.gov
2014-03-20 09:32:30,blast.ncbi.nlm.nih.gov
2014-03-20 09:32:32,www.ncbi.nlm.nih.gov
2014-03-20 09:32:33,www.ncbi.nlm.nih.gov
2014-03-20 09:32:34,www.ncbi.nlm.nih.gov
2014-03-20 09:32:36,www.ncbi.nlm.nih.gov
2014-03-20 09:32:37,annotathon.org
2014-03-20 09:32:49,blast.ncbi.nlm.nih.gov
2014-03-20 09:32:50,www.ncbi.nlm.nih.gov
2014-03-20 09:32:51,blast.ncbi.nlm.nih.gov
2014-03-20 09:32:51,www.ncbi.nlm.nih.gov
2014-03-20 09:32:54,blast.ncbi.nlm.nih.gov
2014-03-20 09:32:56,blast.ncbi.nlm.nih.gov
2014-03-20 09:33:01,www.ncbi.nlm.nih.gov
2014-03-20 09:33:02,www.ncbi.nlm.nih.gov
2014-03-20 09:33:04,www.ncbi.nlm.nih.gov
2014-03-20 09:33:07,annotathon.org
2014-03-20 09:33:08,blast.ncbi.nlm.nih.gov
2014-03-20 09:33:09,blast.ncbi.nlm.nih.gov
2014-03-20 09:33:17,blast.ncbi.nlm.nih.gov
2014-03-20 09:33:19,blast.ncbi.nlm.nih.gov
2014-03-20 09:33:21,www.ncbi.nlm.nih.gov
2014-03-20 09:33:21,blast.ncbi.nlm.nih.gov
2014-03-20 09:33:23,www.ncbi.nlm.nih.gov
2014-03-20 09:33:24,blast.ncbi.nlm.nih.gov
2014-03-20 09:33:25,www.ncbi.nlm.nih.gov
2014-03-20 09:33:26,www.ncbi.nlm.nih.gov
2014-03-20 09:33:27,blast.ncbi.nlm.nih.gov
2014-03-20 09:33:27,www.ncbi.nlm.nih.gov
2014-03-20 09:33:30,blast.ncbi.nlm.nih.gov
2014-03-20 09:33:30,www.ncbi.nlm.nih.gov
2014-03-20 09:33:31,www.ncbi.nlm.nih.gov
2014-03-20 09:33:37,annotathon.org
2014-03-20 09:33:38,blast.ncbi.nlm.nih.gov
2014-03-20 09:33:39,blast.ncbi.nlm.nih.gov
2014-03-20 09:33:41,www.ncbi.nlm.nih.gov
2014-03-20 09:33:41,blast.ncbi.nlm.nih.gov
2014-03-20 09:33:46,blast.ncbi.nlm.nih.gov
2014-03-20 09:33:47,blast.ncbi.nlm.nih.gov
2014-03-20 09:33:49,blast.ncbi.nlm.nih.gov
2014-03-20 09:33:50,blast.ncbi.nlm.nih.gov
2014-03-20 09:34:07,annotathon.org
2014-03-20 09:34:37,annotathon.org
2014-03-20 09:35:07,annotathon.org
2014-03-20 09:35:37,annotathon.org
2014-03-20 09:35:40,annotathon.org
2014-03-20 09:35:41,annotathon.org
2014-03-20 09:35:49,www.google.fr
2014-03-20 09:35:49,www.ncbi.nlm.nih.gov
2014-03-20 09:35:50,blast.ncbi.nlm.nih.gov
2014-03-20 09:35:59,www.google.fr
2014-03-20 09:36:00,www.ncbi.nlm.nih.gov
2014-03-20 09:36:02,www.ncbi.nlm.nih.gov
2014-03-20 09:36:03,www.ncbi.nlm.nih.gov
2014-03-20 09:36:04,www.ncbi.nlm.nih.gov
2014-03-20 09:36:07,www.ncbi.nlm.nih.gov
2014-03-20 09:36:09,www.ncbi.nlm.nih.gov
2014-03-20 09:36:10,www.ncbi.nlm.nih.gov
2014-03-20 09:36:11,annotathon.org
2014-03-20 09:36:12,www.ncbi.nlm.nih.gov
2014-03-20 09:36:15,www.ncbi.nlm.nih.gov
2014-03-20 09:36:18,www.ncbi.nlm.nih.gov
2014-03-20 09:36:24,blast.ncbi.nlm.nih.gov
2014-03-20 09:36:25,blast.ncbi.nlm.nih.gov
2014-03-20 09:36:30,blast.ncbi.nlm.nih.gov
2014-03-20 09:36:32,blast.ncbi.nlm.nih.gov
2014-03-20 09:36:34,blast.ncbi.nlm.nih.gov
2014-03-20 09:36:37,blast.ncbi.nlm.nih.gov
2014-03-20 09:36:39,blast.ncbi.nlm.nih.gov
2014-03-20 09:36:41,annotathon.org
2014-03-20 09:36:42,blast.ncbi.nlm.nih.gov
2014-03-20 09:36:49,blast.ncbi.nlm.nih.gov
2014-03-20 09:36:50,blast.ncbi.nlm.nih.gov
2014-03-20 09:36:51,blast.ncbi.nlm.nih.gov
2014-03-20 09:37:01,blast.ncbi.nlm.nih.gov
2014-03-20 09:37:02,blast.ncbi.nlm.nih.gov
2014-03-20 09:37:03,blast.ncbi.nlm.nih.gov
2014-03-20 09:37:04,blast.ncbi.nlm.nih.gov
2014-03-20 09:37:08,blast.ncbi.nlm.nih.gov
2014-03-20 09:37:11,annotathon.org
2014-03-20 09:37:16,blast.ncbi.nlm.nih.gov
2014-03-20 09:37:17,blast.ncbi.nlm.nih.gov
2014-03-20 09:37:18,blast.ncbi.nlm.nih.gov
2014-03-20 09:37:19,blast.ncbi.nlm.nih.gov
2014-03-20 09:37:38,safebrowsing.clients.google.com
2014-03-20 09:37:38,safebrowsing-cache.google.com
2014-03-20 09:37:41,annotathon.org
2014-03-20 09:38:11,annotathon.org
2014-03-20 09:38:41,annotathon.org
2014-03-20 09:38:43,annotathon.org
2014-03-20 09:38:48,annotathon.org
2014-03-20 09:38:50,annotathon.org
2014-03-20 09:38:55,annotathon.org
2014-03-20 09:38:55,www.google.com
2014-03-20 09:38:56,annotathon.org
2014-03-20 09:38:56,www.google.fr
2014-03-20 09:38:57,annotathon.org
2014-03-20 09:39:27,annotathon.org
2014-03-20 09:39:44,www.google.fr
2014-03-20 09:39:45,www.ncbi.nlm.nih.gov
2014-03-20 09:39:45,blast.ncbi.nlm.nih.gov
2014-03-20 09:39:46,blast.ncbi.nlm.nih.gov
2014-03-20 09:39:50,blast.ncbi.nlm.nih.gov
2014-03-20 09:39:57,annotathon.org
2014-03-20 09:39:58,blast.ncbi.nlm.nih.gov
2014-03-20 09:39:59,blast.ncbi.nlm.nih.gov
2014-03-20 09:40:00,blast.ncbi.nlm.nih.gov
2014-03-20 09:40:02,blast.ncbi.nlm.nih.gov
2014-03-20 09:40:15,blast.ncbi.nlm.nih.gov
2014-03-20 09:40:16,blast.ncbi.nlm.nih.gov
2014-03-20 09:40:18,blast.ncbi.nlm.nih.gov
2014-03-20 09:40:27,annotathon.org
2014-03-20 09:40:32,blast.ncbi.nlm.nih.gov
2014-03-20 09:40:33,blast.ncbi.nlm.nih.gov
2014-03-20 09:40:36,blast.ncbi.nlm.nih.gov
2014-03-20 09:40:39,blast.ncbi.nlm.nih.gov
2014-03-20 09:40:40,blast.ncbi.nlm.nih.gov
2014-03-20 09:40:41,blast.ncbi.nlm.nih.gov
2014-03-20 09:40:43,blast.ncbi.nlm.nih.gov
2014-03-20 09:40:44,blast.ncbi.nlm.nih.gov
2014-03-20 09:40:46,blast.ncbi.nlm.nih.gov
2014-03-20 09:40:49,blast.ncbi.nlm.nih.gov
2014-03-20 09:40:51,blast.ncbi.nlm.nih.gov
2014-03-20 09:40:52,blast.ncbi.nlm.nih.gov
2014-03-20 09:40:57,annotathon.org
2014-03-20 09:40:59,blast.ncbi.nlm.nih.gov
2014-03-20 09:41:00,blast.ncbi.nlm.nih.gov
2014-03-20 09:41:01,blast.ncbi.nlm.nih.gov
2014-03-20 09:41:02,www.ncbi.nlm.nih.gov
2014-03-20 09:41:05,www.ncbi.nlm.nih.gov
2014-03-20 09:41:05,blast.ncbi.nlm.nih.gov
2014-03-20 09:41:11,blast.ncbi.nlm.nih.gov
2014-03-20 09:41:23,blast.ncbi.nlm.nih.gov
2014-03-20 09:41:25,blast.ncbi.nlm.nih.gov
2014-03-20 09:41:27,annotathon.org
2014-03-20 09:41:28,blast.ncbi.nlm.nih.gov
2014-03-20 09:41:29,blast.ncbi.nlm.nih.gov
2014-03-20 09:41:30,blast.ncbi.nlm.nih.gov
2014-03-20 09:41:40,blast.ncbi.nlm.nih.gov
2014-03-20 09:41:41,blast.ncbi.nlm.nih.gov
2014-03-20 09:41:41,www.ncbi.nlm.nih.gov
2014-03-20 09:41:42,www.ncbi.nlm.nih.gov
2014-03-20 09:41:43,www.ncbi.nlm.nih.gov
2014-03-20 09:41:44,www.ncbi.nlm.nih.gov
2014-03-20 09:41:45,www.ncbi.nlm.nih.gov
2014-03-20 09:41:46,www.ncbi.nlm.nih.gov
2014-03-20 09:41:57,annotathon.org
2014-03-20 09:42:27,annotathon.org
2014-03-20 09:42:49,www.ncbi.nlm.nih.gov
2014-03-20 09:42:52,www.ncbi.nlm.nih.gov
2014-03-20 09:42:57,annotathon.org
2014-03-20 09:42:57,www.ncbi.nlm.nih.gov
2014-03-20 09:42:59,www.ncbi.nlm.nih.gov
2014-03-20 09:43:03,www.ncbi.nlm.nih.gov
2014-03-20 09:43:12,blast.ncbi.nlm.nih.gov
2014-03-20 09:43:23,blast.ncbi.nlm.nih.gov
2014-03-20 09:43:27,annotathon.org
2014-03-20 09:43:31,blast.ncbi.nlm.nih.gov
2014-03-20 09:43:32,blast.ncbi.nlm.nih.gov
2014-03-20 09:43:43,blast.ncbi.nlm.nih.gov
2014-03-20 09:43:44,blast.ncbi.nlm.nih.gov
2014-03-20 09:43:46,blast.ncbi.nlm.nih.gov
2014-03-20 09:43:46,www.ncbi.nlm.nih.gov
2014-03-20 09:43:47,blast.ncbi.nlm.nih.gov
2014-03-20 09:43:49,blast.ncbi.nlm.nih.gov
2014-03-20 09:43:49,www.ncbi.nlm.nih.gov
2014-03-20 09:43:51,blast.ncbi.nlm.nih.gov
2014-03-20 09:43:52,blast.ncbi.nlm.nih.gov
2014-03-20 09:43:52,www.ncbi.nlm.nih.gov
2014-03-20 09:43:53,www.ncbi.nlm.nih.gov
2014-03-20 09:43:53,blast.ncbi.nlm.nih.gov
2014-03-20 09:43:55,www.ncbi.nlm.nih.gov
2014-03-20 09:43:55,blast.ncbi.nlm.nih.gov
2014-03-20 09:43:56,blast.ncbi.nlm.nih.gov
2014-03-20 09:43:57,annotathon.org
2014-03-20 09:43:57,www.ncbi.nlm.nih.gov
2014-03-20 09:43:59,blast.ncbi.nlm.nih.gov
2014-03-20 09:43:59,www.ncbi.nlm.nih.gov
2014-03-20 09:44:01,blast.ncbi.nlm.nih.gov
2014-03-20 09:44:02,blast.ncbi.nlm.nih.gov
2014-03-20 09:44:03,www.ncbi.nlm.nih.gov
2014-03-20 09:44:03,blast.ncbi.nlm.nih.gov
2014-03-20 09:44:05,www.ncbi.nlm.nih.gov
2014-03-20 09:44:09,blast.ncbi.nlm.nih.gov
2014-03-20 09:44:10,blast.ncbi.nlm.nih.gov
2014-03-20 09:44:11,www.ncbi.nlm.nih.gov
2014-03-20 09:44:12,blast.ncbi.nlm.nih.gov
2014-03-20 09:44:16,blast.ncbi.nlm.nih.gov
2014-03-20 09:44:17,blast.ncbi.nlm.nih.gov
2014-03-20 09:44:18,www.ncbi.nlm.nih.gov
2014-03-20 09:44:19,blast.ncbi.nlm.nih.gov
2014-03-20 09:44:20,blast.ncbi.nlm.nih.gov
2014-03-20 09:44:28,annotathon.org
2014-03-20 09:44:45,blast.ncbi.nlm.nih.gov
2014-03-20 09:44:47,blast.ncbi.nlm.nih.gov
2014-03-20 09:44:48,www.ncbi.nlm.nih.gov
2014-03-20 09:44:48,blast.ncbi.nlm.nih.gov
2014-03-20 09:44:49,blast.ncbi.nlm.nih.gov
2014-03-20 09:44:50,blast.ncbi.nlm.nih.gov
2014-03-20 09:44:52,blast.ncbi.nlm.nih.gov
2014-03-20 09:44:53,blast.ncbi.nlm.nih.gov
2014-03-20 09:44:57,annotathon.org
2014-03-20 09:44:58,blast.ncbi.nlm.nih.gov
2014-03-20 09:44:59,blast.ncbi.nlm.nih.gov
2014-03-20 09:45:27,annotathon.org
2014-03-20 09:45:32,blast.ncbi.nlm.nih.gov
2014-03-20 09:45:57,annotathon.org
2014-03-20 09:46:15,www.google.com
2014-03-20 09:46:16,www.google.fr
2014-03-20 09:46:27,annotathon.org
2014-03-20 09:46:57,annotathon.org
2014-03-20 09:47:27,annotathon.org
2014-03-20 09:47:57,annotathon.org
2014-03-20 09:48:10,www.ncbi.nlm.nih.gov
2014-03-20 09:48:27,annotathon.org
2014-03-20 09:48:42,www.ncbi.nlm.nih.gov
2014-03-20 09:48:48,www.ncbi.nlm.nih.gov
2014-03-20 09:48:49,www.ncbi.nlm.nih.gov
2014-03-20 09:48:50,www.ncbi.nlm.nih.gov
2014-03-20 09:48:51,www.ncbi.nlm.nih.gov
2014-03-20 09:48:58,annotathon.org
2014-03-20 09:49:28,annotathon.org
2014-03-20 09:49:46,www.google.com
2014-03-20 09:49:53,meta.wikimedia.org
2014-03-20 09:49:53,login.wikimedia.org
2014-03-20 09:49:53,bits.wikimedia.org
2014-03-20 09:49:53,fr.wikipedia.org
2014-03-20 09:49:53,www.google.fr
2014-03-20 09:49:54,fr.wikipedia.org
2014-03-20 09:49:54,meta.wikimedia.org
2014-03-20 09:49:58,annotathon.org
2014-03-20 09:50:18,www.ncbi.nlm.nih.gov
2014-03-20 09:50:19,www.ncbi.nlm.nih.gov
2014-03-20 09:50:28,annotathon.org
2014-03-20 09:50:36,bits.wikimedia.org
2014-03-20 09:50:36,fr.wikipedia.org
2014-03-20 09:50:37,meta.wikimedia.org
2014-03-20 09:50:37,bits.wikimedia.org
2014-03-20 09:50:37,fr.wikipedia.org
2014-03-20 09:50:58,annotathon.org
2014-03-20 09:51:23,www.ncbi.nlm.nih.gov
2014-03-20 09:51:28,annotathon.org
2014-03-20 09:51:58,annotathon.org
2014-03-20 09:52:22,www.ncbi.nlm.nih.gov
2014-03-20 09:52:28,annotathon.org
2014-03-20 09:52:43,annotathon.org
2014-03-20 09:52:47,www.google.com
2014-03-20 09:52:49,www.google.fr
2014-03-20 09:53:11,annotathon.org
2014-03-20 09:53:34,annotathon.org
2014-03-20 09:54:04,annotathon.org
2014-03-20 09:54:34,annotathon.org
2014-03-20 09:55:04,annotathon.org
2014-03-20 09:55:10,annotathon.org
2014-03-20 09:55:12,annotathon.org
2014-03-20 09:55:28,annotathon.org
2014-03-20 09:55:58,annotathon.org
2014-03-20 09:56:14,annotathon.org
2014-03-20 09:56:38,annotathon.org
2014-03-20 09:56:40,blast.ncbi.nlm.nih.gov
2014-03-20 09:56:41,blast.ncbi.nlm.nih.gov
