timestamp,site
2013-02-12 09:08:26,armmf.adobe.com
2013-02-12 09:08:28,armmf.adobe.com
2013-02-12 09:10:04,www.squid-cache.org
2013-02-12 09:10:57,www.google.fr
2013-02-12 09:11:06,www.google.com
2013-02-12 09:11:11,www.google.com
2013-02-12 09:11:11,www.google.fr
2013-02-12 09:11:59,accounts.google.com
2013-02-12 09:11:59,www.gmail.com
2013-02-12 09:11:59,mail.google.com
2013-02-12 09:12:02,mail.google.com
2013-02-12 09:12:02,accounts.youtube.com
2013-02-12 09:12:11,accounts.google.fr
2013-02-12 09:12:16,accounts.google.com
2013-02-12 09:12:16,accounts.youtube.com
2013-02-12 09:12:16,accounts.google.fr
2013-02-12 09:12:18,mail.google.com
2013-02-12 09:12:18,apis.google.com
2013-02-12 09:12:19,apis.google.com
2013-02-12 09:12:19,clients2.google.com
2013-02-12 09:12:19,www.google.com
2013-02-12 09:12:20,plus.google.com
2013-02-12 09:12:20,www.google.com
2013-02-12 09:12:20,apis.google.com
2013-02-12 09:12:20,clients2.google.com
2013-02-12 09:12:20,mail.google.com
2013-02-12 09:12:21,plus.google.com
2013-02-12 09:12:21,mail.google.com
2013-02-12 09:12:21,apis.google.com
2013-02-12 09:12:21,accounts.google.com
2013-02-12 09:12:24,chatenabled.mail.google.com
2013-02-12 09:12:24,mail.google.com
2013-02-12 09:12:24,apis.google.com
2013-02-12 09:12:25,mail.google.com
2013-02-12 09:12:25,b.mail.google.com
2013-02-12 09:12:34,plus.google.com
2013-02-12 09:12:43,docs.google.com
2013-02-12 09:12:43,plus.google.com
2013-02-12 09:12:43,mail.google.com
2013-02-12 09:12:43,chatenabled.mail.google.com
2013-02-12 09:12:44,plus.google.com
2013-02-12 09:12:44,mail.google.com
2013-02-12 09:12:44,docs.google.com
2013-02-12 09:12:48,docs.google.com
2013-02-12 09:12:49,docs.google.com
2013-02-12 09:12:52,docs.google.com
2013-02-12 09:12:52,www.google.com
2013-02-12 09:12:55,www.google.com
2013-02-12 09:13:58,docs.google.com
2013-02-12 09:15:56,docs.google.com
2013-02-12 09:15:59,plus.google.com
2013-02-12 09:16:04,docs.google.com
2013-02-12 09:19:20,apis.google.com
2013-02-12 09:19:51,mail.google.com
2013-02-12 09:19:51,0.gravatar.com
2013-02-12 09:22:25,mail.google.com
2013-02-12 09:22:30,mail.google.com
2013-02-12 09:22:36,plus.google.com
2013-02-12 09:22:39,plus.google.com
2013-02-12 09:23:43,b.mail.google.com
2013-02-12 09:24:01,mail.google.com
2013-02-12 09:24:46,apis.google.com
2013-02-12 09:25:00,1.gravatar.com
2013-02-12 09:25:00,mail.google.com
2013-02-12 09:25:01,1.gravatar.com
2013-02-12 09:25:24,1.gravatar.com
2013-02-12 09:25:24,mail.google.com
2013-02-12 09:26:00,1.gravatar.com
2013-02-12 09:26:16,apis.google.com
2013-02-12 09:26:17,drive.google.com
2013-02-12 09:26:18,drive.google.com
2013-02-12 09:26:19,drive.google.com
2013-02-12 09:26:19,0.drive.google.com
2013-02-12 09:26:20,drive.google.com
2013-02-12 09:26:21,0.drive.google.com
2013-02-12 09:26:21,apis.google.com
2013-02-12 09:26:21,drive.google.com
2013-02-12 09:26:22,www.google.com
2013-02-12 09:26:22,apis.google.com
2013-02-12 09:26:23,apis.google.com
2013-02-12 09:26:23,www.google.com
2013-02-12 09:26:24,mail.google.com
2013-02-12 09:26:24,drive.google.com
2013-02-12 09:26:24,1.gravatar.com
2013-02-12 09:26:25,apis.google.com
2013-02-12 09:26:25,docs.google.com
2013-02-12 09:26:26,docs.google.com
2013-02-12 09:26:27,docs.google.com
2013-02-12 09:26:28,drive.google.com
2013-02-12 09:26:28,docs.google.com
2013-02-12 09:26:29,drive.google.com
2013-02-12 09:26:29,plus.google.com
2013-02-12 09:26:37,plus.google.com
2013-02-12 09:26:38,www.google.com
2013-02-12 09:26:39,drive.google.com
2013-02-12 09:26:40,drive.google.com
2013-02-12 09:26:40,1.drive.google.com
2013-02-12 09:26:40,www.google.com
2013-02-12 09:26:43,drive.google.com
2013-02-12 09:26:45,plus.google.com
2013-02-12 09:26:47,docs.google.com
2013-02-12 09:26:57,plus.google.com
2013-02-12 09:27:34,mail.google.com
2013-02-12 09:27:39,drive.google.com
2013-02-12 09:27:39,gg.google.com
2013-02-12 09:27:40,0.drive.google.com
2013-02-12 09:27:40,drive.google.com
2013-02-12 09:27:40,mail.google.com
2013-02-12 09:27:40,1.gravatar.com
2013-02-12 09:28:04,1.gravatar.com
2013-02-12 09:28:23,mail.google.com
2013-02-12 09:28:23,1.gravatar.com
2013-02-12 09:28:43,1.gravatar.com
2013-02-12 09:28:51,1.gravatar.com
2013-02-12 09:28:51,mail.google.com
2013-02-12 09:29:49,1.gravatar.com
2013-02-12 09:29:49,mail.google.com
2013-02-12 09:30:17,1.gravatar.com
2013-02-12 09:30:37,1.gravatar.com
2013-02-12 09:30:40,1.gravatar.com
2013-02-12 09:30:44,mail.google.com
2013-02-12 09:31:05,apis.google.com
2013-02-12 09:31:06,mail.google.com
2013-02-12 09:31:06,docs.google.com
2013-02-12 09:31:13,mail.google.com
2013-02-12 09:31:13,docs.google.com
2013-02-12 09:31:13,plus.google.com
2013-02-12 09:31:17,docs.google.com
2013-02-12 09:31:20,docs.google.com
2013-02-12 09:31:39,gg.google.com
2013-02-12 09:31:40,plus.google.com
2013-02-12 09:31:46,mail.google.com
2013-02-12 09:31:52,plus.google.com
2013-02-12 09:31:52,mail.google.com
2013-02-12 09:31:52,1.gravatar.com
2013-02-12 09:32:19,1.gravatar.com
2013-02-12 09:32:23,www.google.com
2013-02-12 09:32:33,docs.google.com
2013-02-12 09:33:55,1.gravatar.com
2013-02-12 09:34:11,1.gravatar.com
2013-02-12 09:34:32,1.gravatar.com
2013-02-12 09:34:32,mail.google.com
2013-02-12 09:34:45,1.gravatar.com
2013-02-12 09:34:53,1.gravatar.com
2013-02-12 09:35:12,1.gravatar.com
2013-02-12 09:35:20,1.gravatar.com
2013-02-12 09:35:39,1.gravatar.com
2013-02-12 09:35:39,mail.google.com
2013-02-12 09:35:47,1.gravatar.com
2013-02-12 09:36:31,mail.google.com
2013-02-12 09:36:38,1.gravatar.com
2013-02-12 09:36:54,1.gravatar.com
2013-02-12 09:37:04,1.gravatar.com
2013-02-12 09:37:12,1.drive.google.com
2013-02-12 09:37:21,1.gravatar.com
2013-02-12 09:38:17,mail.google.com
2013-02-12 09:38:17,1.gravatar.com
2013-02-12 09:38:22,b.mail.google.com
2013-02-12 09:38:37,1.gravatar.com
2013-02-12 09:39:05,1.gravatar.com
2013-02-12 09:39:22,1.gravatar.com
2013-02-12 09:39:43,1.gravatar.com
2013-02-12 09:39:54,1.gravatar.com
2013-02-12 09:40:11,1.gravatar.com
2013-02-12 09:40:13,1.gravatar.com
2013-02-12 09:40:33,1.gravatar.com
2013-02-12 09:40:51,1.gravatar.com
2013-02-12 09:41:00,1.gravatar.com
2013-02-12 09:41:53,1.gravatar.com
2013-02-12 09:42:09,1.gravatar.com
2013-02-12 09:42:24,1.gravatar.com
2013-02-12 09:42:24,mail.google.com
2013-02-12 09:42:38,1.gravatar.com
2013-02-12 09:42:59,1.gravatar.com
2013-02-12 09:43:13,1.gravatar.com
2013-02-12 09:43:14,plus.google.com
2013-02-12 09:43:41,1.gravatar.com
2013-02-12 09:44:23,1.gravatar.com
2013-02-12 09:44:34,1.gravatar.com
2013-02-12 09:45:16,1.gravatar.com
2013-02-12 09:45:45,1.gravatar.com
2013-02-12 09:45:55,1.gravatar.com
2013-02-12 09:46:16,1.gravatar.com
2013-02-12 09:47:04,plus.google.com
2013-02-12 09:47:04,1.drive.google.com
2013-02-12 09:47:06,1.gravatar.com
2013-02-12 09:47:06,mail.google.com
2013-02-12 09:47:24,1.gravatar.com
2013-02-12 09:47:52,1.gravatar.com
2013-02-12 09:48:06,1.gravatar.com
2013-02-12 09:48:33,1.gravatar.com
2013-02-12 09:48:47,b.mail.google.com
2013-02-12 09:48:47,1.gravatar.com
2013-02-12 09:48:57,1.gravatar.com
2013-02-12 09:49:10,1.gravatar.com
2013-02-12 09:49:29,1.gravatar.com
2013-02-12 09:49:41,1.gravatar.com
2013-02-12 09:49:59,1.gravatar.com
2013-02-12 09:50:11,1.gravatar.com
2013-02-12 09:50:45,1.gravatar.com
2013-02-12 09:50:56,1.gravatar.com
2013-02-12 09:51:08,1.gravatar.com
2013-02-12 09:51:58,1.gravatar.com
2013-02-12 09:52:20,1.gravatar.com
2013-02-12 09:53:13,1.gravatar.com
2013-02-12 09:53:27,1.gravatar.com
2013-02-12 09:53:39,1.gravatar.com
2013-02-12 09:55:21,mail.google.com
2013-02-12 09:56:30,1.gravatar.com
2013-02-12 09:58:41,www.google.fr
2013-02-12 09:58:46,www.google.fr
2013-02-12 09:58:47,apis.google.com
2013-02-12 09:58:47,www.google.fr
2013-02-12 09:58:47,plus.google.com
2013-02-12 09:58:52,plus.google.com
2013-02-12 09:58:52,apis.google.com
2013-02-12 09:59:01,www.google.fr
2013-02-12 09:59:02,wpchannel.com
2013-02-12 09:59:02,s0.wp.com
2013-02-12 09:59:03,html5shiv.googlecode.com
2013-02-12 09:59:03,wpchannel.com
2013-02-12 09:59:03,www.youtube.com
2013-02-12 09:59:03,platform.twitter.com
2013-02-12 09:59:04,jetpack.wordpress.com
2013-02-12 09:59:04,apis.google.com
2013-02-12 09:59:04,wpchannel.com
2013-02-12 09:59:04,s.ytimg.com
2013-02-12 09:59:05,i1.ytimg.com
2013-02-12 09:59:05,fpdownload2.macromedia.com
2013-02-12 09:59:05,s2.wp.com
2013-02-12 09:59:05,0.gravatar.com
2013-02-12 09:59:05,apis.google.com
2013-02-12 09:59:05,twitter.com
2013-02-12 09:59:05,s1.wp.com
2013-02-12 09:59:05,s.ytimg.com
2013-02-12 09:59:07,apis.google.com
2013-02-12 09:59:07,twitter.com
2013-02-12 09:59:07,s0.wp.com
2013-02-12 09:59:07,public-api.wordpress.com
2013-02-12 09:59:07,accounts.google.com
2013-02-12 09:59:07,i1.ytimg.com
2013-02-12 09:59:07,1.gravatar.com
2013-02-12 09:59:07,s2.wp.com
2013-02-12 09:59:08,0.gravatar.com
2013-02-12 09:59:08,apis.google.com
2013-02-12 09:59:08,s0.wp.com
2013-02-12 09:59:09,accounts.google.com
2013-02-12 09:59:09,apis.google.com
2013-02-12 09:59:09,s2.wp.com
2013-02-12 09:59:10,accounts.google.com
2013-02-12 09:59:10,s0.wp.com
2013-02-12 09:59:27,wpchannel.com
2013-02-12 09:59:27,1.gravatar.com
2013-02-12 09:59:28,wpmx.org
2013-02-12 10:00:06,www.squid-cache.org
2013-02-12 10:00:06,www.facebook.com
2013-02-12 10:00:14,wpchannel.com
2013-02-12 10:00:18,wpchannel.com
2013-02-12 10:00:21,1.gravatar.com
2013-02-12 10:00:23,1.gravatar.com
2013-02-12 10:00:40,www.google.fr
2013-02-12 10:00:41,s.wordpress.com
2013-02-12 10:00:41,s0.wp.com
2013-02-12 10:00:41,fr.forums.wordpress.com
2013-02-12 10:00:41,en.support.wordpress.com
2013-02-12 10:00:42,wordpress.com
2013-02-12 10:00:42,s.wordpress.com
2013-02-12 10:00:42,www.gravatar.com
2013-02-12 10:00:42,fr.forums.wordpress.com
2013-02-12 10:00:43,wordpress.com
2013-02-12 10:01:03,www.google.fr
2013-02-12 10:01:07,ajax.googleapis.com
2013-02-12 10:01:07,www.gregoirenoyelle.com
2013-02-12 10:01:08,www.gregoirenoyelle.com
2013-02-12 10:01:08,connect.facebook.net
2013-02-12 10:01:08,platform.twitter.com
2013-02-12 10:01:08,1.gravatar.com
2013-02-12 10:01:08,0.gravatar.com
2013-02-12 10:01:09,s-static.ak.facebook.com
2013-02-12 10:01:09,www.facebook.com
2013-02-12 10:01:09,www.gregoirenoyelle.com
2013-02-12 10:01:09,platform.twitter.com
2013-02-12 10:01:09,apis.google.com
2013-02-12 10:01:10,twitter.com
2013-02-12 10:01:10,accounts.google.com
2013-02-12 10:01:10,apis.google.com
2013-02-12 10:01:11,accounts.google.com
2013-02-12 10:01:11,twitter.com
2013-02-12 10:01:11,platform.twitter.com
2013-02-12 10:01:12,platform.twitter.com
2013-02-12 10:01:12,b.mail.google.com
2013-02-12 10:01:38,s1.wp.com
2013-02-12 10:01:38,insoutenablelegerete.wordpress.com
2013-02-12 10:01:38,img.hellocoton.fr
2013-02-12 10:01:38,s0.wp.com
2013-02-12 10:01:38,i0.poll.fm
2013-02-12 10:01:39,www.netvibes.com
2013-02-12 10:01:39,2.gravatar.com
2013-02-12 10:01:39,polldaddy.com
2013-02-12 10:01:40,1.gravatar.com
2013-02-12 10:01:40,2.gravatar.com
2013-02-12 10:01:40,0.gravatar.com
2013-02-12 10:01:41,www.wikio.fr
2013-02-12 10:01:41,s2.wp.com
2013-02-12 10:01:41,platform.twitter.com
2013-02-12 10:01:41,s0.wp.com
2013-02-12 10:01:42,platform.twitter.com
2013-02-12 10:02:12,www.squid-cache.org
2013-02-12 10:02:12,static.ak.facebook.com
2013-02-12 10:02:12,www.facebook.com
2013-02-12 10:02:13,www.gregoirenoyelle.com
2013-02-12 10:02:38,badge.facebook.com
2013-02-12 10:02:43,platform.twitter.com
2013-02-12 10:02:52,www.google.fr
2013-02-12 10:02:52,apis.google.com
2013-02-12 10:03:21,www.google.fr
2013-02-12 10:04:14,www.wordpress-fr.net
2013-02-12 10:04:14,www.google.fr
2013-02-12 10:04:15,www.wordpress-fr.net
2013-02-12 10:05:02,www.hostingpics.net
2013-02-12 10:05:02,hpics.li
2013-02-12 10:05:03,w1hqc4h5xs.s.ad6media.fr
2013-02-12 10:05:03,www.hostingpics.net
2013-02-12 10:05:03,ajax.googleapis.com
2013-02-12 10:05:03,tracking.veoxa.com
2013-02-12 10:05:04,www.hostingpics.net
2013-02-12 10:05:11,img4.hostingpics.net
2013-02-12 10:05:11,www.hostingpics.net
2013-02-12 10:05:42,www.google.fr
2013-02-12 10:05:46,mail.google.com
2013-02-12 10:05:46,plus.google.com
2013-02-12 10:05:46,1.gravatar.com
2013-02-12 10:06:00,1.gravatar.com
2013-02-12 10:06:36,1.gravatar.com
2013-02-12 10:06:45,1.gravatar.com
2013-02-12 10:06:55,1.gravatar.com
2013-02-12 10:07:17,1.gravatar.com
2013-02-12 10:09:07,1.drive.google.com
2013-02-12 10:09:36,1.gravatar.com
2013-02-12 10:09:47,1.gravatar.com
2013-02-12 10:09:51,mail.google.com
2013-02-12 10:09:51,1.gravatar.com
2013-02-12 10:10:31,1.gravatar.com
2013-02-12 10:10:54,plus.google.com
2013-02-12 10:13:14,mail.google.com
2013-02-12 10:13:27,1.gravatar.com
2013-02-12 10:13:41,1.gravatar.com
2013-02-12 10:13:53,1.gravatar.com
2013-02-12 10:14:02,1.gravatar.com
2013-02-12 10:14:50,1.gravatar.com
2013-02-12 10:14:59,1.gravatar.com
2013-02-12 10:15:05,1.gravatar.com
2013-02-12 10:15:24,1.gravatar.com
2013-02-12 10:15:30,1.gravatar.com
2013-02-12 10:15:31,1.gravatar.com
2013-02-12 10:15:56,1.gravatar.com
2013-02-12 10:17:05,mail.google.com
2013-02-12 10:17:17,www.google.fr
2013-02-12 10:17:22,translate.google.fr
2013-02-12 10:17:22,www.google.com
2013-02-12 10:17:22,www.google.fr
2013-02-12 10:17:24,translate.google.fr
2013-02-12 10:17:25,translate.google.fr
2013-02-12 10:17:29,translate.google.fr
2013-02-12 10:17:29,www.google.com
2013-02-12 10:17:30,inputtools.google.com
2013-02-12 10:17:30,www.google.com
2013-02-12 10:17:45,mail.google.com
2013-02-12 10:17:45,1.gravatar.com
2013-02-12 10:17:49,inputtools.google.com
2013-02-12 10:17:50,plus.google.com
2013-02-12 10:18:25,translate.google.fr
2013-02-12 10:18:41,1.gravatar.com
2013-02-12 10:19:11,1.gravatar.com
2013-02-12 10:19:30,translate.google.fr
2013-02-12 10:19:36,1.gravatar.com
2013-02-12 10:19:47,1.gravatar.com
2013-02-12 10:20:48,translate.google.fr
2013-02-12 10:20:54,www.google.fr
2013-02-12 10:21:07,plus.google.com
2013-02-12 10:21:16,www.google.fr
2013-02-12 10:21:19,www.scoop.it
2013-02-12 10:21:19,connect.facebook.net
2013-02-12 10:21:19,www.conseils-tourisme.com
2013-02-12 10:21:20,www.conseils-tourisme.com
2013-02-12 10:21:20,www.dailymotion.com
2013-02-12 10:21:21,r2---sn-gxo5uxg-jqbe.googlevideo.com
2013-02-12 10:21:21,www.google.fr
2013-02-12 10:21:21,apis.google.com
2013-02-12 10:21:21,s-static.ak.facebook.com
2013-02-12 10:21:21,accounts.google.com
2013-02-12 10:21:21,s.ytimg.com
2013-02-12 10:21:21,www.youtube.com
2013-02-12 10:21:21,www.conseils-tourisme.com
2013-02-12 10:21:22,conseils-tourisme.com
2013-02-12 10:21:22,s.youtube.com
2013-02-12 10:21:22,www.youtube.com
2013-02-12 10:21:22,apis.google.com
2013-02-12 10:21:22,s.ytimg.com
2013-02-12 10:21:22,www.conseils-tourisme.com
2013-02-12 10:21:23,i1.ytimg.com
2013-02-12 10:21:23,platform.twitter.com
2013-02-12 10:21:23,s.youtube.com
2013-02-12 10:21:23,s.ytimg.com
2013-02-12 10:21:23,r2---sn-gxo5uxg-jqbe.googlevideo.com
2013-02-12 10:21:23,www.conseils-tourisme.com
2013-02-12 10:21:24,www.youtube.com
2013-02-12 10:21:24,apis.google.com
2013-02-12 10:21:24,platform.twitter.com
2013-02-12 10:21:24,plus.google.com
2013-02-12 10:21:24,s.ytimg.com
2013-02-12 10:21:24,i4.ytimg.com
2013-02-12 10:21:24,www.google.com
2013-02-12 10:21:24,i1.ytimg.com
2013-02-12 10:21:25,plus.google.com
2013-02-12 10:21:25,accounts.google.com
2013-02-12 10:21:25,www.youtube.com
2013-02-12 10:21:25,s.ytimg.com
2013-02-12 10:21:25,ajax.googleapis.com
2013-02-12 10:21:26,twitter.com
2013-02-12 10:21:26,apis.google.com
2013-02-12 10:21:26,r2---sn-gxo5uxg-jqbe.googlevideo.com
2013-02-12 10:21:27,www.youtube.com
2013-02-12 10:21:27,r2---sn-gxo5uxg-jqbe.googlevideo.com
2013-02-12 10:21:27,www.dailymotion.com
2013-02-12 10:21:28,r2---sn-gxo5uxg-jqbe.googlevideo.com
2013-02-12 10:21:28,www.conseils-tourisme.com
2013-02-12 10:21:28,s.youtube.com
2013-02-12 10:21:29,www.conseils-tourisme.com
2013-02-12 10:21:32,s.youtube.com
2013-02-12 10:21:33,r2---sn-gxo5uxg-jqbe.googlevideo.com
2013-02-12 10:21:36,www.conseils-tourisme.com
2013-02-12 10:21:38,s.youtube.com
2013-02-12 10:21:43,r2---sn-gxo5uxg-jqbe.googlevideo.com
2013-02-12 10:21:48,s.youtube.com
2013-02-12 10:21:54,www.conseils-tourisme.com
2013-02-12 10:21:56,www.dailymotion.com
2013-02-12 10:21:57,www.dailymotion.com
2013-02-12 10:21:58,r2---sn-gxo5uxg-jqbe.googlevideo.com
2013-02-12 10:21:58,www.dailymotion.com
2013-02-12 10:22:00,r2---sn-gxo5uxg-jqbe.googlevideo.com
2013-02-12 10:22:00,www.dailymotion.com
2013-02-12 10:22:01,www.dailymotion.com
2013-02-12 10:22:01,www.youtube.com
2013-02-12 10:22:02,www.dailymotion.com
2013-02-12 10:22:02,s.youtube.com
2013-02-12 10:22:04,www.dailymotion.com
2013-02-12 10:22:05,www.dailymotion.com
2013-02-12 10:22:06,www.dailymotion.com
2013-02-12 10:22:07,www.dailymotion.com
2013-02-12 10:22:10,www.dailymotion.com
2013-02-12 10:22:10,logger-02.vty.dailymotion.com
2013-02-12 10:22:11,logger-02.vty.dailymotion.com
2013-02-12 10:22:11,www.dailymotion.com
2013-02-12 10:22:13,r2---sn-gxo5uxg-jqbe.googlevideo.com
2013-02-12 10:22:24,www.squid-cache.org
2013-02-12 10:22:24,www.facebook.com
2013-02-12 10:22:24,static.ak.facebook.com
2013-02-12 10:22:25,www.facebook.com
2013-02-12 10:22:26,r2---sn-gxo5uxg-jqbe.googlevideo.com
2013-02-12 10:22:28,r2---sn-gxo5uxg-jqbe.googlevideo.com
2013-02-12 10:22:29,s.youtube.com
2013-02-12 10:22:32,s.youtube.com
2013-02-12 10:22:43,r2---sn-gxo5uxg-jqbe.googlevideo.com
2013-02-12 10:22:56,r2---sn-gxo5uxg-jqbe.googlevideo.com
2013-02-12 10:22:59,r2---sn-gxo5uxg-jqbe.googlevideo.com
2013-02-12 10:23:02,s.youtube.com
2013-02-12 10:23:09,s.youtube.com
2013-02-12 10:23:14,r2---sn-gxo5uxg-jqbe.googlevideo.com
2013-02-12 10:23:26,r2---sn-gxo5uxg-jqbe.googlevideo.com
2013-02-12 10:23:29,r2---sn-gxo5uxg-jqbe.googlevideo.com
2013-02-12 10:23:33,s.youtube.com
2013-02-12 10:23:33,1.gravatar.com
2013-02-12 10:23:33,plus.google.com
2013-02-12 10:23:33,mail.google.com
2013-02-12 10:23:44,r2---sn-gxo5uxg-jqbe.googlevideo.com
2013-02-12 10:23:46,1.gravatar.com
2013-02-12 10:23:49,s.youtube.com
2013-02-12 10:24:00,r2---sn-gxo5uxg-jqbe.googlevideo.com
2013-02-12 10:24:03,r2---sn-gxo5uxg-jqbe.googlevideo.com
2013-02-12 10:24:03,s.youtube.com
2013-02-12 10:24:04,1.gravatar.com
2013-02-12 10:24:15,r2---sn-gxo5uxg-jqbe.googlevideo.com
2013-02-12 10:24:23,www.youtube.com
2013-02-12 10:24:29,s.youtube.com
2013-02-12 10:24:30,r2---sn-gxo5uxg-jqbe.googlevideo.com
2013-02-12 10:24:33,s.youtube.com
2013-02-12 10:24:38,r2---sn-gxo5uxg-jqbe.googlevideo.com
2013-02-12 10:24:45,r2---sn-gxo5uxg-jqbe.googlevideo.com
2013-02-12 10:25:01,r2---sn-gxo5uxg-jqbe.googlevideo.com
2013-02-12 10:25:03,s.youtube.com
2013-02-12 10:25:07,www.google.fr
2013-02-12 10:25:08,r2---sn-gxo5uxg-jqbe.googlevideo.com
2013-02-12 10:25:09,s.youtube.com
2013-02-12 10:25:16,r2---sn-gxo5uxg-jqbe.googlevideo.com
2013-02-12 10:25:24,1.gravatar.com
2013-02-12 10:25:24,mail.google.com
2013-02-12 10:25:27,1.gravatar.com
2013-02-12 10:25:28,1.gravatar.com
2013-02-12 10:25:31,r2---sn-gxo5uxg-jqbe.googlevideo.com
2013-02-12 10:25:33,s.youtube.com
2013-02-12 10:25:35,mail.google.com
2013-02-12 10:25:35,1.gravatar.com
2013-02-12 10:25:37,r2---sn-gxo5uxg-jqbe.googlevideo.com
2013-02-12 10:25:46,r2---sn-gxo5uxg-jqbe.googlevideo.com
2013-02-12 10:25:49,1.gravatar.com
2013-02-12 10:25:50,s.youtube.com
2013-02-12 10:25:51,1.gravatar.com
2013-02-12 10:26:02,r2---sn-gxo5uxg-jqbe.googlevideo.com
2013-02-12 10:26:03,s.youtube.com
2013-02-12 10:26:09,r2---sn-gxo5uxg-jqbe.googlevideo.com
2013-02-12 10:26:15,1.drive.google.com
2013-02-12 10:26:17,r2---sn-gxo5uxg-jqbe.googlevideo.com
2013-02-12 10:26:20,b.mail.google.com
2013-02-12 10:26:30,s.youtube.com
2013-02-12 10:26:32,r2---sn-gxo5uxg-jqbe.googlevideo.com
2013-02-12 10:26:33,s.youtube.com
2013-02-12 10:26:40,r2---sn-gxo5uxg-jqbe.googlevideo.com
2013-02-12 10:26:47,r2---sn-gxo5uxg-jqbe.googlevideo.com
2013-02-12 10:27:02,r2---sn-gxo5uxg-jqbe.googlevideo.com
2013-02-12 10:27:03,s.youtube.com
2013-02-12 10:27:08,r2---sn-gxo5uxg-jqbe.googlevideo.com
2013-02-12 10:27:10,s.youtube.com
2013-02-12 10:27:18,r2---sn-gxo5uxg-jqbe.googlevideo.com
2013-02-12 10:27:33,r2---sn-gxo5uxg-jqbe.googlevideo.com
2013-02-12 10:27:34,s.youtube.com
2013-02-12 10:27:39,r2---sn-gxo5uxg-jqbe.googlevideo.com
2013-02-12 10:27:48,r2---sn-gxo5uxg-jqbe.googlevideo.com
2013-02-12 10:27:50,s.youtube.com
2013-02-12 10:28:03,r2---sn-gxo5uxg-jqbe.googlevideo.com
2013-02-12 10:28:04,s.youtube.com
2013-02-12 10:28:06,r2---sn-gxo5uxg-jqbe.googlevideo.com
2013-02-12 10:28:18,r2---sn-gxo5uxg-jqbe.googlevideo.com
2013-02-12 10:28:19,0.gravatar.com
2013-02-12 10:28:19,mail.google.com
2013-02-12 10:28:19,1.gravatar.com
2013-02-12 10:28:30,s.youtube.com
2013-02-12 10:28:34,s.youtube.com
2013-02-12 10:28:34,r2---sn-gxo5uxg-jqbe.googlevideo.com
2013-02-12 10:28:38,r2---sn-gxo5uxg-jqbe.googlevideo.com
2013-02-12 10:28:45,mail.google.com
2013-02-12 10:28:47,1.gravatar.com
2013-02-12 10:28:49,r2---sn-gxo5uxg-jqbe.googlevideo.com
2013-02-12 10:29:04,s.youtube.com
2013-02-12 10:29:04,r2---sn-gxo5uxg-jqbe.googlevideo.com
2013-02-12 10:29:06,r2---sn-gxo5uxg-jqbe.googlevideo.com
2013-02-12 10:29:10,s.youtube.com
2013-02-12 10:29:14,0.gravatar.com
2013-02-12 10:29:14,1.gravatar.com
2013-02-12 10:29:19,r2---sn-gxo5uxg-jqbe.googlevideo.com
2013-02-12 10:29:31,1.gravatar.com
2013-02-12 10:29:34,r2---sn-gxo5uxg-jqbe.googlevideo.com
2013-02-12 10:29:34,s.youtube.com
2013-02-12 10:29:50,s.youtube.com
2013-02-12 10:29:50,r2---sn-gxo5uxg-jqbe.googlevideo.com
2013-02-12 10:30:04,s.youtube.com
2013-02-12 10:30:05,r2---sn-gxo5uxg-jqbe.googlevideo.com
2013-02-12 10:30:20,r2---sn-gxo5uxg-jqbe.googlevideo.com
2013-02-12 10:30:30,s.youtube.com
2013-02-12 10:30:32,r2---sn-gxo5uxg-jqbe.googlevideo.com
2013-02-12 10:30:34,s.youtube.com
2013-02-12 10:30:35,r2---sn-gxo5uxg-jqbe.googlevideo.com
2013-02-12 10:30:51,r2---sn-gxo5uxg-jqbe.googlevideo.com
2013-02-12 10:30:55,plus.google.com
2013-02-12 10:30:57,r2---sn-gxo5uxg-jqbe.googlevideo.com
2013-02-12 10:31:04,s.youtube.com
2013-02-12 10:31:06,r2---sn-gxo5uxg-jqbe.googlevideo.com
2013-02-12 10:31:10,s.youtube.com
2013-02-12 10:31:21,r2---sn-gxo5uxg-jqbe.googlevideo.com
2013-02-12 10:31:26,r2---sn-gxo5uxg-jqbe.googlevideo.com
2013-02-12 10:31:34,s.youtube.com
2013-02-12 10:31:36,r2---sn-gxo5uxg-jqbe.googlevideo.com
2013-02-12 10:31:42,1.drive.google.com
2013-02-12 10:31:48,r2---sn-gxo5uxg-jqbe.googlevideo.com
2013-02-12 10:31:50,s.youtube.com
2013-02-12 10:31:51,r2---sn-gxo5uxg-jqbe.googlevideo.com
2013-02-12 10:32:05,s.youtube.com
2013-02-12 10:32:06,r2---sn-gxo5uxg-jqbe.googlevideo.com
2013-02-12 10:32:15,r2---sn-gxo5uxg-jqbe.googlevideo.com
2013-02-12 10:32:22,r2---sn-gxo5uxg-jqbe.googlevideo.com
2013-02-12 10:32:30,s.youtube.com
2013-02-12 10:32:35,s.youtube.com
2013-02-12 10:32:37,r2---sn-gxo5uxg-jqbe.googlevideo.com
2013-02-12 10:32:47,r2---sn-gxo5uxg-jqbe.googlevideo.com
2013-02-12 10:32:52,r2---sn-gxo5uxg-jqbe.googlevideo.com
2013-02-12 10:33:05,s.youtube.com
2013-02-12 10:33:07,r2---sn-gxo5uxg-jqbe.googlevideo.com
2013-02-12 10:33:10,s.youtube.com
2013-02-12 10:33:14,r2---sn-gxo5uxg-jqbe.googlevideo.com
2013-02-12 10:33:23,r2---sn-gxo5uxg-jqbe.googlevideo.com
2013-02-12 10:33:24,plus.google.com
2013-02-12 10:33:35,s.youtube.com
2013-02-12 10:33:38,r2---sn-gxo5uxg-jqbe.googlevideo.com
2013-02-12 10:33:41,r2---sn-gxo5uxg-jqbe.googlevideo.com
2013-02-12 10:33:50,s.youtube.com
2013-02-12 10:33:53,r2---sn-gxo5uxg-jqbe.googlevideo.com
2013-02-12 10:34:05,s.youtube.com
2013-02-12 10:34:08,r2---sn-gxo5uxg-jqbe.googlevideo.com
2013-02-12 10:34:14,r2---sn-gxo5uxg-jqbe.googlevideo.com
2013-02-12 10:34:24,r2---sn-gxo5uxg-jqbe.googlevideo.com
2013-02-12 10:34:30,s.youtube.com
2013-02-12 10:34:35,s.youtube.com
2013-02-12 10:34:39,r2---sn-gxo5uxg-jqbe.googlevideo.com
2013-02-12 10:34:43,r2---sn-gxo5uxg-jqbe.googlevideo.com
2013-02-12 10:34:54,r2---sn-gxo5uxg-jqbe.googlevideo.com
2013-02-12 10:35:02,plus.google.com
2013-02-12 10:35:05,s.youtube.com
2013-02-12 10:35:09,r2---sn-gxo5uxg-jqbe.googlevideo.com
2013-02-12 10:35:10,s.youtube.com
2013-02-12 10:35:12,plus.google.com
2013-02-12 10:35:13,r2---sn-gxo5uxg-jqbe.googlevideo.com
2013-02-12 10:35:24,plus.google.com
2013-02-12 10:35:24,r2---sn-gxo5uxg-jqbe.googlevideo.com
2013-02-12 10:35:35,s.youtube.com
2013-02-12 10:35:40,r2---sn-gxo5uxg-jqbe.googlevideo.com
2013-02-12 10:35:50,s.youtube.com
2013-02-12 10:35:55,r2---sn-gxo5uxg-jqbe.googlevideo.com
2013-02-12 10:35:59,b.mail.google.com
2013-02-12 10:36:06,s.youtube.com
2013-02-12 10:36:07,r2---sn-gxo5uxg-jqbe.googlevideo.com
2013-02-12 10:36:10,r2---sn-gxo5uxg-jqbe.googlevideo.com
2013-02-12 10:36:25,r2---sn-gxo5uxg-jqbe.googlevideo.com
2013-02-12 10:36:30,s.youtube.com
2013-02-12 10:36:34,r2---sn-gxo5uxg-jqbe.googlevideo.com
2013-02-12 10:36:36,s.youtube.com
2013-02-12 10:36:41,r2---sn-gxo5uxg-jqbe.googlevideo.com
2013-02-12 10:36:56,r2---sn-gxo5uxg-jqbe.googlevideo.com
2013-02-12 10:37:01,r2---sn-gxo5uxg-jqbe.googlevideo.com
2013-02-12 10:37:06,s.youtube.com
2013-02-12 10:37:10,s.youtube.com
2013-02-12 10:37:11,r2---sn-gxo5uxg-jqbe.googlevideo.com
2013-02-12 10:37:24,plus.google.com
2013-02-12 10:37:26,r2---sn-gxo5uxg-jqbe.googlevideo.com
2013-02-12 10:37:36,s.youtube.com
2013-02-12 10:37:42,r2---sn-gxo5uxg-jqbe.googlevideo.com
2013-02-12 10:37:44,r2---sn-gxo5uxg-jqbe.googlevideo.com
2013-02-12 10:37:51,s.youtube.com
2013-02-12 10:37:57,r2---sn-gxo5uxg-jqbe.googlevideo.com
2013-02-12 10:38:06,r2---sn-gxo5uxg-jqbe.googlevideo.com
2013-02-12 10:38:06,s.youtube.com
2013-02-12 10:38:12,r2---sn-gxo5uxg-jqbe.googlevideo.com
2013-02-12 10:38:27,r2---sn-gxo5uxg-jqbe.googlevideo.com
2013-02-12 10:38:31,s.youtube.com
2013-02-12 10:38:34,r2---sn-gxo5uxg-jqbe.googlevideo.com
2013-02-12 10:38:36,s.youtube.com
2013-02-12 10:38:42,r2---sn-gxo5uxg-jqbe.googlevideo.com
2013-02-12 10:38:57,r2---sn-gxo5uxg-jqbe.googlevideo.com
2013-02-12 10:39:05,r2---sn-gxo5uxg-jqbe.googlevideo.com
2013-02-12 10:39:06,s.youtube.com
2013-02-12 10:39:11,s.youtube.com
2013-02-12 10:39:13,r2---sn-gxo5uxg-jqbe.googlevideo.com
2013-02-12 10:39:20,mail.google.com
2013-02-12 10:39:24,plus.google.com
2013-02-12 10:39:28,r2---sn-gxo5uxg-jqbe.googlevideo.com
2013-02-12 10:39:36,s.youtube.com
2013-02-12 10:39:38,r2---sn-gxo5uxg-jqbe.googlevideo.com
2013-02-12 10:39:43,r2---sn-gxo5uxg-jqbe.googlevideo.com
2013-02-12 10:39:51,s.youtube.com
2013-02-12 10:39:58,r2---sn-gxo5uxg-jqbe.googlevideo.com
2013-02-12 10:40:05,r2---sn-gxo5uxg-jqbe.googlevideo.com
2013-02-12 10:40:06,s.youtube.com
2013-02-12 10:40:13,r2---sn-gxo5uxg-jqbe.googlevideo.com
2013-02-12 10:40:26,r2---sn-gxo5uxg-jqbe.googlevideo.com
2013-02-12 10:40:29,r2---sn-gxo5uxg-jqbe.googlevideo.com
2013-02-12 10:40:31,s.youtube.com
2013-02-12 10:40:37,s.youtube.com
2013-02-12 10:40:44,r2---sn-gxo5uxg-jqbe.googlevideo.com
2013-02-12 10:40:51,r2---sn-gxo5uxg-jqbe.googlevideo.com
2013-02-12 10:40:59,r2---sn-gxo5uxg-jqbe.googlevideo.com
2013-02-12 10:41:07,s.youtube.com
2013-02-12 10:41:11,s.youtube.com
2013-02-12 10:41:14,r2---sn-gxo5uxg-jqbe.googlevideo.com
2013-02-12 10:41:19,r2---sn-gxo5uxg-jqbe.googlevideo.com
2013-02-12 10:41:24,plus.google.com
2013-02-12 10:41:30,r2---sn-gxo5uxg-jqbe.googlevideo.com
2013-02-12 10:41:31,mail.google.com
2013-02-12 10:41:37,s.youtube.com
2013-02-12 10:41:45,r2---sn-gxo5uxg-jqbe.googlevideo.com
2013-02-12 10:41:46,r2---sn-gxo5uxg-jqbe.googlevideo.com
2013-02-12 10:41:51,s.youtube.com
2013-02-12 10:41:52,b.mail.google.com
2013-02-12 10:42:00,r2---sn-gxo5uxg-jqbe.googlevideo.com
2013-02-12 10:42:06,r2---sn-gxo5uxg-jqbe.googlevideo.com
2013-02-12 10:42:07,s.youtube.com
2013-02-12 10:42:15,r2---sn-gxo5uxg-jqbe.googlevideo.com
2013-02-12 10:42:22,r2---sn-gxo5uxg-jqbe.googlevideo.com
2013-02-12 10:42:31,s.youtube.com
2013-02-12 10:42:31,r2---sn-gxo5uxg-jqbe.googlevideo.com
2013-02-12 10:42:37,s.youtube.com
2013-02-12 10:42:46,r2---sn-gxo5uxg-jqbe.googlevideo.com
2013-02-12 10:42:47,r2---sn-gxo5uxg-jqbe.googlevideo.com
2013-02-12 10:43:01,r2---sn-gxo5uxg-jqbe.googlevideo.com
2013-02-12 10:43:07,s.youtube.com
2013-02-12 10:43:08,r2---sn-gxo5uxg-jqbe.googlevideo.com
2013-02-12 10:43:11,s.youtube.com
2013-02-12 10:43:16,r2---sn-gxo5uxg-jqbe.googlevideo.com
2013-02-12 10:43:24,plus.google.com
2013-02-12 10:43:30,r2---sn-gxo5uxg-jqbe.googlevideo.com
2013-02-12 10:43:32,r2---sn-gxo5uxg-jqbe.googlevideo.com
2013-02-12 10:43:37,s.youtube.com
2013-02-12 10:43:47,r2---sn-gxo5uxg-jqbe.googlevideo.com
2013-02-12 10:43:51,s.youtube.com
2013-02-12 10:43:57,r2---sn-gxo5uxg-jqbe.googlevideo.com
2013-02-12 10:44:02,r2---sn-gxo5uxg-jqbe.googlevideo.com
2013-02-12 10:44:07,s.youtube.com
2013-02-12 10:44:17,r2---sn-gxo5uxg-jqbe.googlevideo.com
2013-02-12 10:44:21,mail.google.com
2013-02-12 10:44:23,r2---sn-gxo5uxg-jqbe.googlevideo.com
2013-02-12 10:44:31,s.youtube.com
2013-02-12 10:44:32,r2---sn-gxo5uxg-jqbe.googlevideo.com
2013-02-12 10:44:37,s.youtube.com
2013-02-12 10:44:47,r2---sn-gxo5uxg-jqbe.googlevideo.com
2013-02-12 10:44:50,r2---sn-gxo5uxg-jqbe.googlevideo.com
2013-02-12 10:45:03,r2---sn-gxo5uxg-jqbe.googlevideo.com
2013-02-12 10:45:07,s.youtube.com
2013-02-12 10:45:11,s.youtube.com
2013-02-12 10:45:17,r2---sn-gxo5uxg-jqbe.googlevideo.com
2013-02-12 10:45:18,r2---sn-gxo5uxg-jqbe.googlevideo.com
2013-02-12 10:45:24,plus.google.com
2013-02-12 10:45:33,r2---sn-gxo5uxg-jqbe.googlevideo.com
2013-02-12 10:45:38,s.youtube.com
2013-02-12 10:45:40,r2---sn-gxo5uxg-jqbe.googlevideo.com
2013-02-12 10:45:48,r2---sn-gxo5uxg-jqbe.googlevideo.com
2013-02-12 10:45:51,s.youtube.com
2013-02-12 10:46:01,r2---sn-gxo5uxg-jqbe.googlevideo.com
2013-02-12 10:46:03,r2---sn-gxo5uxg-jqbe.googlevideo.com
2013-02-12 10:46:08,s.youtube.com
2013-02-12 10:46:19,r2---sn-gxo5uxg-jqbe.googlevideo.com
2013-02-12 10:46:23,r2---sn-gxo5uxg-jqbe.googlevideo.com
2013-02-12 10:46:31,mail.google.com
2013-02-12 10:46:31,s.youtube.com
2013-02-12 10:46:34,r2---sn-gxo5uxg-jqbe.googlevideo.com
2013-02-12 10:46:36,plus.google.com
2013-02-12 10:46:38,s.youtube.com
2013-02-12 10:46:49,r2---sn-gxo5uxg-jqbe.googlevideo.com
2013-02-12 10:46:50,r2---sn-gxo5uxg-jqbe.googlevideo.com
2013-02-12 10:47:04,r2---sn-gxo5uxg-jqbe.googlevideo.com
2013-02-12 10:47:08,s.youtube.com
2013-02-12 10:47:11,s.youtube.com
2013-02-12 10:47:20,r2---sn-gxo5uxg-jqbe.googlevideo.com
2013-02-12 10:47:22,r2---sn-gxo5uxg-jqbe.googlevideo.com
2013-02-12 10:47:24,plus.google.com
2013-02-12 10:47:34,mail.google.com
2013-02-12 10:47:38,s.youtube.com
2013-02-12 10:47:51,s.youtube.com
2013-02-12 10:47:58,plus.google.com
2013-02-12 10:47:58,s.ytimg.com
2013-02-12 10:47:58,i1.ytimg.com
2013-02-12 10:48:08,s.youtube.com
2013-02-12 10:48:29,s.youtube.com
2013-02-12 10:48:29,www.youtube.com
2013-02-12 10:48:29,s.ytimg.com
2013-02-12 10:48:32,s.youtube.com
2013-02-12 10:49:21,mail.google.com
2013-02-12 10:50:55,plus.google.com
2013-02-12 10:51:17,1.gravatar.com
2013-02-12 10:51:24,plus.google.com
2013-02-12 10:51:31,mail.google.com
2013-02-12 10:51:56,1.drive.google.com
2013-02-12 10:52:09,b.mail.google.com
2013-02-12 10:52:56,mail.google.com
2013-02-12 10:53:01,1.gravatar.com
2013-02-12 10:53:24,plus.google.com
2013-02-12 10:53:32,1.gravatar.com
2013-02-12 10:54:40,www.dailymotion.com
2013-02-12 10:54:41,www.dailymotion.com
2013-02-12 10:54:42,www.dailymotion.com
2013-02-12 10:54:43,www.dailymotion.com
2013-02-12 10:54:44,www.dailymotion.com
2013-02-12 10:54:46,plus.google.com
2013-02-12 10:54:47,www.dailymotion.com
2013-02-12 10:55:24,plus.google.com
2013-02-12 10:56:31,mail.google.com
2013-02-12 10:56:56,1.gravatar.com
2013-02-12 10:57:03,1.gravatar.com
2013-02-12 10:57:24,plus.google.com
2013-02-12 10:59:04,1.gravatar.com
2013-02-12 10:59:11,1.gravatar.com
2013-02-12 10:59:22,mail.google.com
2013-02-12 10:59:24,plus.google.com
2013-02-12 11:00:27,1.gravatar.com
2013-02-12 11:00:28,1.gravatar.com
2013-02-12 11:01:18,1.gravatar.com
2013-02-12 11:01:24,plus.google.com
2013-02-12 11:01:31,mail.google.com
2013-02-12 11:01:48,1.drive.google.com
2013-02-12 11:01:51,b.mail.google.com
2013-02-12 11:02:44,www.dailymotion.com
2013-02-12 11:02:45,www.dailymotion.com
2013-02-12 11:02:46,www.dailymotion.com
2013-02-12 11:02:47,www.dailymotion.com
2013-02-12 11:03:24,plus.google.com
2013-02-12 11:04:22,mail.google.com
2013-02-12 11:05:24,plus.google.com
2013-02-12 11:06:20,plus.google.com
2013-02-12 11:06:20,mail.google.com
2013-02-12 11:06:20,1.gravatar.com
2013-02-12 11:07:07,www.dailymotion.com
2013-02-12 11:07:08,www.dailymotion.com
2013-02-12 11:07:09,www.dailymotion.com
2013-02-12 11:07:10,www.dailymotion.com
2013-02-12 11:07:11,www.dailymotion.com
2013-02-12 11:07:12,www.dailymotion.com
2013-02-12 11:07:13,www.dailymotion.com
2013-02-12 11:07:14,www.dailymotion.com
2013-02-12 11:07:15,www.dailymotion.com
2013-02-12 11:07:24,plus.google.com
2013-02-12 11:07:59,apis.google.com
2013-02-12 11:09:11,mail.google.com
2013-02-12 11:09:11,wordpress.org
2013-02-12 11:09:11,s.wordpress.org
2013-02-12 11:09:12,s.wordpress.org
2013-02-12 11:09:12,wordpress.org
2013-02-12 11:09:13,s.wordpress.org
2013-02-12 11:09:13,www.facebook.com
2013-02-12 11:09:13,gravatar.com
2013-02-12 11:09:13,www.gravatar.com
2013-02-12 11:09:13,platform.twitter.com
2013-02-12 11:09:13,s-plugins.wordpress.org
2013-02-12 11:09:13,wordpress.org
2013-02-12 11:09:14,twitter.com
2013-02-12 11:09:24,plus.google.com
2013-02-12 11:09:27,twitter.com
2013-02-12 11:09:27,1.gravatar.com
2013-02-12 11:09:37,plus.google.com
2013-02-12 11:09:37,1.gravatar.com
2013-02-12 11:09:47,1.gravatar.com
2013-02-12 11:09:59,mail.google.com
2013-02-12 11:10:11,www.youtube.com
2013-02-12 11:10:11,1.gravatar.com
2013-02-12 11:10:26,plus.google.com
2013-02-12 11:10:35,wordpress.org
2013-02-12 11:10:36,wordpress.org
2013-02-12 11:10:36,s-plugins.wordpress.org
2013-02-12 11:10:36,gravatar.com
2013-02-12 11:10:36,www.facebook.com
2013-02-12 11:10:37,twitter.com
2013-02-12 11:11:07,1.gravatar.com
2013-02-12 11:11:08,twitter.com
2013-02-12 11:13:58,b.mail.google.com
2013-02-12 11:14:41,www.google.fr
2013-02-12 11:14:50,www.google.fr
2013-02-12 11:14:50,www.sports.gouv.fr
2013-02-12 11:14:51,www.sports.gouv.fr
2013-02-12 11:14:51,g.microsoft.com
2013-02-12 11:14:51,eregie.premier-ministre.gouv.fr
2013-02-12 11:15:00,www.sports.gouv.fr
2013-02-12 11:15:00,www.google.fr
2013-02-12 11:15:01,eregie.premier-ministre.gouv.fr
2013-02-12 11:15:01,www.sports.gouv.fr
2013-02-12 11:15:21,www.sports.gouv.fr
2013-02-12 11:15:21,connect.facebook.net
2013-02-12 11:15:22,static.ak.facebook.com
2013-02-12 11:15:22,eregie.premier-ministre.gouv.fr
2013-02-12 11:15:22,www.sports.gouv.fr
2013-02-12 11:15:22,s-static.ak.facebook.com
2013-02-12 11:15:38,www.sports.gouv.fr
2013-02-12 11:15:39,www.sports.gouv.fr
2013-02-12 11:15:39,eregie.premier-ministre.gouv.fr
2013-02-12 11:15:39,s-static.ak.facebook.com
2013-02-12 11:15:39,static.ak.facebook.com
2013-02-12 11:15:43,mail.google.com
2013-02-12 11:15:47,www.google.fr
2013-02-12 11:15:51,www.sports.gouv.fr
2013-02-12 11:15:52,s-static.ak.facebook.com
2013-02-12 11:15:52,www.sports.gouv.fr
2013-02-12 11:15:52,www.inet.jeunesse-sports.gouv.fr
2013-02-12 11:15:52,eregie.premier-ministre.gouv.fr
2013-02-12 11:15:52,static.ak.facebook.com
2013-02-12 11:15:52,plus.google.com
2013-02-12 11:16:01,plus.google.com
2013-02-12 11:16:01,mail.google.com
2013-02-12 11:16:16,www.inet.jeunesse-sports.gouv.fr
2013-02-12 11:16:18,plus.google.com
2013-02-12 11:16:26,www.inet.jeunesse-sports.gouv.fr
2013-02-12 11:16:30,www.inet.jeunesse-sports.gouv.fr
2013-02-12 11:16:39,www.sports.gouv.fr
2013-02-12 11:16:39,eregie.premier-ministre.gouv.fr
2013-02-12 11:16:39,s-static.ak.facebook.com
2013-02-12 11:16:39,static.ak.facebook.com
2013-02-12 11:16:40,www.sports.gouv.fr
2013-02-12 11:16:57,www.google.fr
2013-02-12 11:16:58,www.google.fr
2013-02-12 11:16:59,www.google.com
2013-02-12 11:17:03,www.google.com
2013-02-12 11:17:04,www.google.fr
2013-02-12 11:17:27,www.google.fr
2013-02-12 11:17:28,eregie.premier-ministre.gouv.fr
2013-02-12 11:17:28,ie7-js.googlecode.com
2013-02-12 11:17:28,www.auvergne.drjscs.gouv.fr
2013-02-12 11:17:29,www.auvergne.drjscs.gouv.fr
2013-02-12 11:17:52,www.auvergne.drjscs.gouv.fr
2013-02-12 11:17:53,www.auvergne.drjscs.gouv.fr
2013-02-12 11:17:57,www.auvergne.drjscs.gouv.fr
2013-02-12 11:17:58,www.auvergne.drjscs.gouv.fr
2013-02-12 11:18:05,plus.google.com
2013-02-12 11:18:25,www.google.fr
2013-02-12 11:18:28,www.formationauvergne.com
2013-02-12 11:18:29,www.formationauvergne.com
2013-02-12 11:18:32,ie7-js.googlecode.com
2013-02-12 11:18:32,www.auvergne.drjscs.gouv.fr
2013-02-12 11:18:33,www.auvergne.drjscs.gouv.fr
2013-02-12 11:18:35,www.auvergne.drjscs.gouv.fr
2013-02-12 11:18:36,www.auvergne.drjscs.gouv.fr
2013-02-12 11:18:37,www.auvergne.drjscs.gouv.fr
2013-02-12 11:18:38,www.auvergne.drjscs.gouv.fr
2013-02-12 11:18:47,www.auvergne.drjscs.gouv.fr
2013-02-12 11:18:51,www.auvergne.drjscs.gouv.fr
2013-02-12 11:18:52,www.auvergne.drjscs.gouv.fr
2013-02-12 11:19:04,www.auvergne.drjscs.gouv.fr
2013-02-12 11:19:05,www.auvergne.drjscs.gouv.fr
2013-02-12 11:19:18,www.auvergne.drjscs.gouv.fr
2013-02-12 11:19:20,www.auvergne.drjscs.gouv.fr
2013-02-12 11:19:21,www.auvergne.drjscs.gouv.fr
2013-02-12 11:19:37,www.auvergne.drjscs.gouv.fr
2013-02-12 11:19:42,www.auvergne.drjscs.gouv.fr
2013-02-12 11:19:43,www.auvergne.drjscs.gouv.fr
2013-02-12 11:19:44,www.auvergne.drjscs.gouv.fr
2013-02-12 11:19:45,www.auvergne.drjscs.gouv.fr
2013-02-12 11:20:06,www.auvergne.drjscs.gouv.fr
2013-02-12 11:20:07,www.auvergne.drjscs.gouv.fr
2013-02-12 11:20:08,www.auvergne.drjscs.gouv.fr
2013-02-12 11:20:09,www.auvergne.drjscs.gouv.fr
2013-02-12 11:20:12,www.google.fr
2013-02-12 11:20:13,www.google.com
2013-02-12 11:20:18,apis.google.com
2013-02-12 11:20:19,plus.google.com
2013-02-12 11:20:24,www.google.com
2013-02-12 11:21:00,apis.google.com
2013-02-12 11:21:09,www.google.fr
2013-02-12 11:21:10,www.creps-idf.fr
2013-02-12 11:21:11,www.creps-idf.fr
2013-02-12 11:21:18,plus.google.com
2013-02-12 11:21:18,www.google.fr
2013-02-12 11:21:19,www.sante.gouv.fr
2013-02-12 11:21:19,www.google.fr
2013-02-12 11:21:21,www.google.fr
2013-02-12 11:21:22,www.sante.gouv.fr
2013-02-12 11:21:23,www.sante.gouv.fr
2013-02-12 11:21:24,www.sante.gouv.fr
2013-02-12 11:21:24,eregie.premier-ministre.gouv.fr
2013-02-12 11:21:24,www.honcode.ch
2013-02-12 11:22:42,www.sante.gouv.fr
2013-02-12 11:22:43,www.sante.gouv.fr
2013-02-12 11:22:43,eregie.premier-ministre.gouv.fr
2013-02-12 11:22:43,www.honcode.ch
2013-02-12 11:23:00,www.sante.gouv.fr
2013-02-12 11:23:24,www.sante.gouv.fr
2013-02-12 11:23:25,www.honcode.ch
2013-02-12 11:23:25,www.sante.gouv.fr
2013-02-12 11:23:25,eregie.premier-ministre.gouv.fr
2013-02-12 11:23:26,www.sante.gouv.fr
2013-02-12 11:23:33,www.sante.gouv.fr
2013-02-12 11:23:33,eregie.premier-ministre.gouv.fr
2013-02-12 11:23:34,www.sante.gouv.fr
2013-02-12 11:23:41,www.sante.gouv.fr
2013-02-12 11:23:42,www.sante.gouv.fr
2013-02-12 11:23:43,eregie.premier-ministre.gouv.fr
2013-02-12 11:23:43,www.sante.gouv.fr
2013-02-12 11:24:06,www.sante.gouv.fr
2013-02-12 11:24:46,www.sante.gouv.fr
2013-02-12 11:24:47,www.sante.gouv.fr
2013-02-12 11:24:47,eregie.premier-ministre.gouv.fr
2013-02-12 11:25:07,www.sante.gouv.fr
2013-02-12 11:25:08,eregie.premier-ministre.gouv.fr
2013-02-12 11:25:08,www.sante.gouv.fr
2013-02-12 11:25:16,www.sante.gouv.fr
2013-02-12 11:25:17,eregie.premier-ministre.gouv.fr
2013-02-12 11:25:17,www.sante.gouv.fr
2013-02-12 11:25:34,www.sante.gouv.fr
2013-02-12 11:25:35,www.sante.gouv.fr
2013-02-12 11:25:35,eregie.premier-ministre.gouv.fr
2013-02-12 11:25:43,www.sante.gouv.fr
2013-02-12 11:25:58,plus.google.com
2013-02-12 11:26:09,www.creps-idf.fr
2013-02-12 11:26:10,www.creps-idf.fr
2013-02-12 11:26:37,plus.google.com
2013-02-12 11:26:38,apis.google.com
2013-02-12 11:26:38,www.google.fr
2013-02-12 11:26:41,www.google.fr
2013-02-12 11:26:42,www.creps-vichy.sports.gouv.fr
2013-02-12 11:27:37,www.google.fr
2013-02-12 11:27:38,www.creps-vichy.sports.gouv.fr
2013-02-12 11:27:46,www.google.fr
2013-02-12 11:27:47,auvergne.franceolympique.com
2013-02-12 11:27:48,auvergne.franceolympique.com
2013-02-12 11:27:50,www.google.fr
2013-02-12 11:27:50,auvergne.franceolympique.com
2013-02-12 11:27:51,auvergne.franceolympique.com
2013-02-12 11:27:51,www.imingo.com
2013-02-12 11:27:53,www.google.fr
2013-02-12 11:27:54,www.imingo.com
2013-02-12 11:27:54,auvergne.franceolympique.com
2013-02-12 11:27:55,auvergne.franceolympique.com
2013-02-12 11:28:20,www.google.fr
2013-02-12 11:29:10,auvergne.franceolympique.com
2013-02-12 11:29:11,auvergne.franceolympique.com
2013-02-12 11:29:11,www.imingo.com
2013-02-12 11:29:12,auvergne.franceolympique.com
2013-02-12 11:29:18,auvergne.franceolympique.com
2013-02-12 11:29:18,www.imingo.com
2013-02-12 11:29:19,auvergne.franceolympique.com
2013-02-12 11:29:20,auvergne.franceolympique.com
2013-02-12 11:29:21,auvergne.franceolympique.com
2013-02-12 11:29:21,www.imingo.com
2013-02-12 11:29:22,auvergne.franceolympique.com
2013-02-12 11:29:36,www.imingo.com
2013-02-12 11:29:36,auvergne.franceolympique.com
2013-02-12 11:29:38,auvergne.franceolympique.com
2013-02-12 11:29:48,auvergne.franceolympique.com
2013-02-12 11:29:52,www.imingo.com
2013-02-12 11:29:52,auvergne.franceolympique.com
2013-02-12 11:29:53,auvergne.franceolympique.com
2013-02-12 11:30:45,1.drive.google.com
2013-02-12 11:30:53,mail.google.com
2013-02-12 11:30:55,plus.google.com
2013-02-12 11:31:20,plus.google.com
2013-02-12 11:32:40,b.mail.google.com
2013-02-12 11:32:40,mail.google.com
2013-02-12 11:32:41,1.gravatar.com
2013-02-12 11:32:52,1.gravatar.com
2013-02-12 11:33:29,1.gravatar.com
2013-02-12 11:33:32,1.gravatar.com
2013-02-12 11:33:38,1.gravatar.com
2013-02-12 11:34:12,1.gravatar.com
2013-02-12 11:34:19,mail.google.com
2013-02-12 11:34:19,1.gravatar.com
2013-02-12 11:34:49,mail.google.com
2013-02-12 11:34:49,1.gravatar.com
2013-02-12 11:34:49,0.gravatar.com
2013-02-12 11:36:24,1.gravatar.com
2013-02-12 11:36:24,mail.google.com
2013-02-12 11:36:24,0.gravatar.com
2013-02-12 11:36:34,1.gravatar.com
2013-02-12 11:36:43,0.gravatar.com
2013-02-12 11:36:43,mail.google.com
2013-02-12 11:36:43,1.gravatar.com
2013-02-12 11:36:49,1.gravatar.com
2013-02-12 11:37:07,1.gravatar.com
2013-02-12 11:37:23,1.gravatar.com
2013-02-12 11:37:37,1.gravatar.com
2013-02-12 11:37:53,1.gravatar.com
2013-02-12 11:38:05,1.gravatar.com
2013-02-12 11:38:18,1.gravatar.com
2013-02-12 11:38:27,1.gravatar.com
2013-02-12 11:38:27,mail.google.com
2013-02-12 11:38:28,1.gravatar.com
2013-02-12 11:39:27,mail.google.com
2013-02-12 11:39:27,1.gravatar.com
2013-02-12 11:39:42,mail.google.com
2013-02-12 11:39:42,1.gravatar.com
2013-02-12 11:40:09,1.gravatar.com
2013-02-12 11:40:10,1.gravatar.com
2013-02-12 11:40:27,1.gravatar.com
2013-02-12 11:40:42,1.gravatar.com
2013-02-12 11:40:42,mail.google.com
2013-02-12 11:41:00,1.gravatar.com
2013-02-12 11:41:00,b.mail.google.com
2013-02-12 11:41:45,1.gravatar.com
2013-02-12 11:42:21,1.gravatar.com
2013-02-12 11:42:21,mail.google.com
2013-02-12 11:42:21,0.gravatar.com
2013-02-12 11:42:40,plus.google.com
2013-02-12 11:42:45,craym.eu
2013-02-12 11:42:46,craym.eu
2013-02-12 11:42:49,craym.eu
2013-02-12 11:43:02,mail.google.com
2013-02-12 11:43:02,craym.eu
2013-02-12 11:43:03,craym.eu
2013-02-12 11:43:06,0.gravatar.com
2013-02-12 11:43:06,1.gravatar.com
2013-02-12 11:43:15,1.gravatar.com
2013-02-12 11:44:10,mail.google.com
2013-02-12 11:44:11,mail.google.com
2013-02-12 11:44:11,plus.google.com
2013-02-12 11:44:15,mail.google.com
2013-02-12 11:44:15,apis.google.com
2013-02-12 11:44:19,1.gravatar.com
2013-02-12 11:44:30,mail.google.com
2013-02-12 11:44:43,plus.google.com
2013-02-12 11:45:17,b.mail.google.com
2013-02-12 11:45:49,0.gravatar.com
2013-02-12 11:45:55,0.gravatar.com
2013-02-12 11:45:55,mail.google.com
2013-02-12 11:45:55,1.gravatar.com
2013-02-12 11:46:26,0.gravatar.com
2013-02-12 11:46:26,1.gravatar.com
2013-02-12 11:46:40,1.gravatar.com
2013-02-12 11:47:11,mail.google.com
2013-02-12 11:47:13,www.google.com
2013-02-12 11:47:13,mail.google.com
2013-02-12 11:47:14,www.google.com
2013-02-12 11:47:14,accounts.google.com
2013-02-12 11:47:14,accounts.youtube.com
2013-02-12 11:47:14,www.google.fr
2013-02-12 11:47:15,accounts.google.fr
2013-02-12 11:47:15,accounts.google.com
2013-02-12 11:47:23,plus.google.com
2013-02-12 11:47:23,accounts.youtube.com
2013-02-12 11:47:23,mail.google.com
2013-02-12 11:47:23,b.mail.google.com
2013-02-12 11:47:23,1.drive.google.com
2013-11-18 09:13:11,fpdownload2.macromedia.com
2013-11-18 09:13:19,www.google.com
2013-11-18 09:14:31,www.squid-cache.org
2013-11-18 09:15:53,s.wordpress.org
2013-11-18 09:15:53,wordpress.org
2013-11-18 09:15:54,platform.twitter.com
2013-11-18 09:15:54,gravatar.com
2013-11-18 09:15:54,www.facebook.com
2013-11-18 09:15:54,s.wordpress.org
2013-11-18 09:15:54,wordpress.org
2013-11-18 09:15:55,twitter.com
2013-11-18 09:16:02,ieonline.microsoft.com
2013-11-18 09:16:03,go.microsoft.com
2013-11-18 09:16:04,www.google.fr
2013-11-18 09:16:06,www.google.com
2013-11-18 09:16:10,craym.eu
2013-11-18 09:16:10,twitter.com
2013-11-18 09:16:10,www.google.com
2013-11-18 09:16:10,www.google.fr
2013-11-18 09:16:11,craym.eu
2013-11-18 09:16:14,craym.eu
2013-11-18 09:16:28,craym.eu
2013-11-18 09:16:56,craym.eu
2013-11-18 09:17:06,craym.eu
2013-11-18 09:17:28,javadl-esd-secure.oracle.com
2013-11-18 09:17:59,aragorn.craym.net
2013-11-18 09:18:09,aragorn.craym.net
2013-11-18 09:18:16,aragorn.craym.net
2013-11-18 09:18:21,aragorn.craym.net
2013-11-18 09:18:37,aragorn.craym.net
2013-11-18 09:19:03,aragorn.craym.net
2013-11-18 09:19:08,aragorn.craym.net
2013-11-18 09:19:17,aragorn.craym.net
2013-11-18 09:19:21,aragorn.craym.net
2013-11-18 09:19:32,aragorn.craym.net
2013-11-18 09:20:24,aragorn.craym.net
2013-11-18 09:20:28,aragorn.craym.net
2013-11-18 09:20:34,aragorn.craym.net
2013-11-18 09:20:39,aragorn.craym.net
2013-11-18 09:20:43,aragorn.craym.net
2013-11-18 09:20:47,aragorn.craym.net
2013-11-18 09:21:54,aragorn.craym.net
2013-11-18 09:22:04,aragorn.craym.net
2013-11-18 09:22:18,ajax.googleapis.com
2013-11-18 09:22:40,www.google.fr
2013-11-18 09:23:27,aragorn.craym.net
2013-11-18 09:23:31,aragorn.craym.net
2013-11-18 09:23:35,aragorn.craym.net
2013-11-18 09:23:43,aragorn.craym.net
2013-11-18 09:23:46,aragorn.craym.net
2013-11-18 09:23:50,aragorn.craym.net
2013-11-18 09:24:01,aragorn.craym.net
2013-11-18 09:24:16,www.google.fr
2013-11-18 09:25:49,craym.eu
2013-11-18 09:25:50,craym.eu
2013-11-18 09:25:51,craym.eu
2013-11-18 09:25:53,craym.eu
2013-11-18 09:25:54,craym.eu
2013-11-18 09:25:55,craym.eu
2013-11-18 09:25:56,craym.eu
2013-11-18 09:25:57,craym.eu
2013-11-18 09:26:09,craym.eu
2013-11-18 09:26:38,craym.eu
2013-11-18 09:26:39,craym.eu
2013-11-18 09:26:44,craym.eu
2013-11-18 09:27:13,aragorn.craym.net
2013-11-18 09:27:23,aragorn.craym.net
2013-11-18 09:27:27,aragorn.craym.net
2013-11-18 09:27:28,aragorn.craym.net
2013-11-18 09:27:37,aragorn.craym.net
2013-11-18 09:27:38,aragorn.craym.net
2013-11-18 09:27:55,aragorn.craym.net
2013-11-18 09:28:00,aragorn.craym.net
2013-11-18 09:28:14,aragorn.craym.net
2013-11-18 09:32:28,accounts.google.com
2013-11-18 09:32:31,accounts.youtube.com
2013-11-18 09:32:36,mail.google.com
2013-11-18 09:32:48,accounts.google.com
2013-11-18 09:32:58,accounts.google.fr
2013-11-18 09:33:00,accounts.youtube.com
2013-11-18 09:33:00,accounts.google.com
2013-11-18 09:33:01,accounts.google.fr
2013-11-18 09:33:01,mail.google.com
2013-11-18 09:33:02,mail.google.com
2013-11-18 09:33:03,mail.google.com
2013-11-18 09:33:04,apis.google.com
2013-11-18 09:33:04,mail.google.com
2013-11-18 09:33:04,clients2.google.com
2013-11-18 09:33:05,plus.google.com
2013-11-18 09:33:05,clients2.google.com
2013-11-18 09:33:05,mail.google.com
2013-11-18 09:33:05,apis.google.com
2013-11-18 09:33:06,accounts.google.com
2013-11-18 09:33:06,plus.google.com
2013-11-18 09:33:06,mail.google.com
2013-11-18 09:33:06,www.google.com
2013-11-18 09:33:06,apis.google.com
2013-11-18 09:33:07,www.google.com
2013-11-18 09:33:08,mail.google.com
2013-11-18 09:33:08,chatenabled.mail.google.com
2013-11-18 09:33:09,apis.google.com
2013-11-18 09:33:09,b.mail.google.com
2013-11-18 09:33:11,b.mail.google.com
2013-11-18 09:33:11,chatenabled.mail.google.com
2013-11-18 09:33:11,plus.google.com
2013-11-18 09:33:11,mail.google.com
2013-11-18 09:33:12,plus.google.com
2013-11-18 09:33:48,accounts.google.com
2013-11-18 09:34:08,mail.google.com
2013-11-18 09:35:02,mail.google.com
2013-11-18 09:36:48,craym.eu
2013-11-18 09:36:57,craym.eu
2013-11-18 09:37:18,craym.eu
2013-11-18 09:37:54,plus.google.com
2013-11-18 09:37:54,mail.google.com
2013-11-18 09:41:29,craym.eu
2013-11-18 09:43:09,mail.google.com
2013-11-18 09:43:15,plus.google.com
2013-11-18 09:43:39,plus.google.com
2013-11-18 09:47:39,b.mail.google.com
2013-11-18 09:50:34,www.google.fr
2013-11-18 09:50:34,mail.google.com
2013-11-18 09:50:35,www.google.fr
2013-11-18 09:50:40,www.google.fr
2013-11-18 09:50:40,www.google.com
2013-11-18 09:50:44,apis.google.com
2013-11-18 09:50:44,plus.google.com
2013-11-18 09:50:49,www.google.fr
2013-11-18 09:51:05,www.google.fr
2013-11-18 09:51:49,www.google.fr
2013-11-18 09:52:38,www.google.fr
2013-11-18 09:52:43,maps.google.fr
2013-11-18 09:52:44,maps.google.com
2013-11-18 09:52:44,khms0.google.fr
2013-11-18 09:52:44,maps.google.fr
2013-11-18 09:52:44,khms1.google.fr
2013-11-18 09:52:45,khms0.google.fr
2013-11-18 09:52:45,khms1.google.fr
2013-11-18 09:52:45,mts0.google.com
2013-11-18 09:52:45,mts1.google.com
2013-11-18 09:52:46,khms1.google.fr
2013-11-18 09:52:46,mts0.google.com
2013-11-18 09:52:46,maps.google.com
2013-11-18 09:52:46,mts1.google.com
2013-11-18 09:52:46,khms0.google.fr
2013-11-18 09:52:47,khms0.google.fr
2013-11-18 09:52:47,khms1.google.fr
2013-11-18 09:52:47,mts1.google.com
2013-11-18 09:52:47,mts0.google.com
2013-11-18 09:52:47,apis.google.com
2013-11-18 09:52:48,apis.google.com
2013-11-18 09:52:48,maps.google.fr
2013-11-18 09:52:48,mts0.google.com
2013-11-18 09:52:48,mts1.google.com
2013-11-18 09:52:49,khms1.google.fr
2013-11-18 09:52:49,khms0.google.fr
2013-11-18 09:52:49,mts0.google.com
2013-11-18 09:52:49,mts1.google.com
2013-11-18 09:52:49,maps.google.fr
2013-11-18 09:52:53,khms0.google.fr
2013-11-18 09:53:01,gg.google.com
2013-11-18 09:53:02,plus.google.com
2013-11-18 09:53:27,www.google.fr
2013-11-18 09:53:32,mail.google.com
2013-11-18 09:53:36,clients1.google.fr
2013-11-18 09:53:36,www.google.fr
2013-11-18 09:53:37,www.google.fr
2013-11-18 09:53:43,plus.google.com
2013-11-18 09:53:43,www.google.fr
2013-11-18 09:55:46,www.google.fr
2013-11-18 09:56:52,maps.google.fr
2013-11-18 09:57:01,gg.google.com
2013-11-18 09:57:02,plus.google.com
2013-11-18 09:59:04,gg.google.com
2013-11-18 09:59:04,maps.google.fr
2013-11-18 09:59:04,mts0.google.com
2013-11-18 09:59:04,mts1.google.com
2013-11-18 09:59:04,khms0.google.fr
2013-11-18 09:59:04,maps.google.com
2013-11-18 09:59:05,maps.google.fr
2013-11-18 09:59:05,mts0.google.com
2013-11-18 09:59:05,khms0.google.fr
2013-11-18 09:59:05,mts1.google.com
2013-11-18 09:59:05,khms1.google.fr
2013-11-18 09:59:06,khms1.google.fr
2013-11-18 09:59:08,mts1.google.com
2013-11-18 09:59:08,khms0.google.fr
2013-11-18 09:59:08,gg.google.com
2013-11-18 09:59:08,maps.google.fr
2013-11-18 09:59:08,khms1.google.fr
2013-11-18 09:59:08,mts0.google.com
2013-11-18 09:59:25,www.google.fr
2013-11-18 09:59:30,cbks1.google.com
2013-11-18 10:00:09,khms0.google.fr
2013-11-18 10:00:09,maps.google.fr
2013-11-18 10:03:15,craym.eu
2013-11-18 10:03:15,www.google.fr
2013-11-18 10:03:17,craym.eu
2013-11-18 10:03:20,craym.eu
2013-11-18 10:03:20,mail.google.com
2013-11-18 10:03:48,aragorn.craym.net
2013-11-18 10:03:58,aragorn.craym.net
2013-11-18 10:04:02,plus.google.com
2013-11-18 10:04:03,aragorn.craym.net
2013-11-18 10:04:06,plus.google.com
2013-11-18 10:04:09,aragorn.craym.net
2013-11-18 10:04:17,aragorn.craym.net
2013-11-18 10:07:36,b.mail.google.com
2013-11-18 10:12:15,apis.google.com
2013-11-18 10:12:15,mail.google.com
2013-11-18 10:14:08,b.mail.google.com
2013-11-18 10:14:15,mail.google.com
2013-11-18 10:15:55,www.google.fr
2013-11-18 10:15:57,www.google.fr
2013-11-18 10:16:00,www.google.com
2013-11-18 10:16:14,mail.google.com
2013-11-18 10:16:14,apis.google.com
2013-11-18 10:16:15,accounts.google.com
2013-11-18 10:16:15,apis.google.com
2013-11-18 10:16:16,apis.google.com
2013-11-18 10:16:17,mail.google.com
2013-11-18 10:16:19,apis.google.com
2013-11-18 10:16:19,www.google.com
2013-11-18 10:16:19,www.google.fr
2013-11-18 10:16:19,plus.google.com
2013-11-18 10:16:28,apis.google.com
2013-11-18 10:17:10,apis.google.com
2013-11-18 10:17:10,plus.google.com
2013-11-18 10:18:10,www.google.fr
2013-11-18 10:18:10,apis.google.com
2013-11-18 10:18:48,s-static.ak.facebook.com
2013-11-18 10:18:48,apis.google.com
2013-11-18 10:18:49,apis.google.com
2013-11-18 10:18:51,accounts.google.com
2013-11-18 10:19:55,accounts.google.com
2013-11-18 10:20:36,www.google.fr
2013-11-18 10:20:39,www.google.com
2013-11-18 10:20:44,plus.google.com
2013-11-18 10:21:39,www.google.com
2013-11-18 10:21:39,www.google.fr
2013-11-18 10:21:44,plus.google.com
2013-11-18 10:23:18,www.google.fr
2013-11-18 10:25:00,mail.google.com
2013-11-18 10:25:03,plus.google.com
2013-11-18 10:26:18,apis.google.com
2013-11-18 10:26:18,accounts.google.com
2013-11-18 10:26:18,s-static.ak.facebook.com
2013-11-18 10:26:18,www.facebook.com
2013-11-18 10:26:27,apis.google.com
2013-11-18 10:26:27,s-static.ak.facebook.com
2013-11-18 10:26:27,www.facebook.com
2013-11-18 10:26:33,platform.twitter.com
2013-11-18 10:26:37,twitter.com
2013-11-18 10:27:08,twitter.com
2013-11-18 10:27:42,platform.twitter.com
2013-11-18 10:29:03,www.google.fr
2013-11-18 10:29:35,craym.eu
2013-11-18 10:29:38,craym.eu
2013-11-18 10:30:33,craym.eu
2013-11-18 10:30:40,craym.eu
2013-11-18 10:31:06,craym.eu
2013-11-18 10:31:23,craym.eu
2013-11-18 10:31:27,craym.eu
2013-11-18 10:31:33,craym.eu
2013-11-18 10:31:34,craym.eu
2013-11-18 10:31:35,craym.eu
2013-11-18 10:31:49,craym.eu
2013-11-18 10:31:52,craym.eu
2013-11-18 10:32:28,craym.eu
2013-11-18 10:32:41,craym.eu
2013-11-18 10:32:45,craym.eu
2013-11-18 10:32:52,craym.eu
2013-11-18 10:33:57,b.mail.google.com
2013-11-18 10:33:57,www.google.com
2013-11-18 10:33:58,accounts.google.fr
2013-11-18 10:33:58,accounts.youtube.com
2013-11-18 10:33:58,accounts.google.com
2013-11-18 10:34:01,accounts.youtube.com
2013-11-18 10:34:01,mail.google.com
2013-11-25 09:12:44,armmf.adobe.com
2013-11-25 09:12:47,armmf.adobe.com
2013-11-25 09:13:19,www.gmail.com
2013-11-25 09:13:19,mail.google.com
2013-11-25 09:13:20,accounts.google.com
2013-11-25 09:13:22,accounts.youtube.com
2013-11-25 09:13:22,mail.google.com
2013-11-25 09:13:22,accounts.google.com
2013-11-25 09:14:12,accounts.google.fr
2013-11-25 09:14:14,accounts.google.com
2013-11-25 09:14:14,accounts.youtube.com
2013-11-25 09:14:14,accounts.google.fr
2013-11-25 09:14:15,mail.google.com
2013-11-25 09:14:16,mail.google.com
2013-11-25 09:14:17,clients2.google.com
2013-11-25 09:14:17,www.google.com
2013-11-25 09:14:18,mail.google.com
2013-11-25 09:14:18,apis.google.com
2013-11-25 09:14:18,clients2.google.com
2013-11-25 09:14:18,www.google.com
2013-11-25 09:14:18,plus.google.com
2013-11-25 09:14:19,apis.google.com
2013-11-25 09:14:19,plus.google.com
2013-11-25 09:14:19,accounts.google.com
2013-11-25 09:14:19,chatenabled.mail.google.com
2013-11-25 09:14:19,b.mail.google.com
2013-11-25 09:14:23,chatenabled.mail.google.com
2013-11-25 09:14:23,mail.google.com
2013-11-25 09:14:26,plus.google.com
2013-11-25 09:14:27,mail.google.com
2013-11-25 09:14:28,apis.google.com
2013-11-25 09:14:29,apis.google.com
2013-11-25 09:14:31,apis.google.com
2013-11-25 09:14:32,apis.google.com
2013-11-25 09:14:35,accounts.google.com
2013-11-25 09:14:46,s.wordpress.org
2013-11-25 09:14:46,1.gravatar.com
2013-11-25 09:15:16,1.gravatar.com
2013-11-25 09:15:20,mail.google.com
2013-11-25 09:15:37,1.gravatar.com
2013-11-25 09:15:46,1.gravatar.com
2013-11-25 09:16:17,mail.google.com
2013-11-25 09:17:19,mail.google.com
2013-11-25 09:18:33,ajax.googleapis.com
2013-11-25 09:18:33,www.clermont-filmfest.com
2013-11-25 09:18:33,mail.google.com
2013-11-25 09:18:33,plus.google.com
2013-11-25 09:18:34,www.clermont-filmfest.com
2013-11-25 09:18:34,code.jquery.com
2013-11-25 09:18:34,ajax.googleapis.com
2013-11-25 09:18:35,platform.twitter.com
2013-11-25 09:18:35,www.facebook.com
2013-11-25 09:18:35,www.clermont-filmfest.com
2013-11-25 09:18:36,pbs.twimg.com
2013-11-25 09:18:36,www.clermont-filmfest.com
2013-11-25 09:18:36,platform.twitter.com
2013-11-25 09:18:37,pbs.twimg.com
2013-11-25 09:18:37,www.clermont-filmfest.com
2013-11-25 09:18:37,twitter.com
2013-11-25 09:18:52,1.gravatar.com
2013-11-25 09:19:07,syndication.twitter.com
2013-11-25 09:19:08,twitter.com
2013-11-25 09:19:11,1.gravatar.com
2013-11-25 09:19:11,mail.google.com
2013-11-25 09:19:11,syndication.twitter.com
2013-11-25 09:19:11,platform.twitter.com
2013-11-25 09:19:26,docs.google.com
2013-11-25 09:19:26,plus.google.com
2013-11-25 09:19:26,mail.google.com
2013-11-25 09:19:54,1.gravatar.com
2013-11-25 09:20:07,1.gravatar.com
2013-11-25 09:20:20,1.gravatar.com
2013-11-25 09:20:31,1.gravatar.com
2013-11-25 09:20:36,docs.google.com
2013-11-25 09:20:38,1.gravatar.com
2013-11-25 09:20:51,1.gravatar.com
2013-11-25 09:21:00,1.gravatar.com
2013-11-25 09:21:07,syndication.twitter.com
2013-11-25 09:21:12,1.gravatar.com
2013-11-25 09:21:22,1.gravatar.com
2013-11-25 09:22:37,syndication.twitter.com
2013-11-25 09:23:31,1.gravatar.com
2013-11-25 09:23:48,1.gravatar.com
2013-11-25 09:24:06,1.gravatar.com
2013-11-25 09:24:07,syndication.twitter.com
2013-11-25 09:24:20,1.gravatar.com
2013-11-25 09:24:28,mail.google.com
2013-11-25 09:24:28,1.gravatar.com
2013-11-25 09:24:29,1.gravatar.com
2013-11-25 09:24:44,plus.google.com
2013-11-25 09:25:06,plus.google.com
2013-11-25 09:25:37,syndication.twitter.com
2013-11-25 09:25:50,1.gravatar.com
2013-11-25 09:26:07,1.gravatar.com
2013-11-25 09:26:22,1.gravatar.com
2013-11-25 09:26:22,html5shim.googlecode.com
2013-11-25 09:26:45,1.gravatar.com
2013-11-25 09:27:00,1.gravatar.com
2013-11-25 09:27:07,syndication.twitter.com
2013-11-25 09:27:11,fpdownload2.macromedia.com
2013-11-25 09:27:49,1.gravatar.com
2013-11-25 09:28:28,b.mail.google.com
2013-11-25 09:28:37,syndication.twitter.com
2013-11-25 09:28:58,1.gravatar.com
2013-11-25 09:29:07,1.gravatar.com
2013-11-25 09:29:07,html5shim.googlecode.com
2013-11-25 09:29:19,1.gravatar.com
2013-11-25 09:29:50,1.gravatar.com
2013-11-25 09:30:07,syndication.twitter.com
2013-11-25 09:30:30,html5shim.googlecode.com
2013-11-25 09:30:31,1.gravatar.com
2013-11-25 09:30:40,1.gravatar.com
2013-11-25 09:30:47,1.gravatar.com
2013-11-25 09:30:47,html5shim.googlecode.com
2013-11-25 09:30:54,1.gravatar.com
2013-11-25 09:31:00,1.gravatar.com
2013-11-25 09:31:08,1.gravatar.com
2013-11-25 09:31:35,1.gravatar.com
2013-11-25 09:31:37,1.gravatar.com
2013-11-25 09:31:37,syndication.twitter.com
2013-11-25 09:31:45,1.gravatar.com
2013-11-25 09:31:56,1.gravatar.com
2013-11-25 09:33:07,syndication.twitter.com
2013-11-25 09:33:28,1.gravatar.com
2013-11-25 09:33:38,1.gravatar.com
2013-11-25 09:33:38,html5shim.googlecode.com
2013-11-25 09:34:37,syndication.twitter.com
2013-11-25 09:35:09,1.gravatar.com
2013-11-25 09:35:16,1.gravatar.com
2013-11-25 09:35:16,html5shim.googlecode.com
2013-11-25 09:35:35,1.gravatar.com
2013-11-25 09:35:49,html5shim.googlecode.com
2013-11-25 09:35:49,1.gravatar.com
2013-11-25 09:36:07,syndication.twitter.com
2013-11-25 09:36:44,1.gravatar.com
2013-11-25 09:36:51,html5shim.googlecode.com
2013-11-25 09:36:51,1.gravatar.com
2013-11-25 09:37:14,1.gravatar.com
2013-11-25 09:37:23,1.gravatar.com
2013-11-25 09:37:37,syndication.twitter.com
2013-11-25 09:37:39,1.gravatar.com
2013-11-25 09:37:53,1.gravatar.com
2013-11-25 09:38:06,1.gravatar.com
2013-11-25 09:38:25,1.gravatar.com
2013-11-25 09:38:27,mail.google.com
2013-11-25 09:38:41,1.gravatar.com
2013-11-25 09:38:45,b.mail.google.com
2013-11-25 09:38:54,html5shim.googlecode.com
2013-11-25 09:38:54,1.gravatar.com
2013-11-25 09:39:04,1.gravatar.com
2013-11-25 09:39:07,syndication.twitter.com
2013-11-25 09:39:54,1.gravatar.com
2013-11-25 09:40:37,syndication.twitter.com
2013-11-25 09:40:55,1.gravatar.com
2013-11-25 09:41:42,1.gravatar.com
2013-11-25 09:41:50,1.gravatar.com
2013-11-25 09:41:50,html5shim.googlecode.com
2013-11-25 09:41:56,1.gravatar.com
2013-11-25 09:42:05,1.gravatar.com
2013-11-25 09:42:07,syndication.twitter.com
2013-11-25 09:42:24,1.gravatar.com
2013-11-25 09:42:46,1.gravatar.com
2013-11-25 09:42:59,html5shim.googlecode.com
2013-11-25 09:42:59,1.gravatar.com
2013-11-25 09:43:11,1.gravatar.com
2013-11-25 09:43:27,mail.google.com
2013-11-25 09:43:38,syndication.twitter.com
2013-11-25 09:43:39,1.gravatar.com
2013-11-25 09:43:58,1.gravatar.com
2013-11-25 09:44:54,mail.google.com
2013-11-25 09:45:08,syndication.twitter.com
2013-11-25 09:45:20,1.gravatar.com
2013-11-25 09:45:38,1.gravatar.com
2013-11-25 09:45:38,html5shim.googlecode.com
2013-11-25 09:46:12,plus.google.com
2013-11-25 09:46:19,1.gravatar.com
2013-11-25 09:46:29,www.google.fr
2013-11-25 09:46:30,www.google.fr
2013-11-25 09:46:31,www.google.com
2013-11-25 09:46:31,www.google.fr
2013-11-25 09:46:36,apis.google.com
2013-11-25 09:46:36,www.google.com
2013-11-25 09:46:36,plus.google.com
2013-11-25 09:46:37,code.jquery.com
2013-11-25 09:46:37,www.google.fr
2013-11-25 09:46:37,www.ff-handball.org
2013-11-25 09:46:37,newsletters.ff-handball.org
2013-11-25 09:46:38,code.jquery.com
2013-11-25 09:46:38,www.facebook.com
2013-11-25 09:46:38,www.ff-handball.org
2013-11-25 09:46:38,syndication.twitter.com
2013-11-25 09:46:39,www.google.com
2013-11-25 09:46:39,www.ff-handball.org
2013-11-25 09:46:39,accounts.google.com
2013-11-25 09:46:40,www.ff-handball.org
2013-11-25 09:46:40,adventori.com
2013-11-25 09:46:49,www.ff-handball.org
2013-11-25 09:46:50,www.ff-handball.org
2013-11-25 09:46:51,www.ff-handball.org
2013-11-25 09:46:51,platform.twitter.com
2013-11-25 09:46:51,connect.facebook.net
2013-11-25 09:46:51,accounts.google.com
2013-11-25 09:46:52,www.ff-handball.org
2013-11-25 09:46:52,apis.google.com
2013-11-25 09:47:09,accounts.google.com
2013-11-25 09:47:09,apis.google.com
2013-11-25 09:47:09,platform.twitter.com
2013-11-25 09:47:10,twitter.com
2013-11-25 09:47:12,static.ak.facebook.com
2013-11-25 09:47:13,s-static.ak.facebook.com
2013-11-25 09:47:16,html5shim.googlecode.com
2013-11-25 09:47:16,1.gravatar.com
2013-11-25 09:47:18,www.ff-handball.org
2013-11-25 09:47:18,twitter.com
2013-11-25 09:47:33,platform.twitter.com
2013-11-25 09:47:36,www.ff-handball.org
2013-11-25 09:47:36,plus.google.com
2013-11-25 09:47:36,www.google.fr
2013-11-25 09:47:36,apis.google.com
2013-11-25 09:47:54,www.facebook.com
2013-11-25 09:48:08,syndication.twitter.com
2013-11-25 09:48:08,www.ff-handball.org
2013-11-25 09:48:30,b.mail.google.com
2013-11-25 09:48:37,platform.twitter.com
2013-11-25 09:48:41,1.gravatar.com
2013-11-25 09:49:38,syndication.twitter.com
2013-11-25 09:51:40,html5shim.googlecode.com
2013-11-25 09:51:40,1.gravatar.com
2013-11-25 09:52:15,1.gravatar.com
2013-11-25 09:52:47,1.gravatar.com
2013-11-25 09:52:56,1.gravatar.com
2013-11-25 09:53:21,1.gravatar.com
2013-11-25 09:54:11,html5shim.googlecode.com
2013-11-25 09:54:11,1.gravatar.com
2013-11-25 09:54:12,1.gravatar.com
2013-11-25 09:54:26,1.gravatar.com
2013-11-25 09:55:31,1.gravatar.com
2013-11-25 09:55:51,1.gravatar.com
2013-11-25 09:56:28,1.gravatar.com
2013-11-25 09:56:36,html5shim.googlecode.com
2013-11-25 09:56:36,1.gravatar.com
2013-11-25 09:56:42,1.gravatar.com
2013-11-25 09:57:00,1.gravatar.com
2013-11-25 09:57:05,1.gravatar.com
2013-11-25 09:57:09,1.gravatar.com
2013-11-25 09:57:25,1.gravatar.com
2013-11-25 09:57:29,1.gravatar.com
2013-11-25 09:57:49,1.gravatar.com
2013-11-25 09:58:45,1.gravatar.com
2013-11-25 09:58:58,1.gravatar.com
2013-11-25 09:59:22,1.gravatar.com
2013-11-25 09:59:26,1.gravatar.com
2013-11-25 09:59:26,mail.google.com
2013-11-25 09:59:54,1.gravatar.com
2013-11-25 10:00:15,mail.google.com
2013-11-25 10:00:15,1.gravatar.com
2013-11-25 10:00:45,1.gravatar.com
2013-11-25 10:01:07,1.gravatar.com
2013-11-25 10:01:20,1.gravatar.com
2013-11-25 10:01:21,1.gravatar.com
2013-11-25 10:01:21,html5shim.googlecode.com
2013-11-25 10:01:48,1.gravatar.com
2013-11-25 10:01:56,1.gravatar.com
2013-11-25 10:02:21,1.gravatar.com
2013-11-25 10:02:21,html5shim.googlecode.com
2013-11-25 10:03:21,1.gravatar.com
2013-11-25 10:03:50,1.gravatar.com
2013-11-25 10:03:57,1.gravatar.com
2013-11-25 10:03:57,html5shim.googlecode.com
2013-11-25 10:04:17,1.gravatar.com
2013-11-25 10:04:35,1.gravatar.com
2013-11-25 10:04:50,1.gravatar.com
2013-11-25 10:05:09,1.gravatar.com
2013-11-25 10:05:55,1.gravatar.com
2013-11-25 10:06:12,plus.google.com
2013-11-25 10:06:12,mail.google.com
2013-11-25 10:06:14,mail.google.com
2013-11-25 10:06:14,1.gravatar.com
2013-11-25 10:06:39,1.gravatar.com
2013-11-25 10:06:59,1.gravatar.com
2013-11-25 10:07:13,1.gravatar.com
2013-11-25 10:07:43,1.gravatar.com
2013-11-25 10:07:52,1.gravatar.com
2013-11-25 10:08:08,1.gravatar.com
2013-11-25 10:08:34,1.gravatar.com
2013-11-25 10:08:41,html5shim.googlecode.com
2013-11-25 10:08:41,1.gravatar.com
2013-11-25 10:09:06,1.gravatar.com
2013-11-25 10:09:12,1.gravatar.com
2013-11-25 10:09:12,html5shim.googlecode.com
2013-11-25 10:09:18,1.gravatar.com
2013-11-25 10:09:29,1.gravatar.com
2013-11-25 10:09:33,1.gravatar.com
2013-11-25 10:09:57,mail.google.com
2013-11-25 10:10:39,1.gravatar.com
2013-11-25 10:12:10,html5shim.googlecode.com
2013-11-25 10:12:10,1.gravatar.com
2013-11-25 10:12:30,1.gravatar.com
2013-11-25 10:13:24,1.gravatar.com
2013-11-25 10:13:32,1.gravatar.com
2013-11-25 10:13:44,1.gravatar.com
2013-11-25 10:13:53,1.gravatar.com
2013-11-25 10:13:58,html5shim.googlecode.com
2013-11-25 10:13:59,1.gravatar.com
2013-11-25 10:14:16,mail.google.com
2013-11-25 10:14:17,1.gravatar.com
2013-11-25 10:14:29,1.gravatar.com
2013-11-25 10:14:38,1.gravatar.com
2013-11-25 10:14:52,1.gravatar.com
2013-11-25 10:15:28,mail.google.com
2013-11-25 10:15:32,apis.google.com
2013-11-25 10:15:32,drive.google.com
2013-11-25 10:15:33,drive.google.com
2013-11-25 10:15:33,apis.google.com
2013-11-25 10:15:33,1.gravatar.com
2013-11-25 10:15:34,drive.google.com
2013-11-25 10:15:34,apis.google.com
2013-11-25 10:15:34,0.drive.google.com
2013-11-25 10:15:35,www.google.com
2013-11-25 10:15:35,drive.google.com
2013-11-25 10:15:39,docs.google.com
2013-11-25 10:15:39,www.google.com
2013-11-25 10:15:39,drive.google.com
2013-11-25 10:15:40,docs.google.com
2013-11-25 10:15:41,plus.google.com
2013-11-25 10:15:54,docs.google.com
2013-11-25 10:16:10,1.gravatar.com
2013-11-25 10:16:13,www.google.com
2013-11-25 10:16:33,docs.google.com
2013-11-25 10:16:33,gg.google.com
2013-11-25 10:16:34,plus.google.com
2013-11-25 10:16:35,drive.google.com
2013-11-25 10:16:36,1.gravatar.com
2013-11-25 10:16:41,gg.google.com
2013-11-25 10:16:42,docs.google.com
2013-11-25 10:16:43,docs.google.com
2013-11-25 10:16:45,www.google.com
2013-11-25 10:16:46,docs.google.com
2013-11-25 10:16:47,www.google.com
2013-11-25 10:16:47,docs.google.com
2013-11-25 10:16:51,docs.google.com
2013-11-25 10:16:51,accounts.google.com
2013-11-25 10:16:51,clients6.google.com
2013-11-25 10:16:51,apis.google.com
2013-11-25 10:16:51,0.docs.google.com
2013-11-25 10:16:52,apis.google.com
2013-11-25 10:16:53,docs.google.com
2013-11-25 10:16:53,talkgadget.google.com
2013-11-25 10:16:53,clients6.google.com
2013-11-25 10:16:54,apis.google.com
2013-11-25 10:16:54,talkgadget.google.com
2013-11-25 10:16:54,docs.google.com
2013-11-25 10:16:54,plus.google.com
2013-11-25 10:16:57,talkgadget.google.com
2013-11-25 10:16:57,plus.google.com
2013-11-25 10:17:14,talkgadget.google.com
2013-11-25 10:17:19,talkgadget.google.com
2013-11-25 10:17:19,docs.google.com
2013-11-25 10:17:20,0.docs.google.com
2013-11-25 10:17:49,drive.google.com
2013-11-25 10:17:50,1.gravatar.com
2013-11-25 10:17:50,html5shim.googlecode.com
2013-11-25 10:18:05,docs.google.com
2013-11-25 10:18:05,1.gravatar.com
2013-11-25 10:18:05,talkgadget.google.com
2013-11-25 10:18:21,docs.google.com
2013-11-25 10:18:39,drive.google.com
2013-11-25 10:19:02,mail.google.com
2013-11-25 10:19:04,mail.google.com
2013-11-25 10:19:05,clients2.google.com
2013-11-25 10:19:05,www.google.com
2013-11-25 10:19:06,plus.google.com
2013-11-25 10:19:06,mail.google.com
2013-11-25 10:19:06,clients2.google.com
2013-11-25 10:19:07,mail.google.com
2013-11-25 10:19:07,chatenabled.mail.google.com
2013-11-25 10:19:08,mail.google.com
2013-11-25 10:19:08,b.mail.google.com
2013-11-25 10:19:09,chatenabled.mail.google.com
2013-11-25 10:19:13,plus.google.com
2013-11-25 10:19:13,b.mail.google.com
2013-11-25 10:19:14,drive.google.com
2013-11-25 10:19:25,0.drive.google.com
2013-11-25 10:19:25,www.google.com
2013-11-25 10:19:26,1.gravatar.com
2013-11-25 10:19:26,html5shim.googlecode.com
2013-11-25 10:19:50,1.gravatar.com
2013-11-25 10:19:50,html5shim.googlecode.com
2013-11-25 10:20:02,mail.google.com
2013-11-25 10:20:05,1.gravatar.com
2013-11-25 10:20:05,html5shim.googlecode.com
2013-11-25 10:20:18,1.gravatar.com
2013-11-25 10:20:26,mail.google.com
2013-11-25 10:20:36,html5shim.googlecode.com
2013-11-25 10:20:36,1.gravatar.com
2013-11-25 10:21:23,1.gravatar.com
2013-11-25 10:21:51,1.gravatar.com
2013-11-25 10:22:11,1.gravatar.com
2013-11-25 10:22:29,1.gravatar.com
2013-11-25 10:22:44,1.gravatar.com
2013-11-25 10:23:04,www.paypalobjects.com
2013-11-25 10:23:04,1.gravatar.com
2013-11-25 10:23:32,1.gravatar.com
2013-11-25 10:23:38,html5shim.googlecode.com
2013-11-25 10:23:38,1.gravatar.com
2013-11-25 10:23:45,1.gravatar.com
2013-11-25 10:24:04,1.gravatar.com
2013-11-25 10:24:17,1.gravatar.com
2013-11-25 10:24:24,1.gravatar.com
2013-11-25 10:24:29,www.paypalobjects.com
2013-11-25 10:24:36,1.gravatar.com
2013-11-25 10:24:53,1.gravatar.com
2013-11-25 10:25:03,1.gravatar.com
2013-11-25 10:25:16,1.gravatar.com
2013-11-25 10:25:50,1.gravatar.com
2013-11-25 10:26:09,1.gravatar.com
2013-11-25 10:26:27,1.gravatar.com
2013-11-25 10:27:13,html5shim.googlecode.com
2013-11-25 10:27:13,1.gravatar.com
2013-11-25 10:27:15,1.gravatar.com
2013-11-25 10:27:35,1.gravatar.com
2013-11-25 10:27:47,1.gravatar.com
2013-11-25 10:28:34,plus.google.com
2013-11-25 10:29:29,1.gravatar.com
2013-11-25 10:29:36,1.gravatar.com
2013-11-25 10:29:36,html5shim.googlecode.com
2013-11-25 10:30:21,1.gravatar.com
2013-11-25 10:30:51,1.gravatar.com
2013-11-25 10:33:35,b.mail.google.com
2013-11-25 10:39:54,b.mail.google.com
2013-11-25 10:48:34,plus.google.com
2013-11-25 10:48:37,mail.google.com
2013-11-25 10:51:43,mail.google.com
2013-11-25 10:53:37,mail.google.com
2013-11-25 10:53:44,b.mail.google.com
2013-11-25 10:54:01,1.gravatar.com
2013-11-25 10:54:01,html5shim.googlecode.com
2013-11-25 10:56:43,mail.google.com
2013-11-25 10:57:51,mail.google.com
2013-11-25 11:01:11,drive.google.com
2013-11-25 11:01:13,drive.google.com
2013-11-25 11:01:13,1.drive.google.com
2013-11-25 11:01:14,www.google.com
2013-11-25 11:01:16,www.google.com
2013-11-25 11:01:18,drive.google.com
2013-11-25 11:01:19,docs.google.com
2013-11-25 11:01:27,docs.google.com
2013-11-25 11:01:31,docs.google.com
2013-11-25 11:01:33,plus.google.com
2013-11-25 11:01:35,docs.google.com
2013-11-25 11:01:35,apis.google.com
2013-11-25 11:01:35,1.docs.google.com
2013-11-25 11:01:35,clients6.google.com
2013-11-25 11:01:35,accounts.google.com
2013-11-25 11:01:36,accounts.google.com
2013-11-25 11:01:36,clients6.google.com
2013-11-25 11:01:37,1.docs.google.com
2013-11-25 11:01:48,clients6.google.com
2013-11-25 11:01:58,drive.google.com
2013-11-25 11:02:02,docs.google.com
2013-11-25 11:02:03,docs.google.com
2013-11-25 11:02:04,docs.google.com
2013-11-25 11:02:12,gg.google.com
2013-11-25 11:02:12,drive.google.com
2013-11-25 11:02:14,drive.google.com
2013-11-25 11:02:32,docs.google.com
2013-11-25 11:03:34,b.mail.google.com
2013-11-25 11:03:45,talkgadget.google.com
2013-11-25 11:03:45,gg.google.com
2013-11-25 11:03:46,apis.google.com
2013-11-25 11:03:46,docs.google.com
2013-11-25 11:03:46,talkgadget.google.com
2013-11-25 11:03:47,plus.google.com
2013-11-25 11:03:47,talkgadget.google.com
2013-11-25 11:04:08,talkgadget.google.com
2013-11-25 11:04:33,docs.google.com
2013-11-25 11:04:45,gg.google.com
2013-11-25 11:04:47,www.google.com
2013-11-25 11:04:47,talkgadget.google.com
2013-11-25 11:05:11,www.google.com
2013-11-25 11:05:57,0.gravatar.com
2013-11-25 11:06:08,talkgadget.google.com
2013-11-25 11:06:12,gg.google.com
2013-11-25 11:06:12,0.gravatar.com
2013-11-25 11:06:13,0.gravatar.com
2013-11-25 11:06:20,0.gravatar.com
2013-11-25 11:06:47,docs.google.com
2013-11-25 11:07:01,talkgadget.google.com
2013-11-25 11:07:02,0.gravatar.com
2013-11-25 11:07:16,0.gravatar.com
2013-11-25 11:07:35,0.gravatar.com
2013-11-25 11:08:18,0.gravatar.com
2013-11-25 11:08:35,plus.google.com
2013-11-25 11:08:43,0.gravatar.com
2013-11-25 11:08:56,0.gravatar.com
2013-11-25 11:09:57,0.gravatar.com
2013-11-25 11:10:27,0.gravatar.com
2013-11-25 11:11:25,drive.google.com
2013-11-25 11:11:25,0.gravatar.com
2013-11-25 11:11:36,0.gravatar.com
2013-11-25 11:11:46,1.drive.google.com
2013-11-25 11:11:46,plus.google.com
2013-11-25 11:12:17,0.gravatar.com
2013-11-25 11:12:18,plus.google.com
2013-11-25 11:13:04,0.gravatar.com
2013-11-25 11:14:04,talkgadget.google.com
2013-11-25 11:14:59,0.gravatar.com
2013-11-25 11:15:11,0.gravatar.com
2013-11-25 11:15:27,0.gravatar.com
2013-11-25 11:16:42,0.gravatar.com
2013-11-25 11:16:49,0.gravatar.com
2013-11-25 11:16:56,talkgadget.google.com
2013-11-25 11:17:03,0.gravatar.com
2013-11-25 11:17:47,docs.google.com
2013-11-25 11:17:53,0.gravatar.com
2013-11-25 11:18:12,0.gravatar.com
2013-11-25 11:18:20,wpdotorg.files.wordpress.com
2013-11-25 11:18:26,0.gravatar.com
2013-11-25 11:18:38,0.gravatar.com
2013-11-25 11:18:53,mail.google.com
2013-11-25 11:19:05,0.gravatar.com
2013-11-25 11:19:13,drive.google.com
2013-11-25 11:19:25,0.gravatar.com
2013-11-25 11:19:33,0.gravatar.com
2013-11-25 11:19:47,0.gravatar.com
2013-11-25 11:20:19,0.gravatar.com
2013-11-25 11:20:57,0.gravatar.com
2013-11-25 11:21:11,0.gravatar.com
2013-11-25 11:21:13,mail.google.com
2013-11-25 11:21:22,0.gravatar.com
2013-11-25 11:21:46,1.gravatar.com
2013-11-25 11:22:00,1.gravatar.com
2013-11-25 11:22:17,0.gravatar.com
2013-11-25 11:22:30,0.gravatar.com
2013-11-25 11:22:31,0.gravatar.com
2013-11-25 11:22:37,0.gravatar.com
2013-11-25 11:22:54,html5shim.googlecode.com
2013-11-25 11:23:00,1.gravatar.com
2013-11-25 11:23:11,1.gravatar.com
2013-11-25 11:23:21,0.gravatar.com
2013-11-25 11:23:39,0.gravatar.com
2013-11-25 11:23:54,mail.google.com
2013-11-25 11:24:01,0.gravatar.com
2013-11-25 11:24:20,0.gravatar.com
2013-11-25 11:24:31,talkgadget.google.com
2013-11-25 11:24:56,talkgadget.google.com
2013-11-25 11:25:13,drive.google.com
2013-11-25 11:25:24,0.gravatar.com
2013-11-25 11:25:25,0.gravatar.com
2013-11-25 11:25:27,craym.eu
2013-11-25 11:25:28,craym.eu
2013-11-25 11:25:29,craym.eu
2013-11-25 11:25:35,craym.eu
2013-11-25 11:25:37,0.gravatar.com
2013-11-25 11:25:55,0.gravatar.com
2013-11-25 11:25:59,b.mail.google.com
2013-11-25 11:26:06,0.gravatar.com
2013-11-25 11:26:13,mail.google.com
2013-11-25 11:26:24,www.google.fr
2013-11-25 11:26:25,www.google.fr
2013-11-25 11:26:25,www.google.com
2013-11-25 11:26:27,www.google.fr
2013-11-25 11:26:27,www.google.com
2013-11-25 11:26:27,apis.google.com
2013-11-25 11:26:27,clients1.google.fr
2013-11-25 11:26:33,www.google.fr
2013-11-25 11:26:33,clients1.google.fr
2013-11-25 11:26:33,apis.google.com
2013-11-25 11:26:34,www.google.fr
2013-11-25 11:26:35,clients1.google.fr
2013-11-25 11:26:38,clients1.google.fr
2013-11-25 11:26:38,www.google.fr
2013-11-25 11:26:41,www.google.fr
2013-11-25 11:26:42,plus.google.com
2013-11-25 11:26:43,plus.google.com
2013-11-25 11:27:07,www.google.fr
2013-11-25 11:27:07,clients1.google.fr
2013-11-25 11:27:09,www.google.fr
2013-11-25 11:27:10,www.google.fr
2013-11-25 11:27:10,cdt64.tourinsoft.com
2013-11-25 11:27:11,www.terreetcotebasques.com
2013-11-25 11:27:11,maps.googleapis.com
2013-11-25 11:27:12,www.terreetcotebasques.com
2013-11-25 11:27:12,tourisme.appsandco.com
2013-11-25 11:27:13,w.sharethis.com
2013-11-25 11:27:13,cdt64.tourinsoft.com
2013-11-25 11:27:13,www.terreetcotebasques.com
2013-11-25 11:27:14,w.sharethis.com
2013-11-25 11:27:14,edge.sharethis.com
2013-11-25 11:27:14,www.terreetcotebasques.com
2013-11-25 11:27:16,www.terreetcotebasques.com
2013-11-25 11:27:16,mt1.googleapis.com
2013-11-25 11:27:16,mt0.googleapis.com
2013-11-25 11:27:16,maps.googleapis.com
2013-11-25 11:27:17,mt1.googleapis.com
2013-11-25 11:27:17,mt0.googleapis.com
2013-11-25 11:27:50,0.gravatar.com
2013-11-25 11:27:55,0.gravatar.com
2013-11-25 11:27:58,talkgadget.google.com
2013-11-25 11:28:19,0.gravatar.com
2013-11-25 11:28:35,plus.google.com
2013-11-25 11:28:47,docs.google.com
2013-11-25 11:28:54,mail.google.com
2013-11-25 11:29:06,0.gravatar.com
2013-11-25 11:29:09,0.gravatar.com
2013-11-25 11:29:13,drive.google.com
2013-11-25 11:29:38,0.gravatar.com
2013-11-25 11:29:56,0.gravatar.com
2013-11-25 11:30:16,0.gravatar.com
2013-11-25 11:30:17,0.gravatar.com
2013-11-25 11:30:46,0.gravatar.com
2013-11-25 11:31:13,mail.google.com
2013-11-25 11:31:21,0.gravatar.com
2013-11-25 11:31:34,0.gravatar.com
2013-11-25 11:31:52,0.gravatar.com
2013-11-25 11:32:04,0.gravatar.com
2013-11-25 11:32:19,0.gravatar.com
2013-11-25 11:32:41,0.gravatar.com
2013-11-25 11:33:03,0.gravatar.com
2013-11-25 11:33:16,0.gravatar.com
2013-11-25 11:33:20,0.gravatar.com
2013-11-25 11:33:51,talkgadget.google.com
2013-11-25 11:33:55,mail.google.com
2013-11-25 11:34:07,0.gravatar.com
2013-11-25 11:34:13,html5shim.googlecode.com
2013-11-25 11:34:13,1.gravatar.com
2013-11-25 11:34:47,docs.google.com
2013-11-25 11:35:30,plus.google.com
2013-11-25 11:36:13,mail.google.com
2013-11-25 11:36:15,0.gravatar.com
2013-11-25 11:36:48,0.gravatar.com
2013-11-25 11:37:07,talkgadget.google.com
2013-11-25 11:37:12,1.drive.google.com
2013-11-25 11:37:21,1.docs.google.com
2013-11-25 11:37:21,talkgadget.google.com
2013-11-25 11:37:23,0.gravatar.com
2013-11-25 11:37:47,0.gravatar.com
2013-11-25 11:37:58,0.gravatar.com
2013-11-25 11:38:07,0.gravatar.com
2013-11-25 11:38:28,talkgadget.google.com
2013-11-25 11:38:29,0.gravatar.com
2013-11-25 11:38:32,docs.google.com
2013-11-25 11:38:49,0.gravatar.com
2013-11-25 11:38:55,mail.google.com
2013-11-25 11:39:03,0.gravatar.com
2013-11-25 11:39:13,drive.google.com
2013-11-25 11:39:22,0.gravatar.com
2013-11-25 11:39:29,www.gmail.com
2013-11-25 11:39:29,accounts.google.com
2013-11-25 11:39:29,mail.google.com
2013-11-25 11:39:30,accounts.google.com
2013-11-25 11:39:30,mail.google.com
2013-11-25 11:39:31,mail.google.com
2013-11-25 11:39:32,mail.google.com
2013-11-25 11:39:33,mail.google.com
2013-11-25 11:39:33,www.google.com
2013-11-25 11:39:33,clients2.google.com
2013-11-25 11:39:33,apis.google.com
2013-11-25 11:39:34,www.google.com
2013-11-25 11:39:34,plus.google.com
2013-11-25 11:39:34,apis.google.com
2013-11-25 11:39:34,clients2.google.com
2013-11-25 11:39:35,plus.google.com
2013-11-25 11:39:35,accounts.google.com
2013-11-25 11:39:35,mail.google.com
2013-11-25 11:39:35,apis.google.com
2013-11-25 11:39:35,chatenabled.mail.google.com
2013-11-25 11:39:35,b.mail.google.com
2013-11-25 11:39:44,chatenabled.mail.google.com
2013-11-25 11:39:46,plus.google.com
2013-11-25 11:39:48,mail.google.com
2013-11-25 11:40:17,0.gravatar.com
2013-11-25 11:40:24,0.gravatar.com
2013-11-25 11:40:53,0.gravatar.com
2013-11-25 11:41:03,b.mail.google.com
2013-11-25 11:41:09,0.gravatar.com
2013-11-25 11:41:13,mail.google.com
2013-11-25 11:42:14,0.gravatar.com
2013-11-25 11:42:39,mail.google.com
2013-11-25 11:42:39,0.gravatar.com
2013-11-25 11:43:03,0.gravatar.com
2013-11-25 11:43:16,0.gravatar.com
2013-11-25 11:43:30,0.gravatar.com
2013-11-25 11:43:55,mail.google.com
2013-11-25 11:44:06,0.gravatar.com
2013-11-25 11:45:18,0.gravatar.com
2013-11-25 11:45:39,mail.google.com
2013-11-25 11:45:39,0.gravatar.com
2013-11-25 11:46:06,mail.google.com
2013-11-25 11:46:06,0.gravatar.com
2013-11-25 11:46:13,mail.google.com
2013-11-25 11:48:35,plus.google.com
2013-11-25 11:48:38,0.gravatar.com
2013-11-25 11:48:56,mail.google.com
2013-11-25 11:49:22,mail.google.com
2013-11-25 11:49:22,0.gravatar.com
2013-11-25 11:49:40,talkgadget.google.com
2013-11-25 11:49:43,mail.google.com
2013-11-25 11:49:48,plus.google.com
2013-11-25 11:49:54,1.drive.google.com
2013-11-25 11:49:58,docs.google.com
2013-11-25 11:49:59,talkgadget.google.com
2013-11-25 11:49:59,1.docs.google.com
2013-11-25 11:50:01,plus.google.com
2013-11-25 11:50:01,0.gravatar.com
2013-11-25 11:50:02,b.mail.google.com
2013-11-25 11:50:20,0.gravatar.com
2013-11-25 11:50:57,mail.google.com
2013-11-25 11:50:59,0.gravatar.com
2013-11-25 11:51:13,mail.google.com
2013-11-25 11:51:30,0.gravatar.com
2013-11-25 11:51:38,0.gravatar.com
2013-11-25 11:51:45,0.gravatar.com
2013-11-25 11:51:53,0.gravatar.com
2013-11-25 11:52:12,0.gravatar.com
2013-11-25 11:52:12,mail.google.com
2013-11-25 11:52:52,0.gravatar.com
2013-11-25 11:53:12,0.gravatar.com
2013-11-25 11:53:21,0.gravatar.com
2013-11-25 11:53:33,b.mail.google.com
2013-11-25 11:53:40,0.gravatar.com
2013-11-25 11:53:56,mail.google.com
2013-11-25 11:54:12,0.gravatar.com
2013-11-25 11:54:22,0.gravatar.com
2013-11-25 11:54:52,0.gravatar.com
2013-11-25 11:55:26,0.gravatar.com
2013-11-25 11:55:30,plus.google.com
2013-11-25 11:55:44,0.gravatar.com
2013-11-25 11:55:58,mail.google.com
2013-11-25 11:56:00,mail.google.com
2013-11-25 11:56:01,www.google.com
2013-11-25 11:56:01,b.mail.google.com
2013-11-25 11:56:02,www.google.com
2013-11-25 11:56:02,www.google.fr
2013-11-25 11:56:02,accounts.google.fr
2013-11-25 11:56:02,accounts.youtube.com
2013-11-25 11:56:02,accounts.google.com
2013-11-25 11:56:03,accounts.google.fr
2013-11-25 11:56:03,accounts.google.com
2013-11-25 11:56:03,accounts.youtube.com
2013-11-25 11:56:07,talkgadget.google.com
2013-11-25 11:56:08,docs.google.com
2013-11-25 11:56:08,1.docs.google.com
2013-11-25 11:56:08,talkgadget.google.com
2013-11-25 11:56:09,mail.google.com
2013-11-25 11:56:09,drive.google.com
2013-11-25 11:56:10,drive.google.com
2013-11-25 11:56:10,www.google.com
2013-11-25 11:56:10,mail.google.com
2013-11-25 11:56:13,b.mail.google.com
2013-11-25 11:56:19,docs.google.com
2013-11-25 11:56:19,www.google.com
2013-11-25 11:56:19,mail.google.com
2013-11-25 11:56:19,accounts.google.com
2013-11-25 11:56:19,drive.google.com
2013-11-25 11:56:19,accounts.youtube.com
2013-11-25 11:56:19,1.drive.google.com
