timestamp,site
2014-01-30 10:14:37,fpdownload2.macromedia.com
2014-01-30 10:14:43,ieonline.microsoft.com
2014-01-30 10:14:47,www.bing.com
2014-01-30 10:14:47,www.google.com
2014-01-30 10:14:54,www.google.fr
2014-01-30 10:14:56,apis.google.com
2014-01-30 10:14:56,www.google.com
2014-01-30 10:15:03,www.google.fr
2014-01-30 10:15:03,entauvergne.fr
2014-01-30 10:15:03,code.jquery.com
2014-01-30 10:15:03,apis.google.com
2014-01-30 10:15:03,www.google.com
2014-01-30 10:15:04,entauvergne.fr
2014-01-30 10:15:08,www.google.fr
2014-01-30 10:15:08,ent.u-clermont1.fr
2014-01-30 10:15:10,ent.u-clermont1.fr
2014-01-30 10:15:10,www.u-clermont1.fr
2014-01-30 10:15:10,www.google.fr
2014-01-30 10:15:10,statics.itslearning.com
2014-01-30 10:15:19,entauvergne.fr
2014-01-30 10:15:19,www.google.fr
2014-01-30 10:15:26,www.google.fr
2014-01-30 10:16:42,ieonline.microsoft.com
2014-01-30 10:16:42,go.microsoft.com
2014-02-13 10:08:38,office14client.microsoft.com
2014-02-13 10:08:39,office.microsoft.com
2014-02-13 10:08:40,office.microsoft.com
2014-02-13 10:08:41,office.microsoft.com
2014-02-13 10:08:49,www.google.com
2014-02-13 10:08:51,www.google.fr
2014-02-13 10:08:54,www.google.fr
2014-02-13 10:08:55,www.google.com
2014-02-13 10:08:55,apis.google.com
2014-02-13 10:09:08,www.google.com
2014-02-13 10:09:08,www.google.fr
2014-02-13 10:09:08,www.lequipemagazine.fr
2014-02-13 10:09:08,medias.lequipe.fr
2014-02-13 10:09:08,connect.facebook.net
2014-02-13 10:09:08,apis.google.com
2014-02-13 10:09:08,platform.twitter.com
2014-02-13 10:09:09,www.lequipemagazine.fr
2014-02-13 10:09:09,static.lequipe.fr
2014-02-13 10:09:10,pmu.eficiens-serving.com
2014-02-13 10:09:10,eulerian.canal-plus.com
2014-02-13 10:09:10,static.ak.facebook.com
2014-02-13 10:09:10,apis.google.com
2014-02-13 10:09:10,www.facebook.com
2014-02-13 10:09:10,www.lequipemagazine.fr
2014-02-13 10:09:10,fpdownload2.macromedia.com
2014-02-13 10:09:10,s-static.ak.facebook.com
2014-02-13 10:09:11,dtm.landofnod.com
2014-02-13 10:09:11,rubicon-match.dotomi.com
2014-02-13 10:09:11,pr.ybp.yahoo.com
2014-02-13 10:09:11,pmu.eficiens-serving.com
2014-02-13 10:09:11,static.lequipe.fr
2014-02-13 10:09:21,www.lequipemagazine.fr
2014-02-13 10:09:22,static.ak.facebook.com
2014-02-13 10:09:22,www.lequipemagazine.fr
2014-02-13 10:09:23,match.rtbidder.net
2014-02-13 10:09:23,www.facebook.com
2014-02-13 10:09:23,rbp.mxptint.net
2014-02-13 10:09:23,s-static.ak.facebook.com
2014-02-13 10:09:27,www.effiliation-hebergement.com
2014-02-13 10:09:32,static.lequipe.fr
2014-02-13 10:09:32,www.lequipe.fr
2014-02-13 10:09:33,widget.achetezfacile.com
2014-02-13 10:09:33,static.lequipe.fr
2014-02-13 10:09:33,www.lequipe.fr
2014-02-13 10:09:33,medias.lequipe.fr
2014-02-13 10:09:33,www.facebook.com
2014-02-13 10:09:34,widget.achetezfacile.com
2014-02-13 10:09:34,i.htfacile.fr
2014-02-13 10:09:34,ajax.googleapis.com
2014-02-13 10:09:34,um.simpli.fi
2014-02-13 10:09:34,netstorage.lequipe.fr
2014-02-13 10:09:34,platform.twitter.com
2014-02-13 10:09:34,www.lequipe.fr
2014-02-13 10:09:35,s-static.ak.facebook.com
2014-02-13 10:09:35,twitter.com
2014-02-13 10:09:35,apis.google.com
2014-02-13 10:09:35,www.lequipe.fr
2014-02-13 10:09:35,ad.publicidees.com
2014-02-13 10:09:35,www.facebook.com
2014-02-13 10:09:35,banniere.reussissonsensemble.fr
2014-02-13 10:09:35,static.lequipe.fr
2014-02-13 10:09:35,medias.lequipe.fr
2014-02-13 10:09:35,platform.twitter.com
2014-02-13 10:09:35,static.ak.facebook.com
2014-02-13 10:09:35,i.htfacile.fr
2014-02-13 10:09:36,banniere.reussissonsensemble.fr
2014-02-13 10:09:36,rp.gwallet.com
2014-02-13 10:09:36,pmu.eficiens-serving.com
2014-02-13 10:09:36,apis.google.com
2014-02-13 10:09:36,platform.twitter.com
2014-02-13 10:09:36,accounts.google.com
2014-02-13 10:09:36,twitter.com
2014-02-13 10:09:37,apis.google.com
2014-02-13 10:09:37,twitter.com
2014-02-13 10:09:37,accounts.google.com
2014-02-13 10:09:37,medias.lequipe.fr
2014-02-13 10:09:37,c1.adform.net
2014-02-13 10:09:37,www.facebook.com
2014-02-13 10:09:37,pmu.eficiens-serving.com
2014-02-13 10:09:37,www.lequipe.fr
2014-02-13 10:09:37,sa.kewego.com
2014-02-13 10:09:38,static.lequipe.fr
2014-02-13 10:09:38,www.facebook.com
2014-02-13 10:09:38,medias.lequipe.fr
2014-02-13 10:09:38,www.lequipe.fr
2014-02-13 10:09:38,ta.kewego.com
2014-02-13 10:09:39,twitter.com
2014-02-13 10:09:39,ta.kewego.com
2014-02-13 10:09:40,ta.kewego.com
2014-02-13 10:09:40,static.lequipe.fr
2014-02-13 10:09:40,www.lequipe.fr
2014-02-13 10:09:40,widget.achetezfacile.com
2014-02-13 10:09:40,medias.lequipe.fr
2014-02-13 10:09:40,apis.google.com
2014-02-13 10:09:41,i.htfacile.fr
2014-02-13 10:09:41,www.facebook.com
2014-02-13 10:09:41,apis.google.com
2014-02-13 10:09:42,netstorage.lequipe.fr
2014-02-13 10:09:42,twitter.com
2014-02-13 10:09:42,s-static.ak.facebook.com
2014-02-13 10:09:42,http.tidaltv.com
2014-02-13 10:09:42,widget.achetezfacile.com
2014-02-13 10:09:42,static.ak.facebook.com
2014-02-13 10:09:43,apis.google.com
2014-02-13 10:09:43,i.htfacile.fr
2014-02-13 10:09:43,www.facebook.com
2014-02-13 10:09:43,widget.achetezfacile.com
2014-02-13 10:09:47,medias.lequipe.fr
2014-02-13 10:09:54,www.google.fr
2014-02-13 10:10:07,www.google.fr
2014-02-13 10:10:07,medias.lequipe.fr
2014-02-13 10:10:07,static.eplayer.performgroup.com
2014-02-13 10:10:07,twitter.com
2014-02-13 10:10:07,www.francefootball.fr
2014-02-13 10:10:08,medias.lequipe.fr
2014-02-13 10:10:08,www.francefootball.fr
2014-02-13 10:10:08,pbs.twimg.com
2014-02-13 10:10:08,images.eplayer.performgroup.com
2014-02-13 10:10:08,videosfr.s3.amazonaws.com
2014-02-13 10:10:08,apis.google.com
2014-02-13 10:10:09,www.francefootball.fr
2014-02-13 10:10:09,s-static.ak.facebook.com
2014-02-13 10:10:09,static.ak.facebook.com
2014-02-13 10:10:09,fr.ad4mat.net
2014-02-13 10:10:10,www.facebook.com
2014-02-13 10:10:10,fr.ad4mat.net
2014-02-13 10:10:10,platform.twitter.com
2014-02-13 10:10:10,static.eplayer.performgroup.com
2014-02-13 10:10:11,twitter.com
2014-02-13 10:10:11,xml.betclick.com
2014-02-13 10:10:11,boutique-online.orange.fr
2014-02-13 10:10:11,static.eplayer.performgroup.com
2014-02-13 10:10:11,static.ad4mat.net
2014-02-13 10:10:11,www.francefootball.fr
2014-02-13 10:10:11,media.cyrillus.fr
2014-02-13 10:10:11,fr.ad4mat.net
2014-02-13 10:10:12,xml.betclick.com
2014-02-13 10:10:13,static.eplayer.performgroup.com
2014-02-13 10:10:15,medias.lequipe.fr
2014-02-13 10:10:15,www.francefootball.fr
2014-02-13 10:10:16,fr.ad4mat.net
2014-02-13 10:10:16,apis.google.com
2014-02-13 10:10:17,www.facebook.com
2014-02-13 10:10:17,static.ak.facebook.com
2014-02-13 10:10:17,www.francefootball.fr
2014-02-13 10:10:17,static.eplayer.performgroup.com
2014-02-13 10:10:17,s-static.ak.facebook.com
2014-02-13 10:10:17,apis.google.com
2014-02-13 10:10:17,accounts.google.com
2014-02-13 10:10:18,apis.google.com
2014-02-13 10:10:18,twitter.com
2014-02-13 10:10:18,a.nonstoppartner.net
2014-02-13 10:10:18,fr.ad4mat.net
2014-02-13 10:10:18,static.ad4mat.net
2014-02-13 10:10:18,ea.numericable.fr
2014-02-13 10:10:18,event.etam.com
2014-02-13 10:10:20,static.eplayer.performgroup.com
2014-02-13 10:10:21,static.eplayer.performgroup.com
2014-02-13 10:10:22,static.eplayer.performgroup.com
2014-02-13 10:10:22,tinyurl.com
2014-02-13 10:10:22,images.performgroup.com
2014-02-13 10:10:27,www.francefootball.fr
2014-02-13 10:10:49,ieonline.microsoft.com
2014-02-13 10:10:49,go.microsoft.com
2014-02-13 10:11:02,www.francefootball.fr
2014-02-13 10:11:03,s-static.ak.facebook.com
2014-02-13 10:11:03,www.facebook.com
2014-02-13 10:11:03,www.lequipemag.fr
2014-02-13 10:11:03,www.lequipemagazine.fr
2014-02-13 10:11:03,static.ak.facebook.com
2014-02-13 10:11:13,www.francefootball.fr
2014-02-13 10:11:14,static.ak.facebook.com
2014-02-13 10:11:14,www.facebook.com
2014-02-13 10:11:15,s-static.ak.facebook.com
2014-02-13 10:11:28,www.google.fr
2014-02-13 10:11:39,www.google.fr
2014-02-13 10:11:40,www.google.fr
2014-02-13 10:11:40,ajax.googleapis.com
2014-02-13 10:11:41,code.jquery.com
2014-02-13 10:11:41,ajax.googleapis.com
2014-02-13 10:11:42,static.ak.facebook.com
2014-02-13 10:11:42,rp.gwallet.com
2014-02-13 10:11:42,s-static.ak.facebook.com
2014-02-13 10:11:42,www.facebook.com
2014-02-13 10:12:13,twitter.com
2014-02-13 10:12:26,www.google.com
2014-02-13 10:12:40,www.google.com
2014-02-13 10:13:03,www.google.fr
2014-02-13 10:13:14,ifr.fifa.com
2014-02-13 10:13:14,fr.fifa.com
2014-02-13 10:13:14,www.google.fr
2014-02-13 10:13:15,fr.fifa.com
2014-02-13 10:13:15,metrics.fifa.com
2014-02-13 10:13:15,ifr.fifa.com
2014-02-13 10:13:55,fr.fifa.com
2014-02-13 10:13:56,metrics.fifa.com
2014-02-13 10:13:56,ifr.fifa.com
2014-02-13 10:13:56,fr.fifa.com
2014-02-13 10:13:57,platform.twitter.com
2014-02-13 10:13:57,apis.google.com
2014-02-13 10:13:57,connect.facebook.net
2014-02-13 10:13:57,img.fifa.com
2014-02-13 10:13:57,fr.fifa.com
2014-02-13 10:13:58,apis.google.com
2014-02-13 10:13:58,s-static.ak.facebook.com
2014-02-13 10:13:58,accounts.google.com
2014-02-13 10:13:58,static.ak.facebook.com
2014-02-13 10:13:58,www.facebook.com
2014-02-13 10:13:59,metrics.fifa.com
2014-02-13 10:14:01,fr.fifa.com
2014-02-13 10:14:06,fr.fifa.com
2014-02-13 10:14:07,s-static.ak.facebook.com
2014-02-13 10:14:09,s-static.ak.facebook.com
2014-02-13 10:14:11,fr.fifa.com
2014-02-13 10:14:13,s-static.ak.facebook.com
2014-02-13 10:14:16,fr.fifa.com
2014-02-13 10:14:18,www.google.fr
2014-02-13 10:14:28,twitter.com
2014-02-13 10:14:28,www.google.fr
2014-02-13 10:14:29,www.google.fr
2014-02-13 10:14:29,login.wikimedia.org
2014-02-13 10:14:29,bits.wikimedia.org
2014-02-13 10:14:29,fr.wikipedia.org
2014-02-13 10:14:29,meta.wikimedia.org
2014-02-13 10:16:29,office14client.microsoft.com
2014-02-13 10:16:30,office.microsoft.com
2014-02-13 10:21:18,fr.wikipedia.org
2014-02-13 10:21:19,fr.wikipedia.org
2014-02-13 10:21:20,meta.wikimedia.org
2014-02-13 10:21:20,bits.wikimedia.org
2014-02-13 10:21:20,fr.wikipedia.org
2014-02-13 10:21:36,bits.wikimedia.org
2014-02-13 10:21:36,fr.wikipedia.org
2014-02-13 10:21:37,fr.wikipedia.org
2014-02-13 10:21:37,meta.wikimedia.org
2014-02-13 10:28:16,static.eplayer.performgroup.com
2014-02-13 10:28:16,www.francefootball.fr
2014-02-13 10:28:17,static.eplayer.performgroup.com
2014-02-13 10:28:17,s-static.ak.facebook.com
2014-02-13 10:28:17,www.facebook.com
2014-02-13 10:28:17,static.ak.facebook.com
2014-02-13 10:28:18,xml.betclick.com
2014-02-13 10:28:18,twitter.com
2014-02-13 10:28:18,banniere.reussissonsensemble.fr
2014-02-13 10:28:18,ad.publicidees.com
2014-02-13 10:28:19,static.eplayer.performgroup.com
2014-02-13 10:28:19,banniere.reussissonsensemble.fr
2014-02-13 10:28:20,www.uaredesign.com
2014-02-13 10:28:21,static.eplayer.performgroup.com
2014-02-13 10:28:23,static.eplayer.performgroup.com
2014-02-13 10:28:24,static.eplayer.performgroup.com
2014-02-13 10:28:25,static.eplayer.performgroup.com
2014-02-13 10:28:26,images.performgroup.com
2014-02-13 10:33:20,www.francefootball.fr
2014-02-13 10:33:21,connect.facebook.net
2014-02-13 10:33:21,pbs.twimg.com
2014-02-13 10:33:21,platform.twitter.com
2014-02-13 10:33:21,static.eplayer.performgroup.com
2014-02-13 10:33:21,www.francefootball.fr
2014-02-13 10:33:21,medias.lequipe.fr
2014-02-13 10:33:21,images.eplayer.performgroup.com
2014-02-13 10:33:21,apis.google.com
2014-02-13 10:33:22,s-static.ak.facebook.com
2014-02-13 10:33:22,apis.google.com
2014-02-13 10:33:22,www.facebook.com
2014-02-13 10:33:22,static.eplayer.performgroup.com
2014-02-13 10:33:22,static.ak.facebook.com
2014-02-13 10:33:22,platform.twitter.com
2014-02-13 10:33:23,xml.betclick.com
2014-02-13 10:33:24,twitter.com
2014-02-13 10:33:24,ad.publicidees.com
2014-02-13 10:33:24,www.outiror.com
2014-02-13 10:33:24,banniere.reussissonsensemble.fr
2014-02-13 10:33:25,static.eplayer.performgroup.com
2014-02-13 10:33:25,banniere.reussissonsensemble.fr
2014-02-13 10:33:27,static.eplayer.performgroup.com
2014-02-13 10:33:28,static.eplayer.performgroup.com
2014-02-13 10:33:54,twitter.com
2014-02-13 10:34:16,www.francefootball.fr
2014-02-13 10:34:17,www.lequipemag.fr
2014-02-13 10:34:17,www.facebook.com
2014-02-13 10:34:17,s-static.ak.facebook.com
2014-02-13 10:34:17,static.ak.facebook.com
2014-02-13 10:34:19,www.francefootball.fr
2014-02-13 10:34:19,medias.lequipe.fr
2014-02-13 10:34:21,www.francefootball.fr
2014-02-13 10:34:21,www.facebook.com
2014-02-13 10:34:21,s-static.ak.facebook.com
2014-02-13 10:34:21,static.ak.facebook.com
2014-02-13 10:34:21,twitter.com
2014-02-13 10:34:22,apis.google.com
2014-02-13 10:34:23,xml.betclick.com
2014-02-13 10:34:24,static.eplayer.performgroup.com
2014-02-13 10:34:26,static.eplayer.performgroup.com
2014-02-13 10:34:27,static.eplayer.performgroup.com
2014-02-13 10:34:44,www.facebook.com
2014-02-13 10:34:48,www.facebook.com
2014-02-13 10:34:53,www.facebook.com
2014-02-13 10:34:54,www.facebook.com
2014-02-13 10:34:55,www.francefootball.fr
2014-02-13 10:34:57,s-static.ak.facebook.com
2014-02-13 10:34:57,static.ak.facebook.com
2014-02-13 10:34:57,www.francefootball.fr
2014-02-13 10:34:58,twitter.com
2014-02-13 10:34:58,www.facebook.com
2014-02-13 10:35:01,twitter.com
2014-02-13 10:35:01,banniere.reussissonsensemble.fr
2014-02-13 10:35:01,tag.yakarouler.com
2014-02-13 10:35:01,static.eplayer.performgroup.com
2014-02-13 10:35:02,www.yceml.net
2014-02-13 10:35:02,banniere.reussissonsensemble.fr
2014-02-13 10:35:03,www.comptoirsante.com
2014-02-13 10:35:03,static.eplayer.performgroup.com
2014-02-13 10:35:25,www.francefootball.fr
2014-02-13 10:35:26,static.ak.facebook.com
2014-02-13 10:35:26,www.facebook.com
2014-02-13 10:35:26,www.francefootball.fr
2014-02-13 10:35:26,s-static.ak.facebook.com
2014-02-13 10:35:28,a.nonstoppartner.net
2014-02-13 10:35:28,banniere.reussissonsensemble.fr
2014-02-13 10:35:28,ad.publicidees.com
2014-02-13 10:35:28,xml.betclick.com
2014-02-13 10:35:28,banner.nonstoppartner.net
2014-02-13 10:35:29,banniere.reussissonsensemble.fr
2014-02-13 10:35:29,static.eplayer.performgroup.com
2014-02-13 10:35:31,static.eplayer.performgroup.com
2014-02-13 10:35:32,static.eplayer.performgroup.com
2014-02-13 10:36:14,www.google.fr
2014-02-13 10:36:17,www.google.fr
2014-02-13 10:36:30,www.google.fr
2014-02-13 10:36:31,www.journaldunet.com
2014-02-13 10:36:31,r.ccmbg.com
2014-02-13 10:36:31,static.ccmbg.com
2014-02-13 10:36:31,r.linter.fr
2014-02-13 10:36:31,i-cms.journaldunet.com
2014-02-13 10:36:31,www.google.fr
2014-02-13 10:36:31,ajax.googleapis.com
2014-02-13 10:36:31,ba.journaldunet.com
2014-02-13 10:36:32,s-static.ak.facebook.com
2014-02-13 10:36:32,ajax.googleapis.com
2014-02-13 10:36:32,static.ccmbg.com
2014-02-13 10:36:32,r.ccmbg.com
2014-02-13 10:36:32,ba.journaldunet.com
2014-02-13 10:36:32,static.ak.facebook.com
2014-02-13 10:36:32,www.facebook.com
2014-02-13 10:36:33,apis.google.com
2014-02-13 10:36:33,accounts.google.com
2014-02-13 10:36:33,www.linkedin.com
2014-02-13 10:36:33,www.facebook.com
2014-02-13 10:36:34,static.ccmbg.com
2014-02-13 10:37:00,www.journaldunet.com
2014-02-13 10:37:00,static.ccmbg.com
2014-02-13 10:37:02,www.journaldunet.com
2014-02-13 10:37:03,twitter.com
2014-02-13 10:37:03,www.journaldunet.com
2014-02-13 10:37:08,www.journaldunet.com
2014-02-13 10:37:11,static.ccmbg.com
2014-02-13 10:37:11,ba.journaldunet.com
2014-02-13 10:37:11,www.journaldunet.com
2014-02-13 10:37:11,apis.google.com
2014-02-13 10:37:11,r.ccmbg.com
2014-02-13 10:37:11,accounts.google.com
2014-02-13 10:37:13,www.beead.fr
2014-02-13 10:37:13,ba.journaldunet.com
2014-02-13 10:37:14,static.ccmbg.com
2014-02-13 10:37:15,www.google.com
2014-02-13 10:37:15,static.ccmbg.com
2014-02-13 10:37:15,as.beead.net
2014-02-13 10:37:16,static.ebz.io
2014-02-13 10:37:16,www.youtube.com
2014-02-13 10:37:16,s.ytimg.com
2014-02-13 10:37:16,as.beead.net
2014-02-13 10:37:17,i1.ytimg.com
2014-02-13 10:37:17,static.ak.facebook.com
2014-02-13 10:37:17,www.facebook.com
2014-02-13 10:37:17,s-static.ak.facebook.com
2014-02-13 10:37:18,www.linkedin.com
2014-02-13 10:37:28,apis.google.com
2014-02-13 10:37:28,twitter.com
2014-02-13 10:37:28,static.ebz.io
2014-02-13 10:37:28,www.youtube.com
2014-02-13 10:37:29,s.youtube.com
2014-02-13 10:37:29,s.ytimg.com
2014-02-13 10:37:29,www.youtube.com
2014-02-13 10:37:29,r1---sn-gxo5uxg-jqbe.googlevideo.com
2014-02-13 10:37:30,r1---sn-gxo5uxg-jqbe.googlevideo.com
2014-02-13 10:37:31,s.youtube.com
2014-02-13 10:37:34,s.youtube.com
2014-02-13 10:37:39,s.youtube.com
2014-02-13 10:37:39,r1---sn-gxo5uxg-jqbe.googlevideo.com
2014-02-13 10:37:41,s.youtube.com
2014-02-13 10:37:50,s.youtube.com
2014-02-13 10:37:52,s.youtube.com
2014-02-13 10:38:11,www.journaldunet.com
2014-02-13 10:38:11,ba.journaldunet.com
2014-02-13 10:38:32,ba.journaldunet.com
2014-02-13 10:38:32,static.ak.facebook.com
2014-02-13 10:38:32,www.facebook.com
2014-02-13 10:38:32,s-static.ak.facebook.com
2014-02-13 10:38:32,gpohu2ut9k.s.ad6media.fr
2014-02-13 10:38:33,www.facebook.com
2014-02-13 10:38:34,www.linkedin.com
2014-02-13 10:39:00,www.journaldunet.com
2014-02-13 10:39:01,ba.journaldunet.com
2014-02-13 10:39:01,apis.google.com
2014-02-13 10:39:02,s-static.ak.facebook.com
2014-02-13 10:39:02,www.facebook.com
2014-02-13 10:39:02,static.ak.facebook.com
2014-02-13 10:39:02,twitter.com
2014-02-13 10:39:03,www.linkedin.com
2014-02-13 10:39:03,www.facebook.com
2014-02-13 10:39:06,ba.journaldunet.com
2014-02-13 10:39:07,its.tradelab.fr
2014-02-13 10:39:07,www.facebook.com
2014-02-13 10:39:07,static.ak.facebook.com
2014-02-13 10:39:07,mm.eulerian.net
2014-02-13 10:39:07,s-static.ak.facebook.com
2014-02-13 10:39:07,pixel.alephd.com
2014-02-13 10:39:09,its.tradelab.fr
2014-02-13 10:39:10,ba.journaldunet.com
2014-02-13 10:39:11,apis.google.com
2014-02-13 10:39:11,static.ak.facebook.com
2014-02-13 10:39:11,www.facebook.com
2014-02-13 10:39:11,s-static.ak.facebook.com
2014-02-13 10:39:12,www.facebook.com
2014-02-13 10:39:12,www.linkedin.com
2014-02-13 10:39:13,static.ak.facebook.com
2014-02-13 10:39:13,ba.journaldunet.com
2014-02-13 10:39:13,www.google.com
2014-02-13 10:39:13,twitter.com
2014-02-13 10:39:14,s-static.ak.facebook.com
2014-02-13 10:39:14,www.journaldunet.com
2014-02-13 10:39:14,www.facebook.com
2014-02-13 10:39:15,www.linkedin.com
2014-02-13 10:39:29,i-cms.journaldunet.com
2014-02-13 10:39:29,www.journaldunet.com
2014-02-13 10:39:29,i-jdn.lejdn.fr
2014-02-13 10:39:29,apis.google.com
2014-02-13 10:39:29,ba.journaldunet.com
2014-02-13 10:39:30,ba.journaldunet.com
2014-02-13 10:39:30,static.ak.facebook.com
2014-02-13 10:39:30,r.ccmbg.com
2014-02-13 10:39:30,s-static.ak.facebook.com
2014-02-13 10:39:30,www.facebook.com
2014-02-13 10:39:30,twitter.com
2014-02-13 10:39:31,www.facebook.com
2014-02-13 10:39:31,apis.google.com
2014-02-13 10:39:31,www.linkedin.com
2014-02-13 10:39:44,www.journaldunet.com
2014-02-13 10:39:46,s-static.ak.facebook.com
2014-02-13 10:39:46,apis.google.com
2014-02-13 10:39:46,www.facebook.com
2014-02-13 10:39:46,ba.journaldunet.com
2014-02-13 10:39:46,static.ak.facebook.com
2014-02-13 10:39:53,twitter.com
2014-02-13 10:39:53,www.google.fr
2014-02-13 10:39:54,www.sport.fr
2014-02-13 10:39:54,www.audienceinsights.net
2014-02-13 10:39:55,www.sport.fr
2014-02-13 10:40:17,www.sport.fr
2014-02-13 10:40:31,www.sport.fr
2014-02-13 10:40:39,www.sport.fr
2014-02-13 10:40:47,www.sport.fr
2014-02-13 10:40:52,www.sport.fr
2014-02-13 10:41:00,www.sport.fr
2014-02-13 10:41:01,atout.email-match.com
2014-02-13 10:41:01,asset.email-match.com
2014-02-13 10:41:01,www.audienceinsights.net
2014-02-13 10:41:01,www.sport.fr
2014-02-13 10:41:11,www.sport.fr
2014-02-13 10:41:14,www.sport.fr
2014-02-13 10:41:18,www.sport.fr
2014-02-13 10:41:25,www.sport.fr
2014-02-13 10:41:31,www.sport.fr
2014-02-13 10:41:36,www.sport.fr
2014-02-13 10:41:41,www.sport.fr
2014-02-13 10:41:45,www.sport.fr
2014-02-13 10:41:46,www.sport.fr
2014-02-13 10:41:51,www.sport.fr
2014-02-13 10:41:53,www.sport.fr
2014-02-13 10:41:55,www.sport.fr
2014-02-13 10:42:00,www.sport.fr
2014-02-13 10:42:04,www.sport.fr
2014-02-13 10:42:07,www.sport.fr
2014-02-13 10:42:12,www.sport.fr
2014-02-13 10:42:22,www.sport.fr
2014-02-13 10:42:29,www.sport.fr
2014-02-13 10:42:36,www.sport.fr
2014-02-13 10:42:42,www.sport.fr
2014-02-13 10:42:46,www.sport.fr
2014-02-13 10:42:47,www.sport.fr
2014-02-13 10:42:47,www.audienceinsights.net
2014-02-13 10:42:48,www.google.com
2014-02-13 10:43:08,www.sport.fr
2014-02-13 10:43:09,www.audienceinsights.net
2014-02-13 10:43:09,www.google.com
2014-02-13 10:43:09,www.sport.fr
2014-02-13 10:43:12,www.facebook.com
2014-02-13 10:43:13,www.sport.fr
2014-02-13 10:43:14,www.sport.fr
2014-02-13 10:43:15,www.sport.fr
2014-02-13 10:43:15,www.audienceinsights.net
2014-02-13 10:43:16,www.sport.fr
2014-02-13 10:43:17,www.sport.fr
2014-02-13 10:43:18,www.sport.fr
2014-02-13 10:43:31,www.sport.fr
2014-02-13 10:43:34,www.sport.fr
2014-02-13 10:43:35,www.sport.fr
2014-02-13 10:43:36,www.sport.fr
2014-02-13 10:43:37,www.audienceinsights.net
2014-02-13 10:43:37,www.sport.fr
2014-02-13 10:43:38,www.sport.fr
2014-02-13 10:43:44,www.sport.fr
2014-02-13 10:43:53,www.sport.fr
2014-02-13 10:43:54,www.sport.fr
2014-02-13 10:43:55,tracker.the-other-store.net
2014-02-13 10:43:55,www.audienceinsights.net
2014-02-13 10:43:56,medext.the-oz.com
2014-02-13 10:44:00,www.sport.fr
2014-02-13 10:44:00,www.audienceinsights.net
2014-02-13 10:44:01,hal9000.redintelligence.net
2014-02-13 10:44:02,www.google.com
2014-02-13 10:44:02,hal9000.redintelligence.net
2014-02-13 10:44:02,n21.hal9000.redintelligence.net
2014-02-13 10:44:02,banniere.reussissonsensemble.fr
2014-02-13 10:44:03,banniere.reussissonsensemble.fr
2014-02-13 10:44:03,ad.publicidees.com
2014-02-13 10:44:14,banniere.reussissonsensemble.fr
2014-02-13 10:44:14,www.audienceinsights.net
2014-02-13 10:44:15,www.google.com
2014-02-13 10:44:25,www.google.fr
2014-02-13 10:44:26,www.insee.fr
2014-02-13 10:44:26,www.google.fr
2014-02-13 10:44:27,www.insee.fr
2014-02-13 10:44:31,www.insee.fr
2014-02-13 10:44:41,clients1.google.com
2014-02-13 10:44:41,www.google.com
2014-02-13 10:44:41,www.insee.fr
2014-02-13 10:44:41,www.googleapis.com
2014-02-13 10:44:42,www.google.com
2014-02-13 10:44:55,www.insee.fr
2014-02-13 10:44:55,www.google.com
2014-02-13 10:44:55,clients1.google.com
2014-02-13 10:44:56,www.google.com
2014-02-13 10:45:00,www.google.com
2014-02-13 10:45:03,www.googleapis.com
2014-02-13 10:45:03,www.google.com
2014-02-13 10:45:03,www.insee.fr
2014-02-13 10:45:10,clients1.google.com
2014-02-13 10:45:10,www.insee.fr
2014-02-13 10:45:10,www.google.com
2014-02-13 10:45:11,www.google.com
2014-02-13 10:45:27,www.insee.fr
2014-02-13 10:45:28,www.insee.fr
2014-02-13 10:46:09,www.google.com
2014-02-13 10:46:09,www.insee.fr
2014-02-13 10:46:09,clients1.google.com
2014-02-13 10:46:10,www.google.com
2014-02-13 10:46:10,www.insee.fr
2014-02-13 10:46:10,clients1.google.com
2014-02-13 10:46:11,www.google.com
2014-02-13 10:46:11,www.insee.fr
2014-02-13 10:46:13,www.insee.fr
2014-02-13 10:46:52,www.google.fr
2014-02-13 10:46:52,www.acteursdusport.fr
2014-02-13 10:46:52,www.google.com
2014-02-13 10:46:52,www.googleapis.com
2014-02-13 10:46:53,www.acteursdusport.fr
2014-02-13 10:47:13,www.acteursdusport.fr
2014-02-13 10:47:14,www.acteursdusport.fr
2014-02-13 10:47:37,www.acteursdusport.fr
2014-02-13 10:48:50,www.acteursdusport.fr
2014-02-13 10:48:51,www.acteursdusport.fr
2014-02-13 10:49:57,www.acteursdusport.fr
2014-02-13 10:50:01,www.acteursdusport.fr
2014-02-13 10:50:10,www.acteursdusport.fr
2014-02-13 10:50:37,www.acteursdusport.fr
2014-02-13 10:50:49,www.acteursdusport.fr
2014-02-13 10:50:55,www.acteursdusport.fr
2014-02-13 10:50:56,www.acteursdusport.fr
2014-02-13 10:50:58,www.acteursdusport.fr
2014-02-13 10:50:59,www.acteursdusport.fr
2014-02-13 10:51:39,www.sports.gouv.fr
2014-02-13 10:51:39,connect.facebook.net
2014-02-13 10:51:39,eregie.premier-ministre.gouv.fr
2014-02-13 10:51:39,www.google.fr
2014-02-13 10:51:40,www.sports.gouv.fr
2014-02-13 10:51:40,s-static.ak.facebook.com
2014-02-13 10:51:40,static.ak.facebook.com
2014-02-13 10:52:26,www.sports.gouv.fr
2014-02-13 10:52:27,www.sports.gouv.fr
2014-02-13 10:52:32,www.sports.gouv.fr
2014-02-13 10:52:32,eregie.premier-ministre.gouv.fr
2014-02-13 10:52:32,static.ak.facebook.com
2014-02-13 10:52:33,s-static.ak.facebook.com
2014-02-13 10:52:36,s-static.ak.facebook.com
2014-02-13 10:52:38,s-static.ak.facebook.com
2014-02-13 10:52:48,www.google.fr
2014-02-13 10:52:55,www.google.fr
2014-02-13 10:53:00,www.google.fr
2014-02-13 10:53:00,www.sports.gouv.fr
2014-02-13 10:53:01,www.sports.gouv.fr
2014-02-13 10:53:01,www.google.fr
2014-02-13 10:53:01,eregie.premier-ministre.gouv.fr
2014-02-13 10:53:12,www.sports.gouv.fr
2014-02-13 10:53:17,www.sports.gouv.fr
2014-02-13 10:53:22,www.sports.gouv.fr
2014-02-13 10:53:25,www.sports.gouv.fr
2014-02-13 10:53:26,static.ak.facebook.com
2014-02-13 10:53:26,eregie.premier-ministre.gouv.fr
2014-02-13 10:53:26,s-static.ak.facebook.com
2014-02-13 10:54:12,eregie.premier-ministre.gouv.fr
2014-02-13 10:54:12,static.ak.facebook.com
2014-02-13 10:54:12,s-static.ak.facebook.com
2014-02-13 10:54:12,www.sports.gouv.fr
2014-02-13 10:54:17,s-static.ak.facebook.com
2014-02-13 10:54:20,s-static.ak.facebook.com
2014-02-13 10:54:28,s-static.ak.facebook.com
2014-02-13 10:54:32,www.google.fr
2014-02-13 10:54:52,www.google.fr
2014-02-13 10:54:53,www.google.fr
2014-02-13 10:54:53,www.sofoot.com
2014-02-13 10:54:54,www.sofoot.com
2014-02-13 10:55:27,connect.facebook.net
2014-02-13 10:55:27,www.leparisien.fr
2014-02-13 10:55:27,www.google.fr
2014-02-13 10:55:28,static.ak.facebook.com
2014-02-13 10:55:28,www.leparisien.fr
2014-02-13 10:55:28,foglio.basilic.io
2014-02-13 10:55:28,s3.lprs1.fr
2014-02-13 10:55:28,apis.google.com
2014-02-13 10:55:28,s-static.ak.facebook.com
2014-02-13 10:55:28,accounts.google.com
2014-02-13 10:55:29,s3.lprs1.fr
2014-02-13 10:55:29,xml.betclick.com
2014-02-13 10:55:29,apis.google.com
2014-02-13 10:55:29,www.leparisien.fr
2014-02-13 10:55:30,www.leparisien.fr
2014-02-13 10:55:30,s3.lprs1.fr
2014-02-13 10:55:30,apis.google.com
2014-02-13 10:55:31,www.leparisien.fr
2014-02-13 10:55:31,s3.lprs1.fr
2014-02-13 10:55:31,www.facebook.com
2014-02-13 10:55:32,www.leparisien.fr
2014-02-13 10:55:32,www.facebook.com
2014-02-13 10:55:33,twitter.com
2014-02-13 10:55:33,apis.google.com
2014-02-13 10:55:34,www.leparisien.fr
2014-02-13 10:55:53,www.leparisien.fr
2014-02-13 10:55:54,twitter.com
2014-02-13 10:55:55,foglio.basilic.io
2014-02-13 10:55:55,static.ak.facebook.com
2014-02-13 10:55:55,s-static.ak.facebook.com
2014-02-13 10:55:55,twitter.com
2014-02-13 10:55:55,www.leparisien.fr
2014-02-13 10:55:56,apis.google.com
2014-02-13 10:55:56,www.leparisien.fr
2014-02-13 10:55:57,www.facebook.com
2014-02-13 10:55:58,www.facebook.com
2014-02-13 10:55:58,apis.google.com
2014-02-13 10:55:59,apis.google.com
2014-02-13 10:56:20,www.leparisien.fr
2014-02-13 10:56:20,twitter.com
2014-02-13 10:56:21,twitter.com
2014-02-13 10:56:21,www.leparisien.fr
2014-02-13 10:56:22,www.leparisien.fr
2014-02-13 10:56:22,static.ak.facebook.com
2014-02-13 10:56:22,foglio.basilic.io
2014-02-13 10:56:22,twitter.com
2014-02-13 10:56:22,s-static.ak.facebook.com
2014-02-13 10:56:22,apis.google.com
2014-02-13 10:56:23,apis.google.com
2014-02-13 10:56:24,www.leparisien.fr
2014-02-13 10:56:24,www.facebook.com
2014-02-13 10:56:25,www.facebook.com
2014-02-13 10:56:26,apis.google.com
2014-02-13 10:56:27,twitter.com
2014-02-13 10:56:30,www.leparisien.fr
2014-02-13 10:56:31,foglio.basilic.io
2014-02-13 10:56:31,twitter.com
2014-02-13 10:56:32,static.ak.facebook.com
2014-02-13 10:56:32,s-static.ak.facebook.com
2014-02-13 10:56:32,apis.google.com
2014-02-13 10:56:32,www.leparisien.fr
2014-02-13 10:56:33,xml.betclick.com
2014-02-13 10:56:34,s374.meetrics.net
2014-02-13 10:56:34,www.facebook.com
2014-02-13 10:56:35,apis.google.com
2014-02-13 10:56:36,twitter.com
2014-02-13 10:56:57,www.leparisien.fr
2014-02-13 10:56:58,foglio.basilic.io
2014-02-13 10:56:58,static.ak.facebook.com
2014-02-13 10:56:58,s-static.ak.facebook.com
2014-02-13 10:56:59,www.leparisien.fr
2014-02-13 10:56:59,x2.vindicosuite.com
2014-02-13 10:57:00,www.leparisien.fr
2014-02-13 10:57:00,apis.google.com
2014-02-13 10:57:02,www.facebook.com
2014-02-13 10:57:03,apis.google.com
2014-02-13 10:57:03,media.cyrillus.fr
2014-02-13 10:57:03,www.facebook.com
2014-02-13 10:57:04,twitter.com
2014-02-13 10:57:10,www.leparisien.fr
2014-02-13 10:57:11,static.ak.facebook.com
2014-02-13 10:57:11,www.leparisien.fr
2014-02-13 10:57:11,twitter.com
2014-02-13 10:57:11,s-static.ak.facebook.com
2014-02-13 10:57:11,foglio.basilic.io
2014-02-13 10:57:12,apis.google.com
2014-02-13 10:57:13,www.leparisien.fr
2014-02-13 10:57:14,www.facebook.com
2014-02-13 10:57:14,apis.google.com
2014-02-13 10:57:15,apis.google.com
2014-02-13 10:57:15,www.leparisien.fr
2014-02-13 10:57:15,twitter.com
2014-02-13 10:57:16,s-static.ak.facebook.com
2014-02-13 10:57:16,twitter.com
2014-02-13 10:57:16,foglio.basilic.io
2014-02-13 10:57:16,www.leparisien.fr
2014-02-13 10:57:16,static.ak.facebook.com
2014-02-13 10:57:17,apis.google.com
2014-02-13 10:57:19,www.facebook.com
2014-02-13 10:57:20,www.facebook.com
2014-02-13 10:57:21,www.leparisien.fr
2014-02-13 10:57:21,apis.google.com
2014-02-13 10:57:22,twitter.com
2014-02-13 10:57:22,s-static.ak.facebook.com
2014-02-13 10:57:22,static.ak.facebook.com
2014-02-13 10:57:22,foglio.basilic.io
2014-02-13 10:57:22,www.leparisien.fr
2014-02-13 10:57:47,clients1.google.fr
2014-02-13 10:57:47,apis.google.com
2014-02-13 10:57:47,www.google.fr
2014-02-13 10:57:48,clients1.google.fr
2014-02-13 10:57:52,www.google.fr
2014-02-13 10:57:52,blogs.rtl.be
2014-02-13 10:57:53,blogs.rtl.be
2014-02-13 10:57:53,www.rtl.be
2014-02-13 10:57:53,cm.rtl.be
2014-02-13 10:57:53,common.rtl.be
2014-02-13 10:57:53,ajax.googleapis.com
2014-02-13 10:57:53,www.google.fr
2014-02-13 10:57:54,files.rtl.be
2014-02-13 10:57:54,rtltvi.be
2014-02-13 10:57:54,common.rtl.be
2014-02-13 10:57:54,www.rtl.be
2014-02-13 10:57:54,blogs.rtl.be
2014-02-13 10:57:55,cm.rtl.be
2014-02-13 10:57:55,www.rtl.be
2014-02-13 10:57:55,www.facebook.com
2014-02-13 10:57:55,apis.google.com
2014-02-13 10:57:55,accounts.google.com
2014-02-13 10:57:55,twitter.com
2014-02-13 10:57:55,blogs.rtl.be
2014-02-13 10:57:56,www.rtl.be
2014-02-13 10:57:56,www.rtlinfo.be
2014-02-13 10:57:56,blogs.rtl.be
2014-02-13 10:57:56,cm.rtl.be
2014-02-13 10:57:57,www.rtl.be
2014-02-13 10:57:57,common.rtl.be
2014-02-13 10:57:57,new.rtl.be
2014-02-13 10:57:57,www.google.com
2014-02-13 10:57:58,notfound-static.fwebservices.be
2014-02-13 10:57:58,clients1.google.com
2014-02-13 10:57:58,notfound.fwebservices.be
2014-02-13 10:58:00,www.google.fr
2014-02-13 10:58:01,www.facebook.com
2014-02-13 10:58:01,platform.twitter.com
2014-02-13 10:58:01,connect.facebook.net
2014-02-13 10:58:01,static.ak.facebook.com
2014-02-13 10:58:01,apis.google.com
2014-02-13 10:58:01,s-static.ak.facebook.com
2014-02-13 10:58:06,www.facebook.com
2014-02-13 10:58:07,www.google.fr
2014-02-13 10:58:07,blogs.rtl.be
2014-02-13 10:58:08,blogs.rtl.be
2014-02-13 10:58:08,www.rtl.be
2014-02-13 10:58:08,common.rtl.be
2014-02-13 10:58:08,apis.google.com
2014-02-13 10:58:08,platform.linkedin.com
2014-02-13 10:58:08,twitter.com
2014-02-13 10:58:09,apis.google.com
2014-02-13 10:58:09,www.facebook.com
2014-02-13 10:58:09,www.rtl.be
2014-02-13 10:58:09,blogs.rtl.be
2014-02-13 10:58:10,platform.linkedin.com
2014-02-13 10:58:10,connect.facebook.net
2014-02-13 10:58:10,platform.twitter.com
2014-02-13 10:58:10,static.ak.facebook.com
2014-02-13 10:58:10,www.facebook.com
2014-02-13 10:58:10,s-static.ak.facebook.com
2014-02-13 10:58:10,apis.google.com
2014-02-13 10:58:11,twitter.com
2014-02-13 10:58:11,apis.google.com
2014-02-13 10:58:11,www.google.com
2014-02-13 10:58:11,www.rtl.be
2014-02-13 10:58:12,www.facebook.com
2014-02-13 10:58:12,notfound-static.fwebservices.be
2014-02-13 10:58:13,clients1.google.com
2014-02-13 10:58:13,www.linkedin.com
2014-02-13 10:58:13,www.google.fr
2014-02-13 11:00:45,www.google.fr
2014-02-13 11:10:51,www.fff.fr
2014-02-13 11:10:51,www.google.fr
2014-02-13 11:10:52,www.fff.fr
2014-02-13 11:10:54,widget.cloud.opta.net
2014-02-13 11:10:54,www.fff.fr
2014-02-13 11:10:54,maps.google.com
2014-02-13 11:10:54,assets-pub.lefigaro.fr
2014-02-13 11:10:54,platform.twitter.com
2014-02-13 11:10:54,www.google.fr
2014-02-13 11:10:55,www.youtube.com
2014-02-13 11:10:55,www.fff.fr
2014-02-13 11:10:55,s.ytimg.com
2014-02-13 11:10:55,www.google.com
2014-02-13 11:10:55,w.sharethis.com
2014-02-13 11:10:58,widget.cloud.opta.net
2014-02-13 11:10:58,s.ytimg.com
2014-02-13 11:10:58,www.fff.fr
2014-02-13 11:10:59,www.youtube.com
2014-02-13 11:10:59,s.ytimg.com
2014-02-13 11:10:59,widget.cloud.opta.net
2014-02-13 11:10:59,platform.twitter.com
2014-02-13 11:10:59,www.fff.fr
2014-02-13 11:10:59,static.ak.facebook.com
2014-02-13 11:10:59,i1.ytimg.com
2014-02-13 11:11:00,w.sharethis.com
2014-02-13 11:11:00,www.fff.fr
2014-02-13 11:11:00,i1.ytimg.com
2014-02-13 11:11:00,s-static.ak.facebook.com
2014-02-13 11:11:00,www.facebook.com
2014-02-13 11:11:01,edge.sharethis.com
2014-02-13 11:11:01,w.sharethis.com
2014-02-13 11:11:03,maps.googleapis.com
2014-02-13 11:11:14,maps.google.com
2014-02-13 11:11:14,www.fff.fr
2014-02-13 11:11:15,static.ak.facebook.com
2014-02-13 11:11:15,platform.twitter.com
2014-02-13 11:11:15,www.fff.fr
2014-02-13 11:11:16,s-static.ak.facebook.com
2014-02-13 11:11:16,www.facebook.com
2014-02-13 11:11:20,maps.googleapis.com
2014-02-13 11:11:35,www.fff.fr
2014-02-13 11:11:36,maps.google.com
2014-02-13 11:11:36,www.youtube.com
2014-02-13 11:11:36,www.fff.fr
2014-02-13 11:11:37,www.facebook.com
2014-02-13 11:11:37,static.ak.facebook.com
2014-02-13 11:11:37,platform.twitter.com
2014-02-13 11:11:37,www.fff.fr
2014-02-13 11:11:37,s-static.ak.facebook.com
2014-02-13 11:11:37,www.youtube.com
2014-02-13 11:11:38,www.facebook.com
2014-02-13 11:11:39,twitter.com
2014-02-13 11:11:39,www.facebook.com
2014-02-13 11:11:41,maps.googleapis.com
2014-02-13 11:12:07,twitter.com
2014-02-13 11:12:47,accounts.google.com
2014-02-13 11:12:47,apis.google.com
2014-02-13 11:12:54,www.fff.fr
2014-02-13 11:13:06,maps.google.com
2014-02-13 11:13:06,www.fff.fr
2014-02-13 11:13:07,www.fff.fr
2014-02-13 11:13:07,platform.twitter.com
2014-02-13 11:13:08,s-static.ak.facebook.com
2014-02-13 11:13:08,static.ak.facebook.com
2014-02-13 11:13:08,www.facebook.com
2014-02-13 11:13:09,www.fff.fr
2014-02-13 11:13:12,maps.googleapis.com
2014-02-13 11:13:18,www.fff.fr
2014-02-13 11:13:18,maps.google.com
2014-02-13 11:13:18,www.youtube.com
2014-02-13 11:13:19,www.fff.fr
2014-02-13 11:13:20,www.youtube.com
2014-02-13 11:13:20,s-static.ak.facebook.com
2014-02-13 11:13:20,static.ak.facebook.com
2014-02-13 11:13:20,www.facebook.com
2014-02-13 11:13:23,maps.google.com
2014-02-13 11:13:23,apis.google.com
2014-02-13 11:13:23,www.fff.fr
2014-02-13 11:13:24,connect.facebook.net
2014-02-13 11:13:24,www.fff.fr
2014-02-13 11:13:25,static.ak.facebook.com
2014-02-13 11:13:25,www.facebook.com
2014-02-13 11:13:25,s-static.ak.facebook.com
2014-02-13 11:13:26,www.facebook.com
2014-02-13 11:13:26,www.youtube.com
2014-02-13 11:13:29,maps.googleapis.com
2014-02-13 11:13:50,twitter.com
2014-02-13 11:13:50,apis.google.com
2014-02-13 11:13:50,maps.google.com
2014-02-13 11:13:50,www.fff.fr
2014-02-13 11:13:51,s-static.ak.facebook.com
2014-02-13 11:13:51,static.ak.facebook.com
2014-02-13 11:13:51,www.fff.fr
2014-02-13 11:13:52,www.youtube.com
2014-02-13 11:13:52,www.facebook.com
2014-02-13 11:13:53,www.facebook.com
2014-02-13 11:13:55,maps.googleapis.com
2014-02-13 11:13:59,maps.google.com
2014-02-13 11:14:00,www.fff.fr
2014-02-13 11:14:01,apis.google.com
2014-02-13 11:14:01,s-static.ak.facebook.com
2014-02-13 11:14:01,static.ak.facebook.com
2014-02-13 11:14:01,www.fff.fr
2014-02-13 11:14:02,www.facebook.com
2014-02-13 11:14:02,apis.google.com
2014-02-13 11:14:03,www.facebook.com
2014-02-13 11:14:03,twitter.com
2014-02-13 11:14:31,twitter.com
2014-02-13 11:14:42,www.fff.fr
2014-02-13 11:14:55,maps.google.com
2014-02-13 11:14:55,www.fff.fr
2014-02-13 11:14:56,s-static.ak.facebook.com
2014-02-13 11:14:56,static.ak.facebook.com
2014-02-13 11:14:56,www.fff.fr
2014-02-13 11:14:56,apis.google.com
2014-02-13 11:14:57,www.youtube.com
2014-02-13 11:14:57,www.facebook.com
2014-02-13 11:14:57,twitter.com
2014-02-13 11:14:58,www.facebook.com
2014-02-13 11:15:00,maps.googleapis.com
2014-02-13 11:15:27,twitter.com
2014-02-13 11:16:27,apis.google.com
2014-02-27 10:40:10,www.google.com
2014-02-27 10:40:17,www.google.fr
2014-02-27 10:40:20,www.google.fr
2014-02-27 10:40:22,www.google.com
2014-02-27 10:40:23,apis.google.com
2014-02-27 10:40:36,www.google.fr
2014-02-27 10:40:38,www.google.com
2014-02-27 10:40:38,apis.google.com
2014-02-27 10:40:38,www.google.fr
2014-02-27 10:40:38,www.sports.gouv.fr
2014-02-27 10:40:39,www.sports.gouv.fr
2014-02-27 10:40:39,eregie.premier-ministre.gouv.fr
2014-02-27 10:40:40,www.sports.gouv.fr
2014-02-27 10:40:43,www.sports.gouv.fr
2014-02-27 10:40:45,www.sports.gouv.fr
2014-02-27 10:40:50,www.sports.gouv.fr
2014-02-27 10:40:56,www.sports.gouv.fr
2014-02-27 10:40:56,connect.facebook.net
2014-02-27 10:40:56,eregie.premier-ministre.gouv.fr
2014-02-27 10:40:57,www.sports.gouv.fr
2014-02-27 10:40:57,static.ak.facebook.com
2014-02-27 10:40:58,s-static.ak.facebook.com
2014-02-27 10:41:04,eregie.premier-ministre.gouv.fr
2014-02-27 10:41:04,www.sports.gouv.fr
2014-02-27 10:41:05,s-static.ak.facebook.com
2014-02-27 10:41:05,static.ak.facebook.com
2014-02-27 10:41:09,s-static.ak.facebook.com
2014-02-27 10:41:20,www.sports.gouv.fr
2014-02-27 10:41:21,eregie.premier-ministre.gouv.fr
2014-02-27 10:41:21,s-static.ak.facebook.com
2014-02-27 10:41:21,static.ak.facebook.com
2014-02-27 10:41:23,eregie.premier-ministre.gouv.fr
2014-02-27 10:41:23,static.ak.facebook.com
2014-02-27 10:41:23,www.sports.gouv.fr
2014-02-27 10:41:23,s-static.ak.facebook.com
2014-02-27 10:41:31,www.res.sports.gouv.fr
2014-02-27 10:41:32,www.res.sports.gouv.fr
2014-02-27 10:41:33,eregie.premier-ministre.gouv.fr
2014-02-27 10:41:33,www.res.sports.gouv.fr
2014-02-27 10:41:35,www.res.sports.gouv.fr
2014-02-27 10:41:36,www.res.sports.gouv.fr
2014-02-27 10:42:01,www.res.sports.gouv.fr
2014-02-27 10:42:02,www.res.sports.gouv.fr
2014-02-27 10:42:04,ieonline.microsoft.com
2014-02-27 10:42:06,ieonline.microsoft.com
2014-02-27 10:42:06,go.microsoft.com
2014-02-27 10:42:14,www.res.sports.gouv.fr
2014-02-27 10:42:16,www.res.sports.gouv.fr
2014-02-27 10:43:08,www.res.sports.gouv.fr
2014-02-27 10:43:16,www.res.sports.gouv.fr
2014-02-27 10:43:22,www.res.sports.gouv.fr
2014-02-27 10:43:32,www.res.sports.gouv.fr
2014-02-27 10:43:33,cartores.sports.gouv.fr
2014-02-27 10:43:34,cartores.sports.gouv.fr
2014-02-27 10:43:34,fpdownload.adobe.com
2014-02-27 10:43:34,fpdownload2.macromedia.com
2014-02-27 10:43:35,fpdownload.adobe.com
2014-02-27 10:43:36,cartores.sports.gouv.fr
2014-02-27 10:43:36,fpdownload.adobe.com
2014-02-27 10:43:37,cartores.sports.gouv.fr
2014-02-27 10:43:38,cartores.sports.gouv.fr
2014-02-27 10:43:39,cartores.sports.gouv.fr
2014-02-27 10:43:40,cartores.sports.gouv.fr
2014-02-27 10:43:41,cartores.sports.gouv.fr
2014-02-27 10:43:43,cartores.sports.gouv.fr
2014-02-27 10:43:44,cartores.sports.gouv.fr
2014-02-27 10:43:49,cartores.sports.gouv.fr
2014-02-27 10:59:35,www.google.fr
2014-02-27 11:02:21,cartores.sports.gouv.fr
2014-02-27 11:02:24,cartores.sports.gouv.fr
2014-02-27 11:02:36,cartores.sports.gouv.fr
2014-02-27 11:02:40,cartores.sports.gouv.fr
2014-02-27 11:02:50,www.google.fr
2014-02-27 11:02:56,www.google.fr
2014-02-27 11:03:00,www.google.fr
2014-02-27 11:03:02,www.ffc.fr
2014-02-27 11:03:02,www.google.fr
2014-02-27 11:03:03,www.ffc.fr
2014-02-27 11:03:03,www.dailymotion.com
2014-02-27 11:03:04,www.ffc.fr
2014-02-27 11:03:04,ajax.googleapis.com
2014-02-27 11:03:06,www.ffc.fr
2014-02-27 11:03:07,www.ffc.fr
2014-02-27 11:03:11,www.ffc.fr
2014-02-27 11:03:12,www.ffc.fr
2014-02-27 11:03:12,maj.ffc.fr
2014-02-27 11:03:13,www.ffc.fr
2014-02-27 11:03:44,www.ffc.fr
2014-02-27 11:03:48,www.ffc.fr
2014-02-27 11:03:55,www.ffc.fr
2014-02-27 11:03:59,www.ffc.fr
2014-02-27 11:04:07,www.ffc.fr
2014-02-27 11:04:14,www.ffc.fr
2014-02-27 11:04:35,www.ffc.fr
2014-02-27 11:04:52,www.ffc.fr
2014-02-27 11:06:15,www.google.fr
2014-02-27 11:06:30,ffvl.fr
2014-02-27 11:06:30,www.google.fr
2014-02-27 11:06:30,www.google.com
2014-02-27 11:06:30,federation.ffvl.fr
2014-02-27 11:06:31,federation.ffvl.fr
2014-02-27 11:06:33,www.youtube.com
2014-02-27 11:06:33,federation.ffvl.fr
2014-02-27 11:06:33,intranet.ffvl.fr
2014-02-27 11:06:34,intranet.ffvl.fr
2014-02-27 11:06:34,federation.ffvl.fr
2014-02-27 11:06:34,www.google.com
2014-02-27 11:06:34,s.ytimg.com
2014-02-27 11:06:35,s.ytimg.com
2014-02-27 11:06:35,federation.ffvl.fr
2014-02-27 11:06:35,i1.ytimg.com
2014-02-27 11:06:36,i1.ytimg.com
2014-02-27 11:06:39,kite.ffvl.fr
2014-02-27 11:06:40,federation.ffvl.fr
2014-02-27 11:06:40,kite.ffvl.fr
2014-02-27 11:06:44,kite.ffvl.fr
2014-02-27 11:06:49,kite.ffvl.fr
2014-02-27 11:07:05,kite.ffvl.fr
2014-02-27 11:07:11,kite.ffvl.fr
2014-02-27 11:07:19,kite.ffvl.fr
2014-02-27 11:07:43,kite.ffvl.fr
2014-02-27 11:07:44,kite.ffvl.fr
2014-02-27 11:08:01,kite.ffvl.fr
2014-02-27 11:08:04,s.ytimg.com
2014-02-27 11:08:04,www.youtube.com
2014-02-27 11:08:04,r1---sn-gxo5uxg-jqbe.googlevideo.com
2014-02-27 11:08:05,r1---sn-gxo5uxg-jqbe.googlevideo.com
2014-02-27 11:08:05,s.youtube.com
2014-02-27 11:08:05,s.ytimg.com
2014-02-27 11:08:06,www.youtube.com
2014-02-27 11:08:06,s.ytimg.com
2014-02-27 11:08:06,i1.ytimg.com
2014-02-27 11:08:06,r1---sn-gxo5uxg-jqbe.googlevideo.com
2014-02-27 11:08:06,r1---sn-cg07lue6.googlevideo.com
2014-02-27 11:08:07,r1---sn-cg07lue6.googlevideo.com
2014-02-27 11:08:07,apis.google.com
2014-02-27 11:08:07,s.youtube.com
2014-02-27 11:08:07,www.youtube.com
2014-02-27 11:08:07,r1---sn-gxo5uxg-jqbe.googlevideo.com
2014-02-27 11:08:07,s.ytimg.com
2014-02-27 11:08:08,plus.googleapis.com
2014-02-27 11:08:08,r1---sn-cg07lue6.googlevideo.com
2014-02-27 11:08:08,r1---sn-gxo5uxg-jqbe.googlevideo.com
2014-02-27 11:08:09,apis.google.com
2014-02-27 11:08:10,www.youtube.com
2014-02-27 11:08:10,i1.ytimg.com
2014-02-27 11:08:10,plus.googleapis.com
2014-02-27 11:08:11,i1.ytimg.com
2014-02-27 11:08:12,s.youtube.com
2014-02-27 11:08:12,i1.ytimg.com
2014-02-27 11:08:15,s.youtube.com
2014-02-27 11:08:15,i1.ytimg.com
2014-02-27 11:08:17,i1.ytimg.com
2014-02-27 11:08:17,r1---sn-gxo5uxg-jqbe.googlevideo.com
2014-02-27 11:08:17,r1---sn-cg07lue6.googlevideo.com
2014-02-27 11:08:17,s.youtube.com
2014-02-27 11:08:18,i1.ytimg.com
2014-02-27 11:08:19,r1---sn-cg07lue6.googlevideo.com
2014-02-27 11:08:19,i1.ytimg.com
2014-02-27 11:08:19,r1---sn-gxo5uxg-jqbe.googlevideo.com
2014-02-27 11:08:21,r1---sn-gxo5uxg-jqbe.googlevideo.com
2014-02-27 11:08:21,r1---sn-cg07lue6.googlevideo.com
2014-02-27 11:08:30,kite.ffvl.fr
2014-02-27 11:08:36,kite.ffvl.fr
2014-02-27 11:09:26,plus.googleapis.com
2014-02-27 11:10:54,kite.ffvl.fr
2014-02-27 11:10:57,kite.ffvl.fr
2014-02-27 11:10:58,www.youtube.com
2014-02-27 11:11:00,i1.ytimg.com
2014-02-27 11:11:05,federation.ffvl.fr
2014-02-27 11:11:15,federation.ffvl.fr
2014-02-27 11:11:26,federation.ffvl.fr
2014-02-27 11:13:41,federation.ffvl.fr
2014-02-27 11:14:11,federation.ffvl.fr
2014-02-27 11:14:12,federation.ffvl.fr
2014-02-27 11:14:13,federation.ffvl.fr
2014-02-27 11:15:42,federation.ffvl.fr
2014-02-27 11:15:45,federation.ffvl.fr
2014-02-27 11:15:46,federation.ffvl.fr
2014-02-27 11:15:55,federation.ffvl.fr
2014-02-27 11:15:56,federation.ffvl.fr
2014-02-27 11:15:57,federation.ffvl.fr
2014-02-27 11:15:58,federation.ffvl.fr
2014-02-27 11:16:17,federation.ffvl.fr
2014-02-27 11:16:20,federation.ffvl.fr
2014-02-27 11:16:39,federation.ffvl.fr
2014-02-27 11:16:45,federation.ffvl.fr
2014-02-27 11:16:55,kite.ffvl.fr
2014-02-27 11:17:30,federation.ffvl.fr
2014-02-27 11:17:38,federation.ffvl.fr
2014-02-27 11:18:54,federation.ffvl.fr
2014-02-27 11:19:13,federation.ffvl.fr
2014-02-27 11:19:15,federation.ffvl.fr
2014-02-27 11:19:16,federation.ffvl.fr
2014-02-27 11:19:18,federation.ffvl.fr
2014-02-27 11:19:19,federation.ffvl.fr
2014-02-27 11:19:26,federation.ffvl.fr
2014-02-27 11:19:29,federation.ffvl.fr
2014-02-27 11:19:30,federation.ffvl.fr
2014-02-27 11:19:31,federation.ffvl.fr
2014-02-27 11:19:32,federation.ffvl.fr
2014-02-27 11:19:33,federation.ffvl.fr
2014-02-27 11:19:58,federation.ffvl.fr
2014-02-27 11:21:18,intranet6.ffvl.fr
2014-02-27 11:21:18,federation.ffvl.fr
2014-02-27 11:21:19,maps.googleapis.com
2014-02-27 11:21:21,federation.ffvl.fr
2014-02-27 11:21:21,maps.googleapis.com
2014-02-27 11:21:22,khms1.googleapis.com
2014-02-27 11:21:22,mts0.googleapis.com
2014-02-27 11:21:22,federation.ffvl.fr
2014-02-27 11:21:22,maps.googleapis.com
2014-02-27 11:21:22,intranet.ffvl.fr
2014-02-27 11:21:23,mts1.googleapis.com
2014-02-27 11:21:23,khms0.googleapis.com
2014-02-27 11:21:23,mts0.googleapis.com
2014-02-27 11:21:23,khms1.googleapis.com
2014-02-27 11:21:24,khms0.googleapis.com
2014-02-27 11:21:24,mts1.googleapis.com
2014-02-27 11:21:24,mts0.googleapis.com
2014-02-27 11:21:24,khms1.googleapis.com
2014-02-27 11:21:25,mts0.googleapis.com
2014-02-27 11:21:28,maps.googleapis.com
2014-02-27 11:21:29,khms0.googleapis.com
2014-02-27 11:21:29,mts1.googleapis.com
2014-02-27 11:21:29,mts0.googleapis.com
2014-02-27 11:21:29,maps.googleapis.com
2014-02-27 11:21:29,khms1.googleapis.com
2014-02-27 11:21:30,mts0.googleapis.com
2014-02-27 11:21:30,maps.googleapis.com
2014-02-27 11:21:30,khms1.googleapis.com
2014-02-27 11:21:30,khms0.googleapis.com
2014-02-27 11:21:30,mts1.googleapis.com
2014-02-27 11:21:31,khms1.googleapis.com
2014-02-27 11:21:31,mts1.googleapis.com
2014-02-27 11:21:31,mts0.googleapis.com
2014-02-27 11:21:31,khms0.googleapis.com
2014-02-27 11:21:31,maps.googleapis.com
2014-02-27 11:21:32,mts1.googleapis.com
2014-02-27 11:21:32,khms0.googleapis.com
2014-02-27 11:21:32,maps.googleapis.com
2014-02-27 11:21:32,khms1.googleapis.com
2014-02-27 11:21:32,mts0.googleapis.com
2014-02-27 11:21:33,mts0.googleapis.com
2014-02-27 11:21:33,mts1.googleapis.com
2014-02-27 11:21:34,maps.googleapis.com
2014-02-27 11:21:34,mts1.googleapis.com
2014-02-27 11:21:34,mts0.googleapis.com
2014-02-27 11:21:34,khms1.googleapis.com
2014-02-27 11:21:34,khms0.googleapis.com
2014-02-27 11:21:35,mts1.googleapis.com
2014-02-27 11:21:35,khms0.googleapis.com
2014-02-27 11:21:35,maps.googleapis.com
2014-02-27 11:21:35,khms1.googleapis.com
2014-02-27 11:21:36,maps.googleapis.com
2014-02-27 11:21:36,khms0.googleapis.com
2014-02-27 11:21:36,khms1.googleapis.com
2014-02-27 11:21:36,mts1.googleapis.com
2014-02-27 11:21:36,mts0.googleapis.com
2014-02-27 11:21:37,mts1.googleapis.com
2014-02-27 11:21:37,mts0.googleapis.com
2014-02-27 11:21:37,khms0.googleapis.com
2014-02-27 11:21:37,khms1.googleapis.com
2014-02-27 11:21:40,mts1.googleapis.com
2014-02-27 11:21:40,khms1.googleapis.com
2014-02-27 11:21:40,maps.googleapis.com
2014-02-27 11:21:41,maps.googleapis.com
2014-02-27 11:21:41,mts0.googleapis.com
2014-02-27 11:21:41,khms1.googleapis.com
2014-02-27 11:21:41,khms0.googleapis.com
2014-02-27 11:21:41,mts1.googleapis.com
2014-02-27 11:21:42,mts1.googleapis.com
2014-02-27 11:21:46,khms0.googleapis.com
2014-02-27 11:21:46,khms1.googleapis.com
2014-02-27 11:21:46,maps.googleapis.com
2014-02-27 11:21:47,mts1.googleapis.com
2014-02-27 11:21:47,mts0.googleapis.com
2014-02-27 11:21:51,mts0.googleapis.com
2014-02-27 11:21:51,mts1.googleapis.com
2014-02-27 11:21:55,khms0.googleapis.com
2014-02-27 11:21:55,maps.googleapis.com
2014-02-27 11:21:55,khms1.googleapis.com
2014-02-27 11:21:55,mts0.googleapis.com
2014-02-27 11:21:55,mts1.googleapis.com
2014-02-27 11:21:56,mts1.googleapis.com
2014-02-27 11:21:56,mts0.googleapis.com
2014-02-27 11:21:56,maps.googleapis.com
2014-02-27 11:21:56,khms1.googleapis.com
2014-02-27 11:21:56,khms0.googleapis.com
2014-02-27 11:21:57,mts1.googleapis.com
2014-02-27 11:21:57,mts0.googleapis.com
2014-02-27 11:21:57,maps.googleapis.com
2014-02-27 11:21:57,khms1.googleapis.com
2014-02-27 11:21:58,mts0.googleapis.com
2014-02-27 11:21:58,mts1.googleapis.com
2014-02-27 11:21:59,mts0.googleapis.com
2014-02-27 11:21:59,mts1.googleapis.com
2014-02-27 11:22:02,mts1.googleapis.com
2014-02-27 11:22:02,mts0.googleapis.com
2014-02-27 11:22:02,khms0.googleapis.com
2014-02-27 11:22:03,khms1.googleapis.com
2014-02-27 11:22:28,khms1.googleapis.com
2014-02-27 11:22:28,mts0.googleapis.com
2014-02-27 11:22:28,khms0.googleapis.com
2014-02-27 11:22:28,mts1.googleapis.com
2014-02-27 11:22:29,khms1.googleapis.com
2014-02-27 11:22:29,maps.googleapis.com
2014-02-27 11:22:29,mts0.googleapis.com
2014-02-27 11:22:29,khms0.googleapis.com
2014-02-27 11:22:29,mts1.googleapis.com
2014-02-27 11:22:30,mts1.googleapis.com
2014-02-27 11:22:31,khms1.googleapis.com
2014-02-27 11:22:31,khms0.googleapis.com
2014-02-27 11:22:31,maps.googleapis.com
2014-02-27 11:22:32,mts1.googleapis.com
2014-02-27 11:22:32,khms1.googleapis.com
2014-02-27 11:22:32,maps.googleapis.com
2014-02-27 11:22:32,mts0.googleapis.com
2014-02-27 11:22:34,mts1.googleapis.com
2014-02-27 11:22:34,mts0.googleapis.com
2014-02-27 11:22:34,maps.googleapis.com
2014-02-27 11:22:35,mts1.googleapis.com
2014-02-27 11:22:35,khms1.googleapis.com
2014-02-27 11:22:35,khms0.googleapis.com
2014-02-27 11:22:35,mts0.googleapis.com
2014-02-27 11:22:35,maps.googleapis.com
2014-02-27 11:22:36,khms0.googleapis.com
2014-02-27 11:22:36,maps.googleapis.com
2014-02-27 11:22:36,mts0.googleapis.com
2014-02-27 11:22:36,mts1.googleapis.com
2014-02-27 11:22:36,khms1.googleapis.com
2014-02-27 11:22:37,mts1.googleapis.com
2014-02-27 11:22:37,khms0.googleapis.com
2014-02-27 11:22:37,khms1.googleapis.com
2014-02-27 11:22:37,maps.googleapis.com
2014-02-27 11:22:37,mts0.googleapis.com
2014-02-27 11:22:38,khms0.googleapis.com
2014-02-27 11:22:38,maps.googleapis.com
2014-02-27 11:22:38,mts0.googleapis.com
2014-02-27 11:22:38,mts1.googleapis.com
2014-02-27 11:22:39,khms0.googleapis.com
2014-02-27 11:22:39,khms1.googleapis.com
2014-02-27 11:22:39,mts0.googleapis.com
2014-02-27 11:22:39,mts1.googleapis.com
2014-02-27 11:22:40,khms0.googleapis.com
2014-02-27 11:22:40,khms1.googleapis.com
2014-02-27 11:22:42,maps.googleapis.com
2014-02-27 11:22:42,khms1.googleapis.com
2014-02-27 11:22:42,khms0.googleapis.com
2014-02-27 11:22:42,mts0.googleapis.com
2014-02-27 11:22:42,mts1.googleapis.com
2014-02-27 11:22:43,mts1.googleapis.com
2014-02-27 11:22:43,khms1.googleapis.com
2014-02-27 11:22:43,khms0.googleapis.com
2014-02-27 11:22:43,maps.googleapis.com
2014-02-27 11:22:43,mts0.googleapis.com
2014-02-27 11:22:44,khms0.googleapis.com
2014-02-27 11:22:44,mts0.googleapis.com
2014-02-27 11:22:44,mts1.googleapis.com
2014-02-27 11:22:45,khms1.googleapis.com
2014-02-27 11:22:47,khms0.googleapis.com
2014-02-27 11:22:47,mts1.googleapis.com
2014-02-27 11:22:47,maps.googleapis.com
2014-02-27 11:22:47,khms1.googleapis.com
2014-02-27 11:23:21,www.google.fr
2014-02-27 11:23:37,mts0.googleapis.com
2014-02-27 11:23:37,www.google.fr
2014-02-27 11:23:37,mts1.googleapis.com
2014-02-27 11:23:37,maps.googleapis.com
2014-02-27 11:23:37,khms0.googleapis.com
2014-02-27 11:23:38,www.fff.fr
2014-02-27 11:23:38,www.google.fr
2014-02-27 11:23:40,www.fff.fr
2014-02-27 11:23:41,www.fff.fr
2014-02-27 11:23:41,maps.google.com
2014-02-27 11:23:41,widget.cloud.opta.net
2014-02-27 11:23:42,www.fff.fr
2014-02-27 11:23:42,assets-pub.lefigaro.fr
2014-02-27 11:23:43,www.fff.fr
2014-02-27 11:23:43,assets-pub.lefigaro.fr
2014-02-27 11:23:43,www.youtube.com
2014-02-27 11:23:47,www.fff.fr
2014-02-27 11:23:47,w.sharethis.com
2014-02-27 11:23:47,i1.ytimg.com
2014-02-27 11:23:47,connect.facebook.net
2014-02-27 11:23:47,widget.cloud.opta.net
2014-02-27 11:23:48,www.fff.fr
2014-02-27 11:23:48,www.youtube.com
2014-02-27 11:23:49,platform.twitter.com
2014-02-27 11:23:49,s-static.ak.facebook.com
2014-02-27 11:23:49,static.ak.facebook.com
2014-02-27 11:23:50,www.youtube.com
2014-02-27 11:23:50,i1.ytimg.com
2014-02-27 11:23:50,www.fff.fr
2014-02-27 11:23:50,s.ytimg.com
2014-02-27 11:23:51,edge.sharethis.com
2014-02-27 11:23:51,www.facebook.com
2014-02-27 11:23:51,widget.cloud.opta.net
2014-02-27 11:23:51,i1.ytimg.com
2014-02-27 11:23:51,www.fff.fr
2014-02-27 11:23:51,w.sharethis.com
2014-02-27 11:23:51,platform.twitter.com
2014-02-27 11:23:51,s.ytimg.com
2014-02-27 11:23:52,w.sharethis.com
2014-02-27 11:23:53,maps.googleapis.com
2014-02-27 11:24:19,www.fff.fr
2014-02-27 11:24:28,www.fff.fr
2014-02-27 11:24:29,www.fff.fr
2014-02-27 11:24:29,maps.google.com
2014-02-27 11:24:30,www.fff.fr
2014-02-27 11:24:31,s-static.ak.facebook.com
2014-02-27 11:24:31,platform.twitter.com
2014-02-27 11:24:31,static.ak.facebook.com
2014-02-27 11:24:31,www.facebook.com
2014-02-27 11:24:32,www.facebook.com
2014-02-27 11:24:35,maps.googleapis.com
2014-02-27 11:24:52,www.eficiens-serving2.com
2014-02-27 11:24:52,www.facebook.com
2014-02-27 11:24:53,www.eficiens-serving2.com
2014-02-27 11:24:53,www.fff.fr
2014-02-27 11:24:53,maps.google.com
2014-02-27 11:24:53,www.youtube.com
2014-02-27 11:24:54,www.fff.fr
2014-02-27 11:24:55,static.ak.facebook.com
2014-02-27 11:24:55,platform.twitter.com
2014-02-27 11:24:55,www.fff.fr
2014-02-27 11:24:55,apis.google.com
2014-02-27 11:24:55,www.youtube.com
2014-02-27 11:24:56,apis.google.com
2014-02-27 11:24:56,s-static.ak.facebook.com
2014-02-27 11:24:56,www.facebook.com
2014-02-27 11:24:57,accounts.google.com
2014-02-27 11:24:57,www.fff.fr
2014-02-27 11:24:59,maps.googleapis.com
2014-02-27 11:25:25,www.eficiens-serving2.com
2014-02-27 11:25:25,apis.google.com
2014-02-27 11:25:40,www.google.fr
2014-02-27 11:25:55,www.google.fr
2014-02-27 11:26:00,www.google.fr
2014-02-27 11:26:00,ent.u-clermont1.fr
2014-02-27 11:26:00,www.u-clermont1.fr
2014-02-27 11:26:00,accounts.google.com
2014-02-27 11:26:01,ent.u-clermont1.fr
2014-02-27 11:26:07,www.google.fr
