timestamp,site
2013-09-12 12:21:09,fpdownload2.macromedia.com
2013-09-12 12:21:17,accounts.google.com
2013-09-12 12:21:17,gmail.com
2013-09-12 12:21:17,mail.google.com
2013-09-12 12:21:18,www.google.com
2013-09-12 12:21:18,www.bing.com
2013-09-12 12:21:18,accounts.youtube.com
2013-09-12 12:21:19,mail.google.com
2013-09-12 12:21:22,accounts.google.co.ma
2013-09-12 12:21:23,accounts.google.fr
2013-09-12 12:21:25,mail.google.com
2013-09-12 12:21:25,accounts.google.fr
2013-09-12 12:21:25,accounts.google.co.ma
2013-09-12 12:21:25,accounts.youtube.com
2013-09-12 12:21:25,accounts.google.com
2013-09-12 12:21:26,plus.google.com
2013-09-12 12:21:26,apis.google.com
2013-09-12 12:21:26,clients2.google.com
2013-09-12 12:21:26,mail.google.com
2013-09-12 12:21:26,www.google.com
2013-09-12 12:21:27,clients2.google.com
2013-09-12 12:21:27,plus.google.com
2013-09-12 12:21:28,mail.google.com
2013-09-12 12:21:30,mail.google.com
2013-09-12 12:21:30,chatenabled.mail.google.com
2013-09-12 12:21:43,www.google.com
2013-09-12 12:21:44,chatenabled.mail.google.com
2013-09-12 12:21:44,accounts.google.com
2013-09-12 12:21:44,apis.google.com
2013-09-12 12:21:44,plus.google.com
2013-09-12 12:22:01,mail.google.com
2013-09-12 12:22:14,clients6.google.com
2013-09-12 12:22:14,plus.google.com
2013-09-12 12:22:16,www.powerarchiver.com
2013-09-12 12:22:16,dl.patchbeam.com
2013-09-12 12:23:18,go.microsoft.com
2013-09-12 12:23:18,ieonline.microsoft.com
2013-09-12 12:23:25,plus.google.com
2013-09-12 12:25:45,mail.google.com
2013-09-12 12:25:46,mail.google.com
2013-09-12 12:26:14,apis.google.com
2013-09-12 12:26:15,clients6.google.com
2013-09-12 12:27:26,plus.google.com
2013-09-12 12:28:31,plus.google.com
2013-09-12 12:37:37,plus.google.com
2013-09-12 12:47:37,plus.google.com
2013-09-12 12:57:38,plus.google.com
2013-09-12 13:03:00,mail.google.com
2013-09-12 13:05:46,mail.google.com
2013-09-12 13:07:38,plus.google.com
2013-09-12 13:17:38,plus.google.com
2013-09-12 13:18:17,mail.google.com
2013-09-12 13:18:18,www.google.com
2013-09-12 13:18:18,www.google.fr
2013-09-12 13:18:19,www.google.co.ma
2013-09-12 13:18:19,accounts.youtube.com
2013-09-12 13:18:22,accounts.google.co.ma
2013-09-12 13:18:22,accounts.google.com
2013-09-12 13:18:22,accounts.youtube.com
2013-09-12 13:18:22,mail.google.com
2013-09-12 13:18:22,accounts.google.fr
2013-09-12 13:20:57,mail.google.com
2013-09-12 13:20:57,accounts.google.com
2013-09-12 13:20:58,mail.google.com
2013-09-12 13:20:58,accounts.youtube.com
2013-09-12 13:21:05,accounts.google.co.ma
2013-09-12 13:21:05,accounts.google.fr
2013-09-12 13:21:08,clients2.google.com
2013-09-12 13:21:08,www.google.com
2013-09-12 13:21:08,plus.google.com
2013-09-12 13:21:09,mail.google.com
2013-09-12 13:21:10,accounts.google.com
2013-09-12 13:21:11,mail.google.com
2013-09-12 13:21:11,accounts.google.fr
2013-09-12 13:21:11,apis.google.com
2013-09-12 13:21:11,accounts.youtube.com
2013-09-12 13:21:11,accounts.google.co.ma
2013-09-12 13:21:11,chatenabled.mail.google.com
2013-09-12 13:21:12,www.google.com
2013-09-12 13:21:12,clients2.google.com
2013-09-12 13:21:12,plus.google.com
2013-09-12 13:21:17,apis.google.com
2013-09-12 13:21:22,chatenabled.mail.google.com
2013-09-12 13:21:34,apis.google.com
2013-09-12 13:21:35,mail.google.com
2013-09-12 13:21:36,mail.google.com
2013-09-12 13:21:36,plus.google.com
2013-09-12 13:21:37,www.google.fr
2013-09-12 13:21:37,www.google.co.ma
2013-09-12 13:21:37,mail.google.com
2013-09-12 13:21:37,apis.google.com
2013-09-12 13:21:37,www.google.com
2013-09-12 13:21:39,www.google.com
2013-09-12 13:21:39,accounts.google.co.ma
2013-09-12 13:21:39,accounts.google.com
2013-09-12 13:21:39,accounts.google.fr
2013-09-12 13:21:39,mail.google.com
2013-09-12 13:21:39,accounts.youtube.com
2013-09-12 16:57:53,www.google.com
2013-09-12 16:58:08,gmail.com
2013-09-12 16:58:08,mail.google.com
2013-09-12 16:58:09,accounts.google.com
2013-09-12 16:58:09,accounts.youtube.com
2013-09-12 16:58:10,mail.google.com
2013-09-12 16:58:13,accounts.google.co.ma
2013-09-12 16:58:13,accounts.google.fr
2013-09-12 16:58:16,mail.google.com
2013-09-12 16:58:16,accounts.google.fr
2013-09-12 16:58:16,accounts.google.com
2013-09-12 16:58:16,accounts.google.co.ma
2013-09-12 16:58:16,accounts.youtube.com
2013-09-12 16:58:17,mail.google.com
2013-09-12 16:58:17,clients2.google.com
2013-09-12 16:58:17,www.google.com
2013-09-12 16:58:17,apis.google.com
2013-09-12 16:58:17,plus.google.com
2013-09-12 16:58:18,plus.google.com
2013-09-12 16:58:18,mail.google.com
2013-09-12 16:58:19,clients2.google.com
2013-09-12 16:58:21,mail.google.com
2013-09-12 16:58:21,www.google.com
2013-09-12 16:58:22,mail.google.com
2013-09-12 16:58:22,chatenabled.mail.google.com
2013-09-12 16:58:32,apis.google.com
2013-09-12 16:59:23,accounts.google.com
2013-09-12 16:59:23,mail.google.com
2013-09-12 16:59:23,apis.google.com
2013-09-12 16:59:23,plus.google.com
2013-09-12 16:59:48,go.microsoft.com
2013-09-12 16:59:48,ieonline.microsoft.com
2013-09-12 17:00:55,chatenabled.mail.google.com
2013-09-12 17:00:55,plus.google.com
2013-09-12 17:01:35,mail.google.com
2013-09-12 17:04:55,plus.google.com
2013-09-12 17:05:35,chatenabled.mail.google.com
2013-09-12 17:06:02,apis.google.com
2013-09-12 17:09:25,plus.google.com
2013-09-12 17:13:25,plus.google.com
2013-09-12 17:19:18,mail.google.com
2013-09-12 17:22:02,mail.google.com
2013-09-12 17:22:34,plus.google.com
2013-09-12 17:24:00,mail.google.com
2013-09-12 17:27:02,mail.google.com
2013-09-12 17:29:19,mail.google.com
2013-09-12 17:31:06,mail.google.com
2013-09-12 17:32:34,plus.google.com
2013-09-12 17:34:19,mail.google.com
2013-09-12 17:37:02,mail.google.com
2013-09-12 17:38:17,mail.google.com
2013-09-12 17:42:02,mail.google.com
2013-09-12 17:42:34,plus.google.com
2013-09-12 17:44:19,mail.google.com
2013-09-12 17:45:44,mail.google.com
2013-09-12 17:49:19,mail.google.com
2013-09-12 17:52:02,mail.google.com
2013-09-12 17:52:35,plus.google.com
2013-09-12 17:54:20,mail.google.com
2013-09-12 17:56:35,mail.google.com
2013-09-12 17:59:20,mail.google.com
2013-09-12 18:02:02,mail.google.com
2013-09-12 18:02:35,plus.google.com
2013-09-12 18:04:05,mail.google.com
2013-09-12 18:07:02,mail.google.com
2013-09-12 18:11:11,mail.google.com
2013-09-12 18:12:35,plus.google.com
2013-09-12 18:14:20,mail.google.com
2013-09-12 18:17:02,mail.google.com
2013-09-12 18:19:10,mail.google.com
2013-09-12 18:22:35,plus.google.com
2013-09-12 18:23:12,mail.google.com
2013-09-12 18:26:49,mail.google.com
2013-09-12 18:30:38,mail.google.com
2013-09-12 18:32:36,plus.google.com
2013-09-12 18:34:15,mail.google.com
2013-09-12 18:37:02,mail.google.com
2013-09-12 18:41:47,mail.google.com
2013-09-12 18:42:36,plus.google.com
2013-09-12 18:44:21,mail.google.com
2013-09-12 18:45:26,mail.google.com
2013-09-12 18:49:34,mail.google.com
2013-09-12 18:52:36,plus.google.com
2013-09-12 18:53:39,mail.google.com
2013-09-12 18:54:59,mail.google.com
2013-09-12 21:43:31,www.facebook.com
2013-09-12 21:43:31,facebook.com
2013-09-12 21:43:32,www.facebook.com
2013-09-12 21:43:33,fbstatic-a.akamaihd.net
2013-09-12 21:43:34,www.facebook.com
2013-09-12 21:43:34,fbstatic-a.akamaihd.net
2013-09-12 21:43:40,fbstatic-a.akamaihd.net
2013-10-12 21:39:14,facebook.com
2013-10-12 21:39:15,www.facebook.com
2013-10-12 21:39:18,www.facebook.com
2013-10-12 21:39:18,fbstatic-a.akamaihd.net
2013-10-12 21:39:26,www.google.com
2013-10-12 21:39:27,fbstatic-a.akamaihd.net
2013-10-12 21:40:24,fbstatic-a.akamaihd.net
2013-10-12 21:40:24,www.facebook.com
2013-10-12 21:40:32,www.facebook.com
2013-10-12 21:40:38,fbstatic-a.akamaihd.net
2013-10-12 21:41:26,ieonline.microsoft.com
2013-10-12 21:41:26,go.microsoft.com
2013-10-12 21:42:15,fbstatic-a.akamaihd.net
2013-10-12 21:42:20,www.facebook.com
2013-10-12 21:42:23,fbstatic-a.akamaihd.net
2013-10-12 21:42:27,fbstatic-a.akamaihd.net
2013-10-12 21:42:54,fbstatic-a.akamaihd.net
2013-10-12 21:44:50,www.facebook.com
2013-10-12 21:44:53,www.facebook.com
2013-10-12 21:54:52,www.facebook.com
2013-10-12 22:07:23,www.google.com
2013-10-12 22:07:23,www.google.fr
2013-10-12 22:07:24,www.google.com
2013-10-12 22:07:24,apis.google.com
2013-10-12 22:08:12,www.google.fr
2013-10-12 22:08:12,www.google.com
2013-10-12 22:08:12,apis.google.com
2013-10-12 22:08:13,vk.com
2013-10-12 22:08:13,www.google.fr
2013-10-12 22:08:13,www.keyboard.su
2013-10-12 22:08:13,connect.facebook.net
2013-10-12 22:08:13,french.keyboard.su
2013-10-12 22:08:14,static.ak.facebook.com
2013-10-12 22:08:14,www.keyboard.su
2013-10-12 22:08:14,french.keyboard.su
2013-10-12 22:08:14,vk.com
2013-10-12 22:08:14,www.facebook.com
2013-10-12 22:08:14,s-static.ak.facebook.com
2013-10-12 22:08:14,widget.idea.informer.com
2013-10-12 22:08:15,vk.com
2013-10-12 22:08:15,www.google.com
2013-10-12 22:08:15,s-static.ak.facebook.com
2013-10-12 22:08:16,french.keyboard.su
2013-10-12 22:08:16,vk.com
2013-10-12 22:08:34,french.keyboard.su
2013-11-12 20:57:51,www.google.fr
2013-11-12 20:57:52,apis.google.com
2013-11-12 20:57:53,www.google.com
2013-11-12 20:58:23,www.mathematiquesfaciles.com
2013-11-12 20:58:23,www.google.com
2013-11-12 20:58:23,apis.google.com
2013-11-12 20:58:23,www.facebook.com
2013-11-12 20:58:23,vc02.free.fr
2013-11-12 20:58:23,platform.twitter.com
2013-11-12 20:58:23,www.anglaisfacile.com
2013-11-12 20:58:23,www.google.fr
2013-11-12 20:58:24,accounts.google.com
2013-11-12 20:58:24,twitter.com
2013-11-12 20:58:24,apis.google.com
2013-11-12 20:58:24,www.anglaisfacile.com
2013-11-12 20:58:55,twitter.com
2013-11-12 21:00:23,accounts.google.com
2013-11-12 21:00:33,ieonline.microsoft.com
2013-11-12 21:01:33,www.google.fr
2013-11-23 15:36:58,www.bing.com
2013-11-23 15:36:58,www.google.com
2013-11-23 15:37:02,www.google.fr
2013-11-23 15:37:03,www.google.fr
2013-11-23 15:37:04,www.google.com
2013-11-23 15:37:04,apis.google.com
2013-11-23 15:37:09,mail.google.com
2013-11-23 15:37:09,apis.google.com
2013-11-23 15:37:09,accounts.google.com
2013-11-23 15:37:09,www.google.fr
2013-11-23 15:37:10,accounts.google.com
2013-11-23 15:37:10,mail.google.com
2013-11-23 15:37:10,www.google.com
2013-11-23 15:37:10,www.google.fr
2013-11-23 15:37:11,mail.google.com
2013-11-23 15:37:11,apis.google.com
2013-11-23 15:37:23,apis.google.com
2013-11-23 15:37:23,accounts.youtube.com
2013-11-23 15:37:43,accounts.google.fr
2013-11-23 15:37:43,accounts.google.co.ma
2013-11-23 15:37:46,accounts.google.co.ma
2013-11-23 15:37:46,accounts.google.fr
2013-11-23 15:37:46,apis.google.com
2013-11-23 15:37:46,clients2.google.com
2013-11-23 15:37:46,mail.google.com
2013-11-23 15:37:46,plus.google.com
2013-11-23 15:37:46,accounts.youtube.com
2013-11-23 15:37:46,www.google.com
2013-11-23 15:37:46,accounts.google.com
2013-11-23 15:37:49,chatenabled.mail.google.com
2013-11-23 15:37:50,mail.google.com
2013-11-23 15:37:50,clients2.google.com
2013-11-23 15:37:53,plus.google.com
2013-11-23 15:37:53,chatenabled.mail.google.com
2013-11-23 15:37:54,clients6.google.com
2013-11-23 15:37:54,mail.google.com
2013-11-23 15:37:54,plus.google.com
2013-11-23 15:37:54,apis.google.com
2013-11-23 15:38:00,plus.google.com
2013-11-23 15:38:00,apis.google.com
2013-11-23 15:38:52,apis.google.com
2013-11-23 15:39:21,mail.google.com
2013-11-23 15:39:50,ieonline.microsoft.com
2013-11-23 15:39:50,go.microsoft.com
2013-11-23 15:41:54,mail.google.com
2013-11-23 15:41:55,clients6.google.com
2013-11-23 15:42:24,clients6.google.com
2013-11-23 15:43:22,plus.google.com
2013-11-23 15:44:20,plus.google.com
2013-11-23 15:44:49,mail.google.com
2013-11-23 15:53:32,plus.google.com
2013-11-23 15:58:21,mail.google.com
2013-11-23 16:03:21,mail.google.com
2013-11-23 16:03:33,plus.google.com
2013-11-23 16:08:21,mail.google.com
2013-11-23 16:13:21,mail.google.com
2013-11-23 16:13:33,plus.google.com
2013-11-23 16:18:21,mail.google.com
2013-11-23 16:23:33,plus.google.com
2013-11-23 16:23:40,mail.google.com
2013-11-23 16:28:21,mail.google.com
2013-11-23 16:32:11,mail.google.com
2013-11-23 16:33:33,plus.google.com
2013-11-23 16:34:21,mail.google.com
2013-11-23 16:38:21,mail.google.com
2013-11-23 16:43:21,mail.google.com
2013-11-23 16:43:34,plus.google.com
2013-11-23 16:48:21,mail.google.com
2013-11-23 16:53:21,mail.google.com
2013-11-23 16:53:34,plus.google.com
2013-11-23 16:58:21,mail.google.com
2013-11-23 17:03:21,mail.google.com
2013-11-23 17:03:34,plus.google.com
2013-11-23 17:06:07,mail.google.com
2013-11-23 17:09:21,mail.google.com
2013-11-23 17:13:21,mail.google.com
2013-11-23 17:13:35,plus.google.com
2013-11-23 17:18:21,mail.google.com
2013-11-23 17:23:35,plus.google.com
2013-11-23 17:23:49,mail.google.com
2013-11-23 17:28:21,mail.google.com
2013-11-23 17:30:49,mail.google.com
2013-11-23 17:30:53,mail.google.com
2013-11-23 17:33:35,plus.google.com
2013-11-23 17:34:32,mail.google.com
2013-11-23 17:38:32,chatenabled.mail.google.com
2013-11-23 17:38:49,mail.google.com
2013-11-23 17:43:49,mail.google.com
2013-11-23 17:44:03,plus.google.com
2013-11-23 17:48:49,mail.google.com
2013-11-23 17:53:49,mail.google.com
2013-11-23 17:54:03,plus.google.com
2013-11-23 17:58:49,mail.google.com
2013-11-23 18:03:49,mail.google.com
2013-11-23 18:04:04,plus.google.com
2013-11-23 18:08:49,mail.google.com
2013-11-23 18:13:49,mail.google.com
2013-11-23 18:14:04,plus.google.com
2013-11-23 18:18:49,mail.google.com
2013-11-23 18:24:04,plus.google.com
2013-11-23 18:24:17,mail.google.com
2013-11-23 18:28:49,mail.google.com
2013-11-23 18:33:49,mail.google.com
2013-11-23 18:34:05,plus.google.com
2013-11-23 18:38:49,mail.google.com
2013-11-23 18:43:49,mail.google.com
2013-11-23 18:44:05,plus.google.com
2013-11-23 18:48:49,mail.google.com
2013-11-23 18:53:49,mail.google.com
2013-11-23 18:54:05,plus.google.com
2013-11-23 18:58:49,mail.google.com
2013-11-23 19:03:49,mail.google.com
2013-11-23 19:04:05,plus.google.com
2013-11-23 19:08:49,mail.google.com
2013-11-23 19:13:49,mail.google.com
2013-11-23 19:14:06,plus.google.com
2013-11-23 19:16:58,mail.google.com
2013-11-23 19:19:49,mail.google.com
2013-11-23 19:24:06,plus.google.com
2013-11-23 19:24:18,mail.google.com
2013-11-23 19:28:49,mail.google.com
2013-11-23 19:30:28,mail.google.com
2013-11-23 19:30:51,mail.google.com
2013-11-23 19:34:06,plus.google.com
2013-11-23 19:38:49,mail.google.com
2013-11-23 19:43:49,mail.google.com
2013-11-23 19:44:06,plus.google.com
2013-11-23 19:48:49,mail.google.com
2013-11-23 19:53:49,mail.google.com
2013-11-23 19:54:07,plus.google.com
2013-11-23 19:58:49,mail.google.com
2013-11-23 20:03:31,mail.google.com
2013-11-23 20:04:07,plus.google.com
2013-11-23 20:04:49,mail.google.com
2013-11-23 20:08:49,mail.google.com
2013-11-23 20:13:49,mail.google.com
2013-11-23 20:14:08,plus.google.com
2013-11-23 20:18:49,mail.google.com
2013-11-23 20:24:08,plus.google.com
2013-11-23 20:24:19,mail.google.com
2013-11-23 20:28:49,mail.google.com
2013-11-23 20:33:49,mail.google.com
2013-11-23 20:34:08,plus.google.com
2013-11-23 20:38:49,mail.google.com
2013-11-23 20:43:49,mail.google.com
2013-11-23 20:44:08,plus.google.com
2013-11-23 20:47:26,mail.google.com
2013-11-23 20:49:49,mail.google.com
2013-11-23 20:53:49,mail.google.com
2013-11-23 20:54:09,plus.google.com
2013-11-23 20:58:49,mail.google.com
2013-11-23 21:03:49,mail.google.com
2013-11-23 21:04:09,plus.google.com
2013-11-23 21:08:49,mail.google.com
2013-11-23 21:13:49,mail.google.com
2013-11-23 21:14:09,plus.google.com
2013-11-23 21:18:49,mail.google.com
2013-11-23 21:24:10,plus.google.com
2013-11-23 21:24:21,mail.google.com
2013-11-23 21:28:49,mail.google.com
2013-11-23 21:31:04,mail.google.com
2013-11-23 21:33:49,mail.google.com
2013-11-23 21:34:10,plus.google.com
2013-11-23 21:36:49,mail.google.com
2013-11-23 21:39:49,mail.google.com
2013-11-23 21:43:49,mail.google.com
2013-11-23 21:44:10,plus.google.com
2013-11-23 21:48:49,mail.google.com
2013-11-23 21:53:49,mail.google.com
2013-11-23 21:54:10,plus.google.com
2013-11-23 21:58:49,mail.google.com
2013-11-23 22:03:49,mail.google.com
2013-11-23 22:04:11,plus.google.com
2013-11-23 22:08:49,mail.google.com
2013-11-23 22:13:49,mail.google.com
2013-11-23 22:14:11,plus.google.com
2013-11-23 22:18:49,mail.google.com
2013-11-23 22:24:11,plus.google.com
2013-11-23 22:24:22,mail.google.com
2013-11-23 22:28:49,mail.google.com
2013-11-23 22:33:49,mail.google.com
2013-11-23 22:34:12,plus.google.com
2013-11-23 22:38:49,mail.google.com
2013-11-23 22:43:49,mail.google.com
2013-11-23 22:44:12,plus.google.com
2013-11-23 22:48:49,mail.google.com
2013-11-23 22:53:49,mail.google.com
2013-11-23 22:54:12,plus.google.com
2013-11-23 22:58:49,mail.google.com
2013-11-23 23:03:14,mail.google.com
2013-11-23 23:04:12,plus.google.com
2013-11-23 23:04:49,mail.google.com
2013-11-23 23:07:08,mail.google.com
2013-11-23 23:10:36,www.google.com
2013-11-23 23:10:37,accounts.google.com
2013-11-23 23:10:37,accounts.youtube.com
2013-11-23 23:10:39,mail.google.com
2013-11-23 23:11:31,accounts.google.co.ma
2013-11-23 23:11:31,accounts.google.fr
2013-11-23 23:11:34,accounts.youtube.com
2013-11-23 23:11:34,accounts.google.com
2013-11-23 23:11:34,accounts.google.co.ma
2013-11-23 23:11:34,mail.google.com
2013-11-23 23:11:34,accounts.google.fr
2013-11-23 23:11:35,apis.google.com
2013-11-23 23:11:35,clients2.google.com
2013-11-23 23:11:35,www.google.com
2013-11-23 23:11:35,mail.google.com
2013-11-23 23:11:36,plus.google.com
2013-11-23 23:11:36,clients2.google.com
2013-11-23 23:11:36,www.google.com
2013-11-23 23:11:38,apis.google.com
2013-11-23 23:11:38,chatenabled.mail.google.com
2013-11-23 23:11:38,mail.google.com
2013-11-23 23:11:41,plus.google.com
2013-11-23 23:11:41,accounts.google.com
2013-11-23 23:11:44,chatenabled.mail.google.com
2013-11-23 23:11:44,apis.google.com
2013-11-23 23:11:49,apis.google.com
2013-11-23 23:11:59,mail.google.com
2013-11-23 23:12:58,mail.google.com
2013-11-23 23:13:01,plus.google.com
2013-11-23 23:13:01,clients6.google.com
2013-11-23 23:13:03,plus.google.com
2013-11-23 23:13:04,mail.google.com
2013-11-23 23:13:06,mail.google.com
2013-11-23 23:13:10,mail.google.com
2013-11-23 23:13:11,clients6.google.com
2013-11-23 23:13:11,www.google.co.ma
2013-11-23 23:13:11,www.google.fr
2013-11-23 23:13:11,apis.google.com
2013-11-23 23:13:11,www.google.com
2013-11-23 23:13:11,plus.google.com
2013-11-23 23:13:11,chatenabled.mail.google.com
2013-11-23 23:13:12,www.google.co.ma
2013-11-23 23:13:20,accounts.youtube.com
2013-11-23 23:13:20,accounts.google.com
2013-11-23 23:13:20,accounts.google.co.ma
2013-11-23 23:13:20,accounts.google.fr
2013-11-23 23:13:20,mail.google.com
2013-11-23 23:13:20,ieonline.microsoft.com
2013-11-23 23:13:22,go.microsoft.com
2013-11-23 23:39:49,accounts.youtube.com
2013-11-23 23:39:49,accounts.google.fr
2013-11-23 23:39:49,www.google.fr
2013-11-23 23:39:50,www.google.co.ma
2013-11-23 23:39:50,accounts.google.com
2013-11-23 23:39:50,accounts.google.co.ma
2013-11-23 23:39:51,mail.google.com
2013-11-23 23:40:27,plus.google.com
2013-11-23 23:40:27,clients2.google.com
2013-11-23 23:40:27,www.google.com
2013-11-23 23:40:27,apis.google.com
2013-11-23 23:40:28,accounts.google.com
2013-11-23 23:40:29,accounts.youtube.com
2013-11-23 23:40:29,accounts.google.co.ma
2013-11-23 23:40:29,chatenabled.mail.google.com
2013-11-23 23:40:30,mail.google.com
2013-11-23 23:40:41,accounts.google.fr
2013-11-23 23:41:04,mail.google.com
2013-11-23 23:41:05,www.google.com
2013-11-23 23:41:05,mail.google.com
2013-11-23 23:41:05,clients2.google.com
2013-11-23 23:41:05,plus.google.com
2013-11-23 23:41:05,www.google.co.ma
2013-11-23 23:41:05,www.google.fr
2013-11-23 23:41:05,apis.google.com
2013-11-23 23:41:05,chatenabled.mail.google.com
2013-11-23 23:41:08,mail.google.com
2013-11-23 23:41:08,accounts.youtube.com
2013-11-23 23:41:08,accounts.google.com
2013-11-23 23:41:08,accounts.google.co.ma
2013-11-23 23:41:08,accounts.google.fr
2013-11-26 09:15:38,gmail.com
2013-11-26 09:15:38,mail.google.com
2013-11-26 09:15:39,accounts.google.com
2013-11-26 09:15:40,mail.google.com
2013-11-26 09:15:40,www.google.com
2013-11-26 09:15:41,mail.google.com
2013-11-26 09:15:41,apis.google.com
2013-11-26 09:15:41,accounts.google.com
2013-11-26 09:15:42,www.google.com
2013-11-26 09:15:43,www.google.com
2013-11-26 09:15:44,www.google.com
2013-11-26 09:15:44,mail.google.com
2013-11-26 09:15:45,mail.google.com
2013-11-26 09:15:56,apis.google.com
2013-11-26 09:15:57,accounts.youtube.com
2013-11-26 09:15:57,apis.google.com
2013-11-26 09:16:11,accounts.google.co.ma
2013-11-26 09:16:12,accounts.google.fr
2013-11-26 09:16:16,accounts.google.fr
2013-11-26 09:16:16,accounts.google.com
2013-11-26 09:16:16,accounts.google.co.ma
2013-11-26 09:16:16,accounts.youtube.com
2013-11-26 09:16:17,mail.google.com
2013-11-26 09:16:17,clients2.google.com
2013-11-26 09:16:17,www.google.com
2013-11-26 09:16:18,mail.google.com
2013-11-26 09:16:19,clients2.google.com
2013-11-26 09:16:19,plus.google.com
2013-11-26 09:16:25,chatenabled.mail.google.com
2013-11-26 09:16:25,mail.google.com
2013-11-26 09:16:26,plus.google.com
2013-11-26 09:16:27,plus.google.com
2013-11-26 09:16:27,mail.google.com
2013-11-26 09:16:27,apis.google.com
2013-11-26 09:16:35,chatenabled.mail.google.com
2013-11-26 09:16:38,apis.google.com
2013-11-26 09:16:38,clients6.google.com
2013-11-26 09:16:39,mail.google.com
2013-11-26 09:16:39,plus.google.com
2013-11-26 09:16:43,plus.google.com
2013-11-26 09:18:29,ieonline.microsoft.com
2013-11-26 09:20:37,mail.google.com
2013-11-26 09:20:38,apis.google.com
2013-11-26 09:20:39,mail.google.com
2013-11-26 09:20:39,clients6.google.com
2013-11-26 09:21:08,clients6.google.com
2013-11-26 09:28:26,mail.google.com
2013-11-26 09:28:52,plus.google.com
2013-11-26 09:29:53,plus.google.com
2013-11-26 09:35:39,mail.google.com
2013-11-26 09:35:41,www.google.com
2013-11-26 09:35:41,plus.google.com
2013-11-26 09:35:41,www.google.fr
2013-11-26 09:35:42,accounts.youtube.com
2013-11-26 09:35:42,accounts.google.fr
2013-11-26 09:35:42,www.google.co.ma
2013-11-26 09:35:45,accounts.google.com
2013-11-26 09:35:45,mail.google.com
2013-11-26 09:35:45,accounts.google.co.ma
2013-11-26 09:35:45,accounts.youtube.com
2013-11-29 14:05:07,shell.windows.com
2013-11-29 14:05:07,go.microsoft.com
2013-11-29 14:05:08,shell.windows.com
2013-11-29 14:05:09,shell.windows.com
2013-11-29 14:05:10,shell.windows.com
2013-11-29 14:05:11,shell.windows.com
2013-11-29 14:05:16,www.google.com
2013-11-29 14:08:09,www.google.com
2013-11-29 14:08:10,go.microsoft.com
2013-11-29 14:08:10,www.google.fr
2013-11-29 14:08:10,ieonline.microsoft.com
2013-11-29 14:08:11,apis.google.com
2013-11-29 14:08:13,www.google.com
2013-11-29 14:10:33,apis.google.com
2013-11-29 14:10:33,www.google.com
2013-11-29 14:10:33,www.google.fr
2013-11-29 14:21:11,logging.windows.microsoft.com
2013-11-29 14:21:30,search.windows.microsoft.com
2013-11-29 14:21:39,logging.windows.microsoft.com
2013-11-29 14:21:57,www.altairhyperworks.com
2013-11-29 14:21:58,www.altairhyperworks.com
2013-11-29 14:21:59,www.altairhyperworks.com
2013-11-29 14:22:00,www.altairhyperworks.com
2013-11-29 14:22:05,www.altairhyperworks.com
2013-11-29 14:22:06,www.altairhyperworks.com
2013-11-29 14:22:11,www.altairhyperworks.com
2013-11-29 14:22:16,www.altairhyperworks.com
2013-11-29 14:22:17,www.altairhyperworks.com
2013-11-29 14:23:13,www.google.fr
2013-11-29 14:47:00,mail.google.com
2013-11-29 14:47:00,accounts.google.com
2013-11-29 14:47:00,gmail.com
2013-11-29 14:47:01,www.google.com
2013-11-29 14:47:01,accounts.google.com
2013-11-29 14:47:01,mail.google.com
2013-11-29 14:47:01,apis.google.com
2013-11-29 14:47:02,mail.google.com
2013-11-29 14:47:02,www.google.com
2013-11-29 14:47:05,accounts.youtube.com
2013-11-29 14:47:05,apis.google.com
2013-11-29 14:47:17,accounts.google.co.ma
2013-11-29 14:47:17,accounts.google.fr
2013-11-29 14:47:19,accounts.google.com
2013-11-29 14:47:20,plus.google.com
2013-11-29 14:47:20,www.google.com
2013-11-29 14:47:20,apis.google.com
2013-11-29 14:47:20,accounts.youtube.com
2013-11-29 14:47:20,mail.google.com
2013-11-29 14:47:20,accounts.google.fr
2013-11-29 14:47:20,accounts.google.co.ma
2013-11-29 14:47:20,clients2.google.com
2013-11-29 14:47:21,mail.google.com
2013-11-29 14:47:25,chatenabled.mail.google.com
2013-11-29 14:47:25,mail.google.com
2013-11-29 14:47:26,clients2.google.com
2013-11-29 14:48:07,plus.google.com
2013-11-29 14:48:07,chatenabled.mail.google.com
2013-11-29 14:48:49,plus.google.com
2013-11-29 14:48:50,mail.google.com
2013-11-29 14:51:07,apis.google.com
2013-11-29 14:51:09,mail.google.com
2013-11-29 14:51:10,apis.google.com
2013-11-29 14:51:11,mail.google.com
2013-11-29 14:51:11,chatenabled.mail.google.com
2013-11-29 14:51:11,apis.google.com
2013-11-29 14:51:11,plus.google.com
2013-11-29 14:51:11,www.google.com
2013-11-29 14:51:11,accounts.youtube.com
2013-11-29 14:51:11,www.google.fr
2013-11-29 14:51:11,www.google.co.ma
2013-11-29 14:55:09,mail.google.com
2013-11-29 14:55:11,accounts.youtube.com
2013-11-29 14:55:11,accounts.google.fr
2013-11-29 14:55:11,accounts.google.co.ma
2013-11-29 14:55:11,accounts.google.com
2013-11-29 14:55:12,mail.google.com
2013-12-12 18:25:54,www.google.com
2013-12-12 18:25:55,gmail.com
2013-12-12 18:25:55,mail.google.com
2013-12-12 18:25:55,accounts.google.com
2013-12-12 18:25:56,accounts.youtube.com
2013-12-12 18:25:57,mail.google.com
2013-12-12 18:26:00,accounts.google.co.ma
2013-12-12 18:26:00,accounts.google.fr
2013-12-12 18:26:01,mail.google.com
2013-12-12 18:26:03,accounts.google.com
2013-12-12 18:26:04,mail.google.com
2013-12-12 18:26:04,accounts.google.fr
2013-12-12 18:26:04,accounts.google.co.ma
2013-12-12 18:26:04,accounts.youtube.com
2013-12-12 18:26:05,mail.google.com
2013-12-12 18:26:05,www.google.com
2013-12-12 18:26:05,clients2.google.com
2013-12-12 18:26:06,plus.google.com
2013-12-12 18:26:06,apis.google.com
2013-12-12 18:26:07,mail.google.com
2013-12-12 18:26:07,plus.google.com
2013-12-12 18:26:09,www.google.com
2013-12-12 18:26:11,clients2.google.com
2013-12-12 18:26:12,mail.google.com
2013-12-12 18:26:12,chatenabled.mail.google.com
2013-12-12 18:27:14,mail.google.com
2013-12-12 18:27:33,plus.google.com
2013-12-12 18:27:33,apis.google.com
2013-12-12 18:27:34,accounts.google.com
2013-12-12 18:27:35,plus.google.com
2013-12-12 18:27:49,go.microsoft.com
2013-12-12 18:27:49,ieonline.microsoft.com
2013-12-12 18:28:05,chatenabled.mail.google.com
2013-12-12 18:28:05,clients6.google.com
2013-12-12 18:30:07,apis.google.com
2013-12-12 18:30:07,mail.google.com
2013-12-12 18:30:07,clients6.google.com
2013-12-12 18:30:07,plus.google.com
2013-12-12 18:33:19,mail.google.com
2013-12-12 18:33:19,accounts.google.com
2013-12-12 18:33:19,gmail.com
2013-12-12 18:33:20,accounts.youtube.com
2013-12-12 18:33:20,mail.google.com
2013-12-12 18:33:31,youtube.com
2013-12-12 18:33:32,s.ytimg.com
2013-12-12 18:33:32,i1.ytimg.com
2013-12-12 18:33:32,www.youtube.com
2013-12-12 18:33:33,i1.ytimg.com
2013-12-12 18:33:33,s.ytimg.com
2013-12-12 18:33:34,s.ytimg.com
2013-12-12 18:33:34,apis.google.com
2013-12-12 18:33:36,apis.google.com
2013-12-12 18:33:36,i1.ytimg.com
2013-12-12 18:33:37,i1.ytimg.com
2013-12-12 18:33:39,s.ytimg.com
2013-12-12 18:33:43,i1.ytimg.com
2013-12-12 18:33:50,www.youtube.com
2013-12-12 18:33:51,r2---sn-gxo5uxg-jqbe.googlevideo.com
2013-12-12 18:33:51,s.ytimg.com
2013-12-12 18:33:51,s.youtube.com
2013-12-12 18:33:51,www.youtube.com
2013-12-12 18:33:52,s.ytimg.com
2013-12-12 18:33:52,i1.ytimg.com
2013-12-12 18:33:52,www.youtube.com
2013-12-12 18:33:52,r2---sn-gxo5uxg-jqbe.googlevideo.com
2013-12-12 18:33:53,s.youtube.com
2013-12-12 18:33:53,r2---sn-gxo5uxg-jqbe.googlevideo.com
2013-12-12 18:33:54,www.youtube.com
2013-12-12 18:33:54,accounts.google.co.ma
2013-12-12 18:33:55,www.youtube.com
2013-12-12 18:33:55,i1.ytimg.com
2013-12-12 18:33:55,accounts.google.fr
2013-12-12 18:33:57,r2---sn-gxo5uxg-jqbe.googlevideo.com
2013-12-12 18:33:57,accounts.google.com
2013-12-12 18:33:57,accounts.youtube.com
2013-12-12 18:33:57,accounts.google.co.ma
2013-12-12 18:33:58,accounts.google.fr
2013-12-12 18:33:58,clients2.google.com
2013-12-12 18:33:58,www.google.com
2013-12-12 18:33:58,apis.google.com
2013-12-12 18:33:58,r2---sn-gxo5uxg-jqbe.googlevideo.com
2013-12-12 18:33:58,mail.google.com
2013-12-12 18:33:59,plus.google.com
2013-12-12 18:34:00,clients2.google.com
2013-12-12 18:34:01,s.youtube.com
2013-12-12 18:34:01,www.google.com
2013-12-12 18:34:02,plus.google.com
2013-12-12 18:34:02,s.youtube.com
2013-12-12 18:34:03,mail.google.com
2013-12-12 18:34:03,chatenabled.mail.google.com
2013-12-12 18:34:05,accounts.google.com
2013-12-12 18:34:05,apis.google.com
2013-12-12 18:34:11,r2---sn-gxo5uxg-jqbe.googlevideo.com
2013-12-12 18:34:12,s.youtube.com
2013-12-12 18:34:22,s.youtube.com
2013-12-12 18:34:26,r2---sn-gxo5uxg-jqbe.googlevideo.com
2013-12-12 18:34:30,r2---sn-gxo5uxg-jqbe.googlevideo.com
2013-12-12 18:34:31,s.youtube.com
2013-12-12 18:34:34,r2---sn-gxo5uxg-jqbe.googlevideo.com
2013-12-12 18:34:35,chatenabled.mail.google.com
2013-12-12 18:34:35,clients6.google.com
2013-12-12 18:34:38,r2---sn-gxo5uxg-jqbe.googlevideo.com
2013-12-12 18:34:39,r2---sn-gxo5uxg-jqbe.googlevideo.com
2013-12-12 18:34:41,s.youtube.com
2013-12-12 18:34:46,s.ytimg.com
2013-12-12 18:34:47,r2---sn-gxo5uxg-jqbe.googlevideo.com
2013-12-12 18:34:47,clients1.google.com
2013-12-12 18:34:50,r2---sn-gxo5uxg-jqbe.googlevideo.com
2013-12-12 18:34:53,s.youtube.com
2013-12-12 18:35:24,plus.google.com
2013-12-12 18:35:24,www.google.fr
2013-12-12 18:35:24,www.google.com
2013-12-12 18:35:24,mail.google.com
2013-12-12 18:35:25,mail.google.com
2013-12-12 18:35:31,apis.google.com
2013-12-12 18:35:46,ieonline.microsoft.com
2013-12-12 18:35:54,www.google.fr
2013-12-12 18:35:54,www.tv-direct.fr
2013-12-12 18:35:54,a.ad-sys.com
2013-12-12 18:35:54,platform.twitter.com
2013-12-12 18:35:54,clients6.google.com
2013-12-12 18:35:54,mail.google.com
2013-12-12 18:35:54,plus.google.com
2013-12-12 18:35:54,www.google.com
2013-12-12 18:35:54,apis.google.com
2013-12-12 18:35:54,www.buzzypeople.fr
2013-12-12 18:35:55,apis.google.com
2013-12-12 18:35:55,s-static.ak.facebook.com
2013-12-12 18:35:55,static.ak.facebook.com
2013-12-12 18:35:55,www.sv2.biz
2013-12-12 18:35:55,www.buzzypeople.fr
2013-12-12 18:35:55,connect.facebook.net
2013-12-12 18:35:55,www.tv-direct.fr
2013-12-12 18:35:55,n1rtux4ijc.b.ad6media.fr
2013-12-12 18:35:56,platform.twitter.com
2013-12-12 18:35:56,1fxrgop47e.s.ad6media.fr
2013-12-12 18:35:56,www.buzzypeople.fr
2013-12-12 18:35:56,www.facebook.com
2013-12-12 18:35:56,ea.numericable.fr
2013-12-12 18:35:56,style.ad6.fr
2013-12-12 18:35:56,n1rtux4ijc.b.ad6media.fr
2013-12-12 18:35:56,outils.yesmessenger.com
2013-12-12 18:35:56,www.tv-direct.fr
2013-12-12 18:35:56,accounts.google.com
2013-12-12 18:35:57,style2.ad6.fr
2013-12-12 18:35:57,apis.google.com
2013-12-12 18:35:57,1fxrgop47e.s.ad6media.fr
2013-12-12 18:35:57,platform.twitter.com
2013-12-12 18:35:57,banniere.reussissonsensemble.fr
2013-12-12 18:35:58,clic.reussissonsensemble.fr
2013-12-12 18:35:58,style2.ad6.fr
2013-12-12 18:35:58,1fxrgop47e.s.ad6media.fr
2013-12-12 18:35:58,www.tv-direct.fr
2013-12-12 18:35:58,platform.twitter.com
2013-12-12 18:35:58,twitter.com
2013-12-12 18:35:58,voyages.carrefour.fr
2013-12-12 18:36:02,1fxrgop47e.s.ad6media.fr
2013-12-12 18:36:09,twitter.com
2013-12-12 18:36:09,a.ad-sys.com
2013-12-12 18:36:10,outils.yesmessenger.com
2013-12-12 18:36:10,static.ak.facebook.com
2013-12-12 18:36:10,www.buzzypeople.fr
2013-12-12 18:36:10,www.sv2.biz
2013-12-12 18:36:10,www.tv-direct.fr
2013-12-12 18:36:10,plus.google.com
2013-12-12 18:36:10,www.google.fr
2013-12-12 18:36:10,s-static.ak.facebook.com
2013-12-12 18:36:10,n1rtux4ijc.b.ad6media.fr
2013-12-12 18:36:11,apis.google.com
2013-12-12 18:36:11,www.facebook.com
2013-12-12 18:36:11,1fxrgop47e.s.ad6media.fr
2013-12-12 18:36:22,www.buzzypeople.fr
2013-12-12 18:36:22,www.tv-direct.fr
2013-12-12 18:36:22,twitter.com
2013-12-12 18:36:23,static.ak.facebook.com
2013-12-12 18:36:23,outils.yesmessenger.com
2013-12-12 18:36:23,s-static.ak.facebook.com
2013-12-12 18:36:23,a.ad-sys.com
2013-12-12 18:36:24,www.sv2.biz
2013-12-12 18:36:24,ea.numericable.fr
2013-12-12 18:36:24,1fxrgop47e.s.ad6media.fr
2013-12-12 18:36:24,www.tv-direct.fr
2013-12-12 18:36:24,www.facebook.com
2013-12-12 18:36:28,s-static.ak.facebook.com
2013-12-12 18:36:28,twitter.com
2013-12-12 18:36:28,apis.google.com
2013-12-12 18:36:28,www.tv-direct.fr
2013-12-12 18:36:28,www.buzzypeople.fr
2013-12-12 18:36:28,a.ad-sys.com
2013-12-12 18:36:28,static.ak.facebook.com
2013-12-12 18:36:29,outils.yesmessenger.com
2013-12-12 18:36:29,www.tv-direct.fr
2013-12-12 18:36:29,1fxrgop47e.s.ad6media.fr
2013-12-12 18:36:29,boutique-online.orange.fr
2013-12-12 18:36:29,www.facebook.com
2013-12-12 18:36:29,ea.numericable.fr
2013-12-12 18:36:41,ressource.illyx.com
2013-12-12 18:36:55,www.youtube.com
2013-12-12 18:36:56,apis.google.com
2013-12-12 18:36:56,twitter.com
2013-12-12 18:36:57,i1.ytimg.com
2013-12-12 18:36:59,s.ytimg.com
2013-12-12 18:36:59,clients1.google.com
2013-12-12 18:37:02,www.youtube.com
2013-12-12 18:37:03,r2---sn-gxo5uxg-jqbe.googlevideo.com
2013-12-12 18:37:03,www.youtube-nocookie.com
2013-12-12 18:37:03,s.ytimg.com
2013-12-12 18:37:03,i1.ytimg.com
2013-12-12 18:37:03,apis.google.com
2013-12-12 18:37:03,plus.google.com
2013-12-12 18:37:03,clients1.google.com
2013-12-12 18:37:04,www.google.com
2013-12-12 18:37:04,adm.fwmrm.net
2013-12-12 18:37:04,s.youtube.com
2013-12-12 18:37:04,www.youtube.com
2013-12-12 18:37:04,s.ytimg.com
2013-12-12 18:37:04,i3.ytimg.com
2013-12-12 18:37:04,i1.ytimg.com
2013-12-12 18:37:05,adm.fwmrm.net
2013-12-12 18:37:05,www.youtube.com
2013-12-12 18:37:08,www.youtube.com
2013-12-12 18:37:08,r3---sn-gxo5uxg-jqbe.googlevideo.com
2013-12-12 18:37:08,www.youtube-nocookie.com
2013-12-12 18:37:09,i1.ytimg.com
2013-12-12 18:37:09,plus.google.com
2013-12-12 18:37:10,r3---sn-gxo5uxg-jqbe.googlevideo.com
2013-12-12 18:37:10,s.youtube.com
2013-12-12 18:37:10,www.youtube.com
2013-12-12 18:37:10,plus.google.com
2013-12-12 18:37:11,r3---sn-gxo5uxg-jqbe.googlevideo.com
2013-12-12 18:37:11,www.youtube.com
2013-12-12 18:37:11,s.youtube.com
2013-12-12 18:37:11,www.google.com
2013-12-12 18:37:12,www.youtube.com
2013-12-12 18:37:15,s.youtube.com
2013-12-12 18:37:19,s.youtube.com
2013-12-12 18:37:21,www.youtube.com
2013-12-12 18:37:22,s.ytimg.com
2013-12-12 18:37:25,s.youtube.com
2013-12-12 18:37:30,r3---sn-gxo5uxg-jqbe.googlevideo.com
2013-12-12 18:37:35,s.youtube.com
2013-12-12 18:37:39,r3---sn-gxo5uxg-jqbe.googlevideo.com
2013-12-12 18:37:45,r3---sn-gxo5uxg-jqbe.googlevideo.com
2013-12-12 18:37:49,s.youtube.com
2013-12-12 18:38:00,r3---sn-gxo5uxg-jqbe.googlevideo.com
2013-12-12 18:38:03,r3---sn-gxo5uxg-jqbe.googlevideo.com
2013-12-12 18:38:15,accounts.google.com
2013-12-12 18:38:15,r3---sn-gxo5uxg-jqbe.googlevideo.com
2013-12-12 18:38:19,s.youtube.com
2013-12-12 18:38:21,s.youtube.com
2013-12-12 18:38:27,clients1.google.com
2013-12-12 18:38:28,r3---sn-gxo5uxg-jqbe.googlevideo.com
2013-12-12 18:38:30,r3---sn-gxo5uxg-jqbe.googlevideo.com
2013-12-12 18:38:45,r3---sn-gxo5uxg-jqbe.googlevideo.com
2013-12-12 18:38:49,s.youtube.com
2013-12-12 18:38:51,r3---sn-gxo5uxg-jqbe.googlevideo.com
2013-12-12 18:39:00,r3---sn-gxo5uxg-jqbe.googlevideo.com
2013-12-12 18:39:02,s.youtube.com
2013-12-12 18:39:15,r3---sn-gxo5uxg-jqbe.googlevideo.com
2013-12-12 18:39:19,s.youtube.com
2013-12-12 18:39:31,r3---sn-gxo5uxg-jqbe.googlevideo.com
2013-12-12 18:39:39,r3---sn-gxo5uxg-jqbe.googlevideo.com
2013-12-12 18:39:42,s.youtube.com
2013-12-12 18:39:46,r3---sn-gxo5uxg-jqbe.googlevideo.com
2013-12-12 18:39:49,s.youtube.com
2013-12-12 18:40:01,r3---sn-gxo5uxg-jqbe.googlevideo.com
2013-12-12 18:40:03,r3---sn-gxo5uxg-jqbe.googlevideo.com
2013-12-12 18:40:13,www.youtube.com
2013-12-12 18:40:16,r3---sn-gxo5uxg-jqbe.googlevideo.com
2013-12-12 18:40:19,s.youtube.com
2013-12-12 18:40:22,s.youtube.com
2013-12-12 18:40:27,r3---sn-gxo5uxg-jqbe.googlevideo.com
2013-12-12 18:40:31,r3---sn-gxo5uxg-jqbe.googlevideo.com
2013-12-12 18:40:46,r3---sn-gxo5uxg-jqbe.googlevideo.com
2013-12-12 18:40:48,r3---sn-gxo5uxg-jqbe.googlevideo.com
2013-12-12 18:40:49,s.youtube.com
2013-12-12 18:41:01,r3---sn-gxo5uxg-jqbe.googlevideo.com
2013-12-12 18:41:02,s.youtube.com
2013-12-12 18:41:13,r3---sn-gxo5uxg-jqbe.googlevideo.com
2013-12-12 18:41:16,r3---sn-gxo5uxg-jqbe.googlevideo.com
2013-12-12 18:41:19,s.youtube.com
2013-12-12 18:41:31,r3---sn-gxo5uxg-jqbe.googlevideo.com
2013-12-12 18:41:36,r3---sn-gxo5uxg-jqbe.googlevideo.com
2013-12-12 18:41:42,s.youtube.com
2013-12-12 18:41:47,r3---sn-gxo5uxg-jqbe.googlevideo.com
2013-12-12 18:41:49,s.youtube.com
2013-12-12 18:42:00,r3---sn-gxo5uxg-jqbe.googlevideo.com
2013-12-12 18:42:02,r3---sn-gxo5uxg-jqbe.googlevideo.com
2013-12-12 18:42:17,r3---sn-gxo5uxg-jqbe.googlevideo.com
2013-12-12 18:42:20,s.youtube.com
2013-12-12 18:42:22,s.youtube.com
2013-12-12 18:42:24,r3---sn-gxo5uxg-jqbe.googlevideo.com
2013-12-12 18:42:32,r3---sn-gxo5uxg-jqbe.googlevideo.com
2013-12-12 18:42:47,r3---sn-gxo5uxg-jqbe.googlevideo.com
2013-12-12 18:42:50,s.youtube.com
2013-12-12 18:43:02,r3---sn-gxo5uxg-jqbe.googlevideo.com
2013-12-12 18:43:02,s.youtube.com
2013-12-12 18:43:11,r3---sn-gxo5uxg-jqbe.googlevideo.com
2013-12-12 18:43:17,r3---sn-gxo5uxg-jqbe.googlevideo.com
2013-12-12 18:43:20,s.youtube.com
2013-12-12 18:43:32,r3---sn-gxo5uxg-jqbe.googlevideo.com
2013-12-12 18:43:36,r3---sn-gxo5uxg-jqbe.googlevideo.com
2013-12-12 18:43:42,s.youtube.com
2013-12-12 18:43:47,r3---sn-gxo5uxg-jqbe.googlevideo.com
2013-12-12 18:43:50,s.youtube.com
2013-12-12 18:44:00,r3---sn-gxo5uxg-jqbe.googlevideo.com
2013-12-12 18:44:02,r3---sn-gxo5uxg-jqbe.googlevideo.com
2013-12-12 18:44:03,mail.google.com
2013-12-12 18:44:08,mail.google.com
2013-12-12 18:44:09,clients2.google.com
2013-12-12 18:44:09,www.google.com
2013-12-12 18:44:09,plus.google.com
2013-12-12 18:44:09,accounts.google.com
2013-12-12 18:44:12,chatenabled.mail.google.com
2013-12-12 18:44:22,www.youtube-nocookie.com
2013-12-12 18:44:22,plus.google.com
2013-12-12 18:44:22,mail.google.com
2013-12-12 18:44:23,r3---sn-gxo5uxg-jqbe.googlevideo.com
2013-12-12 18:44:24,r3---sn-gxo5uxg-jqbe.googlevideo.com
2013-12-12 18:44:24,s.youtube.com
2013-12-12 18:44:24,www.youtube.com
2013-12-12 18:44:24,mail.google.com
2013-12-12 18:44:24,plus.google.com
2013-12-12 18:44:25,www.youtube.com
2013-12-12 18:44:25,r3---sn-gxo5uxg-jqbe.googlevideo.com
2013-12-12 18:44:26,www.youtube.com
2013-12-12 18:44:28,r3---sn-gxo5uxg-jqbe.googlevideo.com
2013-12-12 18:44:28,s.youtube.com
2013-12-12 18:44:34,mail.google.com
2013-12-12 18:44:55,clients2.google.com
2013-12-12 18:44:55,www.google.com
2013-12-12 18:44:55,plus.google.com
2013-12-12 18:44:55,mail.google.com
2013-12-12 18:44:56,www.youtube.com
2013-12-12 18:44:56,r3---sn-gxo5uxg-jqbe.googlevideo.com
2013-12-12 18:44:56,www.youtube-nocookie.com
2013-12-12 18:44:56,chatenabled.mail.google.com
2013-12-12 18:44:56,mail.google.com
2013-12-12 18:44:57,s.youtube.com
2013-12-12 18:44:57,www.youtube.com
2013-12-12 18:44:57,r3---sn-gxo5uxg-jqbe.googlevideo.com
2013-12-12 18:44:57,mail.google.com
2013-12-12 18:44:58,s.youtube.com
2013-12-12 18:44:58,r3---sn-gxo5uxg-jqbe.googlevideo.com
2013-12-12 18:44:58,www.youtube.com
2013-12-12 18:44:59,s.youtube.com
2013-12-12 18:45:00,www.youtube.com
2013-12-12 18:45:07,s.youtube.com
2013-12-12 18:45:08,www.youtube.com
2013-12-12 18:45:09,s.youtube.com
2013-12-12 18:45:16,r3---sn-gxo5uxg-jqbe.googlevideo.com
2013-12-12 18:45:19,s.youtube.com
2013-12-12 18:45:26,r3---sn-gxo5uxg-jqbe.googlevideo.com
2013-12-12 18:45:31,r3---sn-gxo5uxg-jqbe.googlevideo.com
2013-12-12 18:45:37,s.youtube.com
2013-12-12 18:45:46,r3---sn-gxo5uxg-jqbe.googlevideo.com
2013-12-12 18:45:50,r3---sn-gxo5uxg-jqbe.googlevideo.com
2013-12-12 18:45:51,s.youtube.com
2013-12-12 18:46:01,r3---sn-gxo5uxg-jqbe.googlevideo.com
2013-12-12 18:46:01,plus.google.com
2013-12-12 18:46:07,s.youtube.com
2013-12-12 18:46:14,r3---sn-gxo5uxg-jqbe.googlevideo.com
2013-12-12 18:46:16,r3---sn-gxo5uxg-jqbe.googlevideo.com
2013-12-12 18:46:31,s.youtube.com
2013-12-12 18:46:32,r3---sn-gxo5uxg-jqbe.googlevideo.com
2013-12-12 18:46:37,s.youtube.com
2013-12-12 18:46:37,r3---sn-gxo5uxg-jqbe.googlevideo.com
2013-12-12 18:46:47,r3---sn-gxo5uxg-jqbe.googlevideo.com
2013-12-12 18:47:01,r3---sn-gxo5uxg-jqbe.googlevideo.com
2013-12-12 18:47:02,r3---sn-gxo5uxg-jqbe.googlevideo.com
2013-12-12 18:47:07,s.youtube.com
2013-12-12 18:47:11,s.youtube.com
2013-12-12 18:47:17,r3---sn-gxo5uxg-jqbe.googlevideo.com
2013-12-12 18:47:26,r3---sn-gxo5uxg-jqbe.googlevideo.com
2013-12-12 18:47:32,r3---sn-gxo5uxg-jqbe.googlevideo.com
2013-12-12 18:47:37,s.youtube.com
2013-12-12 18:47:47,r3---sn-gxo5uxg-jqbe.googlevideo.com
2013-12-12 18:47:50,r3---sn-gxo5uxg-jqbe.googlevideo.com
2013-12-12 18:47:51,s.youtube.com
2013-12-12 18:47:59,www.youtube.com
2013-12-12 18:48:02,r3---sn-gxo5uxg-jqbe.googlevideo.com
2013-12-12 18:48:07,s.youtube.com
2013-12-12 18:48:14,r3---sn-gxo5uxg-jqbe.googlevideo.com
2013-12-12 18:48:17,r3---sn-gxo5uxg-jqbe.googlevideo.com
2013-12-12 18:48:31,s.youtube.com
2013-12-12 18:48:32,r3---sn-gxo5uxg-jqbe.googlevideo.com
2013-12-12 18:48:35,r3---sn-gxo5uxg-jqbe.googlevideo.com
2013-12-12 18:48:37,s.youtube.com
2013-12-12 18:48:48,r3---sn-gxo5uxg-jqbe.googlevideo.com
2013-12-12 18:48:59,r3---sn-gxo5uxg-jqbe.googlevideo.com
2013-12-12 18:49:03,r3---sn-gxo5uxg-jqbe.googlevideo.com
2013-12-12 18:49:07,s.youtube.com
2013-12-12 18:49:11,s.youtube.com
2013-12-12 18:49:18,r3---sn-gxo5uxg-jqbe.googlevideo.com
2013-12-12 18:49:22,apis.google.com
2013-12-12 18:49:22,r3---sn-gxo5uxg-jqbe.googlevideo.com
2013-12-12 18:49:33,r3---sn-gxo5uxg-jqbe.googlevideo.com
2013-12-12 18:49:37,s.youtube.com
2013-12-12 18:49:46,r3---sn-gxo5uxg-jqbe.googlevideo.com
2013-12-12 18:49:48,r3---sn-gxo5uxg-jqbe.googlevideo.com
2013-12-12 18:49:51,s.youtube.com
2013-12-12 18:50:03,r3---sn-gxo5uxg-jqbe.googlevideo.com
2013-12-12 18:50:07,s.youtube.com
2013-12-12 18:50:10,r3---sn-gxo5uxg-jqbe.googlevideo.com
2013-12-12 18:50:18,r3---sn-gxo5uxg-jqbe.googlevideo.com
2013-12-12 18:50:31,s.youtube.com
2013-12-12 18:50:33,r3---sn-gxo5uxg-jqbe.googlevideo.com
2013-12-12 18:50:34,r3---sn-gxo5uxg-jqbe.googlevideo.com
2013-12-12 18:50:37,s.youtube.com
2013-12-12 18:50:48,r3---sn-gxo5uxg-jqbe.googlevideo.com
2013-12-12 18:50:58,r3---sn-gxo5uxg-jqbe.googlevideo.com
2013-12-12 18:51:03,r3---sn-gxo5uxg-jqbe.googlevideo.com
2013-12-12 18:51:07,s.youtube.com
2013-12-12 18:51:11,s.youtube.com
2013-12-12 18:51:19,r3---sn-gxo5uxg-jqbe.googlevideo.com
2013-12-12 18:51:22,r3---sn-gxo5uxg-jqbe.googlevideo.com
2013-12-12 18:51:34,r3---sn-gxo5uxg-jqbe.googlevideo.com
2013-12-12 18:51:37,s.youtube.com
2013-12-12 18:51:46,r3---sn-gxo5uxg-jqbe.googlevideo.com
2013-12-12 18:51:49,r3---sn-gxo5uxg-jqbe.googlevideo.com
2013-12-12 18:51:52,s.youtube.com
2013-12-12 18:52:07,s.youtube.com
2013-12-12 18:52:12,s.ytimg.com
2013-12-12 18:52:15,clients1.google.com
2013-12-12 19:56:27,gmail.com
2013-12-12 19:56:27,mail.google.com
2013-12-12 19:56:28,accounts.google.com
2013-12-12 19:56:28,accounts.youtube.com
2013-12-12 19:56:29,mail.google.com
2013-12-12 19:56:31,accounts.google.co.ma
2013-12-12 19:56:31,accounts.google.fr
2013-12-12 19:56:33,accounts.google.fr
2013-12-12 19:56:33,mail.google.com
2013-12-12 19:56:33,accounts.google.co.ma
2013-12-12 19:56:33,accounts.youtube.com
2013-12-12 19:56:33,accounts.google.com
2013-12-12 19:56:34,mail.google.com
2013-12-12 19:56:34,clients2.google.com
2013-12-12 19:56:34,www.google.com
2013-12-12 19:56:34,apis.google.com
2013-12-12 19:56:35,plus.google.com
2013-12-12 19:56:36,mail.google.com
2013-12-12 19:56:38,accounts.google.com
2013-12-12 19:56:38,apis.google.com
2013-12-12 19:56:38,www.google.com
2013-12-12 19:56:38,plus.google.com
2013-12-12 19:56:39,chatenabled.mail.google.com
2013-12-12 19:56:40,mail.google.com
2013-12-12 19:56:49,mail.google.com
2013-12-12 19:57:09,mail.google.com
2013-12-12 19:57:09,clients6.google.com
2013-12-12 19:58:34,mail.google.com
2013-12-12 19:58:42,ieonline.microsoft.com
2013-12-12 20:00:39,plus.google.com
2013-12-12 20:00:39,chatenabled.mail.google.com
2013-12-12 20:01:09,clients6.google.com
2013-12-12 20:01:09,apis.google.com
2013-12-12 20:07:46,plus.google.com
2013-12-12 20:10:38,mail.google.com
2013-12-12 20:11:46,plus.google.com
2013-12-12 20:17:12,mail.google.com
2013-12-12 20:20:45,mail.google.com
2013-12-12 20:20:51,plus.google.com
2013-12-12 20:24:24,mail.google.com
2013-12-12 20:30:51,plus.google.com
2013-12-12 20:31:15,mail.google.com
2013-12-12 20:31:39,mail.google.com
2013-12-12 20:35:24,mail.google.com
2013-12-12 20:38:34,mail.google.com
2013-12-12 20:40:51,plus.google.com
2013-12-12 20:42:15,mail.google.com
2013-12-12 20:46:00,mail.google.com
2013-12-12 20:49:51,mail.google.com
2013-12-12 20:50:52,plus.google.com
2013-12-12 20:51:18,mail.google.com
2013-12-13 15:15:50,www.iegallery.com
2013-12-13 15:15:50,go.microsoft.com
2013-12-13 15:15:51,www.iegallery.com
2013-12-13 15:15:52,www.iegallery.com
2013-12-13 15:15:53,gmail.com
2013-12-13 15:15:53,mail.google.com
2013-12-13 15:15:58,gmail.com
2013-12-13 15:15:58,mail.google.com
2013-12-13 15:16:19,accounts.google.com
2013-12-13 15:16:22,accounts.youtube.com
2013-12-13 15:16:24,accounts.youtube.com
2013-12-13 15:16:38,mail.google.com
2013-12-13 15:16:39,mail.google.com
2013-12-13 15:16:39,accounts.youtube.com
2013-12-13 15:16:39,accounts.google.com
2013-12-13 15:16:40,mail.google.com
2013-12-13 15:16:45,mail.google.com
2013-12-13 15:16:47,accounts.google.co.ma
2013-12-13 15:16:48,mail.google.com
2013-12-13 15:16:48,accounts.google.fr
2013-12-13 15:16:48,accounts.google.com
2013-12-13 15:16:48,accounts.youtube.com
2013-12-13 15:16:48,accounts.google.co.ma
2013-12-13 15:16:49,mail.google.com
2013-12-13 15:16:52,mail.google.com
2013-12-13 15:16:52,clients2.google.com
2013-12-13 15:16:53,apis.google.com
2013-12-13 15:16:53,clients2.google.com
2013-12-13 15:16:53,plus.google.com
2013-12-13 15:16:53,mail.google.com
2013-12-13 15:16:54,accounts.google.com
2013-12-13 15:16:54,apis.google.com
2013-12-13 15:16:54,mail.google.com
2013-12-13 15:16:54,plus.google.com
2013-12-13 15:16:55,mail.google.com
2013-12-13 15:16:55,apis.google.com
2013-12-13 15:16:55,www.google.com
2013-12-13 15:16:56,chatenabled.mail.google.com
2013-12-13 15:16:57,b.mail.google.com
2013-12-13 15:16:58,chatenabled.mail.google.com
2013-12-13 15:17:07,plus.google.com
2013-12-13 15:21:03,mail.google.com
2013-12-13 15:21:19,mail.google.com
2013-12-13 15:21:33,apis.google.com
2013-12-13 15:22:01,apis.google.com
2013-12-13 15:25:20,apis.google.com
2013-12-13 15:27:04,plus.google.com
2013-12-13 15:27:31,mail.google.com
2013-12-13 15:31:24,b.mail.google.com
2013-12-13 15:32:02,plus.google.com
2013-12-13 15:41:09,plus.google.com
2013-12-13 15:41:17,b.mail.google.com
2013-12-13 15:43:03,mail.google.com
2013-12-13 15:46:18,mail.google.com
2013-12-13 15:48:03,mail.google.com
2013-12-13 15:51:08,b.mail.google.com
2013-12-13 15:51:09,plus.google.com
2013-12-13 15:51:18,mail.google.com
2013-12-13 15:53:03,mail.google.com
2013-12-13 15:56:18,mail.google.com
2013-12-13 15:57:21,mail.google.com
2013-12-13 15:58:03,mail.google.com
2013-12-13 16:01:10,plus.google.com
2013-12-13 16:01:18,b.mail.google.com
2013-12-13 16:01:18,mail.google.com
2013-12-13 16:03:03,mail.google.com
2013-12-13 16:06:18,mail.google.com
2013-12-13 16:08:04,mail.google.com
2013-12-13 16:11:10,plus.google.com
2013-12-13 16:11:18,mail.google.com
2013-12-13 16:11:27,b.mail.google.com
2013-12-13 16:13:04,mail.google.com
2013-12-13 16:16:18,mail.google.com
2013-12-13 16:18:04,mail.google.com
2013-12-13 16:21:10,plus.google.com
2013-12-13 16:21:18,mail.google.com
2013-12-13 16:21:34,b.mail.google.com
2013-12-13 16:23:04,mail.google.com
2013-12-13 16:25:05,mail.google.com
2013-12-13 16:28:32,plus.google.com
2013-12-13 16:28:32,b.mail.google.com
2013-12-13 16:28:34,b.mail.google.com
2013-12-13 16:28:34,www.google.com
2013-12-13 16:28:35,accounts.google.fr
2013-12-13 16:28:35,accounts.google.co.ma
2013-12-13 16:28:35,accounts.youtube.com
2013-12-13 16:28:35,www.google.fr
2013-12-13 16:28:35,www.google.com
2013-12-13 16:28:35,www.google.co.ma
2013-12-13 16:28:35,accounts.google.com
2013-12-13 16:28:36,accounts.youtube.com
2013-12-13 16:28:39,mail.google.com
2013-12-23 14:46:05,fpdownload2.macromedia.com
2013-12-23 14:46:10,www.google.com
2013-12-23 14:46:11,gmail.com
2013-12-23 14:46:11,mail.google.com
2013-12-23 14:46:12,accounts.google.com
2013-12-23 14:46:13,accounts.youtube.com
2013-12-23 14:46:14,mail.google.com
2013-12-23 14:46:32,accounts.google.fr
2013-12-23 14:46:32,accounts.google.co.ma
2013-12-23 14:46:36,accounts.google.com
2013-12-23 14:46:36,accounts.youtube.com
2013-12-23 14:46:36,accounts.google.co.ma
2013-12-23 14:46:36,accounts.google.fr
2013-12-23 14:46:36,mail.google.com
2013-12-23 14:46:37,mail.google.com
2013-12-23 14:46:37,clients2.google.com
2013-12-23 14:46:37,www.google.com
2013-12-23 14:46:38,mail.google.com
2013-12-23 14:46:38,apis.google.com
2013-12-23 14:46:38,plus.google.com
2013-12-23 14:46:39,clients2.google.com
2013-12-23 14:46:42,accounts.google.com
2013-12-23 14:46:42,plus.google.com
2013-12-23 14:46:42,www.google.com
2013-12-23 14:46:42,apis.google.com
2013-12-23 14:46:42,chatenabled.mail.google.com
2013-12-23 14:46:43,mail.google.com
2013-12-23 14:48:09,ieonline.microsoft.com
2013-12-23 14:48:09,go.microsoft.com
2013-12-23 14:49:12,chatenabled.mail.google.com
2013-12-23 14:49:17,plus.google.com
2013-12-23 14:49:19,plus.google.com
2013-12-23 14:49:22,apis.google.com
2013-12-23 14:49:28,mail.google.com
2013-12-23 14:49:29,www.google.fr
2013-12-23 14:49:29,apis.google.com
2013-12-23 14:49:29,mail.google.com
2013-12-23 14:49:29,plus.google.com
2013-12-23 14:49:29,www.google.com
2013-12-23 14:49:30,accounts.google.com
2013-12-23 14:49:30,www.google.co.ma
2013-12-23 14:49:34,mail.google.com
2013-12-23 14:49:34,accounts.youtube.com
2013-12-23 14:49:34,accounts.google.com
2013-12-23 14:49:34,accounts.google.co.ma
2013-12-23 14:49:34,accounts.google.fr
2014-01-30 13:42:52,fpdownload2.macromedia.com
2014-01-30 13:42:57,www.google.com
2014-01-30 13:43:16,www.google.fr
2014-01-30 13:43:28,www.google.fr
2014-01-30 13:43:29,apis.google.com
2014-01-30 13:43:32,www.google.com
2014-01-30 13:43:38,www.google.fr
2014-01-30 13:43:38,apis.google.com
2014-01-30 13:43:38,www.google.com
2014-01-30 13:43:39,www.google.fr
2014-01-30 13:45:54,ieonline.microsoft.com
2014-01-30 13:45:54,go.microsoft.com
2014-02-13 14:02:28,www.google.fr
2014-02-13 14:02:31,logging.windows.microsoft.com
2014-02-13 14:02:32,www.google.fr
2014-02-13 14:02:33,www.google.com
2014-02-13 14:02:33,apis.google.com
2014-02-13 14:02:40,apis.google.com
2014-02-13 14:02:40,www.google.com
2014-02-13 14:02:40,www.google.fr
2014-02-13 14:03:10,logging.windows.microsoft.com
2014-02-13 14:03:12,www.google.com
2014-02-13 14:05:04,ieonline.microsoft.com
2014-02-13 14:05:04,go.microsoft.com
2014-02-13 14:06:39,www.google.fr
2014-02-13 14:06:40,www.google.com
2014-02-13 14:06:40,apis.google.com
2014-02-13 14:08:38,www.google.fr
2014-02-13 14:08:38,apis.google.com
2014-02-13 14:08:38,www.google.com
2014-02-17 12:15:00,www.google.fr
2014-02-17 12:15:06,www.google.fr
2014-02-17 12:15:11,www.google.com
2014-02-17 12:15:17,apis.google.com
2014-02-17 12:16:03,apis.google.com
2014-02-17 12:16:03,www.google.com
2014-02-17 12:16:03,www.google.fr
2014-02-17 12:16:04,www.google.fr
2014-02-17 12:17:38,ieonline.microsoft.com
2014-02-17 12:36:39,www.hotmail.com
2014-02-17 12:36:40,login.live.com
2014-02-17 12:36:42,login.live.com
2014-02-17 12:36:44,windowslive.tt.omtrdc.net
2014-02-17 12:36:55,windowslive.tt.omtrdc.net
2014-02-17 12:37:03,login.live.com
2014-02-17 12:37:04,login.live.com
2014-02-17 12:37:08,people.directory.live.com
2014-02-17 12:37:08,mail.live.com
2014-02-17 12:37:10,dub110.mail.live.com
2014-02-17 12:37:10,h2.msn.com
2014-02-17 12:37:11,dub110.mail.live.com
2014-02-17 12:37:11,windowslive.tt.omtrdc.net
2014-02-17 12:37:11,cid-44815ff2500bc71d.users.storage.live.com
2014-02-17 12:37:12,h.live.com
2014-02-17 12:37:13,people.directory.live.com
2014-02-17 12:37:13,g.msn.com
2014-02-17 12:37:13,dub110.mail.live.com
2014-02-17 12:37:13,h.live.com
2014-02-17 12:37:13,h2.msn.com
2014-02-17 12:37:14,h.live.com
2014-02-17 12:37:15,h.live.com
2014-02-17 12:37:16,js.live.net
2014-02-17 12:37:16,secure.shared.live.com
2014-02-17 12:37:16,dub110.mail.live.com
2014-02-17 12:37:18,secure.shared.live.com
2014-02-17 12:37:18,dub110.mail.live.com
2014-02-17 12:37:18,h.live.com
2014-02-17 12:37:19,h.live.com
2014-02-17 12:37:20,go.trouter.io
2014-02-17 12:37:20,h.live.com
2014-02-17 12:37:28,storage.live.com
2014-02-17 12:37:28,secure.shared.live.com
2014-02-17 12:37:28,go.trouter.io
2014-02-17 12:38:12,bn1304files.storage.live.com
2014-02-17 12:39:11,dub110.mail.live.com
2014-02-17 12:39:12,h.live.com
2014-02-17 12:39:14,dub110.mail.live.com
2014-02-17 12:39:26,p.sfx.ms
2014-02-17 12:39:26,go.trouter.io
2014-02-17 12:39:28,dub110.afx.ms
2014-02-17 12:39:28,dub110.mail.live.com
2014-02-17 12:39:28,p.sfx.ms
2014-02-17 12:51:48,gmail.com
2014-02-17 12:51:48,mail.google.com
2014-02-17 12:51:52,accounts.google.com
2014-02-17 12:51:54,accounts.youtube.com
2014-02-17 12:51:57,mail.google.com
2014-02-17 12:52:11,accounts.google.co.ma
2014-02-17 12:52:12,accounts.google.fr
2014-02-17 12:52:18,accounts.google.com
2014-02-17 12:52:18,accounts.youtube.com
2014-02-17 12:52:18,accounts.google.co.ma
2014-02-17 12:52:18,accounts.google.fr
2014-02-17 12:52:26,mail.google.com
2014-02-17 12:52:27,mail.google.com
2014-02-17 12:52:28,apis.google.com
2014-02-17 12:52:28,clients2.google.com
2014-02-17 12:52:28,plus.google.com
2014-02-17 12:52:28,www.google.com
2014-02-17 12:52:29,plus.google.com
2014-02-17 12:52:35,mail.google.com
2014-02-17 12:52:35,clients2.google.com
2014-02-17 12:52:36,chatenabled.mail.google.com
2014-02-17 12:52:36,mail.google.com
2014-02-17 12:52:49,www.google.com
2014-02-17 12:52:50,plus.google.com
2014-02-17 12:52:50,apis.google.com
2014-02-17 12:52:50,accounts.google.com
2014-02-17 12:52:51,chatenabled.mail.google.com
2014-02-17 12:53:05,ieonline.microsoft.com
2014-02-17 12:53:12,mail.google.com
2014-02-17 12:53:14,drive.google.com
2014-02-17 12:53:14,plus.google.com
2014-02-17 12:53:15,drive.google.com
2014-02-17 12:53:22,clients6.google.com
2014-02-17 12:53:32,apis.google.com
2014-02-17 12:53:33,apis.google.com
2014-02-17 12:54:34,mail.google.com
2014-02-17 12:55:34,mail.google.com
2014-02-17 12:57:22,apis.google.com
2014-02-17 12:57:22,clients6.google.com
2014-02-17 12:57:35,mail.google.com
2014-02-17 12:57:39,drive.google.com
2014-02-17 12:57:40,drive.google.com
2014-02-17 12:59:53,office14client.microsoft.com
2014-02-17 12:59:54,office.microsoft.com
2014-02-17 12:59:58,office.microsoft.com
2014-02-17 13:06:48,plus.google.com
2014-02-17 13:07:35,plus.google.com
2014-02-17 13:11:35,mail.google.com
2014-02-17 13:11:55,mail.google.com
2014-02-17 13:13:14,mail.google.com
2014-02-17 13:16:56,mail.google.com
2014-02-17 13:17:17,plus.google.com
2014-02-17 13:20:37,mail.google.com
2014-02-17 13:21:53,mail.google.com
2014-02-17 13:23:45,mail.google.com
2014-02-17 13:24:53,plus.google.com
2014-02-17 13:25:30,mail.google.com
2014-02-17 13:29:28,chatenabled.mail.google.com
2014-02-17 13:29:43,mail.google.com
2014-02-17 13:33:10,mail.google.com
2014-02-17 13:36:48,mail.google.com
2014-02-17 13:36:53,accounts.google.com
2014-02-17 13:36:55,accounts.youtube.com
2014-02-17 13:37:02,mail.google.com
2014-02-17 13:37:17,accounts.google.fr
2014-02-17 13:37:17,accounts.google.co.ma
2014-02-17 13:37:29,clients2.google.com
2014-02-17 13:37:29,www.google.com
2014-02-17 13:37:29,plus.google.com
2014-02-17 13:37:30,plus.google.com
2014-02-17 13:37:34,accounts.google.com
2014-02-17 13:37:39,accounts.youtube.com
2014-02-17 13:37:39,chatenabled.mail.google.com
2014-02-17 13:37:41,accounts.google.co.ma
2014-02-17 13:37:42,accounts.google.fr
2014-02-17 13:37:42,clients2.google.com
2014-02-17 13:37:42,www.google.com
2014-02-17 13:37:42,plus.google.com
2014-02-17 13:37:43,mail.google.com
2014-02-17 13:37:43,chatenabled.mail.google.com
2014-02-17 13:37:43,drive.google.com
2014-02-17 13:37:46,mail.google.com
2014-02-17 13:37:48,mail.google.com
2014-02-17 13:37:49,mail.google.com
2014-02-17 13:37:49,plus.google.com
2014-02-17 13:37:50,clients6.google.com
2014-02-17 13:37:56,clients6.google.com
2014-02-17 13:37:59,clients6.google.com
2014-02-17 13:39:35,clients6.google.com
2014-02-17 13:39:37,apis.google.com
2014-02-17 13:39:38,drive.google.com
2014-02-17 13:39:41,mail.google.com
2014-02-17 13:39:42,apis.google.com
2014-02-17 13:39:42,www.google.fr
2014-02-17 13:39:42,drive.google.com
2014-02-17 13:39:42,clients6.google.com
2014-02-17 13:39:42,www.google.com
2014-02-17 13:39:43,mail.google.com
2014-02-17 13:39:43,www.google.fr
2014-02-17 13:39:43,www.google.com
2014-02-17 13:39:43,www.google.co.ma
2014-02-17 13:39:57,accounts.google.co.ma
2014-02-17 13:39:57,accounts.google.fr
2014-02-17 13:39:57,accounts.youtube.com
2014-02-17 13:39:57,mail.google.com
2014-02-17 13:39:57,accounts.google.com
2014-02-19 17:45:57,mail.google.com
2014-02-19 17:45:59,accounts.google.com
2014-02-19 17:46:00,accounts.youtube.com
2014-02-19 17:46:02,mail.google.com
2014-02-19 17:46:18,accounts.google.co.ma
2014-02-19 17:46:19,accounts.google.fr
2014-02-19 17:46:25,clients2.google.com
2014-02-19 17:46:25,www.google.com
2014-02-19 17:46:25,accounts.google.com
2014-02-19 17:46:26,accounts.youtube.com
2014-02-19 17:46:27,accounts.google.co.ma
2014-02-19 17:46:27,accounts.google.fr
2014-02-19 17:46:27,plus.google.com
2014-02-19 17:46:29,drive.google.com
2014-02-19 17:46:30,clients2.google.com
2014-02-19 17:46:32,www.google.com
2014-02-19 17:46:33,mail.google.com
2014-02-19 17:46:33,chatenabled.mail.google.com
2014-02-19 17:46:39,mail.google.com
2014-02-19 17:46:39,drive.google.com
2014-02-19 17:46:39,accounts.google.com
2014-02-19 17:46:39,plus.google.com
2014-02-19 17:46:39,chatenabled.mail.google.com
2014-02-19 17:46:44,mail.google.com
2014-02-19 17:46:45,mail.google.com
2014-02-19 17:46:45,clients6.google.com
2014-02-19 17:46:46,mail.google.com
2014-02-19 17:47:00,apis.google.com
2014-02-19 17:47:04,mail.google.com
2014-02-19 17:47:16,mail.google.com
2014-02-19 17:47:24,mail.google.com
2014-02-19 17:47:29,drive.google.com
2014-02-19 17:47:29,clients6.google.com
2014-02-19 17:47:32,mail.google.com
2014-02-19 17:47:32,clients6.google.com
2014-02-19 17:47:36,plus.google.com
2014-02-19 17:47:36,mail.google.com
2014-02-19 17:47:36,apis.google.com
2014-02-19 17:47:37,www.google.com
2014-02-19 17:47:37,www.google.fr
2014-02-19 17:47:37,www.google.co.ma
2014-02-19 17:48:52,www.google.com
2014-02-19 17:48:52,accounts.google.fr
2014-02-19 17:48:52,accounts.google.com
2014-02-19 17:48:52,accounts.youtube.com
2014-02-19 17:48:52,mail.google.com
2014-02-19 17:48:52,accounts.google.co.ma
2014-02-21 12:21:57,www.google.fr
2014-02-21 12:21:59,apis.google.com
2014-02-21 12:22:00,www.google.com
2014-02-21 12:23:47,apis.google.com
2014-02-21 12:23:47,www.google.com
2014-02-21 12:23:47,www.google.fr
2014-02-21 12:24:47,ieonline.microsoft.com
2014-02-21 12:30:20,mail.google.com
2014-02-21 12:30:20,accounts.google.com
2014-02-21 12:30:21,accounts.youtube.com
2014-02-21 12:30:23,www.google.com
2014-02-21 12:30:33,accounts.google.co.ma
2014-02-21 12:30:33,accounts.google.fr
2014-02-21 12:30:37,accounts.youtube.com
2014-02-21 12:30:37,accounts.google.com
2014-02-21 12:30:37,accounts.google.co.ma
2014-02-21 12:30:39,clients2.google.com
2014-02-21 12:30:39,apis.google.com
2014-02-21 12:30:39,www.google.com
2014-02-21 12:30:39,accounts.google.fr
2014-02-21 12:30:39,mail.google.com
2014-02-21 12:30:40,mail.google.com
2014-02-21 12:30:40,plus.google.com
2014-02-21 12:30:42,drive.google.com
2014-02-21 12:30:43,clients2.google.com
2014-02-21 12:30:44,plus.google.com
2014-02-21 12:30:46,chatenabled.mail.google.com
2014-02-21 12:30:46,mail.google.com
2014-02-21 12:30:46,apis.google.com
2014-02-21 12:31:27,mail.google.com
2014-02-21 12:31:27,drive.google.com
2014-02-21 12:31:28,accounts.google.com
2014-02-21 12:31:28,plus.google.com
2014-02-21 12:31:30,mail.google.com
2014-02-21 12:31:31,apis.google.com
2014-02-21 12:31:31,www.google.com
2014-02-21 12:31:31,www.google.fr
2014-02-21 12:31:31,chatenabled.mail.google.com
2014-02-21 12:31:32,accounts.youtube.com
2014-02-21 12:31:32,www.google.co.ma
2014-02-21 12:31:34,facebook.com
2014-02-21 12:31:34,accounts.google.fr
2014-02-21 12:31:34,accounts.google.co.ma
2014-02-21 12:31:41,facebook.com
2014-02-21 12:31:59,accounts.google.com
2014-02-21 12:31:59,accounts.youtube.com
2014-02-21 12:31:59,mail.google.com
2014-02-21 12:31:59,www.youtube-nocookie.com
2014-02-21 12:31:59,s.ytimg.com
2014-02-21 12:31:59,www.youtube.com
2014-02-21 12:32:00,r3---sn-gxo5uxg-jqbe.googlevideo.com
2014-02-21 12:32:00,s.ytimg.com
2014-02-21 12:32:00,yt3.ggpht.com
2014-02-21 12:32:01,s.ytimg.com
2014-02-21 12:32:02,s.ytimg.com
2014-02-21 12:32:03,mail.google.com
2014-02-21 12:32:03,yt3.ggpht.com
2014-02-21 12:38:31,gmail.com
2014-02-21 12:38:31,mail.google.com
2014-02-21 12:38:40,mail.google.com
2014-02-21 12:38:45,accounts.google.com
2014-02-21 12:38:46,accounts.youtube.com
2014-02-21 12:38:49,mail.google.com
2014-02-21 12:38:53,accounts.google.co.ma
2014-02-21 12:38:54,accounts.google.fr
2014-02-21 12:38:58,accounts.google.com
2014-02-21 12:38:58,accounts.youtube.com
2014-02-21 12:38:58,accounts.google.co.ma
2014-02-21 12:38:58,accounts.google.fr
2014-02-21 12:38:59,mail.google.com
2014-02-21 12:39:00,mail.google.com
2014-02-21 12:39:00,www.google.com
2014-02-21 12:39:00,clients2.google.com
2014-02-21 12:39:01,apis.google.com
2014-02-21 12:39:01,plus.google.com
2014-02-21 12:39:02,plus.google.com
2014-02-21 12:39:04,drive.google.com
2014-02-21 12:39:05,clients2.google.com
2014-02-21 12:39:08,plus.google.com
2014-02-21 12:39:08,chatenabled.mail.google.com
2014-02-21 12:39:08,www.google.com
2014-02-21 12:39:10,mail.google.com
2014-02-21 12:39:12,accounts.google.com
2014-02-21 12:39:12,apis.google.com
2014-02-21 12:39:13,plus.google.com
2014-02-21 12:39:14,chatenabled.mail.google.com
2014-02-21 12:39:14,clients6.google.com
2014-02-21 12:39:15,mail.google.com
2014-02-21 12:39:18,mail.google.com
2014-02-21 12:39:19,drive.google.com
2014-02-21 12:39:20,plus.google.com
2014-02-21 12:39:20,clients6.google.com
2014-02-21 12:39:20,apis.google.com
2014-02-21 12:39:23,mail.google.com
2014-02-21 12:39:44,drive.google.com
2014-02-21 12:39:49,apis.google.com
2014-02-21 12:39:53,mail.google.com
2014-02-21 12:39:53,drive.google.com
2014-02-21 12:43:47,www.google.fr
2014-02-21 12:43:47,mail.google.com
2014-02-21 12:43:49,mail.google.com
2014-02-21 12:43:50,drive.google.com
2014-02-21 12:43:50,clients6.google.com
2014-02-21 12:43:50,plus.google.com
2014-02-21 12:44:11,www.google.fr
2014-02-21 12:44:11,mail.google.com
2014-02-21 12:44:12,www.cefracor.org
2014-02-21 12:44:19,www.cefracor.org
2014-02-21 12:45:52,www.google.com
2014-02-21 12:45:52,www.google.fr
2014-02-21 12:45:52,plus.google.com
2014-03-17 10:23:51,ieonline.microsoft.com
2014-03-17 10:23:54,mail.google.com
2014-03-17 10:23:54,gmail.com
2014-03-17 10:23:56,www.google.com
2014-03-17 10:23:57,accounts.google.com
2014-03-17 10:23:58,accounts.youtube.com
2014-03-17 10:23:58,mail.google.com
2014-03-17 10:24:07,accounts.google.co.ma
2014-03-17 10:24:07,accounts.google.fr
2014-03-17 10:24:09,accounts.google.com
2014-03-17 10:24:09,accounts.youtube.com
2014-03-17 10:24:09,accounts.google.co.ma
2014-03-17 10:24:09,accounts.google.fr
2014-03-17 10:24:10,mail.google.com
2014-03-17 10:24:11,apis.google.com
2014-03-17 10:24:11,clients2.google.com
2014-03-17 10:24:11,plus.google.com
2014-03-17 10:24:11,www.google.com
2014-03-17 10:24:13,clients2.google.com
2014-03-17 10:24:13,chatenabled.mail.google.com
2014-03-17 10:24:13,plus.google.com
2014-03-17 10:24:13,mail.google.com
2014-03-17 10:24:21,www.google.com
2014-03-17 10:24:21,mail.google.com
2014-03-17 10:24:21,apis.google.com
2014-03-17 10:24:21,plus.google.com
2014-03-17 10:24:21,chatenabled.mail.google.com
2014-03-17 10:24:21,accounts.google.com
2014-03-17 10:24:22,mail.google.com
2014-03-17 10:24:23,mail.google.com
2014-03-17 10:24:29,apis.google.com
2014-03-17 10:24:29,plus.google.com
2014-03-17 10:24:29,mail.google.com
2014-03-17 10:25:00,iquesta.com
2014-03-17 10:25:01,apis.google.com
2014-03-17 10:25:01,www.iquesta.com
2014-03-17 10:25:01,platform.twitter.com
2014-03-17 10:25:01,regie2.iquesta.com
2014-03-17 10:25:01,maps.google.com
2014-03-17 10:25:01,connect.facebook.net
2014-03-17 10:25:01,iquesta.com
2014-03-17 10:25:02,regie2.iquesta.com
2014-03-17 10:25:02,fpdownload2.macromedia.com
2014-03-17 10:25:02,platform.twitter.com
2014-03-17 10:25:02,static.ak.facebook.com
2014-03-17 10:25:02,www.facebook.com
2014-03-17 10:25:02,apis.google.com
2014-03-17 10:25:02,www.iquesta.com
2014-03-17 10:25:03,www.iquesta.com
2014-03-17 10:25:03,regie2.iquesta.com
2014-03-17 10:25:03,s-static.ak.facebook.com
2014-03-17 10:25:03,twitter.com
2014-03-17 10:25:03,accounts.google.com
2014-03-17 10:25:03,apis.google.com
2014-03-17 10:25:04,www.iquesta.com
2014-03-17 10:25:07,maps.googleapis.com
2014-03-17 10:25:12,www.iquesta.com
2014-03-17 10:25:17,maps.google.com
2014-03-17 10:25:17,iquesta.com
2014-03-17 10:25:17,www.iquesta.com
2014-03-17 10:25:17,platform.twitter.com
2014-03-17 10:25:17,apis.google.com
2014-03-17 10:25:17,accounts.google.com
2014-03-17 10:25:17,twitter.com
2014-03-17 10:25:17,connect.facebook.net
2014-03-17 10:25:17,regie2.iquesta.com
2014-03-17 10:25:18,s-static.ak.facebook.com
2014-03-17 10:25:18,apis.google.com
2014-03-17 10:25:18,platform.twitter.com
2014-03-17 10:25:18,regie2.iquesta.com
2014-03-17 10:25:18,static.ak.facebook.com
2014-03-17 10:25:18,www.facebook.com
2014-03-17 10:25:18,www.iquesta.com
2014-03-17 10:25:19,regie2.iquesta.com
2014-03-17 10:25:22,maps.googleapis.com
2014-03-17 10:25:40,apis.google.com
2014-03-17 10:25:40,twitter.com
2014-03-17 10:25:40,accounts.google.com
2014-03-17 10:25:40,platform.twitter.com
2014-03-17 10:25:40,www.iquesta.com
2014-03-17 10:25:40,connect.facebook.net
2014-03-17 10:25:40,maps.google.com
2014-03-17 10:25:40,regie2.iquesta.com
2014-03-17 10:25:41,www.facebook.com
2014-03-17 10:25:41,platform.twitter.com
2014-03-17 10:25:41,static.ak.facebook.com
2014-03-17 10:25:41,regie2.iquesta.com
2014-03-17 10:25:41,iquesta.com
2014-03-17 10:25:41,s-static.ak.facebook.com
2014-03-17 10:25:41,apis.google.com
2014-03-17 10:25:41,www.iquesta.com
2014-03-17 10:25:46,maps.googleapis.com
2014-03-17 10:25:46,accounts.google.com
2014-03-17 10:25:51,ieonline.microsoft.com
2014-03-17 10:25:51,go.microsoft.com
2014-03-17 10:26:10,mail.google.com
2014-03-17 10:26:11,twitter.com
2014-03-17 10:26:11,www.iquesta.com
2014-03-17 10:26:11,regie2.iquesta.com
2014-03-17 10:26:12,regie2.iquesta.com
2014-03-17 10:26:12,www.iquesta.com
2014-03-17 10:26:38,www.iquesta.com
2014-03-17 10:26:38,static.iquesta.com
2014-03-17 10:26:38,regie2.iquesta.com
2014-03-17 10:26:46,maps.google.com
2014-03-17 10:26:46,s-static.ak.facebook.com
2014-03-17 10:26:46,www.iquesta.com
2014-03-17 10:26:46,regie2.iquesta.com
2014-03-17 10:26:46,static.iquesta.com
2014-03-17 10:26:46,static.ak.facebook.com
2014-03-17 10:26:46,www.facebook.com
2014-03-17 10:26:50,regie2.iquesta.com
2014-03-17 10:26:58,www.facebook.com
2014-03-17 10:26:58,static.ak.facebook.com
2014-03-17 10:26:58,s-static.ak.facebook.com
2014-03-17 10:26:58,apis.google.com
2014-03-17 10:26:58,www.iquesta.com
2014-03-17 10:26:58,regie2.iquesta.com
2014-03-17 10:26:58,maps.google.com
2014-03-17 10:27:03,maps.googleapis.com
2014-03-17 10:27:23,regie2.iquesta.com
2014-03-17 10:27:24,regie2.iquesta.com
2014-03-17 10:27:25,regie2.iquesta.com
2014-03-17 10:27:25,maps.google.com
2014-03-17 10:27:26,s-static.ak.facebook.com
2014-03-17 10:27:26,static.ak.facebook.com
2014-03-17 10:27:26,www.facebook.com
2014-03-17 10:27:26,regie2.iquesta.com
2014-03-17 10:27:31,twitter.com
2014-03-17 10:27:31,regie2.iquesta.com
2014-03-17 10:27:31,static.iquesta.com
2014-03-17 10:27:31,www.iquesta.com
2014-03-17 10:27:32,regie2.iquesta.com
2014-03-17 10:27:40,apis.google.com
2014-03-17 10:27:40,static.iquesta.com
2014-03-17 10:27:40,www.iquesta.com
2014-03-17 10:27:40,regie2.iquesta.com
2014-03-17 10:27:41,regie2.iquesta.com
2014-03-17 10:28:39,maps.google.com
2014-03-17 10:28:39,regie2.iquesta.com
2014-03-17 10:28:40,static.ak.facebook.com
2014-03-17 10:28:40,regie2.iquesta.com
2014-03-17 10:28:40,www.facebook.com
2014-03-17 10:28:40,s-static.ak.facebook.com
2014-03-17 10:28:49,s-static.ak.facebook.com
2014-03-17 10:29:00,regie2.iquesta.com
2014-03-17 10:29:00,www.iquesta.com
2014-03-17 10:29:01,regie.iquesta.com
2014-03-17 10:29:01,regie2.iquesta.com
2014-03-17 10:29:01,apis.google.com
2014-03-17 10:29:01,iquesta.regie.synten.com
2014-03-17 10:29:03,www.iquesta.com
2014-03-17 10:29:04,regie2.iquesta.com
2014-03-17 10:29:04,twitter.com
2014-03-17 10:29:04,www.iquesta.com
2014-03-17 10:29:08,regie2.iquesta.com
2014-03-17 10:29:08,www.iquesta.com
2014-03-17 10:29:09,regie2.iquesta.com
2014-03-17 10:29:09,www.iquesta.com
2014-03-17 10:29:18,regie2.iquesta.com
2014-03-17 10:29:18,www.iquesta.com
2014-03-17 10:29:19,iquesta.regie.synten.com
2014-03-17 10:29:19,regie2.iquesta.com
2014-03-17 10:29:19,regie.iquesta.com
2014-03-17 10:29:49,www.mailorama.fr
2014-03-17 10:29:50,www.facebook.com
2014-03-17 10:29:50,www.google.com
2014-03-17 10:29:50,www.weedoit.fr
2014-03-17 10:29:50,www.goodperf.com
2014-03-17 10:29:50,www.mailorama.fr
2014-03-17 10:29:51,www.mailorama.fr
2014-03-17 10:30:08,www.google.fr
2014-03-17 10:30:09,plus.google.com
2014-03-17 10:30:09,regie2.iquesta.com
2014-03-17 10:30:10,www.google.com
2014-03-17 10:30:14,www.google.fr
2014-03-17 10:30:46,apis.google.com
2014-03-17 10:30:46,drive.google.com
2014-03-17 10:30:47,plus.google.com
2014-03-17 10:30:48,mail.google.com
2014-03-17 10:30:48,plus.google.com
2014-03-17 10:30:48,clients6.google.com
2014-03-17 10:31:17,mail.google.com
2014-03-17 10:32:04,static.iquesta.com
2014-03-17 10:32:04,connect.facebook.net
2014-03-17 10:32:04,maps.google.com
2014-03-17 10:32:04,regie2.iquesta.com
2014-03-17 10:32:04,www.iquesta.com
2014-03-17 10:32:04,iquesta.com
2014-03-17 10:32:04,apis.google.com
2014-03-17 10:32:04,platform.twitter.com
2014-03-17 10:32:05,platform.twitter.com
2014-03-17 10:32:05,regie2.iquesta.com
2014-03-17 10:32:05,static.ak.facebook.com
2014-03-17 10:32:05,www.facebook.com
2014-03-17 10:32:05,iquesta.com
2014-03-17 10:32:05,www.iquesta.com
2014-03-17 10:32:05,apis.google.com
2014-03-17 10:32:06,apis.google.com
2014-03-17 10:32:06,accounts.google.com
2014-03-17 10:32:06,twitter.com
2014-03-17 10:32:06,www.iquesta.com
2014-03-17 10:32:06,regie2.iquesta.com
2014-03-17 10:32:06,s-static.ak.facebook.com
2014-03-17 10:32:10,maps.googleapis.com
2014-03-17 10:32:31,drive.google.com
2014-03-17 10:32:33,mail.google.com
2014-03-17 10:32:34,www.google.com
2014-03-17 10:32:34,clients6.google.com
2014-03-17 10:32:34,apis.google.com
2014-03-17 10:32:34,plus.google.com
2014-03-17 10:32:34,drive.google.com
2014-03-17 10:32:34,www.google.fr
2014-03-17 10:32:35,www.google.fr
2014-03-17 10:32:35,www.google.com
2014-03-17 10:32:35,accounts.youtube.com
2014-03-17 10:32:35,www.google.co.ma
2014-03-17 10:32:37,twitter.com
2014-03-17 10:32:41,www.erdf.fr
2014-03-17 10:32:41,accounts.google.fr
2014-03-17 10:32:41,accounts.google.co.ma
2014-03-17 10:32:41,www.google.com
2014-03-17 10:32:41,accounts.youtube.com
2014-03-17 10:32:41,www.google.fr
2014-03-17 10:32:41,accounts.google.com
2014-03-17 10:32:41,mail.google.com
2014-04-23 13:16:28,www.univ-bpclermont.fr
2014-04-23 13:16:29,www.univ-bpclermont.fr
2014-04-23 13:16:30,www.univ-bpclermont.fr
2014-04-23 13:16:42,www.univ-bpclermont.fr
2014-04-23 13:17:09,www.univ-bpclermont.fr
2014-04-23 13:17:29,www.univ-bpclermont.fr
2014-04-23 13:17:33,apis.google.com
2014-04-23 13:17:33,www.google.fr
2014-04-23 13:17:33,sb-ssl.google.com
2014-04-23 13:17:33,www.google.com
2014-04-24 12:17:50,sci.sciences.univ-bpclermont.fr
2014-04-24 12:17:50,ocsp.thawte.com
2014-04-24 12:17:58,google.com
2014-04-24 12:17:59,www.google.fr
2014-04-24 12:17:59,clients1.google.com
2014-04-24 12:17:59,gtglobal-ocsp.geotrust.com
2014-04-24 12:18:14,www.univ-bpclermont.fr
2014-04-24 12:18:14,ocsp.tcs.terena.org
2014-04-24 12:18:14,ocsp.usertrust.com
2014-04-24 12:18:14,ent.univ-bpclermont.fr
2014-04-24 12:18:14,www.google.fr
2014-04-24 12:18:14,clients1.google.com
2014-04-24 12:18:15,clients1.google.com
2014-04-24 12:18:16,www.univ-bpclermont.fr
2014-04-24 12:18:27,ent.univ-bpclermont.fr
2014-04-24 12:18:28,www.univ-bpclermont.fr
2014-04-24 12:18:28,ent.univ-bpclermont.fr
2014-04-24 12:18:43,www.univ-bpclermont.fr
2014-04-24 12:18:43,ent.univ-bpclermont.fr
2014-04-24 12:18:51,gtssl-ocsp.geotrust.com
2014-04-24 12:19:47,safebrowsing.clients.google.com
2014-04-24 12:19:47,safebrowsing-cache.google.com
2014-04-24 12:19:48,safebrowsing-cache.google.com
2014-04-24 12:20:09,ent.univ-bpclermont.fr
2014-04-24 12:20:09,www.univ-bpclermont.fr
2014-04-24 12:20:09,stages.univ-bpclermont.fr
2014-04-24 12:20:10,stages.univ-bpclermont.fr
2014-04-24 12:20:11,stages.univ-bpclermont.fr
2014-04-24 12:20:12,stages.univ-bpclermont.fr
2014-04-24 12:20:18,stages.univ-bpclermont.fr
2014-04-24 12:20:19,stages.univ-bpclermont.fr
2014-04-24 12:20:29,stages.univ-bpclermont.fr
2014-04-24 12:20:41,stages.univ-bpclermont.fr
2014-04-24 12:20:46,stages.univ-bpclermont.fr
2014-04-24 12:20:55,www.google.com
2014-04-24 12:20:55,apis.google.com
2014-04-24 12:20:57,stages.univ-bpclermont.fr
2014-04-24 12:20:58,stages.univ-bpclermont.fr
2014-04-24 12:21:09,www.google.fr
2014-04-24 12:21:12,stages.univ-bpclermont.fr
2014-04-24 12:21:21,stages.univ-bpclermont.fr
2014-04-24 12:21:27,stages.univ-bpclermont.fr
2014-04-24 12:21:31,stages.univ-bpclermont.fr
2014-04-24 12:21:33,stages.univ-bpclermont.fr
2014-04-24 12:21:34,stages.univ-bpclermont.fr
2014-04-24 12:21:49,stages.univ-bpclermont.fr
2014-04-24 12:21:55,stages.univ-bpclermont.fr
2014-04-24 12:22:02,stages.univ-bpclermont.fr
2014-04-24 12:22:09,stages.univ-bpclermont.fr
2014-04-24 12:22:29,stages.univ-bpclermont.fr
2014-04-24 12:22:31,stages.univ-bpclermont.fr
2014-04-24 12:22:38,stages.univ-bpclermont.fr
2014-04-24 12:22:42,sb-ssl.google.com
2014-04-24 12:22:47,stages.univ-bpclermont.fr
2014-04-24 12:22:51,stages.univ-bpclermont.fr
2014-04-24 12:22:57,stages.univ-bpclermont.fr
2014-04-24 12:22:58,stages.univ-bpclermont.fr
2014-04-24 12:23:12,stages.univ-bpclermont.fr
2014-04-24 12:23:18,stages.univ-bpclermont.fr
2014-04-24 12:23:20,stages.univ-bpclermont.fr
2014-04-24 12:23:23,stages.univ-bpclermont.fr
2014-04-24 12:23:34,stages.univ-bpclermont.fr
2014-04-24 12:23:38,stages.univ-bpclermont.fr
2014-04-24 12:23:42,stages.univ-bpclermont.fr
2014-04-24 12:23:47,stages.univ-bpclermont.fr
2014-04-24 12:23:55,stages.univ-bpclermont.fr
2014-04-24 12:23:56,stages.univ-bpclermont.fr
2014-04-24 12:24:01,stages.univ-bpclermont.fr
2014-04-24 12:24:08,stages.univ-bpclermont.fr
2014-04-24 12:24:18,stages.univ-bpclermont.fr
2014-04-24 12:24:21,stages.univ-bpclermont.fr
2014-04-24 12:24:23,stages.univ-bpclermont.fr
2014-04-24 12:24:28,stages.univ-bpclermont.fr
2014-04-24 12:24:34,stages.univ-bpclermont.fr
2014-04-24 12:24:38,stages.univ-bpclermont.fr
2014-04-24 12:24:59,stages.univ-bpclermont.fr
2014-04-24 12:25:00,stages.univ-bpclermont.fr
2014-04-24 12:25:01,stages.univ-bpclermont.fr
2014-04-24 12:25:07,stages.univ-bpclermont.fr
2014-04-24 12:25:09,ent.univ-bpclermont.fr
2014-04-24 12:25:49,ocsp.verisign.com
2014-04-24 12:26:10,stages.univ-bpclermont.fr
2014-04-24 12:26:14,stages.univ-bpclermont.fr
2014-04-24 12:26:23,stages.univ-bpclermont.fr
2014-04-24 12:26:24,stages.univ-bpclermont.fr
2014-04-24 12:26:25,stages.univ-bpclermont.fr
2014-04-24 12:26:28,stages.univ-bpclermont.fr
2014-04-24 12:26:35,stages.univ-bpclermont.fr
2014-04-24 12:26:44,stages.univ-bpclermont.fr
2014-04-24 12:27:17,stages.univ-bpclermont.fr
2014-04-24 12:27:18,stages.univ-bpclermont.fr
2014-04-24 12:27:20,stages.univ-bpclermont.fr
2014-04-24 12:27:25,stages.univ-bpclermont.fr
2014-04-24 12:27:26,stages.univ-bpclermont.fr
2014-04-24 12:27:33,stages.univ-bpclermont.fr
2014-04-24 12:27:34,stages.univ-bpclermont.fr
2014-04-24 12:27:40,stages.univ-bpclermont.fr
2014-04-24 12:27:42,stages.univ-bpclermont.fr
2014-04-24 12:27:46,stages.univ-bpclermont.fr
2014-04-24 12:27:49,ocsp.digicert.com
2014-04-24 12:27:50,stages.univ-bpclermont.fr
2014-04-24 12:27:51,stages.univ-bpclermont.fr
2014-04-24 12:27:53,stages.univ-bpclermont.fr
2014-04-24 12:27:56,stages.univ-bpclermont.fr
2014-04-24 12:28:15,stages.univ-bpclermont.fr
2014-04-24 12:28:30,stages.univ-bpclermont.fr
2014-04-24 12:28:31,stages.univ-bpclermont.fr
2014-04-24 12:28:38,stages.univ-bpclermont.fr
2014-04-24 12:28:40,stages.univ-bpclermont.fr
2014-04-24 12:29:04,stages.univ-bpclermont.fr
2014-04-24 12:29:13,stages.univ-bpclermont.fr
2014-04-24 12:29:18,stages.univ-bpclermont.fr
2014-04-24 12:29:24,stages.univ-bpclermont.fr
2014-04-24 12:29:25,stages.univ-bpclermont.fr
2014-04-24 12:29:29,stages.univ-bpclermont.fr
2014-04-24 12:29:30,stages.univ-bpclermont.fr
2014-04-24 12:29:31,stages.univ-bpclermont.fr
2014-04-24 12:29:32,stages.univ-bpclermont.fr
2014-04-24 12:29:33,stages.univ-bpclermont.fr
2014-04-24 12:29:35,stages.univ-bpclermont.fr
2014-04-24 12:29:37,sci.sciences.univ-bpclermont.fr
2014-04-24 12:29:46,gmail.com
2014-04-24 12:29:46,clients1.google.com
2014-04-24 12:30:08,clients1.google.com
2014-04-24 12:30:11,clients1.google.com
2014-04-24 12:30:20,clients1.google.com
2014-04-24 12:32:41,www.gmail.com
2014-04-24 12:33:03,accounts.youtube.com
2014-04-24 12:33:05,clients2.google.com
2014-04-24 12:33:05,accounts.google.fr
2014-04-24 12:33:05,accounts.google.co.ma
2014-04-24 12:33:06,chatenabled.mail.google.com
2014-04-24 12:33:07,accounts.google.com
2014-04-24 12:33:07,www.google.com
2014-04-24 12:33:59,apis.google.com
2014-04-24 12:34:15,gm1.ggpht.com
2014-04-24 12:34:21,google.com
2014-04-24 12:34:22,www.google.fr
2014-04-24 12:35:32,drive.google.com
2014-04-24 12:37:13,clients2.google.com
2014-04-24 12:37:13,www.google.com
2014-04-24 12:37:14,chatenabled.mail.google.com
2014-04-24 12:37:26,www.google.fr
2014-04-24 12:38:38,clients6.google.com
2014-04-24 12:38:47,docs.google.com
2014-04-24 12:41:10,drive.google.com
2014-04-24 12:42:00,plus.google.com
2014-04-24 12:43:20,apis.google.com
2014-04-24 12:44:45,ent.univ-bpclermont.fr
2014-04-24 12:44:46,stages.univ-bpclermont.fr
2014-04-24 12:44:50,stages.univ-bpclermont.fr
2014-04-24 12:44:57,stages.univ-bpclermont.fr
2014-04-24 12:45:09,ent.univ-bpclermont.fr
2014-04-24 12:45:24,www.google.co.ma
2014-04-24 12:45:24,www.google.fr
2014-04-24 12:45:27,ent.univ-bpclermont.fr
2014-04-24 12:46:03,ent.univ-bpclermont.fr
2014-04-24 12:46:12,ent.univ-bpclermont.fr
2014-04-24 12:46:12,reunions.univ-bpclermont.fr
2014-04-24 12:46:12,graal.univ-bpclermont.fr
2014-04-24 12:46:12,edt.univ-bpclermont.fr
2014-04-24 12:46:12,claroline.univ-bpclermont.fr
2014-04-24 12:46:12,stages.univ-bpclermont.fr
2014-04-24 12:46:12,dokudsi.univ-bpclermont.fr
2014-04-24 12:46:12,filez.univ-bpclermont.fr
2014-04-24 12:46:12,forums.univ-bpclermont.fr
2014-04-24 12:46:12,www.univ-bpclermont.fr
2014-04-24 12:46:13,claroline.univ-bpclermont.fr
2014-04-24 12:46:18,ent.univ-bpclermont.fr
2014-04-24 12:46:18,www.univ-bpclermont.fr
2014-04-24 12:46:52,www.mailorama.fr
2014-04-24 12:46:52,connect.facebook.net
2014-04-24 12:46:52,www.facebook.com
2014-04-24 12:46:53,ocsp.usertrust.com
2014-04-24 12:46:53,ocsp.comodoca.com
2014-04-24 12:46:53,www.facebook.com
2014-04-24 12:46:55,calotag.com
2014-04-24 12:47:25,docs.google.com
2014-04-24 12:48:50,safebrowsing.clients.google.com
2014-04-24 12:48:50,safebrowsing-cache.google.com
2014-04-24 12:49:19,accounts.youtube.com
2014-04-24 12:49:20,clients2.google.com
2014-04-24 12:49:20,accounts.google.com
2014-04-24 12:49:20,accounts.google.fr
2014-04-24 12:49:20,accounts.google.co.ma
2014-04-24 12:49:21,www.google.com
2014-04-24 12:49:21,chatenabled.mail.google.com
2014-04-24 12:49:53,gm1.ggpht.com
2014-04-24 12:51:28,apis.google.com
2014-04-24 12:52:38,drive.google.com
2014-04-24 12:53:44,clients6.google.com
2014-04-24 12:54:15,plus.google.com
2014-04-24 12:54:40,docs.google.com
2014-04-24 12:55:15,www.google.co.ma
2014-04-24 12:55:15,www.google.fr
2014-04-24 12:55:21,accounts.youtube.com
2014-04-24 12:55:21,accounts.google.com
2014-04-24 12:55:21,mail.google.com
2014-04-24 12:55:21,www.google.com
2014-04-24 12:55:21,accounts.google.co.ma
2014-04-24 12:55:21,accounts.google.fr
2014-04-24 12:55:42,ocsp.thawte.com
2014-04-24 12:55:42,sci.sciences.univ-bpclermont.fr
2014-04-24 12:55:48,google.com
2014-04-24 12:55:48,www.google.fr
2014-04-24 12:55:48,clients1.google.com
2014-04-24 12:55:48,gtglobal-ocsp.geotrust.com
2014-04-24 12:55:49,clients1.google.com
2014-04-24 12:56:45,gtssl-ocsp.geotrust.com
2014-04-24 12:57:13,safebrowsing.clients.google.com
2014-04-24 12:57:13,safebrowsing-cache.google.com
2014-04-24 12:57:14,safebrowsing-cache.google.com
2014-04-24 12:57:15,safebrowsing-cache.google.com
2014-04-24 12:57:19,sb-ssl.google.com
2014-04-24 12:57:19,apis.google.com
2014-04-24 12:57:19,www.google.fr
2014-04-24 12:57:19,www.google.com
