timestamp,site
2013-11-29 10:11:51,fpdownload2.macromedia.com
2013-11-29 10:12:03,yahoo.fr
2013-11-29 10:12:04,fr.yahoo.com
2013-11-29 10:12:06,locdrop.query.yahoo.com
2013-11-29 10:12:07,fr.yahoo.com
2013-11-29 10:12:07,yui.yahooapis.com
2013-11-29 10:12:08,mail.yahoo.com
2013-11-29 10:12:12,mail.yahoo.com
2013-11-29 10:12:19,login.yahoo.com
2013-11-29 10:12:20,login.yahoo.com
2013-11-29 10:12:22,login.yahoo.com
2013-11-29 10:12:23,login.yahoo.com
2013-11-29 10:12:24,login.yahoo.com
2013-11-29 10:12:50,login.yahoo.com
2013-11-29 10:12:51,fr-mg42.mail.yahoo.com
2013-11-29 10:12:53,login.yahoo.com
2013-11-29 10:12:55,prod4.rest-core.msg.yahoo.com
2013-11-29 10:12:56,fr-mg42.mail.yahoo.com
2013-11-29 10:12:59,fr-mg42.mail.yahoo.com
2013-11-29 10:12:59,prod4.rest-core.msg.yahoo.com
2013-11-29 10:13:00,prod4.rest-core.msg.yahoo.com
2013-11-29 10:13:01,prod4.rest-core.msg.yahoo.com
2013-11-29 10:13:04,ucs.query.yahoo.com
2013-11-29 10:13:05,us-mg42.mail.yahoo.com
2013-11-29 10:13:08,ucs.query.yahoo.com
2013-11-29 10:13:10,us-mg42.mail.yahoo.com
2013-11-29 10:13:10,fr-mg42.mail.yahoo.com
2013-11-29 10:13:17,fr-mg42.mail.yahoo.com
2013-11-29 10:13:30,us-mg42.mail.yahoo.com
2013-11-29 10:14:19,us-mg42.mail.yahoo.com
2013-11-29 10:14:19,prod4.rest-core.msg.yahoo.com
2013-11-29 10:14:20,login.yahoo.com
2013-11-29 10:14:21,fr.yahoo.com
2013-11-29 10:14:22,fr.yahoo.com
2013-11-29 10:14:22,locdrop.query.yahoo.com
2013-11-29 10:16:13,fr.yahoo.com
2013-11-29 10:16:15,fr.yahoo.com
2013-11-29 10:16:15,locdrop.query.yahoo.com
2013-11-29 10:16:16,mail.yahoo.com
2013-11-29 10:16:16,fr.yahoo.com
2013-11-29 10:16:18,mail.yahoo.com
2013-11-29 10:16:28,mail.yahoo.com
2013-11-29 10:16:28,login.yahoo.com
2013-11-29 10:16:29,login.yahoo.com
2013-11-29 10:16:29,mail.yahoo.com
2013-11-29 10:16:30,login.yahoo.com
2013-11-29 10:16:32,login.yahoo.com
2013-11-29 10:17:08,login.yahoo.com
2013-11-29 10:17:09,fr-mg42.mail.yahoo.com
2013-11-29 10:17:12,fr-mg42.mail.yahoo.com
2013-11-29 10:17:14,prod4.rest-core.msg.yahoo.com
2013-11-29 10:17:14,fr-mg42.mail.yahoo.com
2013-11-29 10:17:15,fr-mg42.mail.yahoo.com
2013-11-29 10:17:16,fr-mg42.mail.yahoo.com
2013-11-29 10:17:19,ucs.query.yahoo.com
2013-11-29 10:17:20,us-mg42.mail.yahoo.com
2013-11-29 10:17:20,ucs.query.yahoo.com
2013-11-29 10:20:50,us-mg42.mail.yahoo.com
2013-11-29 10:20:51,us.lrd.yahoo.com
2013-11-29 10:20:52,login.yahoo.com
2013-11-29 10:20:52,prod4.rest-core.msg.yahoo.com
2013-11-29 10:20:53,fr.yahoo.com
2013-11-29 10:20:54,locdrop.query.yahoo.com
2013-12-18 14:55:22,api.bing.com
2013-12-18 14:55:38,ajax.microsoft.com
2013-12-18 14:55:38,res2.windows.microsoft.com
2013-12-18 14:55:38,res1.windows.microsoft.com
2013-12-18 14:55:38,go.microsoft.com
2013-12-18 14:55:38,windows.microsoft.com
2013-12-18 14:55:39,res1.windows.microsoft.com
2013-12-18 14:55:39,res2.windows.microsoft.com
2013-12-18 14:55:39,js.microsoft.com
2013-12-18 14:55:40,windows.microsoft.com
2013-12-18 14:55:40,res1.windows.microsoft.com
2013-12-18 14:55:40,www.bing.com
2013-12-18 14:55:40,js.microsoft.com
2013-12-18 14:55:41,res1.windows.microsoft.com
2013-12-18 14:57:33,ieonline.microsoft.com
2013-12-18 14:57:33,go.microsoft.com
2014-02-13 08:05:02,go.microsoft.com
2014-02-13 08:05:03,windows.microsoft.com
2014-02-13 08:05:03,ajax.microsoft.com
2014-02-13 08:05:03,res1.windows.microsoft.com
2014-02-13 08:05:03,res2.windows.microsoft.com
2014-02-13 08:05:03,js.microsoft.com
2014-02-13 08:05:15,www.bing.com
2014-02-13 08:07:53,ieonline.microsoft.com
2014-02-13 08:07:54,go.microsoft.com
2014-02-13 08:45:31,www.bing.com
2014-02-13 08:45:32,www.bing.com
2014-02-13 08:45:33,www.bing.com
2014-02-13 08:45:33,cms.abmr.net
2014-02-13 08:45:35,www.bing.com
2014-02-13 08:45:41,www.bing.com
2014-02-13 08:45:42,login.live.com
2014-02-13 08:45:50,www.bing.com
2014-02-13 08:45:51,fr.wikipedia.org
2014-02-13 08:45:51,login.wikimedia.org
2014-02-13 08:45:51,bits.wikimedia.org
2014-02-13 08:45:51,meta.wikimedia.org
2014-02-13 08:45:56,ssl.bing.com
2014-02-13 08:49:44,www.bing.com
2014-02-13 08:49:46,cms.abmr.net
2014-02-13 08:49:48,www.bing.com
2014-02-13 08:49:54,www.bing.com
2014-02-13 08:49:55,login.live.com
2014-02-13 08:49:59,www.bing.com
2014-02-13 08:50:01,login.live.com
2014-02-13 08:50:02,www.bing.com
2014-02-13 08:50:05,www.bing.com
2014-02-13 08:50:09,www.bing.com
2014-02-13 08:50:09,ssl.bing.com
2014-02-13 08:50:11,ssl.bing.com
2014-02-13 08:50:11,www.bing.com
2014-02-13 08:50:30,www.bing.com
2014-02-13 08:50:32,www.bing.com
2014-02-13 08:50:33,www.bing.com
2014-02-13 08:50:34,www.bing.com
2014-02-13 08:50:40,www.bing.com
2014-02-13 08:50:41,ssl.bing.com
2014-02-13 08:50:41,www.bing.com
2014-02-13 08:50:42,ts1.mm.bing.net
2014-02-13 08:50:42,ts3.mm.bing.net
2014-02-13 08:50:42,ts4.mm.bing.net
2014-02-13 08:50:42,ts2.mm.bing.net
2014-02-13 08:50:42,www.bing.com
2014-02-13 08:50:43,ts2.mm.bing.net
2014-02-13 08:50:43,ts1.mm.bing.net
2014-02-13 08:50:43,ts4.mm.bing.net
2014-02-13 08:50:43,ts3.mm.bing.net
2014-02-13 08:50:43,login.live.com
2014-02-13 08:50:44,ts4.mm.bing.net
2014-02-13 08:50:44,www.bing.com
2014-02-13 08:50:44,ts1.mm.bing.net
2014-02-13 08:50:45,ts2.mm.bing.net
2014-02-13 08:50:45,ts2.explicit.bing.net
2014-02-13 08:50:45,ts4.mm.bing.net
2014-02-13 08:50:45,ts3.mm.bing.net
2014-02-13 08:50:45,ts1.mm.bing.net
2014-02-13 08:50:45,www.bing.com
2014-02-13 08:50:47,www.bing.com
2014-02-13 08:50:48,ts2.mm.bing.net
2014-02-13 08:50:48,ts4.mm.bing.net
2014-02-13 08:50:48,www.bing.com
2014-02-13 08:50:48,ts3.mm.bing.net
2014-02-13 08:50:48,ts1.mm.bing.net
2014-02-13 08:50:49,www.bing.com
2014-02-13 08:50:49,ts1.mm.bing.net
2014-02-13 08:50:49,ts4.mm.bing.net
2014-02-13 08:50:49,ts3.explicit.bing.net
2014-02-13 08:50:49,ts3.mm.bing.net
2014-02-13 08:50:49,ts2.mm.bing.net
2014-02-13 08:50:50,www.bing.com
2014-02-13 08:50:50,ts1.mm.bing.net
2014-02-13 08:50:51,www.bing.com
2014-02-13 08:50:51,ts1.mm.bing.net
2014-02-13 08:50:52,ts1.explicit.bing.net
2014-02-13 08:50:52,ts4.mm.bing.net
2014-02-13 08:50:52,ts1.mm.bing.net
2014-02-13 08:50:52,ts4.explicit.bing.net
2014-02-13 08:50:52,ts2.mm.bing.net
2014-02-13 08:50:52,ts3.mm.bing.net
2014-02-13 08:50:53,ts2.mm.bing.net
2014-02-13 08:50:53,ts4.mm.bing.net
2014-02-13 08:50:53,ts1.mm.bing.net
2014-02-13 08:50:53,ts3.mm.bing.net
2014-02-13 08:50:54,ts3.mm.bing.net
2014-02-13 08:50:54,ts4.mm.bing.net
2014-02-13 08:50:54,www.bing.com
2014-02-13 08:50:54,ts1.mm.bing.net
2014-02-13 08:50:54,ts2.mm.bing.net
2014-02-13 08:50:55,ts4.mm.bing.net
2014-02-13 08:50:55,www.bing.com
2014-02-13 08:50:55,ts3.mm.bing.net
2014-02-13 08:50:55,ts2.mm.bing.net
2014-02-13 08:50:55,ts1.mm.bing.net
2014-02-13 08:50:57,www.bing.com
2014-02-13 08:50:59,www.bing.com
2014-02-13 08:51:00,www.bing.com
2014-02-13 08:51:01,ts1.mm.bing.net
2014-02-13 08:51:01,www.bing.com
2014-02-13 08:51:06,www.bing.com
2014-02-13 08:51:08,ts1.mm.bing.net
2014-02-13 08:51:09,ts1.mm.bing.net
2014-02-13 08:54:47,www.bing.com
2014-02-13 08:54:48,www.bing.com
2014-02-13 08:54:49,login.live.com
2014-02-13 08:54:49,www.bing.com
2014-02-13 08:54:49,bits.wikimedia.org
2014-02-13 08:54:49,fr.wikipedia.org
2014-02-13 08:54:50,fr.wikipedia.org
2014-02-13 08:54:50,meta.wikimedia.org
2014-02-13 08:54:53,meta.wikimedia.org
2014-02-13 08:55:26,ts1.mm.bing.net
2014-02-13 08:55:27,www.bing.com
2014-02-13 08:55:27,s.scifi-universe.com
2014-02-13 08:55:27,ts3.mm.bing.net
2014-02-13 08:55:27,www.vodeo.tv
2014-02-13 08:55:30,www.cieletespace.fr
2014-02-13 08:55:30,www.chrono-tsh.com
2014-02-13 08:55:30,perlbal.hi-pi.com
2014-02-13 08:55:30,www.radiojunior.com
2014-02-13 08:55:30,img441.imageshack.us
2014-02-13 08:55:31,imageshack.us
2014-02-13 08:55:32,www.bing.com
2014-02-13 08:55:32,ts2.mm.bing.net
2014-02-13 08:55:33,ts1.mm.bing.net
2014-02-13 08:55:34,ts1.mm.bing.net
2014-02-13 08:55:35,ts1.mm.bing.net
2014-02-13 08:55:36,ts1.mm.bing.net
2014-02-13 08:56:01,ts1.mm.bing.net
2014-02-13 08:56:01,www.bing.com
2014-02-13 08:56:59,www.scriptol.fr
2014-02-13 08:57:31,bits.wikimedia.org
2014-02-13 08:57:31,fr.wikipedia.org
2014-02-13 08:57:31,meta.wikimedia.org
2014-02-13 08:57:45,www.bing.com
2014-02-13 08:57:46,www.bing.com
2014-02-13 08:57:46,www.arbredespossibles.com
2014-02-13 08:58:30,www.arbredespossibles.com
2014-02-13 08:59:29,www.arbredespossibles.com
2014-02-13 08:59:34,www.arbredespossibles.com
2014-02-13 08:59:35,www.arbredespossibles.com
2014-02-13 09:02:27,www.google.fr
2014-02-13 09:02:39,www.google.fr
2014-02-13 09:02:40,apis.google.com
2014-02-13 09:02:42,www.google.com
2014-02-13 09:02:47,www.youtube.com
2014-02-13 09:02:47,fpdownload2.macromedia.com
2014-02-13 09:02:47,www.google.com
2014-02-13 09:02:47,s.ytimg.com
2014-02-13 09:02:47,wwwimages.adobe.com
2014-02-13 09:02:47,www.adobe.com
2014-02-13 09:02:47,www.intelligenceartificielle.fr
2014-02-13 09:02:47,apis.google.com
2014-02-13 09:02:47,www.google.fr
2014-02-13 09:02:48,s.ytimg.com
2014-02-13 09:02:48,i1.ytimg.com
2014-02-13 09:02:50,www.intelligenceartificielle.fr
2014-02-13 09:03:30,www.intelligenceartificielle.fr
2014-02-13 09:03:30,www.youtube.com
2014-02-13 09:03:31,i1.ytimg.com
2014-02-13 09:03:31,www.intelligenceartificielle.fr
2014-02-13 09:03:32,i1.ytimg.com
2014-02-13 09:03:32,www.youtube.com
2014-02-13 09:03:33,www.youtube.com
2014-02-13 09:03:33,www.intelligenceartificielle.fr
2014-02-13 09:03:34,www.intelligenceartificielle.fr
2014-02-13 09:03:38,www.google.fr
2014-02-13 09:03:49,clients1.google.fr
2014-02-13 09:03:50,www.google.fr
2014-02-13 09:03:50,www.linternaute.com
2014-02-13 09:03:50,clients1.google.fr
2014-02-13 09:03:51,bbf.linternaute.com
2014-02-13 09:03:51,www.google.fr
2014-02-13 09:03:51,www.linternaute.com
2014-02-13 09:03:51,static.ccmbg.com
2014-02-13 09:03:52,www.linternaute.com
2014-02-13 09:03:52,www.google.fr
2014-02-13 09:03:52,r.ccmbg.com
2014-02-13 09:03:52,bbf.linternaute.com
2014-02-13 09:03:52,static.ccmbg.com
2014-02-13 09:03:55,ajax.googleapis.com
2014-02-13 09:03:55,www.google.fr
2014-02-13 09:03:55,r.ccmbg.com
2014-02-13 09:03:55,static.ccmbg.com
2014-02-13 09:03:56,platform.twitter.com
2014-02-13 09:03:56,static.ccmbg.com
2014-02-13 09:03:56,apis.google.com
2014-02-13 09:03:56,connect.facebook.net
2014-02-13 09:03:56,r.ccmbg.com
2014-02-13 09:04:00,s-static.ak.facebook.com
2014-02-13 09:04:00,apis.google.com
2014-02-13 09:04:00,www.facebook.com
2014-02-13 09:04:00,static.ak.facebook.com
2014-02-13 09:04:00,platform.twitter.com
2014-02-13 09:04:01,apis.google.com
2014-02-13 09:04:03,accounts.google.com
2014-02-13 09:04:05,apis.google.com
2014-02-13 09:04:05,platform.twitter.com
2014-02-13 09:04:10,twitter.com
2014-02-13 09:04:40,twitter.com
2014-02-13 09:05:49,aymericdelatoale.com
2014-02-13 09:06:10,platform.twitter.com
2014-02-13 09:06:10,accounts.google.com
2014-02-13 09:30:28,office14client.microsoft.com
2014-02-13 09:30:29,office.microsoft.com
2014-02-13 09:30:32,office.microsoft.com
2014-02-13 09:41:58,www.arbredespossibles.com
2014-02-13 09:42:14,www.arbredespossibles.com
2014-02-27 08:05:51,ieonline.microsoft.com
2014-02-27 08:13:54,ts3.mm.bing.net
2014-02-27 08:14:56,www.google.fr
2014-02-27 08:15:08,www.google.fr
2014-02-27 08:15:09,apis.google.com
2014-02-27 08:15:11,www.google.com
2014-02-27 08:15:42,apis.google.com
2014-02-27 08:15:42,www.google.com
2014-02-27 08:15:42,www.google.fr
2014-02-27 08:15:42,fr.wikipedia.org
2014-02-27 08:15:42,bits.wikimedia.org
2014-02-27 08:15:43,fr.wikipedia.org
2014-02-27 08:15:43,meta.wikimedia.org
2014-02-27 08:15:43,login.wikimedia.org
2014-02-27 08:15:43,bits.wikimedia.org
2014-02-27 08:19:40,office14client.microsoft.com
2014-02-27 08:19:41,office.microsoft.com
2014-02-27 08:26:48,www.google.fr
2014-02-27 08:26:49,bits.wikimedia.org
2014-02-27 08:26:49,fr.wikipedia.org
2014-02-27 08:26:49,www.google.fr
2014-02-27 08:26:50,meta.wikimedia.org
2014-02-27 08:26:50,fr.wikipedia.org
2014-02-27 08:26:50,bits.wikimedia.org
2014-02-27 08:27:33,www.google.fr
2014-02-27 08:27:35,www.science-et-vie.com
2014-02-27 08:27:35,www.google.fr
2014-02-27 08:27:35,scienceer.cluster005.ovh.net
2014-02-27 08:27:36,rp.gwallet.com
2014-02-27 08:27:36,www.science-et-vie.com
2014-02-27 08:27:36,c1.adform.net
2014-02-27 08:27:37,c1.adform.net
2014-02-27 08:27:37,banniere.reussissonsensemble.fr
2014-02-27 08:27:37,ea.numericable.fr
2014-02-27 08:27:38,match.rtbidder.net
2014-02-27 08:27:38,www.adobe.com
2014-02-27 08:27:38,um.simpli.fi
2014-02-27 08:27:38,www.facebook.com
2014-02-27 08:27:39,fpdownload2.macromedia.com
2014-02-27 08:27:46,www.google.fr
2014-02-27 08:27:46,www.tv5.org
2014-02-27 08:27:48,www.tv5.org
2014-02-27 08:27:53,www.tv5.org
2014-02-27 08:28:40,www.gralon.net
2014-02-27 08:28:40,www.google.fr
2014-02-27 08:28:40,www.google.com
2014-02-27 08:28:41,www.gralon.net
2014-02-27 08:28:41,platform.twitter.com
2014-02-27 08:28:41,assets.pinterest.com
2014-02-27 08:28:41,connect.facebook.net
2014-02-27 08:28:41,code.jquery.com
2014-02-27 08:28:41,ajax.googleapis.com
2014-02-27 08:28:43,www.gralon.net
2014-02-27 08:28:43,www.google.com
2014-02-27 08:28:43,ajax.googleapis.com
2014-02-27 08:28:44,s-static.ak.facebook.com
2014-02-27 08:28:44,www.gralon.net
2014-02-27 08:28:44,static.ak.facebook.com
2014-02-27 08:28:44,www.facebook.com
2014-02-27 08:28:44,platform.twitter.com
2014-02-27 08:28:44,assets.pinterest.com
2014-02-27 08:28:44,widgets.pinterest.com
2014-02-27 08:28:44,passets.pinterest.com
2014-02-27 08:28:45,www.google.com
2014-02-27 08:28:46,www.google.com
2014-02-27 08:28:49,www.gralon.net
2014-02-27 08:28:49,platform.twitter.com
2014-02-27 08:28:51,s-static.ak.facebook.com
2014-02-27 08:28:54,twitter.com
2014-02-27 08:28:57,www.google.com
2014-02-27 08:29:02,www.google.com
2014-02-27 08:29:03,www.google.com
2014-02-27 08:29:21,www.google.com
2014-02-27 08:29:21,st.free.fr
2014-02-27 08:29:21,ajax.googleapis.com
2014-02-27 08:29:21,s.ytimg.com
2014-02-27 08:29:21,www.dailymotion.com
2014-02-27 08:29:21,www.youtube.com
2014-02-27 08:29:21,soutien67.free.fr
2014-02-27 08:29:21,www.google.fr
2014-02-27 08:29:21,twitter.com
2014-02-27 08:29:22,s.ytimg.com
2014-02-27 08:29:22,i1.ytimg.com
2014-02-27 08:29:22,st.free.fr
2014-02-27 08:29:23,i1.ytimg.com
2014-02-27 08:29:45,www.linternaute.com
2014-02-27 08:29:45,www.google.fr
2014-02-27 08:29:46,as.beead.net
2014-02-27 08:29:46,www.beead.fr
2014-02-27 08:29:46,r.ccmbg.com
2014-02-27 08:29:46,actualite.benchmark.fr
2014-02-27 08:29:46,dcc.linternaute.com
2014-02-27 08:29:46,www.linternaute.com
2014-02-27 08:29:46,static.ccmbg.com
2014-02-27 08:29:47,dcc.linternaute.com
2014-02-27 08:29:47,static.ccmbg.com
2014-02-27 08:29:47,as.beead.net
2014-02-27 08:29:47,www.facebook.com
2014-02-27 08:29:47,www.linternaute.com
2014-02-27 08:29:48,www.linternaute.com
2014-02-27 08:29:48,static.ccmbg.com
2014-02-27 08:29:48,dcc.linternaute.com
2014-02-27 08:29:48,ajax.googleapis.com
2014-02-27 08:29:49,as.beead.net
2014-02-27 08:29:50,static.ccmbg.com
2014-02-27 08:29:50,static.ebz.io
2014-02-27 08:29:50,r.ccmbg.com
2014-02-27 08:29:50,www.linternaute.com
2014-02-27 08:29:51,platform.twitter.com
2014-02-27 08:29:51,static.ccmbg.com
2014-02-27 08:29:51,r.ccmbg.com
2014-02-27 08:29:51,apis.google.com
2014-02-27 08:29:52,apis.google.com
2014-02-27 08:29:52,s-static.ak.facebook.com
2014-02-27 08:29:52,twitter.com
2014-02-27 08:29:52,www.facebook.com
2014-02-27 08:29:52,www.linkedin.com
2014-02-27 08:29:52,static.ak.facebook.com
2014-02-27 08:29:52,widgets.pinterest.com
2014-02-27 08:29:56,accounts.google.com
2014-02-27 08:30:54,www.linternaute.com
2014-02-27 08:30:54,apis.google.com
2014-02-27 08:30:54,i-cms.linternaute.com
2014-02-27 08:30:58,accounts.google.com
2014-02-27 08:31:07,www.google.fr
2014-02-27 08:31:55,cdb.linternaute.com
2014-02-27 08:31:55,videosfr.s3.amazonaws.com
2014-02-27 08:31:55,pixel.alephd.com
2014-02-27 08:31:56,images.orangepublicite.fr
2014-02-27 08:32:00,www.linternaute.com
2014-02-27 08:32:00,3karm2h0zl.s.ad6media.fr
2014-02-27 08:32:00,afb.linternaute.com
2014-02-27 08:32:01,pixel.alephd.com
2014-02-27 08:32:01,3karm2h0zl.s.ad6media.fr
2014-02-27 08:32:01,style2.ad6.fr
2014-02-27 08:32:01,banniere.reussissonsensemble.fr
2014-02-27 08:32:01,www.google.fr
2014-02-27 08:32:02,clic.reussissonsensemble.fr
2014-02-27 08:32:02,3karm2h0zl.s.ad6media.fr
2014-02-27 08:32:06,3karm2h0zl.s.ad6media.fr
2014-02-27 08:32:23,style2.ad6.fr
2014-02-27 08:32:23,www.linternaute.com
2014-02-27 08:32:23,afb.linternaute.com
2014-02-27 08:32:23,www.facebook.com
2014-02-27 08:32:24,platform.twitter.com
2014-02-27 08:32:25,apis.google.com
2014-02-27 08:32:25,s-static.ak.facebook.com
2014-02-27 08:32:25,www.linkedin.com
2014-02-27 08:32:25,www.facebook.com
2014-02-27 08:32:25,static.ak.facebook.com
2014-02-27 08:32:49,3karm2h0zl.s.ad6media.fr
2014-02-27 08:32:54,www.google.fr
2014-02-27 08:32:55,twitter.com
2014-02-27 08:33:05,www.google.fr
2014-02-27 08:34:01,www.google.fr
2014-02-27 08:34:02,www.linternaute.com
2014-02-27 08:34:02,fbb.linternaute.com
2014-02-27 08:34:02,ajax.googleapis.com
2014-02-27 08:34:02,www.google.fr
2014-02-27 08:34:02,r.ccmbg.com
2014-02-27 08:34:03,www.facebook.com
2014-02-27 08:34:03,pixel.alephd.com
2014-02-27 08:34:03,images.orangepublicite.fr
2014-02-27 08:34:03,www.linternaute.com
2014-02-27 08:34:03,p.ccmbg.com
2014-02-27 08:34:03,fbb.linternaute.com
2014-02-27 08:34:03,player.ooyala.com
2014-02-27 08:34:04,player.ooyala.com
2014-02-27 08:34:04,www.linternaute.com
2014-02-27 08:34:04,www.francetvinfo.fr
2014-02-27 08:34:04,loadr.exelator.com
2014-02-27 08:34:04,ak.c.ooyala.com
2014-02-27 08:34:05,player.ooyala.com
2014-02-27 08:34:05,cdn-api.ooyala.com
2014-02-27 08:34:05,ak.c.ooyala.com
2014-02-27 08:34:05,pixel.alephd.com
2014-02-27 08:34:05,opf.ooyala.com
2014-02-27 08:34:05,its.tradelab.fr
2014-02-27 08:34:05,www.linternaute.com
2014-02-27 08:34:05,r.ccmbg.com
2014-02-27 08:34:05,mm.eulerian.net
2014-02-27 08:34:05,video.journaldesfemmes.com
2014-02-27 08:34:06,player.ooyala.com
2014-02-27 08:34:06,opf.ooyala.com
2014-02-27 08:34:06,ak.c.ooyala.com
2014-02-27 08:34:06,ec.c.ooyala.com
2014-02-27 08:34:06,l.ooyala.com
2014-02-27 08:34:07,s-static.ak.facebook.com
2014-02-27 08:34:07,widgets.pinterest.com
2014-02-27 08:34:07,platform.twitter.com
2014-02-27 08:34:07,static.ak.facebook.com
2014-02-27 08:34:07,www.facebook.com
2014-02-27 08:34:08,l.ooyala.com
2014-02-27 08:34:08,www.linkedin.com
2014-02-27 08:34:09,n.dyntrk.com
2014-02-27 08:34:10,l.ooyala.com
2014-02-27 08:34:10,player.ooyala.com
2014-02-27 08:34:17,twitter.com
2014-02-27 08:34:17,l.ooyala.com
2014-02-27 08:34:18,apis.google.com
2014-02-27 08:34:18,its.tradelab.fr
2014-02-27 08:34:19,dbe.linternaute.com
2014-02-27 08:34:19,www.linternaute.com
2014-02-27 08:34:20,twitter.com
2014-02-27 08:34:20,www.francetvinfo.fr
2014-02-27 08:34:20,www.facebook.com
2014-02-27 08:34:20,pixel.alephd.com
2014-02-27 08:34:20,p.ccmbg.com
2014-02-27 08:34:20,player.ooyala.com
2014-02-27 08:34:20,pings.conviva.com
2014-02-27 08:34:20,dbe.linternaute.com
2014-02-27 08:34:21,player.ooyala.com
2014-02-27 08:34:22,l.ooyala.com
2014-02-27 08:34:22,pings.conviva.com
2014-02-27 08:34:23,l.ooyala.com
2014-02-27 08:34:23,pings.conviva.com
2014-02-27 08:34:29,www.google.fr
2014-02-27 08:34:29,www.figer.com
2014-02-27 08:34:30,www.figer.com
2014-02-27 08:34:31,www.figer.com
2014-02-27 08:36:52,www.google.fr
2014-02-27 08:40:43,www.google.fr
2014-02-27 08:40:44,static.skynetblogs.be
2014-02-27 08:40:44,static.common.skynet.be
2014-02-27 08:40:44,connect.facebook.net
2014-02-27 08:40:44,www.skynet.be
2014-02-27 08:40:44,static.ak.facebook.com
2014-02-27 08:40:44,s-static.ak.facebook.com
2014-02-27 08:40:44,blogs.staticskynet.be
2014-02-27 08:40:44,common.staticskynet.be
2014-02-27 08:40:44,bshits.blogspirit.net
2014-02-27 08:40:44,histoire-du-micro-processeur.skynetblogs.be
2014-02-27 08:40:44,www.google.fr
2014-02-27 08:40:45,www.facebook.com
2014-02-27 08:40:45,static.skynetblogs.be
2014-02-27 08:40:47,static.skynetblogs.be
2014-02-27 08:44:42,www.google.fr
2014-02-27 08:47:00,www.google.fr
2014-02-27 08:47:01,yui.yahooapis.com
2014-02-27 08:47:01,www.futura-sciences.com
2014-02-27 08:47:01,www.google.fr
2014-02-27 08:47:01,www.google.com
2014-02-27 08:47:01,forums.futura-sciences.com
2014-02-27 08:47:02,www.futura-sciences.com
2014-02-27 08:47:02,legacy.futura-sciences.com
2014-02-27 08:47:02,fr.intext.adfever.com
2014-02-27 08:47:02,forums.futura-sciences.com
2014-02-27 08:47:03,legacy.futura-sciences.com
2014-02-27 08:47:03,www.futura-sciences.com
2014-02-27 08:47:03,www.google.fr
2014-02-27 08:47:04,forums.futura-sciences.com
2014-02-27 08:47:06,connect.facebook.net
2014-02-27 08:47:07,s-static.ak.facebook.com
2014-02-27 08:47:07,twitter.com
2014-02-27 08:47:07,www.facebook.com
2014-02-27 08:47:07,images.orangepublicite.fr
2014-02-27 08:47:07,static.ak.facebook.com
2014-02-27 08:47:07,platform.twitter.com
2014-02-27 08:47:07,forums.futura-sciences.com
2014-02-27 08:47:07,apis.google.com
2014-02-27 08:47:07,accounts.google.com
2014-02-27 08:47:08,apnx-match.dotomi.com
2014-02-27 08:47:09,dtm.potterybarnkids.com
2014-02-27 08:47:13,forums.futura-sciences.com
2014-02-27 08:47:16,fr.intext.adfever.com
2014-02-27 08:47:16,www.futura-sciences.com
2014-02-27 08:47:16,forums.futura-sciences.com
2014-02-27 08:47:20,www.google.fr
2014-02-27 08:47:20,apis.google.com
2014-02-27 08:47:21,hal9000.redintelligence.net
2014-02-27 08:47:22,hal9000.redintelligence.net
2014-02-27 08:47:22,platform.twitter.com
2014-02-27 08:47:22,static.ak.facebook.com
2014-02-27 08:47:22,s-static.ak.facebook.com
2014-02-27 08:47:23,www.facebook.com
2014-02-27 08:47:23,apis.google.com
2014-02-27 08:47:23,adventori.com
2014-02-27 08:47:23,banniere.reussissonsensemble.fr
2014-02-27 08:47:24,banniere.reussissonsensemble.fr
2014-02-27 08:47:24,www.facebook.com
2014-02-27 08:47:28,www.futura-sciences.com
2014-02-27 08:47:28,fr.intext.adfever.com
2014-02-27 08:47:28,forums.futura-sciences.com
2014-02-27 08:47:29,twitter.com
2014-02-27 08:47:29,www.google.fr
2014-02-27 08:47:30,premium.hi-mediaserver.com
2014-02-27 08:47:32,platform.twitter.com
2014-02-27 08:47:32,s-static.ak.facebook.com
2014-02-27 08:47:32,static.ak.facebook.com
2014-02-27 08:47:32,www.facebook.com
2014-02-27 08:47:35,forums.futura-sciences.com
2014-02-27 08:47:35,www.futura-sciences.com
2014-02-27 08:47:35,fr.intext.adfever.com
2014-02-27 08:47:36,twitter.com
2014-02-27 08:47:36,apis.google.com
2014-02-27 08:47:36,www.google.fr
2014-02-27 08:47:37,premium.hi-mediaserver.com
2014-02-27 08:47:38,premium.hi-mediaserver.com
2014-02-27 08:47:39,apis.google.com
2014-02-27 08:47:39,static.ak.facebook.com
2014-02-27 08:47:39,www.facebook.com
2014-02-27 08:47:39,s-static.ak.facebook.com
2014-02-27 08:47:39,platform.twitter.com
2014-02-27 08:47:43,www.facebook.com
2014-02-27 08:48:09,twitter.com
2014-02-27 08:48:22,www.google.fr
2014-02-27 08:49:01,www.google.fr
2014-02-27 08:49:01,www.google.com
2014-02-27 08:49:01,memoireonline.com
2014-02-27 08:49:01,www.memoireonline.com
2014-02-27 08:49:02,www.memoireonline.com
2014-02-27 08:49:02,wtpn.twenga.fr
2014-02-27 08:49:02,static.ak.facebook.com
2014-02-27 08:49:02,s-static.ak.facebook.com
2014-02-27 08:49:04,www.memoireonline.com
2014-02-27 08:49:04,www.facebook.com
2014-02-27 08:49:04,wtpn.twenga.fr
2014-02-27 08:49:05,wtpn.twenga.fr
2014-02-27 08:49:20,www.google.fr
2014-02-27 08:49:36,www.ucad.sn
2014-02-27 08:51:36,apis.google.com
2014-02-27 08:51:36,accounts.google.com
2014-02-27 08:51:36,www.google.fr
2014-02-27 08:51:54,www.google.fr
2014-02-27 08:51:55,lrcm.com.umontreal.ca
2014-02-27 08:51:56,lrcm.com.umontreal.ca
2014-02-27 08:53:22,www.google.fr
2014-02-27 08:53:37,www.google.fr
2014-02-27 08:53:38,www.tresor.gouv.qc.ca
2014-02-27 08:55:38,www.google.fr
2014-02-27 09:10:45,www.google.fr
2014-02-27 09:10:57,www.google.fr
2014-02-27 09:12:09,www.google.fr
2014-02-27 09:12:10,bits.wikimedia.org
2014-02-27 09:12:10,fr.wikipedia.org
2014-02-27 09:12:10,meta.wikimedia.org
2014-02-27 09:12:10,www.google.fr
2014-02-27 09:12:31,www.google.fr
2014-02-27 09:12:33,www.pourlascience.fr
2014-02-27 09:12:33,assets.pinterest.com
2014-02-27 09:12:33,www.google.fr
2014-02-27 09:12:34,platform.twitter.com
2014-02-27 09:12:34,www.facebook.com
2014-02-27 09:12:34,www.pourlascience.fr
2014-02-27 09:12:34,assets.pinterest.com
2014-02-27 09:12:34,widgets.pinterest.com
2014-02-27 09:12:44,twitter.com
2014-02-27 09:12:45,twitter.com
2014-02-27 09:12:45,apis.google.com
2014-02-27 09:12:45,www.paypal.com
2014-02-27 09:12:45,accounts.google.com
2014-02-27 09:12:46,apis.google.com
2014-02-27 09:12:46,www.paypal.com
2014-02-27 09:12:46,www.pourlascience.fr
2014-02-27 09:12:47,accounts.google.com
2014-02-27 09:12:47,twitter.com
2014-02-27 09:12:47,apis.google.com
2014-02-27 09:12:47,www.paypal.com
2014-02-27 09:12:47,www.facebook.com
2014-02-27 09:12:47,platform.twitter.com
2014-02-27 09:12:48,accounts.google.com
2014-02-27 09:12:48,www.pourlascience.fr
2014-02-27 09:13:04,www.pourlascience.fr
2014-02-27 09:13:04,platform.twitter.com
2014-02-27 09:13:04,www.facebook.com
2014-02-27 09:13:04,widgets.pinterest.com
2014-02-27 09:13:04,apis.google.com
2014-02-27 09:13:04,twitter.com
2014-02-27 09:13:05,www.pourlascience.fr
2014-02-27 09:13:05,apis.google.com
2014-02-27 09:13:09,www.pourlascience.fr
2014-02-27 09:13:09,www.facebook.com
2014-02-27 09:13:09,widgets.pinterest.com
2014-02-27 09:13:09,apis.google.com
2014-02-27 09:13:09,twitter.com
2014-02-27 09:13:09,platform.twitter.com
2014-02-27 09:13:10,apis.google.com
2014-02-27 09:13:13,www.pourlascience.fr
2014-02-27 09:13:13,platform.twitter.com
2014-02-27 09:13:13,www.facebook.com
2014-02-27 09:13:14,www.facebook.com
2014-02-27 09:13:14,platform.twitter.com
2014-02-27 09:13:14,widgets.pinterest.com
2014-02-27 09:13:14,twitter.com
2014-02-27 09:13:14,apis.google.com
2014-02-27 09:13:16,apis.google.com
2014-02-27 09:13:16,twitter.com
2014-02-27 09:13:16,www.facebook.com
2014-02-27 09:13:16,platform.twitter.com
2014-02-27 09:13:16,www.pourlascience.fr
2014-02-27 09:13:16,widgets.pinterest.com
2014-02-27 09:13:17,www.facebook.com
2014-02-27 09:13:23,www.pourlascience.fr
2014-02-27 09:13:23,www.facebook.com
2014-02-27 09:13:23,platform.twitter.com
2014-02-27 09:13:23,twitter.com
2014-02-27 09:13:23,apis.google.com
2014-02-27 09:13:24,twitter.com
2014-02-27 09:13:26,www.pourlascience.fr
2014-02-27 09:13:27,apis.google.com
2014-02-27 09:13:27,twitter.com
2014-02-27 09:13:27,widgets.pinterest.com
2014-02-27 09:13:27,www.facebook.com
2014-02-27 09:13:27,platform.twitter.com
2014-02-27 09:13:35,www.google.fr
2014-02-27 09:13:58,twitter.com
2014-02-27 09:14:53,www.google.fr
2014-02-27 09:16:32,www.google.fr
2014-02-27 09:16:47,www.google.fr
2014-02-27 09:16:47,apis.google.com
2014-02-27 09:16:47,www.xplora.org
2014-02-27 09:16:48,www.xplora.org
2014-02-27 09:20:50,www.google.fr
2014-02-27 09:24:23,www.google.fr
2014-02-27 09:24:24,www.bdfi.net
2014-02-27 09:24:24,www.google.fr
2014-02-27 09:24:24,www.bdfi.info
2014-02-27 09:24:25,www.bdfi.net
2014-02-27 09:24:46,books.google.fr
2014-02-27 09:24:46,www.google.fr
2014-02-27 09:24:46,www.google.com
2014-02-27 09:24:46,bks8.books.google.fr
2014-02-27 09:24:47,books.google.fr
2014-02-27 09:24:48,books.google.fr
2014-02-27 09:25:08,www.google.fr
2014-02-27 09:27:16,www.google.fr
2014-02-27 09:27:20,apis.google.com
2014-02-27 09:27:20,www.google.fr
2014-02-27 09:27:20,bks3.books.google.fr
2014-02-27 09:27:20,books.google.fr
2014-02-27 09:27:21,books.google.fr
2014-02-27 09:27:21,bks8.books.google.fr
2014-02-27 09:27:21,bks4.books.google.fr
2014-02-27 09:27:32,chart.googleapis.com
2014-02-27 09:32:19,www.google.fr
2014-02-27 09:32:53,www.google.fr
2014-02-27 09:38:01,books.google.fr
2014-02-27 09:38:01,bks2.books.google.fr
2014-02-27 09:38:01,www.google.fr
2014-02-27 09:38:02,books.google.fr
2014-02-27 09:38:04,books.google.fr
2014-02-27 09:38:05,books.google.fr
2014-02-27 09:38:06,books.google.fr
2014-02-27 09:38:07,books.google.fr
2014-02-27 09:38:09,books.google.fr
2014-02-27 09:38:11,books.google.fr
2014-02-27 09:38:18,books.google.fr
2014-02-27 09:38:19,books.google.fr
2014-02-27 09:38:20,books.google.fr
2014-02-27 09:38:27,books.google.fr
2014-02-27 09:38:28,books.google.fr
2014-02-27 09:38:29,books.google.fr
2014-02-27 09:38:30,books.google.fr
2014-02-27 09:38:31,books.google.fr
2014-02-27 09:38:32,books.google.fr
2014-02-27 09:38:32,apis.google.com
2014-02-27 09:38:33,books.google.fr
2014-02-27 09:38:34,books.google.fr
2014-02-27 09:38:35,books.google.fr
2014-02-27 09:38:36,books.google.fr
2014-02-27 09:38:37,books.google.fr
2014-02-27 09:38:40,books.google.fr
2014-02-27 09:38:52,www.google.fr
2014-02-27 09:39:43,www.google.fr
2014-02-27 09:39:43,apis.google.com
2014-02-27 09:39:45,clients1.google.fr
2014-02-27 09:39:46,clients1.google.fr
2014-02-27 09:39:51,www.google.fr
2014-02-27 09:39:52,assets.fiercemarkets.net
2014-02-27 09:39:52,servicecenter.fiercemarkets.com
2014-02-27 09:39:52,www.google.fr
2014-02-27 09:39:52,www.fiercegovernmentit.com
2014-02-27 09:39:53,assets.fiercemarkets.net
2014-02-27 09:39:54,go.disqus.com
2014-02-27 09:39:54,fiercegovernmentit.disqus.com
2014-02-27 09:39:54,platform.twitter.com
2014-02-27 09:39:54,www.fiercegovernmentit.com
2014-02-27 09:39:54,assets.fiercemarkets.net
2014-02-27 09:39:54,connect.facebook.net
2014-02-27 09:39:54,apis.google.com
2014-02-27 09:39:54,sc.tynt.com
2014-02-27 09:39:55,apis.google.com
2014-02-27 09:39:55,s-static.ak.facebook.com
2014-02-27 09:39:55,assets.fiercemarkets.com
2014-02-27 09:39:55,disqus.com
2014-02-27 09:39:55,static.ak.facebook.com
2014-02-27 09:39:55,www.linkedin.com
2014-02-27 09:39:56,www.facebook.com
2014-02-27 09:39:56,www.pages01.net
2014-02-27 09:39:56,disqus.com
2014-02-27 09:39:57,disqus.com
2014-02-27 09:39:57,platform.twitter.com
2014-02-27 09:39:57,de.tynt.com
2014-02-27 09:39:58,disqus.com
2014-02-27 09:40:25,twitter.com
2014-02-27 09:40:27,www.facebook.com
2014-02-27 09:41:25,www.fiercegovernmentit.com
2014-02-27 09:41:25,platform.twitter.com
2014-02-27 09:41:25,www.google.fr
2014-02-27 09:41:27,platform.twitter.com
2014-02-27 09:41:27,go.disqus.com
2014-02-27 09:41:28,twitter.com
2014-02-27 09:41:28,apis.google.com
2014-02-27 09:41:28,s-static.ak.facebook.com
2014-02-27 09:41:28,www.facebook.com
2014-02-27 09:41:28,www.linkedin.com
2014-02-27 09:41:28,www.fiercegovernmentit.com
2014-02-27 09:41:28,www.pages01.net
2014-02-27 09:41:28,static.ak.facebook.com
2014-02-27 09:41:29,disqus.com
2014-02-27 09:41:42,clients1.google.fr
2014-02-27 09:41:42,www.google.fr
2014-02-27 09:41:42,d1jqu7g1y74ds1.cloudfront.net
2014-02-27 09:41:43,d1jqu7g1y74ds1.cloudfront.net
2014-02-27 09:41:43,www.universetoday.com
2014-02-27 09:41:45,www.google.com
2014-02-27 09:41:45,feeds.feedburner.com
2014-02-27 09:41:45,1.gravatar.com
2014-02-27 09:41:45,0.gravatar.com
2014-02-27 09:41:45,platform.twitter.com
2014-02-27 09:41:45,www.youtube.com
2014-02-27 09:41:45,www.universetoday.com
2014-02-27 09:41:45,d1jqu7g1y74ds1.cloudfront.net
2014-02-27 09:41:45,sc.tynt.com
2014-02-27 09:41:45,apis.google.com
2014-02-27 09:41:45,www.google.fr
2014-02-27 09:41:46,its.tradelab.fr
2014-02-27 09:41:46,connect.facebook.net
2014-02-27 09:41:46,choices.truste.com
2014-02-27 09:41:46,d1jqu7g1y74ds1.cloudfront.net
2014-02-27 09:41:46,platform.twitter.com
2014-02-27 09:41:47,choices.truste.com
2014-02-27 09:41:47,www.facebook.com
2014-02-27 09:41:47,static.ak.facebook.com
2014-02-27 09:41:47,apis.google.com
2014-02-27 09:41:47,s-static.ak.facebook.com
2014-02-27 09:41:48,s.ytimg.com
2014-02-27 09:41:48,um.simpli.fi
2014-02-27 09:41:48,apis.google.com
2014-02-27 09:41:48,twitter.com
2014-02-27 09:41:48,choices.truste.com
2014-02-27 09:41:49,i1.ytimg.com
2014-02-27 09:41:49,view.truste.com
2014-02-27 09:41:51,choices.truste.com
2014-02-27 09:41:52,ct.truste.com
2014-02-27 09:41:53,a248.e.akamai.net
2014-02-27 09:41:58,www.facebook.com
2014-02-27 09:42:23,its.tradelab.fr
2014-02-27 09:42:23,mm.eulerian.net
2014-02-27 09:42:29,clients1.google.fr
2014-02-27 09:42:29,www.google.fr
2014-02-27 09:42:29,accounts.google.com
2014-02-27 09:42:29,a248.e.akamai.net
2014-02-27 09:42:33,www.google.fr
2014-02-27 09:42:34,www.google.fr
2014-02-27 09:42:35,www.parabolicarc.com
2014-02-27 09:42:36,go.disqus.com
2014-02-27 09:42:36,badge.facebook.com
2014-02-27 09:42:36,platform.twitter.com
2014-02-27 09:42:36,parabolicarc.disqus.com
2014-02-27 09:42:36,www.parabolicarc.com
2014-02-27 09:42:36,disqus.com
2014-02-27 09:42:37,www.parabolicarc.com
2014-02-27 09:42:37,disqus.com
2014-02-27 09:42:38,disqus.com
2014-02-27 09:42:53,badge.facebook.com
2014-02-27 09:42:53,www.google.fr
2014-02-27 09:42:54,go.disqus.com
2014-02-27 09:42:54,www.parabolicarc.com
2014-02-27 09:42:54,platform.twitter.com
2014-02-27 09:42:55,disqus.com
2014-02-27 09:43:25,twitter.com
2014-02-27 09:43:35,clients1.google.fr
2014-02-27 09:43:35,www.google.fr
2014-02-27 09:43:40,www.google.fr
2014-02-27 09:43:41,i0.wp.com
2014-02-27 09:43:42,www.spacesafetymagazine.com
2014-02-27 09:43:42,www.google.fr
2014-02-27 09:43:43,www.spacesafetymagazine.com
2014-02-27 09:43:43,dsms0mj1bbhn4.cloudfront.net
2014-02-27 09:43:43,platform.linkedin.com
2014-02-27 09:43:43,i2.wp.com
2014-02-27 09:43:43,0.gravatar.com
2014-02-27 09:43:43,static.bufferapp.com
2014-02-27 09:43:43,platform.twitter.com
2014-02-27 09:43:44,www.facebook.com
2014-02-27 09:43:44,www.spacesafetymagazine.com
2014-02-27 09:43:44,i0.wp.com
2014-02-27 09:43:45,ajax.googleapis.com
2014-02-27 09:43:45,s.gravatar.com
2014-02-27 09:43:45,www.spacesafetymagazine.com
2014-02-27 09:43:45,www.linkedin.com
2014-02-27 09:43:45,cm.adgrx.com
2014-02-27 09:43:45,twitter.com
2014-02-27 09:43:45,platform.linkedin.com
2014-02-27 09:43:45,www.reddit.com
2014-02-27 09:43:46,its.tradelab.fr
2014-02-27 09:43:46,s.gravatar.com
2014-02-27 09:43:46,www.reddit.com
2014-02-27 09:43:46,www.spacesafetymagazine.com
2014-02-27 09:43:46,www.facebook.com
2014-02-27 09:43:46,connect.facebook.net
2014-02-27 09:43:46,platform.twitter.com
2014-02-27 09:43:46,dsms0mj1bbhn4.cloudfront.net
2014-02-27 09:43:46,i2.wp.com
2014-02-27 09:43:47,www.spacesafetymagazine.com
2014-02-27 09:43:47,static.ak.facebook.com
2014-02-27 09:43:47,www.reddit.com
2014-02-27 09:43:47,accounts.google.com
2014-02-27 09:43:47,s-static.ak.facebook.com
2014-02-27 09:43:47,apis.google.com
2014-02-27 09:43:47,dsms0mj1bbhn4.cloudfront.net
2014-02-27 09:43:48,www.spacesafetymagazine.com
2014-02-27 09:43:48,www.reddit.com
2014-02-27 09:43:48,staticd.nucaptcha.com
2014-02-27 09:43:48,www.facebook.com
2014-02-27 09:43:53,www.spacesafetymagazine.com
2014-02-27 09:43:57,www.spacesafetymagazine.com
2014-02-27 09:43:58,dm6ndb2k9edja.cloudfront.net
2014-02-27 09:43:59,d389zggrogs7qo.cloudfront.net
2014-02-27 09:43:59,www.spacesafetymagazine.com
2014-02-27 09:44:02,www.spacesafetymagazine.com
2014-02-27 09:44:05,www.spacesafetymagazine.com
2014-02-27 09:44:07,www.spacesafetymagazine.com
2014-02-27 09:44:10,dm6ndb2k9edja.cloudfront.net
2014-02-27 09:44:10,www.google.fr
2014-02-27 09:44:11,its.tradelab.fr
2014-02-27 09:44:12,www.google.fr
2014-02-27 09:44:12,www.linkedin.com
2014-02-27 09:44:12,www.spacesafetymagazine.com
2014-02-27 09:44:12,mm.eulerian.net
2014-02-27 09:44:13,d389zggrogs7qo.cloudfront.net
2014-02-27 09:44:13,s0.wp.com
2014-02-27 09:44:13,platform.twitter.com
2014-02-27 09:44:14,www.reddit.com
2014-02-27 09:44:14,www.facebook.com
2014-02-27 09:44:14,platform.linkedin.com
2014-02-27 09:44:15,www.reddit.com
2014-02-27 09:44:15,staticd.nucaptcha.com
2014-02-27 09:44:15,match.rtbidder.net
2014-02-27 09:44:15,www.linkedin.com
2014-02-27 09:44:16,www.reddit.com
2014-02-27 09:44:16,www.facebook.com
2014-02-27 09:44:16,static.ak.facebook.com
2014-02-27 09:44:16,s-static.ak.facebook.com
2014-02-27 09:44:17,www.reddit.com
2014-02-27 09:44:17,www.facebook.com
2014-02-27 09:44:17,d389zggrogs7qo.cloudfront.net
2014-02-27 09:44:17,apis.google.com
2014-02-27 09:44:18,platform.twitter.com
2014-02-27 09:44:24,www.facebook.com
2014-02-27 09:44:24,www.spacesafetymagazine.com
2014-02-27 09:44:28,www.linkedin.com
2014-02-27 09:44:30,s3.amazonaws.com
2014-02-27 09:44:32,twitter.com
2014-02-27 09:44:32,pbs.twimg.com
2014-02-27 09:44:32,platform.twitter.com
2014-02-27 09:44:32,www.google.fr
2014-02-27 09:44:35,clients1.google.fr
2014-02-27 09:44:35,www.google.fr
2014-02-27 09:44:36,www.spacenews.com
2014-02-27 09:44:37,www.spacenews.com
2014-02-27 09:44:37,www.google.fr
2014-02-27 09:44:38,www.jobtarget.com
2014-02-27 09:44:38,www.spacenews.com
2014-02-27 09:44:39,platform.twitter.com
2014-02-27 09:44:39,www.spacenews.com
2014-02-27 09:44:40,s-static.ak.facebook.com
2014-02-27 09:44:40,www.facebook.com
2014-02-27 09:44:40,static.ak.facebook.com
2014-02-27 09:45:10,twitter.com
2014-02-27 09:47:28,www.google.fr
2014-02-27 09:48:24,histoire-du-micro-processeur.skynetblogs.be
2014-02-27 09:48:24,www.google.fr
2014-02-27 09:48:25,s-static.ak.facebook.com
2014-02-27 09:48:25,connect.facebook.net
2014-02-27 09:48:25,static.common.skynet.be
2014-02-27 09:48:25,bshits.blogspirit.net
2014-02-27 09:48:25,static.ak.facebook.com
2014-02-27 09:48:25,blogs.staticskynet.be
2014-02-27 09:48:25,common.staticskynet.be
2014-02-27 09:48:25,www.skynet.be
2014-02-27 09:48:25,www.facebook.com
2014-02-27 09:56:25,www.google.fr
2014-02-27 09:56:25,www.spacenews.com
2014-02-27 09:56:26,www.jobtarget.com
2014-02-27 09:56:27,static.ak.facebook.com
2014-02-27 09:56:27,www.facebook.com
2014-02-27 09:56:27,connect.facebook.net
2014-02-27 09:56:27,s-static.ak.facebook.com
2014-02-27 09:56:27,platform.twitter.com
2014-02-27 09:56:40,www.google.fr
2014-02-27 09:56:41,www.fiercegovernmentit.com
2014-02-27 09:56:42,servicecenter.fiercemarkets.com
2014-02-27 09:56:42,twitter.com
2014-02-27 09:56:43,clients1.google.fr
2014-02-27 09:56:43,www.google.fr
2014-02-27 09:56:43,apis.google.com
2014-02-27 09:56:43,s-static.ak.facebook.com
2014-02-27 09:56:43,disqus.com
2014-02-27 09:56:43,de.tynt.com
2014-02-27 09:56:43,www.facebook.com
2014-02-27 09:56:43,static.ak.facebook.com
2014-02-27 09:56:43,www.pages01.net
2014-02-27 09:56:43,go.disqus.com
2014-02-27 09:56:43,platform.twitter.com
2014-02-27 09:56:44,disqus.com
2014-02-27 09:56:44,www.linkedin.com
2014-02-27 09:56:45,disqus.com
2014-02-27 09:57:14,twitter.com
2014-03-20 08:15:03,ieonline.microsoft.com
2014-03-20 08:23:41,office14client.microsoft.com
2014-03-20 08:23:42,office.microsoft.com
2014-03-20 08:25:25,api.bing.com
2014-03-20 08:25:25,rr.office.microsoft.com
2014-03-20 08:25:26,office.microsoft.com
2014-03-20 08:25:26,services.highbeam.com
2014-03-20 08:25:26,integrate.factiva.com
2014-03-20 08:25:27,www.worldlingo.com
2014-03-20 08:25:27,www.microsofttranslator.com
2014-03-20 08:46:54,yahoo.fr
2014-03-20 08:46:55,fr.yahoo.com
2014-03-20 08:46:56,fr.yahoo.com
2014-03-20 08:46:57,mail.yahoo.com
2014-03-20 08:46:57,fr.yahoo.com
2014-03-20 08:47:10,mail.yahoo.com
2014-03-20 08:47:17,login.yahoo.com
2014-03-20 08:47:21,login.yahoo.com
2014-03-20 08:47:22,login.yahoo.com
2014-03-20 08:47:38,login.yahoo.com
2014-03-20 08:47:39,login.yahoo.com
2014-03-20 08:48:05,login.yahoo.com
2014-03-20 08:48:19,fr-mg42.mail.yahoo.com
2014-03-20 08:48:25,fr-mg42.mail.yahoo.com
2014-03-20 08:48:29,fr-mg42.mail.yahoo.com
2014-03-20 08:48:30,ucs.query.yahoo.com
2014-03-20 08:48:31,fr-mg42.mail.yahoo.com
2014-03-20 08:48:31,ucs.query.yahoo.com
2014-03-20 08:48:36,fr-mg42.mail.yahoo.com
2014-03-20 08:48:37,ycpi-mail-rest-core4.msg.yahoo.com
2014-03-20 08:48:38,ycpi-mail-rest-core4.msg.yahoo.com
2014-03-20 08:48:43,www.google.com
2014-03-20 08:48:43,spaceref.biz
2014-03-20 08:48:43,www.reddit.com
2014-03-20 08:48:43,platform.twitter.com
2014-03-20 08:48:43,platform.linkedin.com
2014-03-20 08:48:44,static.ak.facebook.com
2014-03-20 08:48:44,platform.linkedin.com
2014-03-20 08:48:44,s-static.ak.facebook.com
2014-03-20 08:48:44,www.google.com
2014-03-20 08:48:44,connect.facebook.net
2014-03-20 08:48:44,go.disqus.com
2014-03-20 08:48:44,images.spaceref.com
2014-03-20 08:48:44,disqus.com
2014-03-20 08:48:44,spaceref.biz
2014-03-20 08:48:44,www.youtube.com
2014-03-20 08:48:44,commercialspace.disqus.com
2014-03-20 08:48:45,images.spaceref.com
2014-03-20 08:48:45,spaceref.biz
2014-03-20 08:48:45,hal9000.redintelligence.net
2014-03-20 08:48:45,disqus.com
2014-03-20 08:48:45,choices.truste.com
2014-03-20 08:48:45,www.facebook.com
2014-03-20 08:48:45,www.linkedin.com
2014-03-20 08:48:45,platform.twitter.com
2014-03-20 08:48:45,clients1.google.com
2014-03-20 08:48:45,www.google.com
2014-03-20 08:48:45,s.ytimg.com
2014-03-20 08:48:46,disqus.com
2014-03-20 08:48:46,choices.truste.com
2014-03-20 08:48:46,s.ytimg.com
2014-03-20 08:48:46,www.google.com
2014-03-20 08:48:47,www.google.com
2014-03-20 08:48:47,disqus.com
2014-03-20 08:48:47,fpdownload2.macromedia.com
2014-03-20 08:48:47,s.ytimg.com
2014-03-20 08:48:47,i1.ytimg.com
2014-03-20 08:48:47,choices.truste.com
2014-03-20 08:48:50,disqus.com
2014-03-20 08:48:54,gg.google.com
2014-03-20 08:48:55,twitter.com
2014-03-20 08:48:55,apis.google.com
2014-03-20 08:48:56,www.googleapis.com
2014-03-20 08:48:58,accounts.google.com
2014-03-20 08:49:00,twitter.com
2014-03-20 08:49:00,apis.google.com
2014-03-20 08:49:01,spaceref.biz
2014-03-20 08:50:00,www.googleapis.com
2014-03-20 08:50:00,accounts.google.com
2014-03-20 08:51:21,fr-mg42.mail.yahoo.com
2014-03-20 08:51:44,ycpi-mail-rest-core4.msg.yahoo.com
2014-03-20 08:54:22,fr-mg42.mail.yahoo.com
2014-03-20 08:57:23,fr-mg42.mail.yahoo.com
2014-03-20 08:58:27,fr-mg42.mail.yahoo.com
2014-03-20 08:58:30,us.lrd.yahoo.com
2014-03-20 08:58:31,fr-mg42.mail.yahoo.com
2014-03-20 08:58:32,ycpi-mail-rest-core4.msg.yahoo.com
2014-03-20 08:58:44,mg.mail.yahoo.com
2014-03-20 08:58:45,ucs.query.yahoo.com
2014-03-20 08:58:45,mg.mail.yahoo.com
2014-03-20 09:01:26,mg.mail.yahoo.com
2014-03-20 09:01:30,fr-mg42.mail.yahoo.com
2014-03-20 09:01:30,ycpi-mail-rest-core4.msg.yahoo.com
2014-03-20 09:01:31,fr-mg42.mail.yahoo.com
2014-03-20 09:01:31,login.yahoo.com
2014-03-20 09:01:32,fr-mg42.mail.yahoo.com
2014-03-20 09:01:32,fr.yahoo.com
2014-03-20 09:01:33,locdrop.query.yahoo.com
2014-03-20 09:01:33,fr.yahoo.com
2014-03-20 09:01:48,www.google.fr
2014-03-20 09:01:57,www.google.fr
2014-03-20 09:02:01,apis.google.com
2014-03-20 09:02:01,www.google.com
2014-03-20 09:06:01,apis.google.com
2014-03-20 09:06:01,www.google.fr
2014-03-20 09:06:01,www.google.com
2014-03-20 09:09:31,www.google.fr
2014-03-20 09:09:32,www.google.fr
2014-03-20 09:09:32,hitek.fr
2014-03-20 09:09:32,static.hitek.fr
2014-03-20 09:09:32,www.gravatar.com
2014-03-20 09:09:32,i0.wp.com
2014-03-20 09:09:34,ajax.googleapis.com
2014-03-20 09:09:34,static.hitek.fr
2014-03-20 09:09:34,connect.facebook.net
2014-03-20 09:09:35,www.facebook.com
2014-03-20 09:09:35,player.mediabong.com
2014-03-20 09:09:35,www.youtube.com
2014-03-20 09:09:35,static.hitek.fr
2014-03-20 09:09:35,static.ak.facebook.com
2014-03-20 09:09:35,s-static.ak.facebook.com
2014-03-20 09:09:35,hitek.fr
2014-03-20 09:09:35,ajax.googleapis.com
2014-03-20 09:09:36,apis.google.com
2014-03-20 09:09:37,accounts.google.com
2014-03-20 09:09:38,platform.twitter.com
2014-03-20 09:09:38,player.mediabong.com
2014-03-20 09:09:38,i1.ytimg.com
2014-03-20 09:09:38,accounts.google.com
2014-03-20 09:09:38,hitek.fr
2014-03-20 09:09:39,static.hitek.fr
2014-03-20 09:09:39,boutique-online.orange.fr
2014-03-20 09:09:39,platform.twitter.com
2014-03-20 09:09:39,hitek.fr
2014-03-20 09:09:45,twitter.com
2014-03-20 09:09:50,twitter.com
2014-03-20 09:09:51,www.youtube.com
2014-03-20 09:09:51,hitek.fr
2014-03-20 09:09:51,endor.mediabong.com
2014-03-20 09:09:51,static.mediabong.com
2014-03-20 09:09:51,twitter.com
2014-03-20 09:09:52,player.mediabong.net
2014-03-20 09:09:53,i1.ytimg.com
2014-03-20 09:10:50,www.google.fr
2014-03-20 09:11:02,www.google.fr
2014-03-20 09:11:19,www.google.fr
2014-03-20 09:11:29,www.google.fr
2014-03-20 09:11:40,www.google.fr
2014-03-20 09:11:41,clients1.google.fr
2014-03-20 09:11:41,www.google.fr
2014-03-20 09:11:42,www.google.fr
2014-03-20 09:11:42,clients1.google.fr
2014-03-20 09:11:46,www.google.fr
2014-03-20 09:11:58,www.google.fr
2014-03-20 09:11:59,soldiersystems.net
2014-03-20 09:12:00,www.google.fr
2014-03-20 09:12:00,w.sharethis.com
2014-03-20 09:12:01,soldiersystems.net
2014-03-20 09:12:02,soldiersystems.net
2014-03-20 09:12:03,soldiersystems.net
2014-03-20 09:12:05,www.google.fr
2014-03-20 09:12:06,www.youtube.com
2014-03-20 09:12:06,i1.ytimg.com
2014-03-20 09:12:06,clients1.google.fr
2014-03-20 09:12:07,s.ytimg.com
2014-03-20 09:12:07,r3---sn-gxo5uxg-jqbe.googlevideo.com
2014-03-20 09:12:07,s.youtube.com
2014-03-20 09:12:07,www.google.fr
2014-03-20 09:12:07,www.youtube-nocookie.com
2014-03-20 09:12:07,www.youtube.com
2014-03-20 09:12:08,www.youtube.com
2014-03-20 09:12:08,s.youtube.com
2014-03-20 09:12:08,r3---sn-gxo5uxg-jqbe.googlevideo.com
2014-03-20 09:12:09,yt3.ggpht.com
2014-03-20 09:12:09,r3---sn-gxo5uxg-jqbe.googlevideo.com
2014-03-20 09:12:12,www.google.fr
2014-03-20 09:12:13,images.teinteresa.es
2014-03-20 09:12:13,www.google.fr
2014-03-20 09:12:13,www.teinteresa.es
2014-03-20 09:12:13,static2.teinteresa.es
2014-03-20 09:12:13,static1.teinteresa.es
2014-03-20 09:12:13,dev.smartclip.net
2014-03-20 09:12:13,clients1.google.fr
2014-03-20 09:12:14,connect.facebook.net
2014-03-20 09:12:14,www.facebook.com
2014-03-20 09:12:14,images.teinteresa.es
2014-03-20 09:12:14,dev.smartclip.net
2014-03-20 09:12:14,www.teinteresa.es
2014-03-20 09:12:14,static2.teinteresa.es
2014-03-20 09:12:15,images.teinteresa.es
2014-03-20 09:12:15,static.ak.facebook.com
2014-03-20 09:12:15,static2.teinteresa.es
2014-03-20 09:12:15,www.teinteresa.es
2014-03-20 09:12:15,www.facebook.com
2014-03-20 09:12:15,s-static.ak.facebook.com
2014-03-20 09:12:15,apis.google.com
2014-03-20 09:12:16,www.intentshare.com
2014-03-20 09:12:16,www.teinteresa.es
2014-03-20 09:12:16,static2.teinteresa.es
2014-03-20 09:12:16,s-static.ak.facebook.com
2014-03-20 09:12:18,accounts.google.com
2014-03-20 09:12:24,twitter.com
2014-03-20 09:12:26,www.google.fr
2014-03-20 09:12:26,clients1.google.fr
2014-03-20 09:12:26,accounts.google.com
2014-03-20 09:12:26,apis.google.com
2014-03-20 09:12:30,www.google.fr
2014-03-20 09:12:38,www.google.fr
2014-03-20 09:12:44,www.google.fr
2014-03-20 09:12:47,www.google.fr
2014-03-20 09:12:49,www.google.fr
2014-03-20 09:12:55,www.google.fr
2014-03-20 09:12:58,www.google.fr
2014-03-20 09:13:00,www.google.fr
2014-03-20 09:13:09,www.google.fr
2014-03-20 09:13:20,www.google.fr
2014-03-20 09:13:33,www.google.fr
2014-03-20 09:13:34,cdnl.complex.com
2014-03-20 09:13:36,cdnl.complex.com
2014-03-20 09:13:36,www.complex.com
2014-03-20 09:13:36,ajax.googleapis.com
2014-03-20 09:13:36,www.google.fr
2014-03-20 09:13:37,p.typekit.net
2014-03-20 09:13:38,cdnl.complex.com
2014-03-20 09:13:39,cdns.complex.com
2014-03-20 09:13:39,cdnl.complex.com
2014-03-20 09:13:39,cmplx.disqus.com
2014-03-20 09:13:39,trending.ntrsctn.com
2014-03-20 09:13:39,disqus.com
2014-03-20 09:13:39,www.facebook.com
2014-03-20 09:13:39,go.disqus.com
2014-03-20 09:13:40,connect.facebook.net
2014-03-20 09:13:40,assets.pinterest.com
2014-03-20 09:13:40,apis.google.com
2014-03-20 09:13:40,trending.ntrsctn.com
2014-03-20 09:13:40,www.google.fr
2014-03-20 09:13:40,go.disqus.com
2014-03-20 09:13:40,cmplx.disqus.com
2014-03-20 09:13:40,dnn506yrbagrg.cloudfront.net
2014-03-20 09:13:40,cdnl.complex.com
2014-03-20 09:13:40,www.google.com
2014-03-20 09:13:41,player.ooyala.com
2014-03-20 09:13:41,static.ak.facebook.com
2014-03-20 09:13:41,assets.pinterest.com
2014-03-20 09:13:41,www.complex.com
2014-03-20 09:13:41,s-static.ak.facebook.com
2014-03-20 09:13:41,cdnl.complex.com
2014-03-20 09:13:42,cdnl.complex.com
2014-03-20 09:13:42,accounts.google.com
2014-03-20 09:13:42,apis.google.com
2014-03-20 09:13:42,disqus.com
2014-03-20 09:13:42,trending.ntrsctn.com
2014-03-20 09:13:42,horizon.complex.com
2014-03-20 09:13:43,www.facebook.com
2014-03-20 09:13:43,player.ooyala.com
2014-03-20 09:13:44,disqus.com
2014-03-20 09:13:44,cdnl.complex.com
2014-03-20 09:13:44,mp.link-smart.com
2014-03-20 09:13:44,www.complex.com
2014-03-20 09:13:45,cdnl.complexmedianetwork.com
2014-03-20 09:13:47,mp.link-smart.com
2014-03-20 09:13:48,mp.link-smart.com
2014-03-20 09:13:51,twitter.com
2014-03-20 09:15:02,clients1.google.fr
2014-03-20 09:15:02,www.google.fr
2014-03-20 09:15:03,r3---sn-gxo5uxg-jqbe.googlevideo.com
2014-03-20 09:15:03,www.youtube.com
2014-03-20 09:15:03,www.youtube-nocookie.com
2014-03-20 09:15:03,www.google.fr
2014-03-20 09:15:04,www.google.fr
2014-03-20 09:15:04,www.youtube.com
2014-03-20 09:15:04,r3---sn-gxo5uxg-jqbe.googlevideo.com
2014-03-20 09:15:04,s.youtube.com
2014-03-20 09:15:06,yt3.ggpht.com
2014-03-20 09:15:06,i1.ytimg.com
2014-03-20 09:15:06,s.ytimg.com
2014-03-20 09:15:07,s.ytimg.com
2014-03-20 09:15:08,s.youtube.com
2014-03-20 09:15:09,apis.google.com
2014-03-20 09:15:09,www.youtube.com
2014-03-20 09:15:09,i1.ytimg.com
2014-03-20 09:15:10,s.youtube.com
2014-03-20 09:15:10,yt3.ggpht.com
2014-03-20 09:15:17,yt3.ggpht.com
2014-03-20 09:15:17,www.google.fr
2014-03-20 09:15:18,yt3.ggpht.com
2014-03-20 09:15:18,images.teinteresa.es
2014-03-20 09:15:18,www.teinteresa.es
2014-03-20 09:15:23,www.facebook.com
2014-03-20 09:15:23,www.google.fr
2014-03-20 09:15:24,www.teinteresa.es
2014-03-20 09:15:24,static.ak.facebook.com
2014-03-20 09:15:24,www.facebook.com
2014-03-20 09:15:24,www.intentshare.com
2014-03-20 09:15:24,clients1.google.fr
2014-03-20 09:15:24,www.google.fr
2014-03-20 09:15:24,s-static.ak.facebook.com
2014-03-20 09:15:24,platform.twitter.com
2014-03-20 09:15:25,www.teinteresa.es
2014-03-20 09:15:25,www.intentshare.com
2014-03-20 09:15:27,www.intentshare.com
2014-03-20 09:15:29,www.teinteresa.es
2014-03-20 09:15:29,www.google.fr
2014-03-20 09:15:30,www.facebook.com
2014-03-20 09:15:31,apis.google.com
2014-03-20 09:15:31,s-static.ak.facebook.com
2014-03-20 09:15:31,www.intentshare.com
2014-03-20 09:15:31,www.facebook.com
2014-03-20 09:15:31,static.ak.facebook.com
2014-03-20 09:15:31,www.teinteresa.es
2014-03-20 09:15:32,www.intentshare.com
2014-03-20 09:15:32,www.teinteresa.es
2014-03-20 09:15:32,apis.google.com
2014-03-20 09:15:34,twitter.com
2014-03-20 09:15:39,s-static.ak.facebook.com
2014-03-20 09:15:40,www.intentshare.com
2014-03-20 09:16:05,twitter.com
2014-03-20 09:16:50,www.google.fr
2014-03-20 09:16:53,clients1.google.fr
2014-03-20 09:16:53,www.google.fr
2014-03-20 09:16:57,www.google.fr
2014-03-20 09:16:59,www.google.fr
2014-03-20 09:21:01,www.google.fr
2014-03-20 09:21:10,www.google.fr
2014-03-20 09:22:17,www.industrie-techno.com
2014-03-20 09:22:17,www.google.fr
2014-03-20 09:22:18,platform.linkedin.com
2014-03-20 09:22:18,static.ak.facebook.com
2014-03-20 09:22:18,www.usinenouvelle.com
2014-03-20 09:22:18,www.youtube.com
2014-03-20 09:22:18,www.industrie.com
2014-03-20 09:22:18,connect.facebook.net
2014-03-20 09:22:18,www.linkedin.com
2014-03-20 09:22:18,s-static.ak.facebook.com
2014-03-20 09:22:18,www.google.fr
2014-03-20 09:22:18,platform.twitter.com
2014-03-20 09:22:18,www.industrie-techno.com
2014-03-20 09:22:19,twitter.com
2014-03-20 09:22:19,www.industrie-techno.com
2014-03-20 09:22:19,www.usinenouvelle.com
2014-03-20 09:22:19,publicite.gisi.fr
2014-03-20 09:22:19,www.facebook.com
2014-03-20 09:22:19,i1.ytimg.com
2014-03-20 09:22:20,i1.ytimg.com
2014-03-20 09:24:34,www.google.fr
2014-03-20 09:24:35,www.industrie-techno.com
2014-03-20 09:24:35,www.linkedin.com
2014-03-20 09:24:36,s-static.ak.facebook.com
2014-03-20 09:24:36,www.facebook.com
2014-03-20 09:24:36,publicite.gisi.fr
2014-03-20 09:24:36,static.ak.facebook.com
2014-03-20 09:24:36,www.youtube.com
2014-03-20 09:24:36,platform.linkedin.com
2014-03-20 09:24:36,www.usinenouvelle.com
2014-03-20 09:24:36,www.linkedin.com
2014-03-20 09:24:37,www.industrie-techno.com
2014-03-20 09:24:37,i1.ytimg.com
2014-03-20 09:25:07,twitter.com
2014-03-20 09:38:32,www.linkedin.com
2014-03-20 09:39:06,clients1.google.fr
2014-03-20 09:39:06,www.google.fr
2014-03-20 09:39:20,www.google.fr
2014-03-20 09:39:25,www.google.fr
2014-03-20 09:39:27,www.google.fr
2014-03-20 09:39:31,www.google.fr
2014-03-20 09:39:32,www.google.fr
2014-03-20 09:39:35,www.google.fr
2014-03-20 09:39:37,www.google.fr
2014-03-20 09:39:41,www.google.fr
2014-03-20 09:39:43,www.google.fr
2014-03-20 09:39:44,www.google.fr
2014-03-20 09:40:13,www.google.fr
2014-03-20 09:40:13,oceanleadership.org
2014-03-20 09:40:14,www.google.com
2014-03-20 09:40:14,oceanleadership.org
2014-03-20 09:40:15,oceanleadership.org
2014-03-20 09:40:15,cdn-images.mailchimp.com
2014-03-20 09:40:16,go.disqus.com
2014-03-20 09:40:16,oceanleadership.disqus.com
2014-03-20 09:40:16,www.googleapis.com
2014-03-20 09:40:16,disqus.com
2014-03-20 09:40:16,oceanleadership.org
2014-03-20 09:40:42,www.google.com
2014-03-20 09:40:42,oceanleadership.org
2014-03-20 09:40:42,www.google.fr
2014-03-20 09:40:43,oceanleadership.org
2014-03-20 09:40:43,clients1.google.com
2014-03-20 09:40:43,www.google.com
2014-03-20 09:40:44,oceanleadership.org
2014-03-20 09:40:44,go.disqus.com
2014-03-20 09:40:45,oceanleadership.org
2014-03-20 09:41:44,www.googleapis.com
2014-03-20 09:42:13,www.google.fr
2014-03-20 09:42:13,clients1.google.fr
2014-03-20 09:42:18,www.google.fr
2014-03-20 09:42:20,www.google.fr
2014-03-20 09:42:23,www.google.fr
2014-03-20 09:42:23,www.americaspace.com
2014-03-20 09:42:24,www.americaspace.com
2014-03-20 09:42:25,www.americaspace.com
2014-03-20 09:42:26,www.americaspace.com
2014-03-20 09:42:26,www.facebook.com
2014-03-20 09:42:26,www.americaspace.org
2014-03-20 09:42:26,connect.facebook.net
2014-03-20 09:42:26,americaspace.com
2014-03-20 09:42:26,www.nasa.gov
2014-03-20 09:42:26,static.ak.facebook.com
2014-03-20 09:42:27,api.facebook.com
2014-03-20 09:42:27,americaspace.com
2014-03-20 09:42:27,platform.twitter.com
2014-03-20 09:42:27,s0.wp.com
2014-03-20 09:42:27,www.americaspace.com
2014-03-20 09:42:28,americaspace.com
2014-03-20 09:42:28,www.linkedin.com
2014-03-20 09:42:28,www.americaspace.com
2014-03-20 09:42:29,www.americaspace.com
2014-03-20 09:42:37,img.youtube.com
2014-03-20 09:42:38,img.youtube.com
2014-03-20 09:42:39,clients1.google.fr
2014-03-20 09:42:39,www.google.fr
2014-03-20 09:42:43,www.google.fr
2014-03-20 09:42:46,www.google.fr
2014-03-20 09:42:47,assets.fiercemarkets.com
2014-03-20 09:42:48,www.fiercegovernmentit.com
2014-03-20 09:42:48,www.google.fr
2014-03-20 09:42:49,assets.fiercemarkets.net
2014-03-20 09:42:49,servicecenter.fiercemarkets.com
2014-03-20 09:42:50,fiercegovernmentit.disqus.com
2014-03-20 09:42:50,www.fiercegovernmentit.com
2014-03-20 09:42:50,apis.google.com
2014-03-20 09:42:50,assets.fiercemarkets.net
2014-03-20 09:42:51,s-static.ak.facebook.com
2014-03-20 09:42:51,apis.google.com
2014-03-20 09:42:51,de.tynt.com
2014-03-20 09:42:51,disqus.com
2014-03-20 09:42:51,www.facebook.com
2014-03-20 09:42:51,static.ak.facebook.com
2014-03-20 09:42:51,www.pages01.net
2014-03-20 09:42:51,platform.twitter.com
2014-03-20 09:42:51,sc.tynt.com
2014-03-20 09:42:51,go.disqus.com
2014-03-20 09:42:51,connect.facebook.net
2014-03-20 09:42:52,www.linkedin.com
2014-03-20 09:42:53,twitter.com
2014-03-20 09:42:53,apis.google.com
2014-03-20 09:42:53,disqus.com
2014-03-20 09:42:54,disqus.com
2014-03-20 09:42:55,disqus.com
2014-03-20 09:43:06,www.google.fr
2014-03-20 09:43:07,www.fiercegovernmentit.com
2014-03-20 09:43:07,assets.fiercemarkets.net
2014-03-20 09:43:09,twitter.com
2014-03-20 09:43:09,s-static.ak.facebook.com
2014-03-20 09:43:09,www.facebook.com
2014-03-20 09:43:09,platform.twitter.com
2014-03-20 09:43:09,go.disqus.com
2014-03-20 09:43:09,static.ak.facebook.com
2014-03-20 09:43:10,www.linkedin.com
2014-03-20 09:43:10,www.facebook.com
2014-03-20 09:43:10,www.pages01.net
2014-03-20 09:43:10,www.fiercegovernmentit.com
2014-03-20 09:43:11,disqus.com
2014-03-20 09:45:01,www.linkedin.com
2014-03-20 09:45:09,apis.google.com
2014-03-20 09:45:14,yahoo.fr
2014-03-20 09:45:16,fr.yahoo.com
2014-03-20 09:45:17,mail.yahoo.com
2014-03-20 09:45:17,fr.yahoo.com
2014-03-20 09:45:17,locdrop.query.yahoo.com
2014-03-20 09:45:26,mail.yahoo.com
2014-03-20 09:45:28,login.yahoo.com
2014-03-20 09:45:33,login.yahoo.com
2014-03-20 09:45:34,login.yahoo.com
2014-03-20 09:45:39,login.yahoo.com
2014-03-20 09:46:35,login.yahoo.com
2014-03-20 09:46:50,login.yahoo.com
2014-03-20 09:46:51,login.yahoo.com
2014-04-17 08:03:53,ieonline.microsoft.com
2014-04-17 08:13:15,ocsp.thawte.com
2014-04-17 08:13:19,clients1.google.com
2014-04-17 08:13:19,ocsp.tcs.terena.org
2014-04-17 08:13:19,gtglobal-ocsp.geotrust.com
2014-04-17 08:13:19,ocsp.usertrust.com
2014-04-17 08:13:20,clients1.google.com
2014-04-17 08:14:16,gtssl-ocsp.geotrust.com
2014-04-17 08:15:22,clients1.google.com
2014-04-17 08:15:22,safebrowsing.clients.google.com
2014-04-17 08:15:22,safebrowsing-cache.google.com
2014-04-17 08:18:18,sb-ssl.google.com
2014-04-17 08:20:19,ocsp.tcs.terena.org
2014-04-17 08:20:19,clients1.google.com
2014-04-17 08:21:36,safebrowsing.clients.google.com
2014-04-17 08:21:36,safebrowsing-cache.google.com
2014-04-17 08:21:37,safebrowsing-cache.google.com
2014-04-17 08:22:18,ocsp.verisign.com
2014-04-17 08:24:18,ocsp.digicert.com
2014-04-17 08:35:39,bibliotheque.clermont-universite.fr
2014-04-17 08:42:21,clients1.google.com
2014-04-17 08:42:45,www.google.fr
2014-04-17 08:42:47,ajax.googleapis.com
2014-04-17 08:42:47,i40.servimg.com
2014-04-17 08:42:47,illiweb.com
2014-04-17 08:42:47,scion-entraide.forumactif.org
2014-04-17 08:42:48,www.facebook.com
2014-04-17 08:42:48,www.google.fr
2014-04-17 08:42:48,img695.imageshack.us
2014-04-17 08:42:48,r21.imgfast.net
2014-04-17 08:42:48,1.bp.blogspot.com
2014-04-17 08:42:48,i40.servimg.com
2014-04-17 08:42:48,i27.servimg.com
2014-04-17 08:42:48,i67.servimg.com
2014-04-17 08:42:48,hitskin.com
2014-04-17 08:42:48,nodes.tvmc4tsv.com
2014-04-17 08:42:49,r21.imgfast.net
2014-04-17 08:42:49,i40.servimg.com
2014-04-17 08:42:49,scion-entraide.forumactif.org
2014-04-17 08:42:49,nodes.tvmc4tsv.com
2014-04-17 08:42:50,dps.bing.com
2014-04-17 08:42:50,scion-entraide.forumactif.org
2014-04-17 08:42:50,img695.imageshack.us
2014-04-17 08:45:18,www.google.com
2014-04-17 08:45:19,apis.google.com
2014-04-17 08:45:37,clients1.google.fr
2014-04-17 08:46:21,www.google.fr
2014-04-17 08:52:54,safebrowsing-cache.google.com
2014-04-17 08:52:54,safebrowsing.clients.google.com
2014-04-17 08:52:55,safebrowsing-cache.google.com
2014-04-17 09:21:34,safebrowsing.clients.google.com
2014-04-17 09:21:34,safebrowsing-cache.google.com
2014-04-17 09:27:17,www.google.fr
2014-04-17 09:27:17,www.arbredespossibles.com
2014-04-17 09:27:18,www.arbredespossibles.com
2014-04-17 09:27:56,www.arbredespossibles.com
2014-04-17 09:28:14,pageperso.free.fr
2014-04-17 09:28:14,arbredespossibles.free.fr
2014-04-17 09:28:15,arbredespossibles.free.fr
2014-04-17 09:28:15,audienceinsights.net
2014-04-17 09:28:15,pageperso.free.fr
2014-04-17 09:28:15,ce.lijit.com
2014-04-17 09:28:15,www.facebook.com
2014-04-17 09:28:46,www.arbredespossibles.com
2014-04-17 09:28:47,www.arbredespossibles.com
2014-04-17 09:28:48,www.arbredespossibles.com
2014-04-17 09:28:49,www.arbredespossibles.com
2014-04-17 09:28:50,www.arbredespossibles.com
2014-04-17 09:29:50,www.google.com
2014-04-17 09:30:00,clients1.google.fr
2014-04-17 09:30:11,www.google.fr
2014-04-17 09:31:27,office14client.microsoft.com
2014-04-17 09:31:28,office.microsoft.com
2014-04-17 09:39:28,ocsp.tcs.terena.org
2014-04-17 09:39:59,www.squid-cache.org
2014-04-17 09:40:07,www.google.com
2014-04-17 09:40:08,safebrowsing.clients.google.com
2014-04-17 09:40:09,www.hotmail.fr
2014-04-17 09:40:09,www.google.fr
2014-04-17 09:40:10,sb.symcd.com
2014-04-17 09:40:10,login.live.com
2014-04-17 09:40:10,evsecure-ocsp.verisign.com
2014-04-17 09:40:11,login.live.com
2014-04-17 09:40:11,ocsp.digicert.com
2014-04-17 09:40:22,windowslive.tt.omtrdc.net
2014-04-17 09:40:44,login.live.com
2014-04-17 09:40:45,login.live.com
2014-04-17 09:40:46,evintl-ocsp.verisign.com
2014-04-17 09:40:49,ocsp.verisign.com
2014-04-17 09:40:50,safebrowsing.clients.google.com
2014-04-17 09:40:50,dub114.mail.live.com
2014-04-17 09:40:50,gtssl2-ocsp.geotrust.com
2014-04-17 09:41:02,office14client.microsoft.com
2014-04-17 09:41:02,office.microsoft.com
2014-04-17 09:41:03,office.microsoft.com
2014-04-17 09:41:24,ocsp.thawte.com
2014-04-17 09:41:44,mail.live.com
2014-04-17 09:41:48,js.live.net
2014-04-17 09:41:48,h.bing.com
2014-04-17 09:41:50,storage.live.com
2014-04-17 09:41:52,cid-a8b403c8e812f3e4.users.storage.live.com
2014-04-17 09:41:54,people.directory.live.com
2014-04-17 09:42:01,dub114.afx.ms
2014-04-17 09:42:02,dub114.mail.live.com
2014-04-17 09:42:12,dub114.mail.live.com
2014-04-17 09:42:12,g.live.com
2014-04-17 09:42:12,login.live.com
2014-04-17 09:42:14,www.bing.com
2014-04-17 09:42:14,fr.msn.com
2014-04-17 09:42:15,safebrowsing.clients.google.com
2014-04-17 09:42:15,www.bing.com
2014-04-17 09:42:15,api.bing.com
2014-04-17 09:42:15,h2.msn.com
2014-04-17 09:42:15,c.fr.msn.com
2014-04-17 09:42:16,gtssl-ocsp.geotrust.com
2014-04-17 09:42:16,platform.twitter.com
2014-04-17 09:42:16,g.msn.com
2014-04-17 09:42:16,www.bing.com
2014-04-17 09:42:16,fr.msn.com
2014-04-17 09:42:17,login.live.com
2014-04-17 09:42:17,s-static.ak.facebook.com
2014-04-17 09:42:17,platform.twitter.com
2014-04-17 09:42:17,fr.msn.com
2014-04-17 09:42:17,connect.facebook.net
2014-04-17 09:42:17,www.facebook.com
2014-04-17 09:42:17,static.ak.facebook.com
2014-04-17 09:42:17,safebrowsing.clients.google.com
2014-04-17 09:42:17,windowslive.tt.omtrdc.net
2014-04-17 09:42:18,fr.msn.com
2014-04-17 09:42:18,evsecure-ocsp.verisign.com
2014-04-17 09:42:19,g.msn.com
2014-04-17 09:42:20,clients1.google.com
2014-04-17 09:42:20,g.msn.com
2014-04-17 09:42:20,user-disp.tidaltv.com
2014-04-17 09:42:21,ocsp.comodoca.com
2014-04-17 09:42:25,windowslive.tt.omtrdc.net
2014-04-17 09:42:26,dub114.mail.live.com
2014-04-17 09:42:30,g.msn.com
2014-04-17 09:42:36,pixel2368.everesttech.net
2014-04-17 09:42:38,g.msn.com
2014-04-17 09:42:47,secure.shared.live.com
2014-04-17 09:42:48,twitter.com
2014-04-17 09:42:51,dub114.mail.live.com
2014-04-17 09:42:52,dub114.mail.live.com
2014-04-17 09:42:53,dub114.mail.live.com
2014-04-17 09:42:53,p.sfx.ms
2014-04-17 09:42:56,cid-a8b403c8e812f3e4.users.storage.live.com
2014-04-17 09:43:03,www.google.com
2014-04-17 09:43:03,www.google.fr
2014-04-17 09:43:04,h.live.com
2014-04-17 09:43:05,dub114.mail.live.com
2014-04-17 09:43:19,gallery.mailchimp.com
2014-04-17 09:43:57,h2.msn.com
2014-04-17 09:44:07,go.trouter.io
2014-04-17 09:44:13,pbs.twimg.com
2014-04-17 09:44:13,login.secure.emea.msn.com
2014-04-17 09:44:14,platform.twitter.com
2014-04-17 09:45:11,www.google.com
2014-04-17 09:45:22,www.google.fr
2014-04-17 09:45:22,fr.wikipedia.org
2014-04-17 09:45:22,bits.wikimedia.org
2014-04-17 09:45:23,login.wikimedia.org
2014-04-17 09:45:23,fr.wikipedia.org
2014-04-17 09:45:23,meta.wikimedia.org
2014-04-17 09:45:23,bits.wikimedia.org
2014-04-17 09:46:16,clients1.google.com
2014-04-17 09:46:17,maps.google.fr
2014-04-17 09:46:17,clients1.google.com
2014-04-17 09:47:05,gg.google.fr
2014-04-17 09:47:05,geo0.ggpht.com
2014-04-17 09:47:05,mts0.google.com
2014-04-17 09:47:05,maps.google.fr
2014-04-17 09:47:05,www.google.com
2014-04-17 09:47:05,www.google.fr
