timestamp,site
2014-01-16 09:41:18,javadl-esd.sun.com
2014-01-16 09:43:38,go.microsoft.com
2014-01-16 09:43:38,www.iegallery.com
2014-01-16 09:43:39,www.iegallery.com
2014-01-16 09:43:40,www.iegallery.com
2014-01-16 09:43:41,www.iegallery.com
2014-01-16 09:43:43,www.bing.com
2014-01-16 09:44:50,ieonline.microsoft.com
2014-01-29 10:32:09,fpdownload2.macromedia.com
2014-01-29 10:34:17,www.bing.com
2014-01-29 10:34:17,www.google.com
2014-01-29 10:34:17,ieonline.microsoft.com
2014-01-29 10:36:22,ieonline.microsoft.com
2014-01-29 10:36:52,www.google.com
2014-01-29 10:36:52,www.google.fr
2014-01-29 10:36:52,go.microsoft.com
2014-01-29 10:36:53,www.google.fr
2014-01-29 10:36:54,www.google.fr
2014-01-29 10:36:54,www.google.com
2014-01-29 10:36:55,apis.google.com
2014-01-29 10:37:17,www.google.fr
2014-01-29 10:37:17,www.google.com
2014-01-29 10:37:17,apis.google.com
2014-01-29 10:37:19,www.picture-organic-clothing.com
2014-01-29 10:37:19,www.google.fr
2014-01-29 10:37:20,ajax.googleapis.com
2014-01-29 10:37:20,connect.facebook.net
2014-01-29 10:37:20,www.picture-organic-clothing.com
2014-01-29 10:37:21,www.picture-organic-clothing.com
2014-01-29 10:37:21,static.ak.facebook.com
2014-01-29 10:37:21,player.vimeo.com
2014-01-29 10:37:21,s-static.ak.facebook.com
2014-01-29 10:37:22,livepassdl.conviva.com
2014-01-29 10:37:23,pings.conviva.com
2014-01-29 10:37:25,www.facebook.com
2014-01-29 10:37:25,www.picture-organic-clothing.com
2014-01-29 10:37:31,pings.conviva.com
2014-01-29 10:37:56,livepassdl.conviva.com
2014-01-29 10:37:56,www.picture-organic-clothing.com
2014-01-29 10:37:57,www.facebook.com
2014-01-29 10:37:57,static.ak.facebook.com
2014-01-29 10:37:57,www.picture-organic-clothing.com
2014-01-29 10:37:57,s-static.ak.facebook.com
2014-01-29 10:46:06,www.picture-organic-clothing.com
2014-01-29 10:46:14,www.picture-organic-clothing.com
2014-01-29 10:46:15,www.picture-organic-clothing.com
2014-01-29 10:46:16,www.picture-organic-clothing.com
2014-01-29 10:46:17,www.picture-organic-clothing.com
2014-01-29 10:46:21,www.picture-organic-clothing.com
2014-01-29 10:46:22,www.picture-organic-clothing.com
2014-01-29 10:46:43,www.picture-organic-clothing.com
2014-01-29 10:46:44,www.picture-organic-clothing.com
2014-01-29 10:46:45,www.facebook.com
2014-01-29 10:46:45,player.vimeo.com
2014-01-29 10:46:45,static.ak.facebook.com
2014-01-29 10:46:45,www.picture-organic-clothing.com
2014-01-29 10:46:45,s-static.ak.facebook.com
2014-01-29 10:47:05,s-static.ak.facebook.com
2014-01-29 10:47:05,static.ak.facebook.com
2014-01-29 10:47:05,www.facebook.com
2014-02-26 10:04:27,www.google.com
2014-02-26 10:04:29,ajax.googleapis.com
2014-02-26 10:04:29,www.picture-organic-clothing.com
2014-02-26 10:04:30,www.picture-organic-clothing.com
2014-02-26 10:04:31,connect.facebook.net
2014-02-26 10:04:31,www.picture-organic-clothing.com
2014-02-26 10:04:32,static.ak.facebook.com
2014-02-26 10:04:32,s-static.ak.facebook.com
2014-02-26 10:04:33,www.picture-organic-clothing.com
2014-02-26 10:04:33,www.facebook.com
2014-02-26 10:06:09,www.google.fr
2014-02-26 10:06:15,www.google.fr
2014-02-26 10:06:18,www.google.com
2014-02-26 10:06:18,apis.google.com
2014-02-26 10:06:27,go.microsoft.com
2014-02-26 10:06:27,ieonline.microsoft.com
2014-02-26 10:06:42,www.societe.com
2014-02-26 10:06:42,apis.google.com
2014-02-26 10:06:42,www.google.com
2014-02-26 10:06:42,www.google.fr
2014-02-26 10:06:43,img2.societe.com
2014-02-26 10:06:43,img.societe.com
2014-02-26 10:06:43,img1.societe.com
2014-02-26 10:06:43,img15.societe.com
2014-02-26 10:06:43,img17.societe.com
2014-02-26 10:06:43,img18.societe.com
2014-02-26 10:06:43,img19.societe.com
2014-02-26 10:06:43,img14.societe.com
2014-02-26 10:06:43,img13.societe.com
2014-02-26 10:06:43,img5.societe.com
2014-02-26 10:06:43,code.jquery.com
2014-02-26 10:06:43,img3.societe.com
2014-02-26 10:06:43,img4.societe.com
2014-02-26 10:06:43,img20.societe.com
2014-02-26 10:06:43,img7.societe.com
2014-02-26 10:06:43,www.societe.com
2014-02-26 10:06:43,img6.societe.com
2014-02-26 10:06:43,img16.societe.com
2014-02-26 10:06:43,img12.societe.com
2014-02-26 10:06:44,www.societe.com
2014-02-26 10:06:44,img7.societe.com
2014-02-26 10:06:44,img5.societe.com
2014-02-26 10:06:44,img6.societe.com
2014-02-26 10:06:44,img2.societe.com
2014-02-26 10:06:44,img4.societe.com
2014-02-26 10:06:44,img3.societe.com
2014-02-26 10:06:44,img9.societe.com
2014-02-26 10:06:44,img8.societe.com
2014-02-26 10:06:45,rs.mediapostcommunication.net
2014-02-26 10:06:45,ws.mediapostcommunication.net
2014-02-26 10:06:45,av.mediapostcommunication.net
2014-02-26 10:06:46,loadr.exelator.com
2014-02-26 10:06:47,fpdownload2.macromedia.com
2014-02-26 10:07:51,img12.societe.com
2014-02-26 10:07:51,img16.societe.com
2014-02-26 10:07:51,img15.societe.com
2014-02-26 10:07:52,x2.vindicosuite.com
2014-02-26 10:07:53,connect.facebook.net
2014-02-26 10:07:53,www.google.com
2014-02-26 10:07:55,img1.societe.com
2014-02-26 10:07:55,s-static.ak.facebook.com
2014-02-26 10:07:55,static.ak.facebook.com
2014-02-26 10:07:55,www.facebook.com
2014-02-26 10:07:58,i1-js-14-3-01-11074-601815439-i.init.cedexis-radar.net
2014-02-26 10:08:01,cloudfront.cedexis.com
2014-02-26 10:22:37,www.facebook.com
2014-02-26 10:22:49,www.facebook.com
2014-02-26 10:23:20,www.facebook.com
2014-02-26 10:23:36,www.facebook.com
2014-02-26 10:23:53,www.facebook.com
2014-02-26 10:23:54,www.facebook.com
2014-02-26 10:23:55,www.facebook.com
2014-02-26 10:23:59,www.facebook.com
2014-02-26 10:25:58,www.google.com
2014-02-26 10:25:59,www.google.fr
2014-02-26 10:26:01,www.google.com
2014-02-26 10:26:01,apis.google.com
2014-02-26 10:26:23,www.google.fr
2014-02-26 10:26:24,www.verif.com
2014-02-26 10:26:25,www.verif.com
2014-02-26 10:26:26,www.verif.com
2014-02-26 10:26:26,emailretargeting.com
2014-02-26 10:26:27,dc1w54.wysistat.com
2014-02-26 10:26:29,apis.google.com
2014-02-26 10:26:29,www.google.com
2014-02-26 10:26:29,www.facebook.com
2014-02-26 10:26:29,www.google.fr
2014-02-26 10:26:30,www.verif.com
2014-02-26 10:26:30,robertson.pro
2014-02-26 10:26:30,ajax.googleapis.com
2014-02-26 10:26:30,www.google.fr
2014-02-26 10:26:32,robertson.pro
2014-02-26 10:26:33,www.verif.com
2014-02-26 10:28:16,www.google.fr
2014-02-26 10:28:17,www.philauvergne.fr
2014-02-26 10:28:17,0.gravatar.com
2014-02-26 10:28:18,www.facebook.com
2014-02-26 10:28:18,www.philauvergne.fr
2014-02-26 10:28:18,0.gravatar.com
2014-02-26 10:28:18,dsms0mj1bbhn4.cloudfront.net
2014-02-26 10:28:19,www.philauvergne.fr
2014-02-26 10:28:19,www.youtube.com
2014-02-26 10:28:20,dsms0mj1bbhn4.cloudfront.net
2014-02-26 10:28:21,s.ytimg.com
2014-02-26 10:28:22,i1.ytimg.com
2014-02-26 10:28:22,s3.amazonaws.com
2014-02-26 10:28:23,www.philauvergne.fr
2014-02-26 10:28:23,i1.ytimg.com
2014-02-26 10:28:23,www.auvergne-nouveau-monde.fr
2014-02-26 10:28:24,graph.facebook.com
2014-02-26 10:28:25,api.pinterest.com
2014-02-26 10:28:25,dsms0mj1bbhn4.cloudfront.net
2014-02-26 10:28:25,www.linkedin.com
2014-02-26 10:28:28,www.google.fr
2014-02-26 10:28:29,www.info-societe.com
2014-02-26 10:28:29,www.papbusters.fr
2014-02-26 10:28:30,www.info-societe.com
2014-02-26 10:28:31,www.info-societe.com
2014-02-26 10:28:31,s.trustpilot.com.s3-external-3.amazonaws.com
2014-02-26 10:28:31,premium.hi-mediaserver.com
2014-02-26 10:28:32,www.eficiens-serving2.com
2014-02-26 10:28:33,adventori.com
2014-02-26 10:28:33,apnx-match.dotomi.com
2014-02-26 10:28:33,dtm.officedepot.com
2014-02-26 10:28:34,um.simpli.fi
2014-02-26 10:29:11,www.verif.com
2014-02-26 10:29:12,www.verif.com
2014-02-26 10:29:13,dc1w54.wysistat.com
2014-02-26 10:29:17,pixel2368.everesttech.net
2014-02-26 10:29:22,www.verif.com
2014-02-26 10:29:22,common.osimatic.eu
2014-02-26 10:29:23,www.verif.com
2014-02-26 10:29:24,pixel2368.everesttech.net
2014-02-26 10:29:24,dc1w54.wysistat.com
2014-02-26 10:30:23,www.auvergne-nouveau-monde.fr
2014-02-26 10:30:31,premium.hi-mediaserver.com
2014-02-26 10:30:31,www.info-societe.com
2014-02-26 10:34:18,www.google.fr
2014-02-26 10:34:19,www.google.fr
2014-02-26 10:34:22,accounts.google.com
2014-02-26 10:34:22,mail.google.com
2014-02-26 10:34:22,www.google.com
2014-02-26 10:34:23,accounts.youtube.com
2014-02-26 10:34:25,www.google.fr
2014-02-26 10:34:40,www.google.com
2014-02-26 10:34:40,accounts.google.fr
2014-02-26 10:34:44,accounts.google.com
2014-02-26 10:34:44,accounts.youtube.com
2014-02-26 10:34:44,apis.google.com
2014-02-26 10:34:45,accounts.google.fr
2014-02-26 10:34:45,clients2.google.com
2014-02-26 10:34:45,www.google.com
2014-02-26 10:34:45,mail.google.com
2014-02-26 10:34:46,plus.google.com
2014-02-26 10:34:47,plus.google.com
2014-02-26 10:34:50,clients2.google.com
2014-02-26 10:34:54,chatenabled.mail.google.com
2014-02-26 10:34:54,apis.google.com
2014-02-26 10:34:54,mail.google.com
2014-02-26 10:34:55,plus.google.com
2014-02-26 10:34:55,accounts.google.com
2014-02-26 10:34:55,mail.google.com
2014-02-26 10:35:03,plus.google.com
2014-02-26 10:35:45,chatenabled.mail.google.com
2014-02-26 10:36:36,apis.google.com
2014-02-26 10:36:36,mail.google.com
2014-02-26 10:36:37,mail.google.com
2014-02-26 10:36:37,apis.google.com
2014-02-26 10:36:47,mail.google.com
2014-02-26 10:37:00,mail.google.com
2014-02-26 10:37:02,plus.google.com
2014-02-26 10:37:16,mail.google.com
2014-02-26 10:37:16,plus.google.com
2014-02-26 10:37:16,apis.google.com
2014-02-26 10:37:17,plus.google.com
2014-02-26 10:37:17,www.auvergne-nouveau-monde.fr
2014-02-26 10:37:24,www.gmail.com
2014-02-26 10:37:24,mail.google.com
2014-02-26 10:37:25,accounts.google.com
2014-02-26 10:37:25,mail.google.com
2014-02-26 10:37:29,clients2.google.com
2014-02-26 10:37:29,www.google.com
2014-02-26 10:37:33,chatenabled.mail.google.com
2014-02-26 10:37:33,mail.google.com
2014-02-26 10:37:35,mail.google.com
2014-02-26 10:37:36,www.google.fr
2014-02-26 10:37:36,accounts.youtube.com
2014-02-26 10:37:36,plus.google.com
2014-02-26 10:37:36,clients2.google.com
2014-02-26 10:37:36,mail.google.com
2014-02-26 10:37:36,accounts.google.fr
2014-02-26 10:37:37,www.google.fr
2014-02-26 10:37:37,chatenabled.mail.google.com
2014-02-26 10:37:53,mail.google.com
2014-02-26 10:38:41,accounts.youtube.com
2014-02-26 10:38:41,accounts.google.com
2014-02-26 10:38:41,accounts.google.fr
2014-02-26 10:38:41,www.google.com
2014-02-26 10:38:41,plus.google.com
2014-02-26 10:38:41,mail.google.com
2014-02-26 10:39:58,www.google.com
2014-02-26 10:39:58,mail.google.com
2014-02-26 10:39:58,accounts.youtube.com
2014-02-26 10:39:58,accounts.google.com
2014-02-26 10:39:58,plus.google.com
2014-02-26 10:46:17,www.google.fr
2014-02-26 10:46:47,www.google.fr
2014-02-26 10:46:48,www.google.fr
2014-02-26 10:46:48,en.wikipedia.org
2014-02-26 10:46:48,bits.wikimedia.org
2014-02-26 10:46:48,login.wikimedia.org
2014-02-26 10:46:49,en.wikipedia.org
2014-02-26 10:46:49,meta.wikimedia.org
2014-02-26 10:46:49,bits.wikimedia.org
2014-02-26 10:47:03,translate.google.fr
2014-02-26 10:47:03,www.google.fr
2014-02-26 10:47:04,translate.google.fr
2014-02-26 10:47:05,bits.wikimedia.org
2014-02-26 10:47:05,www.google.fr
2014-02-26 10:47:06,bits.wikimedia.org
2014-02-26 10:47:06,login.wikimedia.org
2014-02-26 10:47:06,meta.wikimedia.org
2014-02-26 10:47:06,translate.google.fr
2014-02-26 10:47:06,en.wikipedia.org
2014-02-26 10:47:09,www.google.com
2014-02-26 10:47:38,www.google.fr
2014-02-26 10:47:39,www.score3.fr
2014-02-26 10:47:39,www.google.com
2014-02-26 10:47:39,jqve7u31z7.b.ad6media.fr
2014-02-26 10:47:39,connect.facebook.net
2014-02-26 10:47:39,img.score3.fr
2014-02-26 10:47:40,img.score3.fr
2014-02-26 10:47:40,www.score3.fr
2014-02-26 10:47:40,jqve7u31z7.b.ad6media.fr
2014-02-26 10:47:40,style.ad6.fr
2014-02-26 10:47:40,www.google.com
2014-02-26 10:47:40,static.ak.facebook.com
2014-02-26 10:47:40,platform.linkedin.com
2014-02-26 10:47:41,s-static.ak.facebook.com
2014-02-26 10:47:41,img.score3.fr
2014-02-26 10:47:41,www.google.com
2014-02-26 10:47:42,www.score3.fr
2014-02-26 10:47:42,platform.twitter.com
2014-02-26 10:47:42,platform.linkedin.com
2014-02-26 10:47:43,www.facebook.com
2014-02-26 10:47:43,www.score3.fr
2014-02-26 10:47:43,platform.twitter.com
2014-02-26 10:47:43,www.linkedin.com
2014-02-26 10:47:44,www.score3.fr
2014-02-26 10:47:45,twitter.com
2014-02-26 10:47:59,www.google.fr
2014-02-26 10:48:00,www.linguee.com
2014-02-26 10:48:00,static.linguee.com
2014-02-26 10:48:01,static.linguee.com
2014-02-26 10:48:02,um.simpli.fi
2014-02-26 10:48:03,static.linguee.com
2014-02-26 10:48:05,banniere.reussissonsensemble.fr
2014-02-26 10:48:07,www.linguee.com
2014-02-26 10:48:15,twitter.com
2014-02-26 10:50:06,www.google.fr
2014-02-26 10:50:13,www.google.fr
2014-02-26 10:50:15,cdn01.smartling.com
2014-02-26 10:50:15,www.slideshare.net
2014-02-26 10:50:17,connect.facebook.net
2014-02-26 10:50:17,apis.google.com
2014-02-26 10:50:17,www.linkedin.com
2014-02-26 10:50:18,static.ak.facebook.com
2014-02-26 10:50:18,platform.twitter.com
2014-02-26 10:50:18,platform.linkedin.com
2014-02-26 10:50:18,www.facebook.com
2014-02-26 10:50:18,s-static.ak.facebook.com
2014-02-26 10:50:19,apis.google.com
2014-02-26 10:50:19,www.linkedin.com
2014-02-26 10:50:19,platform.twitter.com
2014-02-26 10:50:20,www.linkedin.com
2014-02-26 10:50:20,apis.google.com
2014-02-26 10:50:21,platform.linkedin.com
2014-02-26 10:50:21,platform.twitter.com
2014-02-26 10:50:21,www.linkedin.com
2014-02-26 10:52:16,www.linkedin.com
2014-02-26 10:52:59,www.google.fr
2014-02-26 10:53:00,www.innovergne.fr
2014-02-26 10:55:15,www.innovergne.fr
2014-02-26 10:55:18,www.innovergne.fr
2014-02-26 10:55:19,www.innovergne.fr
2014-02-26 10:55:20,www.innovergne.fr
2014-02-26 10:55:21,www.innovergne.fr
2014-02-26 10:55:22,www.innovergne.fr
2014-02-26 10:55:25,onlinestores.metaservices.microsoft.com
2014-02-26 10:55:27,go.microsoft.com
2014-02-26 10:55:29,www.innovergne.fr
2014-02-26 10:55:33,www.innovergne.fr
2014-02-26 10:55:39,www.innovergne.fr
2014-02-26 10:55:44,www.innovergne.fr
2014-02-26 10:55:50,www.innovergne.fr
2014-02-26 10:55:55,www.innovergne.fr
2014-02-26 10:56:01,www.innovergne.fr
2014-02-26 10:56:06,www.innovergne.fr
2014-02-26 10:56:12,www.innovergne.fr
2014-02-26 10:56:18,www.innovergne.fr
2014-02-26 10:56:23,www.innovergne.fr
2014-02-26 10:56:29,www.innovergne.fr
2014-02-26 10:56:34,www.innovergne.fr
2014-02-26 10:56:40,www.innovergne.fr
2014-02-26 10:56:44,www.innovergne.fr
2014-02-26 10:56:45,www.innovergne.fr
2014-02-26 10:56:46,www.innovergne.fr
2014-02-26 10:56:47,www.innovergne.fr
2014-02-26 10:56:48,www.innovergne.fr
2014-02-26 10:56:49,www.innovergne.fr
2014-02-26 11:00:40,www.google.fr
2014-02-26 11:00:41,clients1.google.fr
2014-02-26 11:00:44,clients1.google.fr
2014-02-26 11:00:59,www.google.fr
2014-02-26 11:01:00,www.google.fr
2014-02-26 11:01:00,www.picture-organic-clothing.com
2014-02-26 11:01:00,ajax.googleapis.com
2014-02-26 11:01:01,www.picture-organic-clothing.com
2014-02-26 11:01:02,player.vimeo.com
2014-02-26 11:01:02,www.picture-organic-clothing.com
2014-02-26 11:01:03,s-static.ak.facebook.com
2014-02-26 11:01:03,static.ak.facebook.com
2014-02-26 11:01:03,www.facebook.com
2014-02-26 11:01:04,livepassdl.conviva.com
2014-02-26 11:01:05,www.picture-organic-clothing.com
2014-02-26 11:01:05,livepassdl.conviva.com
2014-02-26 11:01:07,pings.conviva.com
2014-02-26 11:01:08,pings.conviva.com
2014-02-26 11:01:09,pings.conviva.com
2014-02-26 11:02:12,www.linkedin.com
2014-02-26 11:02:13,its.tradelab.fr
2014-02-26 11:02:20,its.tradelab.fr
2014-02-26 11:02:21,www.linkedin.com
2014-02-26 11:02:22,www.linkedin.com
2014-02-26 11:02:29,www.linkedin.com
2014-02-26 11:02:30,www.linkedin.com
2014-02-26 11:02:30,match.rtbidder.net
2014-02-26 11:02:39,www.linkedin.com
2014-02-26 11:02:40,livepassdl.conviva.com
2014-02-26 11:02:41,rp.gwallet.com
2014-02-26 11:02:46,www.linkedin.com
2014-02-26 11:02:47,www.linkedin.com
2014-02-26 11:02:54,www.linkedin.com
2014-02-26 11:06:06,livepassdl.conviva.com
2014-02-26 11:07:55,www.score3.fr
2014-02-26 11:07:55,www.linkedin.com
2014-02-26 11:07:57,www.score3.fr
2014-02-26 11:07:57,jqve7u31z7.b.ad6media.fr
2014-02-26 11:07:57,connect.facebook.net
2014-02-26 11:07:58,static.ak.facebook.com
2014-02-26 11:07:58,jqve7u31z7.b.ad6media.fr
2014-02-26 11:07:58,www.score3.fr
2014-02-26 11:07:58,s-static.ak.facebook.com
2014-02-26 11:07:59,img.score3.fr
2014-02-26 11:08:01,adventori.com
2014-02-26 11:11:06,livepassdl.conviva.com
2014-02-26 11:16:07,livepassdl.conviva.com
2014-02-26 11:21:07,livepassdl.conviva.com
2014-03-19 10:34:36,www.google.fr
2014-03-19 10:34:44,www.google.com
2014-03-19 10:35:00,ajax.googleapis.com
2014-03-19 10:35:00,www.picture-organic-clothing.com
2014-03-19 10:35:01,www.picture-organic-clothing.com
2014-03-19 10:35:02,s-static.ak.facebook.com
2014-03-19 10:35:02,connect.facebook.net
2014-03-19 10:35:02,www.picture-organic-clothing.com
2014-03-19 10:35:02,static.ak.facebook.com
2014-03-19 10:35:03,livepassdl.conviva.com
2014-03-19 10:35:03,player.vimeo.com
2014-03-19 10:35:04,livepassdl.conviva.com
2014-03-19 10:35:06,www.picture-organic-clothing.com
2014-03-19 10:35:06,www.facebook.com
2014-03-19 10:35:26,www.picture-organic-clothing.com
2014-03-19 10:35:26,livepassdl.conviva.com
2014-03-19 10:35:27,www.picture-organic-clothing.com
2014-03-19 10:35:28,s-static.ak.facebook.com
2014-03-19 10:35:28,static.ak.facebook.com
2014-03-19 10:35:28,www.facebook.com
2014-03-19 10:36:04,static.ak.facebook.com
2014-03-19 10:36:04,s-static.ak.facebook.com
2014-03-19 10:36:04,livepassdl.conviva.com
2014-03-19 10:36:04,player.vimeo.com
2014-03-19 10:36:04,www.facebook.com
2014-03-19 10:36:05,livepassdl.conviva.com
2014-03-19 10:36:19,www.google.fr
2014-03-19 10:36:21,www.google.fr
2014-03-19 10:36:22,apis.google.com
2014-03-19 10:36:23,www.google.com
2014-03-19 10:36:39,ieonline.microsoft.com
2014-03-19 10:36:39,go.microsoft.com
2014-03-19 10:37:04,www.google.fr
2014-03-19 10:37:05,customer.misterbell.com
2014-03-19 10:37:05,apis.google.com
2014-03-19 10:37:05,www.verif.com
2014-03-19 10:37:05,www.google.fr
2014-03-19 10:37:05,www.google.com
2014-03-19 10:37:06,www.verif.com
2014-03-19 10:37:07,www.verif.com
2014-03-19 10:37:08,dc1w54.wysistat.com
2014-03-19 10:37:08,emailretargeting.com
2014-03-19 10:37:09,premium.hi-mediaserver.com
2014-03-19 10:37:09,www.facebook.com
2014-03-19 10:37:10,fpdownload2.macromedia.com
2014-03-19 10:37:11,www.google.com
2014-03-19 10:37:11,www.verif.com
2014-03-19 10:37:12,www.google.com
2014-03-19 10:44:21,www.verif.com
2014-03-19 10:59:35,www.google.fr
2014-03-19 10:59:37,apis.google.com
2014-03-19 10:59:37,www.google.com
2014-03-19 10:59:51,www.google.com
2014-03-19 10:59:51,apis.google.com
2014-03-19 10:59:51,www.verif.com
2014-03-19 10:59:51,www.google.fr
2014-03-19 10:59:52,customer.misterbell.com
2014-03-19 10:59:52,www.verif.com
2014-03-19 10:59:53,www.verif.com
2014-03-19 10:59:54,www.verif.com
2014-03-19 10:59:54,dc1w54.wysistat.com
2014-03-19 10:59:57,www.verif.com
2014-03-19 10:59:57,premium.hi-mediaserver.com
2014-03-19 10:59:59,c1.adform.net
2014-03-19 11:00:00,premium.hi-mediaserver.com
2014-03-19 11:00:00,adventori.com
2014-03-19 11:00:01,apnx-match.dotomi.com
2014-03-19 11:00:01,dtm.neimanmarcus.com
2014-03-19 11:00:02,cm.adgrx.com
2014-03-19 11:00:03,um.simpli.fi
2014-03-19 11:00:13,www.verif.com
2014-03-19 11:00:14,www.verif.com
2014-03-19 11:00:15,dc1w54.wysistat.com
2014-03-19 11:00:16,premium.hi-mediaserver.com
2014-03-19 11:00:17,cm.adgrx.com
2014-03-19 11:00:18,pixel2368.everesttech.net
2014-03-19 11:00:22,www.verif.com
2014-03-19 11:00:23,dc1w54.wysistat.com
2014-03-19 11:00:51,pixel2368.everesttech.net
2014-03-19 11:01:08,www.verif.com
2014-03-19 11:01:09,dc1w54.wysistat.com
2014-03-19 11:01:10,premium.hi-mediaserver.com
2014-03-19 11:01:11,www.verif.com
2014-03-19 11:01:12,dc1w54.wysistat.com
2014-03-19 11:01:17,www.google.fr
2014-03-19 11:01:18,img12.societe.com
2014-03-19 11:01:18,img7.societe.com
2014-03-19 11:01:18,img6.societe.com
2014-03-19 11:01:18,img5.societe.com
2014-03-19 11:01:18,img3.societe.com
2014-03-19 11:01:18,www.societe.com
2014-03-19 11:01:18,img2.societe.com
2014-03-19 11:01:18,img.societe.com
2014-03-19 11:01:18,code.jquery.com
2014-03-19 11:01:18,img15.societe.com
2014-03-19 11:01:18,img1.societe.com
2014-03-19 11:01:18,img16.societe.com
2014-03-19 11:01:18,img4.societe.com
2014-03-19 11:01:18,www.google.fr
2014-03-19 11:01:18,img18.societe.com
2014-03-19 11:01:18,img19.societe.com
2014-03-19 11:01:18,img20.societe.com
2014-03-19 11:01:18,img13.societe.com
2014-03-19 11:01:18,img14.societe.com
2014-03-19 11:01:18,img17.societe.com
2014-03-19 11:01:19,img9.societe.com
2014-03-19 11:01:19,img8.societe.com
2014-03-19 11:01:19,www.societe.com
2014-03-19 11:01:19,img7.societe.com
2014-03-19 11:01:19,img3.societe.com
2014-03-19 11:01:19,img2.societe.com
2014-03-19 11:01:19,img6.societe.com
2014-03-19 11:01:19,img5.societe.com
2014-03-19 11:01:19,img4.societe.com
2014-03-19 11:01:20,rs.mediapostcommunication.net
2014-03-19 11:01:20,ws.mediapostcommunication.net
2014-03-19 11:01:20,av.mediapostcommunication.net
2014-03-19 11:01:22,loadr.exelator.com
2014-03-19 11:02:01,www.societe.com
2014-03-19 11:02:01,img.societe.com
2014-03-19 11:02:03,av.mediapostcommunication.net
2014-03-19 11:02:03,img10.societe.com
2014-03-19 11:02:03,img11.societe.com
2014-03-19 11:02:03,x2.vindicosuite.com
2014-03-19 11:02:03,ws.mediapostcommunication.net
2014-03-19 11:02:03,www.societe.com
2014-03-19 11:02:03,img.societe.com
2014-03-19 11:02:05,www.facebook.com
2014-03-19 11:02:05,b12.myspace.com
2014-03-19 11:02:06,b12.myspace.com
2014-03-19 11:02:06,img17.societe.com
2014-03-19 11:02:06,img20.societe.com
2014-03-19 11:02:06,img.societe.com
2014-03-19 11:02:06,img19.societe.com
2014-03-19 11:02:06,www.societe.com
2014-03-19 11:02:06,img18.societe.com
2014-03-19 11:02:30,www.societe.com
2014-03-19 11:02:31,img.societe.com
2014-03-19 11:02:31,www.societe.com
2014-03-19 11:02:31,av.mediapostcommunication.net
2014-03-19 11:02:31,ws.mediapostcommunication.net
2014-03-19 11:02:33,rubicon-match.dotomi.com
2014-03-19 11:02:33,dtm.neimanmarcus.com
2014-03-19 11:02:34,www.societe.com
2014-03-19 11:02:56,www.societe.com
2014-03-19 11:02:56,img.societe.com
2014-03-19 11:02:57,player.vimeo.com
2014-03-19 11:02:57,www.societe.com
2014-03-19 11:02:57,img12.societe.com
2014-03-19 11:02:57,img16.societe.com
2014-03-19 11:02:57,img15.societe.com
2014-03-19 11:02:58,livepassdl.conviva.com
2014-03-19 11:03:02,www.societe.com
2014-03-19 11:03:02,livepassdl.conviva.com
2014-03-19 11:03:03,av.mediapostcommunication.net
2014-03-19 11:03:03,ws.mediapostcommunication.net
2014-03-19 11:04:09,c1.adform.net
2014-03-19 11:04:09,rbp.mxptint.net
2014-03-19 11:04:10,jc56sahxep.s.ad6media.fr
2014-03-19 11:04:11,style2.ad6.fr
2014-03-19 11:04:11,connect.facebook.net
2014-03-19 11:04:11,style.ad6.fr
2014-03-19 11:04:12,rp.gwallet.com
2014-03-19 11:04:15,jc56sahxep.s.ad6media.fr
2014-03-19 11:04:58,jc56sahxep.s.ad6media.fr
2014-03-19 11:06:09,static.ak.facebook.com
2014-03-19 11:06:09,img1.societe.com
2014-03-19 11:06:09,www.facebook.com
2014-03-19 11:06:09,s-static.ak.facebook.com
2014-03-19 11:06:11,i1-js-14-3-01-11074-652879593-i.init.cedexis-radar.net
2014-03-19 11:06:20,akamai.cedexis.com
