timestamp,site
2013-11-18 12:43:50,login.live.com
2013-11-18 12:43:51,ssl.bing.com
2013-11-18 12:44:22,ssl.bing.com
2013-11-18 12:45:20,ieonline.microsoft.com
2013-11-18 12:51:18,login.live.com
2013-11-18 12:53:50,ssl.bing.com
2014-01-15 13:21:17,fpdownload2.macromedia.com
2014-01-15 13:21:19,go.microsoft.com
2014-01-15 13:21:20,ajax.microsoft.com
2014-01-15 13:21:20,js.microsoft.com
2014-01-15 13:21:20,res1.windows.microsoft.com
2014-01-15 13:21:20,windows.microsoft.com
2014-01-15 13:21:20,res2.windows.microsoft.com
2014-01-15 13:21:28,www.google.fr
2014-01-15 13:21:32,www.bing.com
2014-01-15 13:21:40,www.google.fr
2014-01-15 13:21:41,apis.google.com
2014-01-15 13:21:43,www.google.com
2014-01-15 13:21:53,www.google.com
2014-01-15 13:21:53,apis.google.com
2014-01-15 13:21:53,www.google.fr
2014-01-15 13:21:53,marsal.univ-tln.fr
2014-01-15 13:23:53,www.google.fr
2014-01-15 13:24:18,ieonline.microsoft.com
2014-01-15 13:24:19,go.microsoft.com
2014-01-15 13:31:35,www.google.fr
2014-01-15 13:33:36,www.google.fr
2014-01-31 09:50:50,fpdownload2.macromedia.com
2014-01-31 09:51:31,api.bing.com
2014-01-31 09:51:32,api.bing.com
2014-01-31 09:51:33,www.bing.com
2014-01-31 09:51:34,www.bing.com
2014-01-31 09:51:35,cms.abmr.net
2014-01-31 09:51:35,www.bing.com
2014-01-31 09:51:37,www.bing.com
2014-01-31 09:51:37,mail.google.com
2014-01-31 09:51:38,www.bing.com
2014-01-31 09:51:39,www.bing.com
2014-01-31 09:51:39,accounts.google.com
2014-01-31 09:51:41,accounts.youtube.com
2014-01-31 09:52:04,mail.google.com
2014-01-31 09:53:27,ieonline.microsoft.com
2014-01-31 09:53:33,mail.google.com
2014-01-31 09:53:33,accounts.google.com
2014-01-31 09:53:33,accounts.youtube.com
2014-01-31 09:54:51,accounts.google.fr
2014-01-31 09:55:03,accounts.google.com
2014-01-31 09:55:03,accounts.youtube.com
2014-01-31 09:55:04,accounts.google.fr
2014-01-31 09:55:07,mail.google.com
2014-01-31 09:55:07,clients2.google.com
2014-01-31 09:55:08,www.google.com
2014-01-31 09:55:08,mail.google.com
2014-01-31 09:55:11,apis.google.com
2014-01-31 09:55:13,clients2.google.com
2014-01-31 09:55:14,plus.google.com
2014-01-31 09:55:15,plus.google.com
2014-01-31 09:55:16,www.google.com
2014-01-31 09:55:29,mail.google.com
2014-01-31 09:55:29,apis.google.com
2014-01-31 09:55:29,chatenabled.mail.google.com
2014-01-31 09:59:16,accounts.google.com
2014-01-31 09:59:17,plus.google.com
2014-01-31 09:59:18,plus.google.com
2014-01-31 09:59:29,chatenabled.mail.google.com
2014-01-31 09:59:30,mail.google.com
2014-01-31 10:05:29,mail.google.com
2014-01-31 10:09:26,plus.google.com
2014-01-31 10:10:22,plus.google.com
2014-01-31 10:10:54,api.bing.com
2014-01-31 10:11:05,api.bing.com
2014-01-31 10:11:06,api.bing.com
2014-01-31 10:11:07,api.bing.com
2014-01-31 10:11:09,www.bing.com
2014-01-31 10:11:10,www.bing.com
2014-01-31 10:11:14,www.bing.com
2014-01-31 10:11:25,www.bing.com
2014-01-31 10:11:26,www.bing.com
2014-01-31 10:11:27,www.bing.com
2014-01-31 10:11:27,ts2.mm.bing.net
2014-01-31 10:11:28,ts3.mm.bing.net
2014-01-31 10:11:28,ts1.mm.bing.net
2014-01-31 10:11:28,ts4.mm.bing.net
2014-01-31 10:11:28,ts2.mm.bing.net
2014-01-31 10:11:28,www.bing.com
2014-01-31 10:11:29,www.bing.com
2014-01-31 10:11:29,ts2.mm.bing.net
2014-01-31 10:11:29,ts3.mm.bing.net
2014-01-31 10:11:29,ts4.mm.bing.net
2014-01-31 10:11:29,ts1.mm.bing.net
2014-01-31 10:11:30,ts3.mm.bing.net
2014-01-31 10:11:30,ts4.mm.bing.net
2014-01-31 10:11:30,ts2.mm.bing.net
2014-01-31 10:11:30,www.bing.com
2014-01-31 10:11:30,ts1.mm.bing.net
2014-01-31 10:11:31,a403.idata.over-blog.com
2014-01-31 10:11:31,www.histoire-eau-hyeres.fr
2014-01-31 10:11:31,collegekerentrech.fr
2014-01-31 10:11:31,pedagogie.ac-toulouse.fr
2014-01-31 10:11:31,www.bing.com
2014-01-31 10:11:31,ts3.mm.bing.net
2014-01-31 10:11:31,ts1.mm.bing.net
2014-01-31 10:11:31,ts4.mm.bing.net
2014-01-31 10:11:31,idata.over-blog.com
2014-01-31 10:11:32,vincenz-eau.com
2014-01-31 10:11:32,www.leglacier.ca
2014-01-31 10:11:32,img21.imageshack.us
2014-01-31 10:11:32,ts1.mm.bing.net
2014-01-31 10:11:32,www.ilephysique.net
2014-01-31 10:11:32,www.bing.com
2014-01-31 10:11:32,www.objets-promotionnels.ca
2014-01-31 10:11:33,imageshack.us
2014-01-31 10:11:33,ssl.bing.com
2014-01-31 10:11:33,ts3.mm.bing.net
2014-01-31 10:11:33,www.bing.com
2014-01-31 10:11:33,login.live.com
2014-01-31 10:11:35,www.bing.com
2014-01-31 10:11:37,ts1.mm.bing.net
2014-01-31 10:11:43,www.bing.com
2014-01-31 10:11:45,ts1.mm.bing.net
2014-01-31 10:11:45,www.bing.com
2014-01-31 10:11:47,www.bing.com
2014-01-31 10:11:50,www.bing.com
2014-01-31 10:11:53,ts1.mm.bing.net
2014-01-31 10:13:43,mail.google.com
2014-01-31 10:14:27,ssl.bing.com
2014-01-31 10:19:36,plus.google.com
2014-01-31 10:22:04,drive.google.com
2014-01-31 10:22:12,apis.google.com
2014-01-31 10:22:16,drive.google.com
2014-01-31 10:23:36,www.google.com
2014-01-31 10:23:44,accounts.google.com
2014-01-31 10:23:49,drive.google.com
2014-01-31 10:23:50,www.google.com
2014-01-31 10:23:51,accounts.google.com
2014-01-31 10:23:52,accounts.youtube.com
2014-01-31 10:24:00,accounts.youtube.com
2014-01-31 10:24:44,mail.google.com
2014-01-31 10:24:57,plus.google.com
2014-01-31 10:25:14,accounts.google.com
2014-01-31 10:25:14,www.google.com
2014-01-31 10:25:14,drive.google.com
2014-01-31 10:25:14,accounts.youtube.com
2014-01-31 10:25:30,drive.google.com
2014-01-31 10:25:31,www.google.com
2014-01-31 10:25:32,accounts.google.com
2014-01-31 10:25:32,accounts.youtube.com
2014-01-31 10:26:39,accounts.youtube.com
2014-01-31 10:26:39,accounts.google.com
2014-01-31 10:26:39,www.google.com
2014-01-31 10:26:39,drive.google.com
2014-01-31 10:26:53,www.google.com
2014-01-31 10:26:58,mail.google.com
2014-01-31 10:27:03,accounts.google.com
2014-01-31 10:27:03,accounts.youtube.com
2014-01-31 10:27:05,accounts.google.fr
2014-01-31 10:27:05,plus.google.com
2014-01-31 10:27:05,drive.google.com
2014-01-31 10:27:05,www.google.com
2014-01-31 10:27:05,www.google.fr
2014-01-31 10:27:22,accounts.google.com
2014-01-31 10:27:23,accounts.youtube.com
2014-01-31 10:27:25,mail.google.com
2014-01-31 10:27:25,accounts.google.fr
2014-01-31 10:27:27,mail.google.com
2014-01-31 10:27:31,clients2.google.com
2014-01-31 10:27:32,chatenabled.mail.google.com
2014-01-31 10:27:32,plus.google.com
2014-01-31 10:27:33,plus.google.com
2014-01-31 10:27:33,mail.google.com
2014-01-31 10:27:33,www.google.com
2014-01-31 10:27:34,drive.google.com
2014-01-31 10:27:35,apis.google.com
2014-01-31 10:27:36,0.drive.google.com
2014-01-31 10:27:37,drive.google.com
2014-01-31 10:27:38,0.drive.google.com
2014-01-31 10:27:38,mail.google.com
2014-01-31 10:27:41,www.google.com
2014-01-31 10:27:42,www.google.com
2014-01-31 10:27:42,plus.google.com
2014-01-31 10:27:42,mail.google.com
2014-01-31 10:27:42,drive.google.com
2014-01-31 10:27:43,docs.google.com
2014-01-31 10:27:44,drive.google.com
2014-01-31 10:27:44,docs.google.com
2014-01-31 10:27:45,docs.google.com
2014-01-31 10:27:46,docs.google.com
2014-01-31 10:27:47,docs.google.com
2014-01-31 10:27:48,docs.google.com
2014-01-31 10:27:50,docs.google.com
2014-01-31 10:27:51,docs.google.com
2014-01-31 10:27:52,docs.google.com
2014-01-31 10:28:06,docs.google.com
2014-01-31 10:28:07,docs.google.com
2014-01-31 10:28:09,www.google.com
2014-01-31 10:28:10,docs.google.com
2014-01-31 10:28:10,www.google.com
2014-01-31 10:28:11,docs.google.com
2014-01-31 10:28:12,docs.google.com
2014-01-31 10:28:12,0.docs.google.com
2014-01-31 10:28:13,apis.google.com
2014-01-31 10:28:15,docs.google.com
2014-01-31 10:28:15,clients6.google.com
2014-01-31 10:28:16,accounts.google.com
2014-01-31 10:28:16,docs.google.com
2014-01-31 10:28:17,apis.google.com
2014-01-31 10:28:17,0.docs.google.com
2014-01-31 10:28:25,docs.google.com
2014-01-31 10:28:32,clients6.google.com
2014-01-31 10:28:33,gg.google.com
2014-01-31 10:28:33,docs.google.com
2014-01-31 10:29:05,accounts.google.com
2014-01-31 10:31:51,docs.google.com
2014-01-31 10:31:51,drive.google.com
2014-01-31 10:31:57,drive.google.com
2014-01-31 10:32:07,apis.google.com
2014-01-31 10:32:33,gg.google.com
2014-01-31 10:34:27,docs.google.com
2014-01-31 10:35:37,drive.google.com
2014-01-31 10:38:29,docs.google.com
2014-01-31 10:39:37,drive.google.com
2014-01-31 10:41:52,plus.google.com
2014-01-31 10:42:25,mail.google.com
2014-01-31 10:43:37,ts1.mm.bing.net
2014-01-31 10:43:39,www.bing.com
2014-01-31 10:43:41,ts1.mm.bing.net
2014-01-31 10:43:41,www.bing.com
2014-01-31 10:43:42,www.bing.com
2014-01-31 10:43:43,www.bing.com
2014-01-31 10:43:45,www.bing.com
2014-01-31 10:43:48,www.bing.com
2014-01-31 10:45:06,www.bing.com
2014-01-31 10:45:07,docs.google.com
2014-01-31 10:45:13,api.bing.com
2014-01-31 10:45:15,api.bing.com
2014-01-31 10:45:16,api.bing.com
2014-01-31 10:45:17,api.bing.com
2014-01-31 10:45:18,www.bing.com
2014-01-31 10:45:19,www.bing.com
2014-01-31 10:45:20,www.bing.com
2014-01-31 10:45:21,www.bing.com
2014-01-31 10:45:21,fr-fr.facebook.com
2014-01-31 10:45:27,www.bing.com
2014-01-31 10:45:28,www.bing.com
2014-01-31 10:45:29,ts1.mm.bing.net
2014-01-31 10:45:29,www.bing.com
2014-01-31 10:45:32,www.bing.com
2014-01-31 10:45:34,www.bing.com
2014-01-31 10:45:37,www.bing.com
2014-01-31 10:45:48,ts1.mm.bing.net
2014-01-31 10:45:48,www.bing.com
2014-01-31 10:45:50,www.bing.com
2014-01-31 10:45:54,www.bing.com
2014-01-31 10:45:57,www.bing.com
2014-01-31 10:45:59,www.bing.com
2014-01-31 10:46:12,www.bing.com
2014-01-31 10:46:14,www.bing.com
2014-01-31 10:46:14,ts1.mm.bing.net
2014-01-31 10:46:14,ts4.mm.bing.net
2014-01-31 10:46:14,ts3.mm.bing.net
2014-01-31 10:46:14,ts2.mm.bing.net
2014-01-31 10:46:15,ts1.mm.bing.net
2014-01-31 10:46:15,ts4.mm.bing.net
2014-01-31 10:46:15,ts2.mm.bing.net
2014-01-31 10:46:15,www.bing.com
2014-01-31 10:46:16,www.bing.com
2014-01-31 10:46:17,www.bing.com
2014-01-31 10:46:18,www.bing.com
2014-01-31 10:46:19,ts4.explicit.bing.net
2014-01-31 10:46:19,ts3.mm.bing.net
2014-01-31 10:46:19,ts1.mm.bing.net
2014-01-31 10:46:19,ts4.mm.bing.net
2014-01-31 10:46:19,www.bing.com
2014-01-31 10:46:19,ts2.mm.bing.net
2014-01-31 10:46:20,www.bing.com
2014-01-31 10:46:20,ts3.mm.bing.net
2014-01-31 10:46:20,ts1.mm.bing.net
2014-01-31 10:46:21,www.bing.com
2014-01-31 10:46:22,www.bing.com
2014-01-31 10:46:23,login.live.com
2014-01-31 10:46:23,www.bing.com
2014-01-31 10:46:24,www.bing.com
2014-01-31 10:46:27,www.bing.com
2014-01-31 10:46:28,www.bing.com
2014-01-31 10:46:28,mail.google.com
2014-01-31 10:47:21,www.dailymotion.com
2014-01-31 10:47:22,ajax.googleapis.com
2014-01-31 10:47:31,www.sante.gouv.fr
2014-01-31 10:47:31,sante.gouv.fr
2014-01-31 10:47:32,www.honcode.ch
2014-01-31 10:47:32,www.sante.gouv.fr
2014-01-31 10:47:33,www.sante.gouv.fr
2014-01-31 10:47:33,eregie.premier-ministre.gouv.fr
2014-01-31 10:47:34,www.sante.gouv.fr
2014-01-31 10:47:38,drive.google.com
2014-01-31 10:48:13,mail.google.com
2014-01-31 10:48:24,orobnat.sante.gouv.fr
2014-01-31 10:48:27,orobnat.sante.gouv.fr
2014-01-31 10:48:35,orobnat.sante.gouv.fr
2014-01-31 10:48:53,orobnat.sante.gouv.fr
2014-01-31 10:49:02,orobnat.sante.gouv.fr
2014-01-31 10:49:50,api.bing.com
2014-01-31 10:49:51,api.bing.com
2014-01-31 10:49:52,api.bing.com
2014-01-31 10:49:53,api.bing.com
2014-01-31 10:49:54,api.bing.com
2014-01-31 10:49:55,api.bing.com
2014-01-31 10:49:57,www.bing.com
2014-01-31 10:49:58,www.bing.com
2014-01-31 10:50:07,www.bing.com
2014-01-31 10:50:08,www.bing.com
2014-01-31 10:50:11,www.lyonnaise-des-eaux.fr
2014-01-31 10:50:12,ssl.bing.com
2014-01-31 10:50:12,login.live.com
2014-01-31 10:50:12,www.bing.com
2014-01-31 10:50:18,www.bing.com
2014-01-31 10:50:20,ssl.bing.com
2014-01-31 10:50:20,www.lyonnaise-des-eaux.fr
2014-01-31 10:50:21,www.lyonnaise-des-eaux.fr
2014-01-31 10:50:22,www.lyonnaise-des-eaux.fr
2014-01-31 10:50:22,akio-3-12-4.akio-solutions.com
2014-01-31 10:50:23,akio-3-12-4.akio-solutions.com
2014-01-31 10:50:23,www.lyonnaise-des-eaux.fr
2014-01-31 10:50:24,akio-3-12-4.akio-solutions.com
2014-01-31 10:50:25,akio-3-12-4.akio-solutions.com
2014-01-31 10:50:25,www.lyonnaise-des-eaux.fr
2014-01-31 10:50:27,www.lyonnaise-des-eaux.fr
2014-01-31 10:50:28,www.lyonnaise-des-eaux.fr
2014-01-31 10:50:29,www.lyonnaise-des-eaux.fr
2014-01-31 10:50:30,akio-3-12-4.akio-solutions.com
2014-01-31 10:50:31,www.lyonnaise-des-eaux.fr
2014-01-31 10:50:34,www.lyonnaise-des-eaux.fr
2014-01-31 10:50:34,akio-3-12-4.akio-solutions.com
2014-01-31 10:50:39,akio-3-12-4.akio-solutions.com
2014-01-31 10:50:44,akio-3-12-4.akio-solutions.com
2014-01-31 10:50:45,www.lyonnaise-des-eaux.fr
2014-01-31 10:50:49,akio-3-12-4.akio-solutions.com
2014-01-31 10:50:51,www.lyonnaise-des-eaux.fr
2014-01-31 10:50:54,www.lyonnaise-des-eaux.fr
2014-01-31 10:50:55,akio-3-12-4.akio-solutions.com
2014-01-31 10:50:57,www.lyonnaise-des-eaux.fr
2014-01-31 10:51:00,www.lyonnaise-des-eaux.fr
2014-01-31 10:51:00,akio-3-12-4.akio-solutions.com
2014-01-31 10:51:05,akio-3-12-4.akio-solutions.com
2014-01-31 10:51:05,www.lyonnaise-des-eaux.fr
2014-01-31 10:51:09,www.lyonnaise-des-eaux.fr
2014-01-31 10:51:10,www.lyonnaise-des-eaux.fr
2014-01-31 10:51:10,akio-3-12-4.akio-solutions.com
2014-01-31 10:51:11,www.lyonnaise-des-eaux.fr
2014-01-31 10:51:20,www.lyonnaise-des-eaux.fr
2014-01-31 10:51:30,www.lyonnaise-des-eaux.fr
2014-01-31 10:51:32,www.lyonnaise-des-eaux.fr
2014-01-31 10:51:57,akio-3-12-4.akio-solutions.com
2014-01-31 10:51:57,www.lyonnaise-des-eaux.fr
2014-01-31 10:51:58,akio-3-12-4.akio-solutions.com
2014-01-31 10:51:58,www.lyonnaise-des-eaux.fr
2014-01-31 10:51:59,www.lyonnaise-des-eaux.fr
2014-01-31 10:51:59,akio-3-12-4.akio-solutions.com
2014-01-31 10:52:04,akio-3-12-4.akio-solutions.com
2014-01-31 10:52:04,www.lyonnaise-des-eaux.fr
2014-01-31 10:52:09,akio-3-12-4.akio-solutions.com
2014-01-31 10:52:13,plus.google.com
2014-01-31 10:52:14,akio-3-12-4.akio-solutions.com
2014-01-31 10:52:19,akio-3-12-4.akio-solutions.com
2014-01-31 10:52:20,mail.google.com
2014-01-31 10:52:25,akio-3-12-4.akio-solutions.com
2014-01-31 10:52:30,akio-3-12-4.akio-solutions.com
2014-01-31 10:52:33,www.lyonnaise-des-eaux.fr
2014-01-31 10:52:35,akio-3-12-4.akio-solutions.com
2014-01-31 10:52:37,www.lyonnaise-des-eaux.fr
2014-01-31 10:52:38,www.lyonnaise-des-eaux.fr
2014-01-31 10:52:40,akio-3-12-4.akio-solutions.com
2014-01-31 10:52:45,akio-3-12-4.akio-solutions.com
2014-01-31 10:52:47,www.lyonnaise-des-eaux.fr
2014-01-31 10:52:48,www.lyonnaise-des-eaux.fr
2014-01-31 10:52:50,www.lyonnaise-des-eaux.fr
2014-01-31 10:52:50,akio-3-12-4.akio-solutions.com
2014-01-31 10:52:51,akio-3-12-4.akio-solutions.com
2014-01-31 10:52:52,www.lyonnaise-des-eaux.fr
2014-01-31 10:52:52,www.bing.com
2014-01-31 10:53:01,www.bing.com
2014-01-31 10:53:12,www.bing.com
2014-01-31 10:53:13,www.bing.com
2014-01-31 10:53:38,drive.google.com
2014-01-31 10:53:50,mail.google.com
2014-01-31 10:53:52,www.dailymotion.com
2014-01-31 10:54:31,us-request.foxitservice.com
2014-01-31 10:55:53,mail.google.com
2014-01-31 10:57:16,docs.google.com
2014-01-31 10:58:53,mail.google.com
2014-01-31 11:01:19,docs.google.com
2014-01-31 11:01:38,drive.google.com
2014-01-31 11:02:16,plus.google.com
2014-01-31 11:02:30,mail.google.com
2014-01-31 11:06:10,docs.google.com
2014-01-31 11:06:33,mail.google.com
2014-01-31 11:07:38,drive.google.com
2014-01-31 11:08:55,mail.google.com
2014-01-31 11:10:05,plus.google.com
2014-01-31 11:10:39,docs.google.com
2014-01-31 11:11:07,docs.google.com
2014-01-31 11:11:39,drive.google.com
2014-01-31 11:11:40,mail.google.com
2014-01-31 11:11:48,mail.google.com
2014-01-31 11:11:50,mail.google.com
2014-01-31 11:11:55,apis.google.com
2014-01-31 11:12:43,plus.google.com
2014-01-31 11:13:15,plus.google.com
2014-01-31 11:13:15,0.drive.google.com
2014-01-31 11:13:15,drive.google.com
2014-01-31 11:13:15,apis.google.com
2014-01-31 11:13:15,mail.google.com
2014-01-31 11:13:15,chatenabled.mail.google.com
2014-01-31 11:13:51,docs.google.com
2014-01-31 11:13:55,docs.google.com
2014-01-31 11:13:55,0.docs.google.com
2014-02-17 14:28:55,www.google.fr
2014-02-17 14:29:01,ieonline.microsoft.com
2014-02-17 14:29:09,www.google.fr
2014-02-17 14:29:10,apis.google.com
2014-02-17 14:29:12,www.google.com
2014-02-17 14:30:35,apis.google.com
2014-02-17 14:30:35,www.google.com
2014-02-17 14:30:35,www.google.fr
2014-02-17 14:30:36,www.google.fr
2014-02-17 14:30:37,www.aquaportail.eu
2014-02-17 14:30:37,www.aqua-portail.com
2014-02-17 14:30:37,platform.twitter.com
2014-02-17 14:30:37,www.google.fr
2014-02-17 14:30:37,www.aquaportail.com
2014-02-17 14:30:37,assets.pinterest.com
2014-02-17 14:30:48,www.aqua-portail.com
2014-02-17 14:30:48,connect.facebook.net
2014-02-17 14:30:48,static.ak.facebook.com
2014-02-17 14:30:48,ajax.googleapis.com
2014-02-17 14:30:48,assets.pinterest.com
2014-02-17 14:30:49,s-static.ak.facebook.com
2014-02-17 14:30:49,apis.google.com
2014-02-17 14:30:49,go.disqus.com
2014-02-17 14:30:49,assets.pinterest.com
2014-02-17 14:30:49,platform.twitter.com
2014-02-17 14:30:49,fr.91.slidein.clickintext.net
2014-02-17 14:30:49,fr.91.clickintext.net
2014-02-17 14:30:49,www.aquaportail.eu
2014-02-17 14:30:49,www.aqua-portail.com
2014-02-17 14:30:49,www.facebook.com
2014-02-17 14:30:49,aquaportail.disqus.com
2014-02-17 14:30:49,sc.tynt.com
2014-02-17 14:30:50,disqus.com
2014-02-17 14:30:50,apis.google.com
2014-02-17 14:30:50,ad.publicidees.com
2014-02-17 14:30:50,media.francoisesaget.com
2014-02-17 14:30:51,disqus.com
2014-02-17 14:30:51,www.google.com
2014-02-17 14:30:52,accounts.google.com
2014-02-17 14:30:55,accounts.google.com
2014-02-17 14:30:56,de.tynt.com
2014-02-17 14:30:56,fr.91.clickintext.net
2014-02-17 14:30:56,fr.clickintext.net
2014-02-17 14:30:56,www.aqua-portail.com
2014-02-17 14:30:57,fr.91.slidein.clickintext.net
2014-02-17 14:30:57,disqus.com
2014-02-17 14:30:58,pictures.modz.fr
2014-02-17 14:30:58,www.conforama.fr
2014-02-17 14:30:58,fr.91.slidein.clickintext.net
2014-02-17 14:30:59,twitter.com
2014-02-17 14:31:01,fr.91.slidein.clickintext.net
2014-02-17 14:31:02,ad.publicidees.com
2014-02-17 14:31:02,twitter.com
2014-02-17 14:32:45,www.google.fr
2014-02-17 14:32:53,www.google.fr
2014-02-17 14:33:07,www.google.fr
2014-02-17 14:33:56,www.google.fr
2014-02-17 14:33:56,scholar.google.fr
2014-02-17 14:33:58,www.ncbi.nlm.nih.gov
2014-02-17 14:35:58,www.google.fr
2014-02-17 14:36:19,www.bing.com
2014-02-17 14:36:20,www.bing.com
2014-02-17 14:36:21,www.bing.com
2014-02-17 14:36:22,www.bing.com
2014-02-17 14:36:22,cms.abmr.net
2014-02-17 14:36:30,www.bing.com
2014-02-17 14:36:31,login.live.com
2014-02-17 14:36:31,www.bing.com
2014-02-17 14:36:34,login.live.com
2014-02-17 14:36:34,www.bing.com
2014-02-17 14:36:36,www.bing.com
2014-02-17 14:36:36,www.google.com
2014-02-17 14:36:39,www.google.com
2014-02-17 14:36:39,www.google.fr
2014-02-17 14:36:40,drive.google.com
2014-02-17 14:36:46,drive.google.com
2014-02-17 14:36:47,www.google.com
2014-02-17 14:36:47,accounts.google.com
2014-02-17 14:36:48,apis.google.com
2014-02-17 14:36:48,accounts.google.com
2014-02-17 14:36:48,ssl.bing.com
2014-02-17 14:36:50,accounts.youtube.com
2014-02-17 14:37:47,accounts.google.fr
2014-02-17 14:37:47,drive.google.com
2014-02-17 14:37:48,www.google.com
2014-02-17 14:37:48,accounts.google.com
2014-02-17 14:37:49,accounts.youtube.com
2014-02-17 14:37:49,drive.google.com
2014-02-17 14:37:49,apis.google.com
2014-02-17 14:37:49,accounts.google.fr
2014-02-17 14:37:51,0.drive.google.com
2014-02-17 14:37:51,drive.google.com
2014-02-17 14:37:52,0.drive.google.com
2014-02-17 14:37:56,www.google.com
2014-02-17 14:37:56,docs.google.com
2014-02-17 14:37:56,plus.google.com
2014-02-17 14:37:57,www.google.com
2014-02-17 14:37:57,drive.google.com
2014-02-17 14:37:57,docs.google.com
2014-02-17 14:37:57,plus.google.com
2014-02-17 14:38:01,plus.google.com
2014-02-17 14:38:11,apis.google.com
2014-02-17 14:38:49,docs.google.com
2014-02-17 14:38:49,gg.google.com
2014-02-17 14:39:11,clients2.google.com
2014-02-17 14:39:11,docs.google.com
2014-02-17 14:39:15,clients2.google.com
2014-02-17 14:39:19,www.bing.com
2014-02-17 14:39:20,www.bing.com
2014-02-17 14:39:24,www.bing.com
2014-02-17 14:39:31,login.live.com
2014-02-17 14:39:40,apis.google.com
2014-02-17 14:41:57,docs.google.com
2014-02-17 14:42:49,gg.google.com
2014-02-17 14:43:11,drive.google.com
2014-02-17 14:47:52,drive.google.com
2014-02-17 14:51:58,plus.google.com
2014-02-17 14:52:08,plus.google.com
2014-02-17 14:55:52,drive.google.com
2014-02-17 14:57:51,drive.google.com
2014-02-17 15:01:49,plus.google.com
2014-02-17 15:01:52,drive.google.com
2014-02-17 15:09:52,drive.google.com
2014-02-17 15:12:09,plus.google.com
2014-02-17 15:19:51,drive.google.com
2014-02-17 15:22:09,plus.google.com
2014-02-17 15:23:52,drive.google.com
2014-02-17 15:32:40,0.drive.google.com
2014-02-17 15:33:01,0.drive.google.com
2014-02-17 15:33:30,0.drive.google.com
2014-02-17 15:34:43,0.drive.google.com
2014-02-17 15:38:10,plus.google.com
2014-02-17 15:39:51,drive.google.com
2014-02-17 15:42:10,plus.google.com
2014-02-17 15:43:52,drive.google.com
2014-02-17 15:48:45,0.drive.google.com
2014-02-17 15:52:10,plus.google.com
2014-02-17 16:01:42,plus.google.com
2014-02-17 16:01:42,www.google.fr
2014-02-17 16:01:54,www.google.fr
2014-02-17 16:03:35,www.google.fr
2014-02-17 16:03:42,divertissement.orangeportails.net
2014-02-17 16:03:42,plus.google.com
2014-02-17 16:03:42,apis.google.com
2014-02-17 16:03:42,ajax.googleapis.com
2014-02-17 16:03:42,photos.cityvox.com
2014-02-17 16:03:42,www.cinefil.com
2014-02-17 16:03:42,www.google.fr
2014-02-17 16:03:44,static.ak.facebook.com
2014-02-17 16:03:44,www.facebook.com
2014-02-17 16:03:44,fpdownload2.macromedia.com
2014-02-17 16:03:44,s-static.ak.facebook.com
2014-02-17 16:03:44,apis.google.com
2014-02-17 16:03:44,divertissement.orangeportails.net
2014-02-17 16:03:44,connect.facebook.net
2014-02-17 16:03:45,www.cinefil.com
2014-02-17 16:03:45,www.google.com
2014-02-17 16:03:45,www.facebook.com
2014-02-17 16:03:45,accounts.google.com
2014-02-17 16:04:02,www.cinefil.com
2014-02-17 16:04:02,photos.cityvox.com
2014-02-17 16:04:03,photos.cityvox.com
2014-02-17 16:04:04,s-static.ak.facebook.com
2014-02-17 16:04:04,static.ak.facebook.com
2014-02-17 16:04:04,www.facebook.com
2014-02-17 16:04:04,images.orangepublicite.fr
2014-02-17 16:04:05,listener.ezakus.net
2014-02-17 16:04:15,www.cinefil.com
2014-02-17 16:04:16,photos.cityvox.com
2014-02-17 16:04:17,static.ak.facebook.com
2014-02-17 16:04:17,www.facebook.com
2014-02-17 16:04:17,s-static.ak.facebook.com
2014-02-17 16:04:18,google.ezakus.net
2014-02-17 16:04:23,s-static.ak.facebook.com
2014-02-17 16:04:23,static.ak.facebook.com
2014-02-17 16:04:23,www.facebook.com
2014-02-17 16:04:25,um.simpli.fi
2014-02-17 16:04:27,apnx-match.dotomi.com
2014-02-17 16:04:27,dtm.gap.com
2014-02-17 16:04:39,pixel2368.everesttech.net
2014-02-17 16:04:40,s-static.ak.facebook.com
2014-02-17 16:04:40,static.ak.facebook.com
2014-02-17 16:04:40,images.orangepublicite.fr
2014-02-17 16:04:40,www.facebook.com
2014-02-17 16:04:41,apis.google.com
2014-02-17 16:05:09,www.cinefil.com
2014-02-17 16:05:09,photos.cityvox.com
2014-02-17 16:05:09,accounts.google.com
2014-02-17 16:05:10,static.ak.facebook.com
2014-02-17 16:05:10,www.facebook.com
2014-02-17 16:05:10,s-static.ak.facebook.com
2014-02-17 16:05:11,adventori.com
2014-02-17 16:05:30,adventori.com
2014-02-17 16:05:44,photos.cityvox.com
2014-02-17 16:05:44,www.cinefil.com
2014-02-17 16:05:45,photos.cityvox.com
2014-02-17 16:05:45,www.facebook.com
2014-02-17 16:05:45,static.ak.facebook.com
2014-02-17 16:05:45,s-static.ak.facebook.com
2014-02-17 16:05:46,apis.google.com
2014-02-17 16:05:54,www.cinefil.com
2014-02-17 16:05:54,photos.cityvox.com
2014-02-17 16:05:55,s-static.ak.facebook.com
2014-02-17 16:05:55,static.ak.facebook.com
2014-02-17 16:05:55,www.facebook.com
2014-02-17 16:05:56,apis.google.com
2014-02-17 16:06:01,photos.cityvox.com
2014-02-17 16:06:01,www.cinefil.com
2014-02-17 16:06:02,s-static.ak.facebook.com
2014-02-17 16:06:02,www.facebook.com
2014-02-17 16:06:02,static.ak.facebook.com
2014-02-17 16:06:03,apis.google.com
2014-02-17 16:06:03,www.facebook.com
2014-02-17 16:06:15,www.cinefil.com
2014-02-17 16:06:16,photos.cityvox.com
2014-02-17 16:06:17,static.ak.facebook.com
2014-02-17 16:06:17,www.facebook.com
2014-02-17 16:06:17,s-static.ak.facebook.com
2014-02-17 16:06:18,www.facebook.com
2014-02-17 16:06:52,www.cinefil.com
2014-02-17 16:06:52,photos.cityvox.com
2014-02-17 16:06:53,s-static.ak.facebook.com
2014-02-17 16:06:53,static.ak.facebook.com
2014-02-17 16:06:53,www.facebook.com
2014-02-17 16:06:56,apis.google.com
2014-02-17 16:12:11,plus.google.com
2014-02-17 16:13:52,drive.google.com
2014-02-17 16:22:11,plus.google.com
2014-02-17 16:32:11,plus.google.com
2014-02-17 16:42:11,plus.google.com
2014-02-17 16:49:49,0.drive.google.com
2014-02-17 16:52:12,plus.google.com
2014-02-17 16:55:52,drive.google.com
2014-02-17 16:59:52,drive.google.com
2014-02-17 17:01:59,plus.google.com
2014-02-17 17:03:14,0.drive.google.com
2014-02-18 10:40:01,api.bing.com
2014-02-18 10:40:02,api.bing.com
2014-02-18 10:40:03,www.google.fr
2014-02-18 10:40:05,www.google.fr
2014-02-18 10:40:09,apis.google.com
2014-02-18 10:40:48,www.google.fr
2014-02-18 10:40:48,scholar.google.fr
2014-02-18 10:40:49,ajax.googleapis.com
2014-02-18 10:40:49,www.google.fr
2014-02-18 10:40:49,apis.google.com
2014-02-18 10:40:49,www.sciencedirect.com
2014-02-18 10:40:53,pa.elsevier.com
2014-02-18 10:40:53,acw.scopus.com
2014-02-18 10:40:53,acw.sciverse.com
2014-02-18 10:40:53,acw.elsevier.com
2014-02-18 10:40:54,elsevier.d1.sc.omtrdc.net
2014-02-18 10:41:05,elsevier.d1.sc.omtrdc.net
2014-02-18 10:41:06,elsevier.d1.sc.omtrdc.net
2014-02-18 10:41:08,www.sciencedirect.com
2014-02-18 10:41:08,bibliotheque.clermont-universite.fr
2014-02-18 10:41:09,acw.scopus.com
2014-02-18 10:41:09,acw.sciverse.com
2014-02-18 10:41:09,acw.elsevier.com
2014-02-18 10:41:11,pa.elsevier.com
2014-02-18 10:41:11,www.sciencedirect.com
2014-02-18 10:41:12,www.sciencedirect.com
2014-02-18 10:41:12,elsevier.d1.sc.omtrdc.net
2014-02-18 10:41:12,pa.elsevier.com
2014-02-18 10:41:13,pa.elsevier.com
2014-02-18 10:41:13,www.sciencedirect.com
2014-02-18 10:41:14,sciverse-shindig.elsevier.com
2014-02-18 10:41:15,sciverse-shindig.elsevier.com
2014-02-18 10:41:15,www.sciencedirect.com
2014-02-18 10:41:15,www.info.sciverse.com
2014-02-18 10:41:15,assets.altmetric.com
2014-02-18 10:41:15,ajax.googleapis.com
2014-02-18 10:41:16,sciverse-shindig.elsevier.com
2014-02-18 10:41:16,assets.altmetric.com
2014-02-18 10:41:16,www.sciencedirect.com
2014-02-18 10:41:16,info.sciencedirect.com
2014-02-18 10:41:17,www.sciencedirect.com
2014-02-18 10:41:17,ajax.googleapis.com
2014-02-18 10:41:17,maps.google.com
2014-02-18 10:41:17,sciverse-shindig.elsevier.com
2014-02-18 10:41:17,elsevier-apps.sciverse.com
2014-02-18 10:41:18,elsevier-apps.sciverse.com
2014-02-18 10:41:22,maps.googleapis.com
2014-02-18 10:41:27,www.sciencedirect.com
2014-02-18 10:41:28,www.sciencedirect.com
2014-02-18 10:42:41,ieonline.microsoft.com
2014-02-18 10:43:04,www.google.fr
2014-02-18 10:43:05,www.hc-sc.gc.ca
2014-02-18 10:43:06,www.hc-sc.gc.ca
2014-02-18 10:43:07,www.hc-sc.gc.ca
2014-02-18 11:00:42,www.google.fr
2014-02-18 11:00:43,journals.cambridge.org
2014-02-18 11:00:44,journals.cambridge.org
2014-02-18 11:00:48,journals.cambridge.org
2014-02-18 11:01:56,www.google.fr
2014-02-18 13:31:18,api.bing.com
2014-02-18 13:31:19,api.bing.com
2014-02-18 13:31:22,www.bing.com
2014-02-18 13:31:23,www.bing.com
2014-02-18 13:31:24,www.bing.com
2014-02-18 13:31:24,cms.abmr.net
2014-02-18 13:31:25,www.bing.com
2014-02-18 13:31:27,www.bing.com
2014-02-18 13:31:28,ts3.mm.bing.net
2014-02-18 13:31:28,ts2.mm.bing.net
2014-02-18 13:31:28,ts4.mm.bing.net
2014-02-18 13:31:28,ts1.mm.bing.net
2014-02-18 13:31:28,www.bing.com
2014-02-18 13:31:29,ts3.mm.bing.net
2014-02-18 13:31:29,ts2.mm.bing.net
2014-02-18 13:31:29,www.bing.com
2014-02-18 13:31:29,ts4.mm.bing.net
2014-02-18 13:31:29,ts1.mm.bing.net
2014-02-18 13:31:30,ts1.mm.bing.net
2014-02-18 13:31:30,www.bing.com
2014-02-18 13:31:30,ts3.mm.bing.net
2014-02-18 13:31:30,ts2.mm.bing.net
2014-02-18 13:31:30,ts4.mm.bing.net
2014-02-18 13:31:31,ts4.mm.bing.net
2014-02-18 13:31:31,ts2.mm.bing.net
2014-02-18 13:31:31,ts1.mm.bing.net
2014-02-18 13:31:31,ts3.mm.bing.net
2014-02-18 13:31:31,www.bing.com
2014-02-18 13:31:31,www.aueg.org
2014-02-18 13:31:32,www.kommersant.ru
2014-02-18 13:31:32,www.bing.com
2014-02-18 13:31:32,appuisecondaire2.unblog.fr
2014-02-18 13:31:33,www.nouvelle-europe.eu
2014-02-18 13:31:33,www.arte.tv
2014-02-18 13:31:33,rga.revues.org
2014-02-18 13:31:33,ts1.mm.bing.net
2014-02-18 13:31:33,www.bing.com
2014-02-18 13:31:33,login.live.com
2014-02-18 13:31:33,www.autonewsinfo.com
2014-02-18 13:31:33,www.photos-voyage.com
2014-02-18 13:31:34,ssl.bing.com
2014-02-18 13:31:34,www.institutidrp.org
2014-02-18 13:31:35,www.bing.com
2014-02-18 13:31:36,www.bing.com
2014-02-18 13:31:48,www.bing.com
2014-02-18 13:31:48,www.aueg.org
2014-02-18 13:32:23,www.bing.com
2014-02-18 13:32:25,www1.rfi.fr
2014-02-18 13:32:25,www.rfi.fr
2014-02-18 13:32:25,ts1.mm.bing.net
2014-02-18 13:32:28,www.bing.com
2014-02-18 13:32:29,www.bing.com
2014-02-18 13:32:30,www.leparisien.fr
2014-02-18 13:32:30,ts1.mm.bing.net
2014-02-18 13:32:34,www.bing.com
2014-02-18 13:32:53,www.bing.com
2014-02-18 13:32:53,ssl.bing.com
2014-02-18 13:32:54,ts1.mm.bing.net
2014-02-18 13:32:55,ts4.mm.bing.net
2014-02-18 13:32:55,fr.rian.ru
2014-02-18 13:32:55,www.bing.com
2014-02-18 13:32:55,fr.ria.ru
2014-02-18 13:32:56,www.bing.com
2014-02-18 13:32:57,www.bing.com
2014-02-18 13:32:58,www.thewatchobserver.fr
2014-02-18 13:32:58,www.constructif.fr
2014-02-18 13:32:58,ts1.mm.bing.net
2014-02-18 13:32:58,www.bing.com
2014-02-18 13:33:03,www.bing.com
2014-02-18 13:33:04,www.bing.com
2014-02-18 13:33:05,ts1.mm.bing.net
2014-02-18 13:33:05,www.bing.com
2014-02-18 13:33:06,www.bing.com
2014-02-18 13:33:07,idata.over-blog.com
2014-02-18 13:33:07,a404.idata.over-blog.com
2014-02-18 13:33:07,www.bing.com
2014-02-18 13:33:07,www.courrierinternational.com
2014-02-18 13:33:07,www.regard-est.com
2014-02-18 13:33:07,ts1.mm.bing.net
2014-02-18 13:33:08,www.bing.com
2014-02-18 13:33:08,www.tselana.com
2014-02-18 13:33:15,www.bing.com
2014-02-18 13:33:19,www.bing.com
2014-02-18 13:33:23,www.bing.com
2014-02-18 13:33:24,www.bing.com
2014-02-18 13:33:25,www.bing.com
2014-02-18 13:33:26,ts1.mm.bing.net
2014-02-18 13:33:27,www.propagator.gr
2014-02-18 13:33:27,fr.ria.ru
2014-02-18 13:33:27,www.bing.com
2014-02-18 13:33:27,ts4.mm.bing.net
2014-02-18 13:33:27,md1.libe.com
2014-02-18 13:33:28,www.bing.com
2014-02-18 13:33:29,ts1.mm.bing.net
2014-02-18 13:33:29,www.bing.com
2014-02-18 13:33:29,a404.idata.over-blog.com
2014-02-18 13:33:30,www.bing.com
2014-02-18 13:33:31,www.slate.fr
2014-02-18 13:33:31,fr.weather-forecast.com
2014-02-18 13:33:31,blog.lefigaro.fr
2014-02-18 13:33:31,ts1.mm.bing.net
2014-02-18 13:33:32,ts1.mm.bing.net
2014-02-18 13:33:32,www.bing.com
2014-02-18 13:33:33,www.bing.com
2014-02-18 13:33:35,www.bing.com
2014-02-18 13:33:37,www.bing.com
2014-02-18 13:33:40,www.bing.com
2014-02-18 13:33:42,www.bing.com
2014-02-18 13:33:43,www.bing.com
2014-02-18 13:33:53,ieonline.microsoft.com
2014-02-18 13:34:00,www.bing.com
2014-02-18 13:34:01,www.bing.com
2014-02-18 13:34:05,www.bing.com
2014-02-18 13:43:46,api.bing.com
2014-02-18 13:44:07,player.vimeo.com
2014-02-18 13:44:08,livepassdl.conviva.com
2014-02-18 13:44:09,livepassdl.conviva.com
2014-02-18 13:44:10,pings.conviva.com
2014-02-18 13:44:10,livepassdl.conviva.com
2014-02-18 13:44:38,developers.google.com
2014-02-18 13:44:38,maps.google.com
2014-02-18 13:44:38,code.google.com
2014-02-18 13:44:39,developers.google.com
2014-02-18 13:44:39,mt0.googleapis.com
2014-02-18 13:44:39,mt1.googleapis.com
2014-02-18 13:44:39,maps.googleapis.com
2014-02-18 13:44:40,mt1.googleapis.com
2014-02-18 13:44:40,mt0.googleapis.com
2014-02-18 13:44:41,mt0.googleapis.com
2014-02-18 13:44:41,mt1.googleapis.com
2014-02-18 13:44:41,maps.googleapis.com
2014-02-18 13:44:46,mt.googleapis.com
2014-02-18 13:44:46,maps.googleapis.com
2014-02-18 13:44:59,maps.googleapis.com
2014-02-18 13:44:59,mt.googleapis.com
2014-02-18 13:44:59,mt1.googleapis.com
2014-02-18 13:44:59,mt0.googleapis.com
2014-02-18 13:45:00,mt1.googleapis.com
2014-02-18 13:45:00,mt0.googleapis.com
2014-02-18 13:45:00,maps.googleapis.com
2014-02-18 13:45:03,mt1.googleapis.com
2014-02-18 13:45:03,mt0.googleapis.com
2014-02-18 13:45:05,maps.googleapis.com
2014-02-18 13:45:06,maps.googleapis.com
2014-02-18 13:45:07,mt1.googleapis.com
2014-02-18 13:45:07,mt0.googleapis.com
2014-02-18 13:45:08,maps.googleapis.com
2014-02-18 13:45:08,mt1.googleapis.com
2014-02-18 13:45:08,mt0.googleapis.com
2014-02-18 13:45:09,maps.googleapis.com
2014-02-18 13:45:10,maps.googleapis.com
2014-02-18 13:45:10,mt1.googleapis.com
2014-02-18 13:45:10,mt0.googleapis.com
2014-02-18 13:45:11,mt1.googleapis.com
2014-02-18 13:45:11,mt0.googleapis.com
2014-02-18 13:45:11,maps.googleapis.com
2014-02-18 13:45:12,mt0.googleapis.com
2014-02-18 13:45:12,mt1.googleapis.com
2014-02-18 13:45:12,maps.googleapis.com
2014-02-18 13:45:13,mt1.googleapis.com
2014-02-18 13:45:13,mt0.googleapis.com
2014-02-18 13:45:13,maps.googleapis.com
2014-02-18 13:45:14,mt1.googleapis.com
2014-02-18 13:45:14,mt0.googleapis.com
2014-02-18 13:45:14,maps.googleapis.com
2014-02-18 13:45:15,maps.googleapis.com
2014-02-18 13:45:15,mt0.googleapis.com
2014-02-18 13:45:15,mt1.googleapis.com
2014-02-18 13:45:16,maps.googleapis.com
2014-02-18 13:45:16,mt0.googleapis.com
2014-02-18 13:45:16,mt1.googleapis.com
2014-02-18 13:45:17,maps.googleapis.com
2014-02-18 13:45:17,mt0.googleapis.com
2014-02-18 13:45:17,mt1.googleapis.com
2014-02-18 13:45:18,mt0.googleapis.com
2014-02-18 13:45:18,maps.googleapis.com
2014-02-18 13:45:18,mt1.googleapis.com
2014-02-18 13:45:19,mt1.googleapis.com
2014-02-18 13:45:19,mt0.googleapis.com
2014-02-18 13:45:19,maps.googleapis.com
2014-02-18 13:45:20,maps.googleapis.com
2014-02-18 13:45:28,maps.googleapis.com
2014-02-18 13:45:29,mt0.googleapis.com
2014-02-18 13:45:29,mt1.googleapis.com
2014-02-18 13:45:29,mt.googleapis.com
2014-02-18 13:45:29,maps.googleapis.com
2014-02-18 13:45:30,maps.googleapis.com
2014-02-18 13:45:30,mt1.googleapis.com
2014-02-18 13:45:30,mt0.googleapis.com
2014-02-21 13:25:29,us-request.foxitservice.com
2014-03-26 16:32:27,api.bing.com
2014-03-26 16:32:28,api.bing.com
2014-03-26 16:32:30,www.bing.com
2014-03-26 16:32:31,www.bing.com
2014-03-26 16:32:32,www.bing.com
2014-03-26 16:32:32,cms.abmr.net
2014-03-26 16:32:39,www.bing.com
2014-03-26 16:32:40,www.bing.com
2014-03-26 16:32:44,login.live.com
2014-03-26 16:32:51,drive.google.com
2014-03-26 16:32:53,drive.google.com
2014-03-26 16:32:58,www.google.com
2014-03-26 16:33:08,www.google.com
2014-03-26 16:33:08,drive.google.com
2014-03-26 16:33:08,accounts.google.com
2014-03-26 16:33:21,accounts.youtube.com
2014-03-26 16:33:40,accounts.google.fr
2014-03-26 16:33:41,accounts.youtube.com
2014-03-26 16:33:41,drive.google.com
2014-03-26 16:33:41,accounts.google.fr
2014-03-26 16:33:41,accounts.google.com
2014-03-26 16:33:43,drive.google.com
2014-03-26 16:33:44,drive.google.com
2014-03-26 16:33:45,drive.google.com
2014-03-26 16:33:45,apis.google.com
2014-03-26 16:33:47,0.drive.google.com
2014-03-26 16:33:49,docs.google.com
2014-03-26 16:33:49,apis.google.com
2014-03-26 16:33:49,drive.google.com
2014-03-26 16:33:53,docs.google.com
2014-03-26 16:33:54,docs.google.com
2014-03-26 16:33:58,docs.google.com
2014-03-26 16:33:58,drive.google.com
2014-03-26 16:34:00,drive.google.com
2014-03-26 16:34:07,drive.google.com
2014-03-26 16:34:08,drive.google.com
2014-03-26 16:34:09,apis.google.com
2014-03-26 16:34:10,drive.google.com
2014-03-26 16:34:15,drive.google.com
2014-03-26 16:34:15,docs.google.com
2014-03-26 16:34:15,1.drive.google.com
2014-03-26 16:34:17,docs.google.com
2014-03-26 16:34:26,www.google.com
2014-03-26 16:34:27,www.google.com
2014-03-26 16:34:29,www.google.com
2014-03-26 16:34:30,www.google.com
2014-03-26 16:34:30,docs.google.com
2014-03-26 16:34:32,www.google.com
2014-03-26 16:34:33,www.google.com
2014-03-26 16:34:40,apis.google.com
2014-03-26 16:34:41,apis.google.com
2014-03-26 16:34:42,apis.google.com
2014-03-26 16:34:46,accounts.google.com
2014-03-26 16:34:48,docs.google.com
2014-03-26 16:34:50,tools.google.com
2014-03-26 16:34:53,dl.google.com
2014-03-26 16:34:54,tools.google.com
2014-03-26 16:34:55,tools.google.com
2014-03-26 16:34:56,www.google.com
2014-03-26 16:34:57,www.google.com
2014-03-26 16:34:57,apis.google.com
2014-03-26 16:34:58,www.google.com
2014-03-26 16:34:59,www.google.com
2014-03-26 16:34:59,dl.google.com
2014-03-26 16:35:00,www.google.com
2014-03-26 16:35:01,www.google.com
2014-03-26 16:35:08,gg.google.com
2014-03-26 16:35:11,drive.google.com
2014-03-26 16:36:01,www.google.com
2014-03-26 16:36:01,tools.google.com
2014-03-26 16:37:08,dl.google.com
2014-03-26 16:38:16,docs.google.com
2014-03-26 16:38:30,drive.google.com
2014-03-26 16:38:47,0.drive.google.com
2014-03-26 16:39:09,gg.google.com
2014-03-26 16:39:57,api.bing.com
2014-03-26 16:39:58,api.bing.com
2014-03-26 16:39:59,plus.google.com
2014-03-26 16:39:59,api.bing.com
2014-03-26 16:39:59,www.bing.com
2014-03-26 16:40:00,plus.google.com
2014-03-26 16:40:03,www.bing.com
2014-03-26 16:40:05,mail.google.com
2014-03-26 16:40:07,accounts.google.com
2014-03-26 16:40:07,mail.google.com
2014-03-26 16:40:08,mail.google.com
2014-03-26 16:40:09,mail.google.com
2014-03-26 16:40:09,clients2.google.com
2014-03-26 16:40:10,www.google.com
2014-03-26 16:40:10,mail.google.com
2014-03-26 16:40:10,clients2.google.com
2014-03-26 16:40:11,accounts.google.com
2014-03-26 16:40:11,login.live.com
2014-03-26 16:40:11,mail.google.com
2014-03-26 16:40:11,apis.google.com
2014-03-26 16:40:11,plus.google.com
2014-03-26 16:40:13,mail.google.com
2014-03-26 16:40:13,apis.google.com
2014-03-26 16:40:15,mail.google.com
2014-03-26 16:40:15,chatenabled.mail.google.com
2014-03-26 16:40:15,www.google.com
2014-03-26 16:40:16,b.mail.google.com
2014-03-26 16:40:16,www.google.com
2014-03-26 16:40:16,mail.google.com
2014-03-26 16:40:16,plus.google.com
2014-03-26 16:40:17,www.google.com
2014-03-26 16:40:17,www.google.fr
2014-03-26 16:40:17,chatenabled.mail.google.com
2014-03-26 16:40:17,mail.google.com
2014-03-26 16:40:17,b.mail.google.com
2014-03-26 16:40:17,accounts.google.com
2014-03-26 16:40:18,www.google.com
2014-03-26 16:40:18,accounts.youtube.com
2014-03-26 16:40:18,accounts.google.fr
2014-03-26 16:40:18,accounts.google.com
2014-03-26 16:40:21,mail.google.com
2014-03-26 16:40:21,drive.google.com
2014-03-26 16:40:21,1.drive.google.com
2014-03-26 16:40:21,accounts.youtube.com
2014-03-28 11:37:01,api.bing.com
2014-03-28 11:37:02,www.bing.com
2014-03-28 11:37:03,www.bing.com
2014-03-28 11:37:04,www.bing.com
2014-03-28 11:37:05,www.bing.com
2014-03-28 11:37:06,www.bing.com
2014-03-28 11:37:07,login.live.com
2014-04-24 13:32:04,sci.sciences.univ-bpclermont.fr
2014-04-24 13:32:05,sci.sciences.univ-bpclermont.fr
2014-04-24 13:32:23,www.bing.com
2014-04-24 13:32:24,cms.abmr.net
2014-04-24 13:32:24,www.bing.com
2014-04-24 13:32:26,www.bing.com
2014-04-24 13:32:26,ent.univ-bpclermont.fr
2014-04-24 13:32:34,login.live.com
2014-04-24 13:32:38,forums.univ-bpclermont.fr
2014-04-24 13:32:38,dokudsi.univ-bpclermont.fr
2014-04-24 13:32:38,stages.univ-bpclermont.fr
2014-04-24 13:32:38,edt.univ-bpclermont.fr
2014-04-24 13:32:38,claroline.univ-bpclermont.fr
2014-04-24 13:32:38,www.univ-bpclermont.fr
2014-04-24 13:32:38,reunions.univ-bpclermont.fr
2014-04-24 13:32:38,graal.univ-bpclermont.fr
2014-04-24 13:32:38,filez.univ-bpclermont.fr
2014-04-24 13:32:38,ent.univ-bpclermont.fr
2014-04-24 13:32:39,claroline.univ-bpclermont.fr
2014-04-24 13:32:41,claroline.univ-bpclermont.fr
2014-04-24 13:32:56,ent.univ-bpclermont.fr
2014-04-24 13:32:56,www.univ-bpclermont.fr
2014-04-24 13:32:57,ent.univ-bpclermont.fr
2014-04-24 13:33:00,www.univ-bpclermont.fr
2014-04-24 13:33:09,ent.univ-bpclermont.fr
2014-04-24 13:33:10,ent.univ-bpclermont.fr
2014-04-24 13:33:12,ent.univ-bpclermont.fr
2014-04-24 13:33:12,www.univ-bpclermont.fr
2014-04-24 13:33:14,ent.univ-bpclermont.fr
2014-04-24 13:33:29,ent.univ-bpclermont.fr
2014-04-24 13:33:30,ent.univ-bpclermont.fr
2014-04-24 13:33:30,www.univ-bpclermont.fr
2014-04-24 13:33:32,ent.univ-bpclermont.fr
2014-04-24 13:33:32,stages.univ-bpclermont.fr
2014-04-24 13:33:34,stages.univ-bpclermont.fr
2014-04-24 13:33:37,stages.univ-bpclermont.fr
2014-04-24 13:33:38,stages.univ-bpclermont.fr
2014-04-24 13:33:39,stages.univ-bpclermont.fr
2014-04-24 13:33:42,stages.univ-bpclermont.fr
2014-04-24 13:34:01,stages.univ-bpclermont.fr
2014-04-24 13:34:02,stages.univ-bpclermont.fr
2014-04-24 13:34:04,stages.univ-bpclermont.fr
2014-04-24 13:34:05,stages.univ-bpclermont.fr
2014-04-24 13:34:09,stages.univ-bpclermont.fr
2014-04-24 13:34:10,stages.univ-bpclermont.fr
2014-04-24 13:34:11,stages.univ-bpclermont.fr
2014-04-24 13:34:41,stages.univ-bpclermont.fr
2014-04-24 13:34:42,stages.univ-bpclermont.fr
2014-04-24 13:34:54,stages.univ-bpclermont.fr
2014-04-24 13:35:00,stages.univ-bpclermont.fr
2014-04-24 13:35:02,stages.univ-bpclermont.fr
2014-04-24 13:35:22,ieonline.microsoft.com
2014-04-24 13:38:33,ent.univ-bpclermont.fr
2014-04-24 13:41:21,reunions.univ-bpclermont.fr
2014-04-24 13:41:21,ent.univ-bpclermont.fr
2014-04-24 13:41:21,stages.univ-bpclermont.fr
2014-04-24 13:41:21,www.univ-bpclermont.fr
2014-04-24 13:41:21,claroline.univ-bpclermont.fr
2014-04-24 13:41:21,edt.univ-bpclermont.fr
2014-04-24 13:41:21,graal.univ-bpclermont.fr
2014-04-24 13:41:21,filez.univ-bpclermont.fr
2014-04-24 13:41:21,forums.univ-bpclermont.fr
2014-04-24 13:41:21,dokudsi.univ-bpclermont.fr
2014-04-24 13:41:22,claroline.univ-bpclermont.fr
2014-04-24 13:41:22,edt.univ-bpclermont.fr
2014-04-24 13:41:22,ent.univ-bpclermont.fr
2014-04-24 13:41:27,www.univ-bpclermont.fr
2014-04-24 13:41:27,ent.univ-bpclermont.fr
2014-04-24 13:45:29,www.bing.com
2014-04-24 13:45:33,www.bing.com
2014-04-24 13:45:33,www.20minutes.fr
2014-04-24 13:45:33,images.20minutes.fr
2014-04-24 13:45:33,cache.20minutes.fr
2014-04-24 13:45:34,cache.20minutes.fr
2014-04-24 13:45:35,cache.20minutes.fr
2014-04-24 13:45:35,audienceinsights.net
2014-04-24 13:45:35,fpdownload2.macromedia.com
2014-04-24 13:45:35,casale-match.dotomi.com
2014-04-24 13:45:35,www.facebook.com
2014-04-24 13:45:35,ce.lijit.com
2014-04-24 13:45:36,datatc.eveiletjeux.com
2014-04-24 13:45:36,um.simpli.fi
2014-04-24 13:45:36,fr.ad4mat.net
2014-04-24 13:45:36,dtm.anthropologie.com
2014-04-24 13:45:38,www.facebook.com
2014-04-24 13:45:40,login.live.com
2014-04-24 13:45:46,www.20minutes.fr
2014-04-24 13:45:46,measure.20mn.fr
2014-04-24 13:45:49,i1-js-14-3-01-10005-74033774-i.init.cedexis-radar.net
2014-04-24 13:45:50,origin-www.20minutes.fr
2014-04-24 13:45:50,dynamic2.cedexis.com
2014-04-24 13:45:50,dsaorigin.cedexis.com
2014-04-24 13:45:51,origin-www.20minutes.fr
2014-04-24 13:46:37,connect.facebook.net
2014-04-24 13:46:37,cache.20minutes.fr
2014-04-24 13:46:37,platform.twitter.com
2014-04-24 13:46:37,www.20minutes.fr
2014-04-24 13:46:37,www.facebook.com
2014-04-24 13:46:38,s-static.ak.facebook.com
2014-04-24 13:46:38,cache.20minutes.fr
2014-04-24 13:46:38,static.ad4mat.net
2014-04-24 13:46:38,fr.ad4mat.net
2014-04-24 13:46:38,static.ak.facebook.com
2014-04-24 13:46:38,platform.twitter.com
2014-04-24 13:46:38,www.facebook.com
2014-04-24 13:46:39,media.cyrillus.fr
2014-04-24 13:46:39,cyrillus.commander1.com
2014-04-24 13:46:39,event.etam.com
2014-04-24 13:46:39,cache.20minutes.fr
2014-04-24 13:46:47,twitter.com
2014-04-24 13:46:50,apis.google.com
2014-04-24 13:46:52,accounts.google.com
2014-04-24 13:46:55,twitter.com
2014-04-24 13:46:55,apis.google.com
2014-04-24 13:46:55,measure.20mn.fr
2014-04-24 13:46:58,i1-js-14-3-01-10005-854467283-i.init.cedexis-radar.net
2014-04-24 13:46:58,origin-www.20minutes.fr
2014-04-24 13:47:05,s-static.ak.facebook.com
2014-04-24 13:47:05,accounts.google.com
2014-04-24 13:47:05,apis.google.com
2014-04-24 13:47:05,www.facebook.com
2014-04-24 13:47:05,www.20minutes.fr
2014-04-24 13:47:05,cache.20minutes.fr
2014-04-24 13:47:06,fr.ad4mat.net
2014-04-24 13:47:06,measure.20mn.fr
2014-04-24 13:47:06,apis.google.com
2014-04-24 13:47:06,twitter.com
2014-04-24 13:47:09,i1-js-14-3-01-10005-67685652-i.init.cedexis-radar.net
2014-04-24 13:47:09,ec2-sa-east-1a.cedexis.com
2014-04-24 13:47:10,ec2-sa-east-1a.cedexis.com
2014-04-24 13:47:10,origin-www.20minutes.fr
2014-04-24 13:47:15,s-static.ak.facebook.com
2014-04-24 13:47:15,www.20minutes.fr
2014-04-24 13:47:15,cache.20minutes.fr
2014-04-24 13:47:15,www.facebook.com
2014-04-24 13:47:16,measure.20mn.fr
2014-04-24 13:47:16,fr.ad4mat.net
2014-04-24 13:47:16,rubicon-match.dotomi.com
2014-04-24 13:47:16,static.ad4mat.net
2014-04-24 13:47:16,twitter.com
2014-04-24 13:47:16,apis.google.com
2014-04-24 13:47:17,ea.numericable.fr
2014-04-24 13:47:17,dtm.anthropologie.com
2014-04-24 13:47:18,i1-js-14-3-01-10077-654468844-i.init.cedexis-radar.net
2014-04-24 13:47:18,boutique-online.orange.fr
2014-04-24 13:47:18,i1-js-14-3-01-10005-545484228-i.init.cedexis-radar.net
2014-04-24 13:47:18,limelight.cedexis.com
2014-04-24 13:47:18,origin-www.20minutes.fr
2014-04-24 13:47:19,origin-www.20minutes.fr
2014-04-24 13:47:19,limelight.cedexis.com
2014-04-24 13:47:20,us-west1.joyent.bench.cedexis.com
2014-04-24 13:47:21,cache.20minutes.fr
2014-04-24 13:47:21,www.20minutes.fr
2014-04-24 13:47:22,s-static.ak.facebook.com
2014-04-24 13:47:22,www.facebook.com
2014-04-24 13:47:23,rp.gwallet.com
2014-04-24 13:47:23,pr.ybp.yahoo.com
2014-04-24 13:47:24,twitter.com
2014-04-24 13:47:24,apis.google.com
2014-04-24 13:47:24,measure.20mn.fr
2014-04-24 13:47:24,fr.ad4mat.net
2014-04-24 13:47:24,static.ad4mat.net
2014-04-24 13:47:25,a.nonstoppartner.net
2014-04-24 13:47:26,i1-js-14-3-01-10005-66172585-i.init.cedexis-radar.net
2014-04-24 13:47:27,origin-www.20minutes.fr
2014-04-24 13:47:31,cache.20minutes.fr
2014-04-24 13:47:31,www.20minutes.fr
2014-04-24 13:47:32,s-static.ak.facebook.com
2014-04-24 13:47:32,www.facebook.com
2014-04-24 13:47:32,apis.google.com
2014-04-24 13:47:33,twitter.com
2014-04-24 13:47:33,i10.twenga.com
2014-04-24 13:47:33,measure.20mn.fr
2014-04-24 13:47:33,www.facebook.com
2014-04-24 13:47:33,rbx-cdn-tpn.c4tw.net
2014-04-24 13:47:33,wtpn.twenga.fr
2014-04-24 13:47:33,i11.twenga.com
2014-04-24 13:47:38,i1-js-14-3-01-10005-525105699-i.init.cedexis-radar.net
2014-04-24 13:47:38,eu-ams1.joyent.bench.cedexis.com
2014-04-24 13:47:38,origin-www.20minutes.fr
2014-04-24 13:47:50,www.20minutes.fr
2014-04-24 13:47:50,cache.20minutes.fr
2014-04-24 13:47:50,www.facebook.com
2014-04-24 13:47:51,apis.google.com
2014-04-24 13:47:51,www.facebook.com
2014-04-24 13:47:51,s-static.ak.facebook.com
2014-04-24 13:47:51,twitter.com
2014-04-24 13:47:51,measure.20mn.fr
2014-04-24 13:47:51,ibeu2.mookie1.com
2014-04-24 13:47:54,origin-www.20minutes.fr
2014-04-24 13:47:54,i1-js-14-3-01-10005-336764715-i.init.cedexis-radar.net
2014-04-24 13:47:55,origin-www.20minutes.fr
2014-04-24 13:48:07,www.20minutes.fr
2014-04-24 13:48:07,cache.20minutes.fr
2014-04-24 13:48:07,www.facebook.com
2014-04-24 13:48:08,apis.google.com
2014-04-24 13:48:08,www.facebook.com
2014-04-24 13:48:08,cache.20minutes.fr
2014-04-24 13:48:08,measure.20mn.fr
2014-04-24 13:48:08,c1.adform.net
2014-04-24 13:48:08,s-static.ak.facebook.com
2014-04-24 13:48:10,llnwop.cedexis.com
2014-04-24 13:48:10,dps.bing.com
2014-04-24 13:48:10,i1-js-14-3-01-10005-432697624-i.init.cedexis-radar.net
2014-04-24 13:48:11,llnwop.cedexis.com
2014-04-24 13:48:11,origin-www.20minutes.fr
2014-04-24 13:48:21,cache.20minutes.fr
2014-04-24 13:48:21,www.facebook.com
2014-04-24 13:48:21,www.20minutes.fr
2014-04-24 13:48:22,measure.20mn.fr
2014-04-24 13:48:22,twitter.com
2014-04-24 13:48:22,www.facebook.com
2014-04-24 13:48:22,apis.google.com
2014-04-24 13:48:22,s-static.ak.facebook.com
2014-04-24 13:48:23,cache.20minutes.fr
2014-04-24 13:48:23,match.rtbidder.net
2014-04-24 13:48:24,i1-js-14-3-01-10005-967508457-i.init.cedexis-radar.net
2014-04-24 13:48:25,origin-www.20minutes.fr
2014-04-24 13:48:25,limelight.cedexis.com
2014-04-24 13:48:29,user-disp.tidaltv.com
2014-04-24 13:48:47,www.20minutes.fr
2014-04-24 13:48:47,cache.20minutes.fr
2014-04-24 13:48:48,s-static.ak.facebook.com
2014-04-24 13:48:48,www.facebook.com
2014-04-24 13:48:49,measure.20mn.fr
2014-04-24 13:48:49,ibeu2.mookie1.com
2014-04-24 13:48:49,cache.20minutes.fr
2014-04-24 13:48:49,apis.google.com
2014-04-24 13:48:49,twitter.com
2014-04-24 13:48:52,origin-www.20minutes.fr
2014-04-24 13:48:52,i1-js-14-3-01-10005-472477460-i.init.cedexis-radar.net
2014-04-24 13:48:52,pixel2368.everesttech.net
2014-04-24 13:48:55,www.facebook.com
2014-04-24 13:48:55,cache.20minutes.fr
2014-04-24 13:48:55,www.20minutes.fr
2014-04-24 13:48:56,www.facebook.com
2014-04-24 13:48:56,s-static.ak.facebook.com
2014-04-24 13:48:57,rbp.mxptint.net
2014-04-24 13:48:57,cache.20minutes.fr
2014-04-24 13:49:01,measure.20mn.fr
2014-04-24 13:49:04,i1-js-14-3-01-10005-444729183-i.init.cedexis-radar.net
2014-04-24 13:49:05,origin-www.20minutes.fr
2014-04-24 13:49:11,www.20minutes.fr
2014-04-24 13:49:11,cache.20minutes.fr
2014-04-24 13:49:12,www.facebook.com
2014-04-24 13:49:12,s-static.ak.facebook.com
2014-04-24 13:49:12,twitter.com
2014-04-24 13:49:13,um.simpli.fi
2014-04-24 13:49:13,cache.20minutes.fr
2014-04-24 13:49:13,measure.20mn.fr
2014-04-24 13:49:15,origin-www.20minutes.fr
2014-04-24 13:49:15,i1-js-14-3-01-10005-705858662-i.init.cedexis-radar.net
2014-04-24 13:49:18,cache.20minutes.fr
2014-04-24 13:49:18,user-disp.tidaltv.com
2014-04-24 13:49:18,www.20minutes.fr
2014-04-24 13:49:19,twitter.com
2014-04-24 13:49:19,s-static.ak.facebook.com
2014-04-24 13:49:19,www.facebook.com
2014-04-24 13:49:20,cache.20minutes.fr
2014-04-24 13:49:20,ibeu2.mookie1.com
2014-04-24 13:49:20,measure.20mn.fr
2014-04-24 13:49:22,i1-js-14-3-01-10005-678854542-i.init.cedexis-radar.net
2014-04-24 13:49:24,origin-www.20minutes.fr
2014-04-24 13:49:25,www.20minutes.fr
2014-04-24 13:49:25,cache.20minutes.fr
2014-04-24 13:49:26,s-static.ak.facebook.com
2014-04-24 13:49:26,twitter.com
2014-04-24 13:49:26,www.facebook.com
2014-04-24 13:49:26,measure.20mn.fr
2014-04-24 13:49:27,cache.20minutes.fr
2014-04-24 13:49:29,origin-www.20minutes.fr
2014-04-24 13:49:29,i1-js-14-3-01-10005-47526077-i.init.cedexis-radar.net
2014-04-24 13:49:41,www.facebook.com
2014-04-24 13:49:41,cache.20minutes.fr
2014-04-24 13:49:41,www.20minutes.fr
2014-04-24 13:49:41,twitter.com
2014-04-24 13:49:41,apis.google.com
2014-04-24 13:49:42,www.facebook.com
2014-04-24 13:49:42,s-static.ak.facebook.com
2014-04-24 13:49:43,cache.20minutes.fr
2014-04-24 13:49:43,measure.20mn.fr
2014-04-24 13:49:43,apis.google.com
2014-04-24 13:49:45,i1-js-14-3-01-10005-741849241-i.init.cedexis-radar.net
2014-04-24 13:49:45,pixel2368.everesttech.net
2014-04-24 13:49:46,origin-www.20minutes.fr
2014-04-24 13:49:56,www.20minutes.fr
2014-04-24 13:49:57,s-static.ak.facebook.com
2014-04-24 13:49:57,twitter.com
2014-04-24 13:49:57,www.facebook.com
2014-04-24 13:49:57,cache.20minutes.fr
2014-04-24 13:50:06,www.facebook.com
2014-04-24 13:50:06,www.20minutes.fr
2014-04-24 13:50:06,s-static.ak.facebook.com
2014-04-24 13:50:06,twitter.com
2014-04-24 13:50:06,cache.20minutes.fr
2014-04-24 13:50:07,cm.adgrx.com
2014-04-24 13:50:07,measure.20mn.fr
2014-04-24 13:50:07,its.tradelab.fr
2014-04-24 13:50:08,twitter.com
2014-04-24 13:50:08,apis.google.com
2014-04-24 13:50:08,adventori.com
2014-04-24 13:50:09,i1-js-14-3-01-10005-923019277-i.init.cedexis-radar.net
2014-04-24 13:50:09,a248.e.akamai.net
2014-04-24 13:50:09,c1.adform.net
2014-04-24 13:50:10,origin-www.20minutes.fr
2014-04-24 13:50:10,fastlydsa.bench.cedexis.com
2014-04-24 13:50:11,origin-www.20minutes.fr
2014-04-24 13:50:13,its.tradelab.fr
2014-04-24 13:50:14,www.20minutes.fr
2014-04-24 13:50:14,cache.20minutes.fr
2014-04-24 13:50:15,s-static.ak.facebook.com
2014-04-24 13:50:15,www.facebook.com
2014-04-24 13:50:16,admanager.adintend.com
2014-04-24 13:50:16,www.facebook.com
2014-04-24 13:50:16,mpp2.vindicosuite.com
2014-04-24 13:50:16,admanager.doutes.fr
2014-04-24 13:50:16,measure.20mn.fr
2014-04-24 13:50:16,c1.adform.net
2014-04-24 13:50:16,apis.google.com
2014-04-24 13:50:16,twitter.com
2014-04-24 13:50:18,i1-js-14-3-01-10005-864966299-i.init.cedexis-radar.net
2014-04-24 13:50:21,aws-ap-southeast-2a.bench.cedexis.com
2014-04-24 13:50:21,origin-www.20minutes.fr
2014-04-24 13:50:22,s-static.ak.facebook.com
2014-04-24 13:50:22,www.20minutes.fr
2014-04-24 13:50:22,cache.20minutes.fr
2014-04-24 13:50:22,www.facebook.com
2014-04-24 13:50:26,apis.google.com
2014-04-24 13:50:26,twitter.com
2014-04-24 13:50:26,measure.20mn.fr
2014-04-24 13:50:26,ibeu2.mookie1.com
2014-04-24 13:50:28,i1-js-14-3-01-10005-673568543-i.init.cedexis-radar.net
2014-04-24 13:50:29,origin-www.20minutes.fr
2014-04-24 13:50:29,netdna.cedexis.com
2014-04-24 13:50:41,www.20minutes.fr
2014-04-24 13:50:41,cache.20minutes.fr
2014-04-24 13:50:42,s-static.ak.facebook.com
2014-04-24 13:50:42,www.facebook.com
2014-04-24 13:50:43,measure.20mn.fr
2014-04-24 13:50:44,cache.20minutes.fr
2014-04-24 13:50:44,www.20minutes.fr
2014-04-24 13:50:45,twitter.com
2014-04-24 13:50:45,s-static.ak.facebook.com
2014-04-24 13:50:45,www.facebook.com
2014-04-24 13:50:46,measure.20mn.fr
2014-04-24 13:50:48,i1-js-14-3-01-10005-757209376-i.init.cedexis-radar.net
2014-04-24 13:50:49,origin-www.20minutes.fr
2014-04-24 13:50:53,twitter.com
2014-04-24 13:50:53,apis.google.com
2014-04-24 13:50:53,cache.20minutes.fr
2014-04-24 13:50:53,www.20minutes.fr
2014-04-24 13:50:54,s-static.ak.facebook.com
2014-04-24 13:50:54,www.facebook.com
2014-04-24 13:50:54,cache.20minutes.fr
2014-04-24 13:50:58,twitter.com
2014-04-24 13:50:58,i1-js-14-3-01-10005-874241858-i.init.cedexis-radar.net
2014-04-24 13:50:58,apis.google.com
2014-04-24 13:50:59,dfw1.rackspace.bench.cedexis.com
2014-04-24 13:51:00,origin-www.20minutes.fr
2014-04-24 13:51:11,twitter.com
2014-04-24 13:51:25,abs.twimg.com
2014-04-24 13:51:31,twitter.com
2014-04-24 13:51:41,twitter.com
2014-04-24 13:57:50,www.univ-bpclermont.fr
2014-04-24 13:57:59,ent.univ-bpclermont.fr
2014-04-24 13:58:00,ent.univ-bpclermont.fr
2014-04-24 13:58:00,www.univ-bpclermont.fr
2014-04-24 13:58:01,ent.univ-bpclermont.fr
2014-04-24 13:58:08,www.univ-bpclermont.fr
2014-04-24 13:58:08,ent.univ-bpclermont.fr
2014-04-24 13:58:08,claroline.univ-bpclermont.fr
2014-04-24 13:58:09,claroline.univ-bpclermont.fr
2014-04-24 13:58:13,claroline.univ-bpclermont.fr
2014-04-24 14:00:58,www.univ-bpclermont.fr
2014-04-24 14:00:58,ent.univ-bpclermont.fr
2014-04-24 14:02:30,ent.univ-bpclermont.fr
2014-04-24 14:05:58,ent.univ-bpclermont.fr
2014-04-24 14:10:58,ent.univ-bpclermont.fr
2014-04-24 14:11:30,ent.univ-bpclermont.fr
2014-04-24 14:11:50,ent.univ-bpclermont.fr
2014-04-24 14:37:27,ent.univ-bpclermont.fr
2014-04-24 14:37:38,www.bing.com
2014-04-24 14:37:48,www.bing.com
2014-04-24 14:37:49,login.live.com
2014-04-24 14:37:49,www.bing.com
2014-04-24 14:37:50,www.bing.com
2014-04-24 14:37:51,www.bing.com
2014-04-24 14:37:52,www.bing.com
2014-04-24 14:37:53,www.bing.com
2014-04-24 14:37:55,login.live.com
2014-04-24 14:37:55,www.bing.com
2014-04-24 14:38:03,www.bing.com
2014-04-24 14:38:13,www.bing.com
2014-04-24 14:38:23,www.bing.com
2014-04-24 14:38:25,www.bing.com
2014-04-24 14:38:25,login.live.com
2014-04-24 14:38:38,www.bing.com
2014-04-24 14:38:45,ssl.bing.com
2014-04-24 14:38:45,ginkgo-paint.en.softonic.com
2014-04-24 14:38:45,www.bing.com
2014-04-24 14:38:48,1822333.r.msn.com
2014-04-24 14:38:49,ginkgo-paint.en.softonic.com
2014-04-24 14:38:49,d3s7ggfq1s6jlj.cloudfront.net
2014-04-24 14:38:51,www.bing.com
2014-04-24 14:38:57,www.bing.com
2014-04-24 14:38:58,www.bing.com
2014-04-24 14:39:02,www.google.com
2014-04-24 14:39:06,www.bing.com
2014-04-24 14:39:08,www.bing.com
2014-04-24 14:39:09,login.live.com
2014-04-24 14:39:09,www.bing.com
2014-04-24 14:39:10,www.bing.com
2014-04-24 14:39:11,ssl.bing.com
2014-04-24 14:39:11,www.bing.com
2014-04-24 14:39:13,login.live.com
2014-04-24 14:39:14,www.bing.com
2014-04-24 14:39:14,www.google.fr
2014-04-24 14:39:15,www.google.fr
2014-04-24 14:39:21,www.bing.com
2014-04-24 14:39:24,www.bing.com
2014-04-24 14:39:25,www.google.fr
2014-04-24 14:39:26,www.google.fr
2014-04-24 14:39:27,www.google.fr
2014-04-24 14:39:30,apis.google.com
2014-04-24 14:39:30,www.google.com
2014-04-24 14:39:30,ssl.bing.com
2014-04-24 14:39:44,www.google.fr
2014-04-24 14:39:44,biodiver.bio.ub.es
2014-04-24 14:39:44,www.google.com
2014-04-24 14:39:44,apis.google.com
2014-04-24 14:40:00,biodiver.bio.ub.es
2014-04-24 14:40:03,biodiver.bio.ub.es
2014-04-24 14:40:04,biodiver.bio.ub.es
2014-04-24 14:40:05,biodiver.bio.ub.es
2014-04-24 14:40:06,biodiver.bio.ub.es
2014-04-24 14:40:07,biodiver.bio.ub.es
2014-04-24 14:40:08,biodiver.bio.ub.es
2014-04-24 14:40:09,biodiver.bio.ub.es
2014-04-24 14:40:10,biodiver.bio.ub.es
2014-04-24 14:40:19,biodiver.bio.ub.es
2014-04-24 14:40:20,biodiver.bio.ub.es
