timestamp,site
2013-01-12 15:23:38,www.squid-cache.org
2013-01-12 15:25:15,ieonline.microsoft.com
2013-01-12 15:25:16,ajax.microsoft.com
2013-01-12 15:25:16,go.microsoft.com
2013-01-12 15:25:16,res1.windows.microsoft.com
2013-01-12 15:25:16,windows.microsoft.com
2013-01-12 15:25:16,res2.windows.microsoft.com
2013-01-12 15:25:17,windows.microsoft.com
2013-01-12 15:25:17,res2.windows.microsoft.com
2013-01-12 15:25:17,res1.windows.microsoft.com
2013-01-12 15:25:17,js.microsoft.com
2013-01-12 15:25:18,res1.windows.microsoft.com
2013-01-12 15:25:20,www.bing.com
2013-01-12 15:25:21,www.google.fr
2013-01-12 15:25:22,www.google.fr
2013-01-12 15:25:24,apis.google.com
2013-01-12 15:25:25,www.google.com
2013-01-12 15:25:27,accounts.google.com
2013-01-12 15:25:28,accounts.youtube.com
2013-01-12 15:25:38,apis.google.com
2013-01-12 15:25:39,accounts.google.fr
2013-01-12 15:25:39,www.google.fr
2013-01-12 15:25:39,www.google.com
2013-01-12 15:25:42,mail.google.com
2013-01-12 15:25:43,accounts.youtube.com
2013-01-12 15:25:43,accounts.google.fr
2013-01-12 15:25:43,apis.google.com
2013-01-12 15:25:44,www.google.fr
2013-01-12 15:25:46,clients2.google.com
2013-01-12 15:25:46,www.google.fr
2013-01-12 15:25:46,accounts.google.com
2013-01-12 15:25:46,mail.google.com
2013-01-12 15:25:46,www.google.com
2013-01-12 15:25:46,plus.google.com
2013-01-12 15:25:49,clients2.google.com
2013-01-12 15:25:49,apis.google.com
2013-01-12 15:25:50,chatenabled.mail.google.com
2013-01-12 15:25:51,mail.google.com
2013-01-12 15:26:02,mail.google.com
2013-01-12 15:26:02,accounts.google.com
2013-01-12 15:26:03,chatenabled.mail.google.com
2013-01-12 15:26:03,plus.google.com
2013-01-12 15:26:04,apis.google.com
2013-01-12 15:26:19,mail.google.com
2013-01-12 15:26:57,javadl-esd-secure.oracle.com
2013-01-12 15:27:19,ieonline.microsoft.com
2013-01-12 15:27:20,go.microsoft.com
2013-01-12 15:27:28,plus.google.com
2013-01-12 15:27:28,apis.google.com
2013-01-12 15:27:28,mail.google.com
2013-03-12 20:55:30,res2.windows.microsoft.com
2013-03-12 20:55:30,ajax.microsoft.com
2013-03-12 20:55:30,js.microsoft.com
2013-03-12 20:55:30,windows.microsoft.com
2013-03-12 20:55:30,go.microsoft.com
2013-03-12 20:55:30,res1.windows.microsoft.com
2013-03-12 20:55:31,res2.windows.microsoft.com
2013-03-12 20:55:31,res1.windows.microsoft.com
2013-03-12 20:55:31,www.facebook.com
2013-03-12 20:55:31,windows.microsoft.com
2013-03-12 20:55:31,js.microsoft.com
2013-03-12 20:55:32,windows.microsoft.com
2013-03-12 20:55:32,res1.windows.microsoft.com
2013-03-12 20:55:34,www.bing.com
2013-03-12 20:55:36,api.bing.com
2013-03-12 20:55:37,api.bing.com
2013-03-12 20:55:38,api.bing.com
2013-03-12 20:55:39,api.bing.com
2013-03-12 20:55:40,mail.google.com
2013-03-12 20:55:40,accounts.google.com
2013-03-12 20:55:40,gmail.com
2013-03-12 20:55:41,www.google.com
2013-03-12 20:55:41,mail.google.com
2013-03-12 20:55:41,accounts.google.com
2013-03-12 20:55:41,apis.google.com
2013-03-12 20:55:42,www.google.com
2013-03-12 20:55:42,mail.google.com
2013-03-12 20:55:53,accounts.youtube.com
2013-03-12 20:55:53,apis.google.com
2013-03-12 20:56:18,accounts.google.fr
2013-03-12 20:56:21,www.google.com
2013-03-12 20:56:21,clients2.google.com
2013-03-12 20:56:21,mail.google.com
2013-03-12 20:56:21,accounts.google.fr
2013-03-12 20:56:21,accounts.google.com
2013-03-12 20:56:21,accounts.youtube.com
2013-03-12 20:56:22,plus.google.com
2013-03-12 20:56:22,clients2.google.com
2013-03-12 20:56:23,apis.google.com
2013-03-12 20:56:23,plus.google.com
2013-03-12 20:56:23,mail.google.com
2013-03-12 20:56:24,plus.google.com
2013-03-12 20:56:24,mail.google.com
2013-03-12 20:56:25,mail.google.com
2013-03-12 20:56:25,chatenabled.mail.google.com
2013-03-12 20:56:29,mail.google.com
2013-03-12 20:56:29,chatenabled.mail.google.com
2013-03-12 20:56:35,mail.google.com
2013-03-12 20:56:35,apis.google.com
2013-03-12 20:56:35,clients6.google.com
2013-03-12 20:56:37,plus.google.com
2013-03-12 20:56:49,mail.google.com
2013-03-12 20:57:20,ieonline.microsoft.com
2013-03-12 20:57:20,go.microsoft.com
2013-03-12 20:57:49,apis.google.com
2013-03-12 20:57:49,clients6.google.com
2013-03-12 20:57:49,plus.google.com
2013-03-12 20:57:49,mail.google.com
2013-03-12 20:57:50,ieonline.microsoft.com
2013-03-12 20:58:48,api.bing.com
2013-03-12 20:58:51,api.bing.com
2013-03-12 20:58:52,www.bing.com
2013-03-12 20:58:52,api.bing.com
2013-03-12 20:58:53,www.bing.com
2013-03-12 20:58:54,www.bing.com
2013-03-12 20:59:54,javadl-esd-secure.oracle.com
2013-03-12 21:00:07,javadl-esd-secure.oracle.com
2013-11-12 08:06:45,ocsp.digicert.com
2013-11-12 08:16:18,www.squid-cache.org
2013-11-12 08:16:26,www.google.com
2013-11-12 08:16:27,clients1.google.com
2013-11-12 08:16:30,www.google.com
2013-11-12 08:16:32,login.wikimedia.org
2013-11-12 08:16:32,en.wikipedia.org
2013-11-12 08:16:32,bits.wikimedia.org
2013-11-12 08:16:32,www.google.com
2013-11-12 08:16:33,meta.wikimedia.org
2013-11-12 08:16:33,bits.wikimedia.org
2013-11-12 08:23:50,clients1.google.com
2013-11-12 08:23:50,www.google.com
2013-11-12 08:23:52,clients1.google.com
2013-11-12 08:23:53,clients1.google.com
2013-11-12 08:23:53,www.google.com
2013-11-12 08:23:55,www.google.com
2013-11-12 08:23:56,stackoverflow.com
2013-11-12 08:23:56,ajax.googleapis.com
2013-11-12 08:23:57,ocsp.godaddy.com
2013-11-12 08:23:57,i.stack.imgur.com
2013-11-12 08:23:58,cdn-careers.sstatic.net
2013-11-12 08:23:58,stackoverflow.com
2013-11-12 08:23:58,careers.stackoverflow.com
2013-11-12 08:23:58,ocsp.digicert.com
2013-11-12 08:23:59,ocsp.digicert.com
2013-11-12 08:24:14,stackauth.com
2013-11-12 08:25:39,ocsp.verisign.com
2013-11-12 08:25:40,adzerk-www.s3.amazonaws.com
2013-11-12 08:25:45,www.google.com
2013-11-12 08:25:45,clients1.google.com
2013-11-12 08:25:47,www.google.com
2013-11-12 08:25:47,static.cprogramming.com
2013-11-12 08:25:48,static.cprogramming.com
2013-11-12 08:25:48,www.google.com
2013-11-12 08:25:48,www.cprogramming.com
2013-11-12 08:25:48,forms.aweber.com
2013-11-12 08:25:50,static.cprogramming.com
2013-11-12 08:25:51,www.cprogramming.com
2013-11-12 08:26:14,clients1.google.com
2013-11-12 08:26:15,clients1.google.com
2013-11-12 08:26:16,clients1.google.com
2013-11-12 08:26:17,www.google.com
2013-11-12 08:26:18,clients1.google.com
2013-11-12 08:26:19,www.google.com
2013-11-12 08:26:19,www.macs.hw.ac.uk
2013-11-12 08:26:33,www.macs.hw.ac.uk
2013-11-12 08:26:57,www.gravatar.com
2013-11-12 08:27:42,safebrowsing-cache.google.com
2013-11-12 08:27:42,safebrowsing.clients.google.com
2013-11-12 08:27:43,safebrowsing-cache.google.com
2013-11-12 08:27:44,safebrowsing-cache.google.com
2013-11-12 08:27:45,safebrowsing-cache.google.com
2013-11-12 08:27:46,safebrowsing-cache.google.com
2013-11-12 08:37:48,www.google.com
2013-11-12 08:37:49,stackoverflow.com
2013-11-12 08:37:50,stackoverflow.com
2013-11-12 08:37:50,careers.stackoverflow.com
2013-11-12 08:40:50,www.gravatar.com
2013-11-12 08:57:30,safebrowsing.clients.google.com
2013-11-12 08:57:30,safebrowsing-cache.google.com
2013-11-12 08:57:31,safebrowsing-cache.google.com
2013-11-12 08:57:32,safebrowsing-cache.google.com
2013-11-12 08:57:33,safebrowsing-cache.google.com
2013-11-12 08:57:34,safebrowsing-cache.google.com
2013-11-12 08:57:42,www.reddit.com
2013-11-12 08:57:42,e.thumbs.redditmedia.com
2013-11-12 08:57:42,ajax.googleapis.com
2013-11-12 08:57:42,www.redditstatic.com
2013-11-12 08:57:42,reddit.com
2013-11-12 08:57:43,d.thumbs.redditmedia.com
2013-11-12 08:57:43,a.thumbs.redditmedia.com
2013-11-12 08:57:43,e.thumbs.redditmedia.com
2013-11-12 08:57:43,b.thumbs.redditmedia.com
2013-11-12 08:57:43,c.thumbs.redditmedia.com
2013-11-12 08:57:43,www.reddit.com
2013-11-12 08:57:43,f.thumbs.redditmedia.com
2013-11-12 08:57:43,www.redditstatic.com
2013-11-12 08:57:44,static.adzrk.net
2013-11-12 08:57:45,www.redditstatic.com
2013-11-12 08:57:52,e.thumbs.redditmedia.com
2013-11-12 08:57:52,a.thumbs.redditmedia.com
2013-11-12 08:57:52,f.thumbs.redditmedia.com
2013-11-12 08:57:52,www.reddit.com
2013-11-12 08:57:52,c.thumbs.redditmedia.com
2013-11-12 08:57:53,www.reddit.com
2013-11-12 08:57:53,e.thumbs.redditmedia.com
2013-11-12 08:57:53,d.thumbs.redditmedia.com
2013-11-12 08:58:16,www.reddit.com
2013-11-12 08:58:17,a.thumbs.redditmedia.com
2013-11-12 08:58:17,static.adzrk.net
2013-11-12 09:02:48,clients1.google.com
2013-11-12 09:02:49,clients1.google.com
2013-11-12 09:02:50,clients1.google.com
2013-11-12 09:02:51,clients1.google.com
2013-11-12 09:02:52,www.google.com
2013-11-12 09:02:52,clients1.google.com
2013-11-12 09:02:53,www.google.com
2013-11-12 09:02:54,gtglobal-ocsp.geotrust.com
2013-11-12 09:02:54,clients1.google.com
2013-11-12 09:02:54,r.ccm2.net
2013-11-12 09:02:54,ba.commentcamarche.net
2013-11-12 09:02:54,www.commentcamarche.net
2013-11-12 09:02:54,static.ccm2.net
2013-11-12 09:02:55,static.ccm2.net
2013-11-12 09:02:55,www.google.com
2013-11-12 09:02:55,connect.facebook.net
2013-11-12 09:02:55,www.facebook.com
2013-11-12 09:02:55,ba.commentcamarche.net
2013-11-12 09:02:56,ocsp.verisign.com
2013-11-12 09:02:56,evsecure-ocsp.verisign.com
2013-11-12 09:02:56,www.facebook.com
2013-11-12 09:02:56,static.ccmbg.com
2013-11-12 09:02:56,static.ak.facebook.com
2013-11-12 09:02:56,ba.commentcamarche.net
2013-11-12 09:02:56,static.ccm2.net
2013-11-12 09:02:56,platform.twitter.com
2013-11-12 09:02:57,www.commentcamarche.net
2013-11-12 09:02:57,static.ccm2.net
2013-11-12 09:03:27,twitter.com
2013-11-12 09:04:56,www.facebook.com
2013-11-12 09:06:55,ajax.googleapis.com
2013-11-12 09:08:01,s-static.ak.facebook.com
2013-11-12 09:10:19,clients1.google.com
2013-11-12 09:10:19,www.google.com
2013-11-12 09:10:22,www.google.com
2013-11-12 09:10:22,fr.openclassrooms.com
2013-11-12 09:10:23,cip.gagnoo.com
2013-11-12 09:10:23,dnn506yrbagrg.cloudfront.net
2013-11-12 09:10:23,fr.openclassrooms.com
2013-11-12 09:10:24,cip.gagnoo.com
2013-11-12 09:10:24,www.darty.com
2013-11-12 09:10:25,miniimg6.rightinthebox.com
2013-11-12 09:10:25,fr.openclassrooms.com
2013-11-12 09:10:25,rapidssl-ocsp.geotrust.com
2013-11-12 09:10:25,miniimg2.rightinthebox.com
2013-11-12 09:10:25,miniimg7.rightinthebox.com
2013-11-12 09:10:25,litbimg.rightinthebox.com
2013-11-12 09:10:25,miniimg8.rightinthebox.com
2013-11-12 09:10:25,miniimg.rightinthebox.com
2013-11-12 09:10:25,www.darty.com
2013-11-12 09:10:25,image.darty.com
2013-11-12 09:10:25,clients1.google.com
2013-11-12 09:10:25,www.miniinthebox.com
2013-11-12 09:10:25,ajax.googleapis.com
2013-11-12 09:10:25,halc.iadvize.com
2013-11-12 09:10:25,miniimg5.rightinthebox.com
2013-11-12 09:10:25,minijscss.rightinthebox.com
2013-11-12 09:10:26,d3cxv97fi8q177.cloudfront.net
2013-11-12 09:10:26,metrics.darty.com
2013-11-12 09:10:26,fstatic.iadvize.com
2013-11-12 09:10:26,www.google.fr
2013-11-12 09:10:26,www.darty.com
2013-11-12 09:10:26,www.facebook.com
2013-11-12 09:10:26,miniimg4.rightinthebox.com
2013-11-12 09:10:26,miniimg3.rightinthebox.com
2013-11-12 09:10:26,platform.twitter.com
2013-11-12 09:10:26,halc.iadvize.com
2013-11-12 09:10:26,miniimg1.rightinthebox.com
2013-11-12 09:10:26,miniimg7.rightinthebox.com
2013-11-12 09:10:26,miniimg5.rightinthebox.com
2013-11-12 09:10:26,miniimg8.rightinthebox.com
2013-11-12 09:10:26,www.google.com
2013-11-12 09:10:26,miniimg6.rightinthebox.com
2013-11-12 09:10:27,platform.twitter.com
2013-11-12 09:10:27,fr.wikibooks.org
2013-11-12 09:10:27,bits.wikimedia.org
2013-11-12 09:10:27,litbimg.rightinthebox.com
2013-11-12 09:10:27,d3cxv97fi8q177.cloudfront.net
2013-11-12 09:10:27,www.miniinthebox.com
2013-11-12 09:10:27,login.wikimedia.org
2013-11-12 09:10:27,gtssl-ocsp.geotrust.com
2013-11-12 09:10:28,ocsp.comodoca.com
2013-11-12 09:10:28,meta.wikimedia.org
2013-11-12 09:10:28,bits.wikimedia.org
2013-11-12 09:10:28,fr.wikibooks.org
2013-11-12 09:10:28,ocsp.usertrust.com
2013-11-12 09:10:29,bits.wikimedia.org
2013-11-12 09:10:29,www.facebook.com
2013-11-12 09:10:59,twitter.com
2013-11-12 09:11:26,halc.iadvize.com
2013-11-12 09:11:36,halc.iadvize.com
2013-11-12 09:11:52,newsrss.bbc.co.uk
2013-11-12 09:11:52,fxfeeds.mozilla.com
2013-11-12 09:11:52,feeds.bbci.co.uk
2013-11-12 09:12:09,cdns.gigya.com
2013-11-12 09:12:19,cdns.gigya.com
2013-11-12 09:12:26,halc.iadvize.com
2013-11-12 09:12:27,www.facebook.com
2013-11-12 09:13:13,cdns.gigya.com
2013-11-12 09:13:26,halc.iadvize.com
2013-11-12 09:14:23,www.googleapis.com
2013-11-12 09:14:25,i1.ytimg.com
2013-11-12 09:14:27,halc.iadvize.com
2013-11-12 09:15:27,halc.iadvize.com
2013-11-12 09:16:27,halc.iadvize.com
2013-11-12 09:17:27,halc.iadvize.com
2013-11-12 09:18:27,halc.iadvize.com
2013-11-12 09:19:27,halc.iadvize.com
2013-11-12 09:20:27,halc.iadvize.com
2013-11-12 09:21:27,halc.iadvize.com
2013-11-12 09:22:27,halc.iadvize.com
2013-11-12 09:23:27,halc.iadvize.com
2013-11-12 09:24:27,halc.iadvize.com
2013-11-12 09:25:27,halc.iadvize.com
2013-11-12 09:26:27,halc.iadvize.com
2013-11-12 09:27:27,halc.iadvize.com
2013-11-12 09:27:57,safebrowsing.clients.google.com
2013-11-12 09:27:57,safebrowsing-cache.google.com
2013-11-12 09:27:58,safebrowsing-cache.google.com
2013-11-12 09:27:59,safebrowsing-cache.google.com
2013-11-12 09:28:00,safebrowsing-cache.google.com
2013-11-12 09:28:01,safebrowsing-cache.google.com
2013-11-12 09:28:28,halc.iadvize.com
2013-11-12 09:29:02,safebrowsing-cache.google.com
2013-11-12 09:29:28,halc.iadvize.com
2013-11-12 09:30:28,halc.iadvize.com
2013-11-12 09:31:28,halc.iadvize.com
2013-11-12 09:32:28,halc.iadvize.com
2013-11-12 09:33:16,clients1.google.com
2013-11-12 09:33:16,img.youtube.com
2013-11-12 09:33:16,www.google.com
2013-11-12 09:33:17,clients1.google.com
2013-11-12 09:33:18,clients1.google.com
2013-11-12 09:33:18,www.google.com
2013-11-12 09:33:21,meta.wikimedia.org
2013-11-12 09:33:21,bits.wikimedia.org
2013-11-12 09:33:21,en.wikipedia.org
2013-11-12 09:33:21,www.google.com
2013-11-12 09:33:37,gcc.gnu.org
2013-11-12 09:33:38,gcc.gnu.org
2013-11-12 09:56:37,ieonline.microsoft.com
2013-11-19 08:09:06,sigayret.fr
2013-11-19 08:23:08,fxfeeds.mozilla.com
2013-11-19 08:23:08,newsrss.bbc.co.uk
2013-11-19 08:23:08,feeds.bbci.co.uk
2013-11-19 08:47:08,reddit.com
2013-11-19 08:47:08,www.reddit.com
2013-11-19 08:47:08,ajax.googleapis.com
2013-11-19 08:47:08,www.redditstatic.com
2013-11-19 08:47:08,c.thumbs.redditmedia.com
2013-11-19 08:47:09,c.thumbs.redditmedia.com
2013-11-19 08:47:09,www.reddit.com
2013-11-19 08:47:09,www.redditstatic.com
2013-11-19 08:47:09,f.thumbs.redditmedia.com
2013-11-19 08:47:09,a.thumbs.redditmedia.com
2013-11-19 08:47:09,b.thumbs.redditmedia.com
2013-11-19 08:47:09,ajax.googleapis.com
2013-11-19 08:47:09,d.thumbs.redditmedia.com
2013-11-19 08:47:10,b.thumbs.redditmedia.com
2013-11-19 08:47:11,www.redditstatic.com
2013-11-19 08:47:29,i.imgur.com
2013-11-19 08:47:35,www.reddit.com
2013-11-19 08:47:37,www.reddit.com
2013-11-19 08:47:38,www.reddit.com
2013-11-19 08:47:57,www.reddit.com
2013-11-19 08:48:04,www.reddit.com
2013-11-19 08:48:35,www.squid-cache.org
2013-11-19 08:48:38,www.google.com
2013-11-19 08:48:39,clients1.google.com
2013-11-19 08:48:39,www.google.com
2013-11-19 08:48:40,www.google.com
2013-11-19 08:48:40,ocsp.digicert.com
2013-11-19 08:48:41,ocsp.digicert.com
2013-11-19 08:48:42,www.google.com
2013-11-19 08:48:42,ocsp.digicert.com
2013-11-19 08:48:43,clients1.google.com
2013-11-19 08:48:43,gtglobal-ocsp.geotrust.com
2013-11-19 08:48:45,ocsp.startssl.com
2013-11-19 08:49:03,assets.zendesk.com
2013-11-19 09:21:59,www.google.com
2013-11-19 09:21:59,clients1.google.com
2013-11-19 09:22:02,clients1.google.com
2013-11-19 09:22:02,gtglobal-ocsp.geotrust.com
2013-11-19 09:22:02,safebrowsing.clients.google.com
2013-11-19 09:22:02,safebrowsing-cache.google.com
2013-11-19 09:22:03,safebrowsing-cache.google.com
2013-11-19 09:22:04,safebrowsing-cache.google.com
2013-11-19 09:22:05,safebrowsing-cache.google.com
2013-11-19 09:22:06,safebrowsing-cache.google.com
2013-11-19 09:22:07,safebrowsing-cache.google.com
2013-11-19 09:22:28,clients1.google.com
2013-11-19 09:22:29,clients1.google.com
2013-11-19 09:22:30,clients1.google.com
2013-11-19 09:22:31,clients1.google.com
2013-11-19 09:22:33,clients1.google.com
2013-11-19 09:22:33,www.google.com
2013-11-19 09:22:33,img.youtube.com
2013-11-19 09:22:47,clients1.google.com
2013-11-19 09:22:48,www.google.com
2013-11-19 09:22:48,clients1.google.com
2013-11-19 09:22:51,www.google.com
2013-11-19 09:22:51,bits.wikimedia.org
2013-11-19 09:22:51,en.wikipedia.org
2013-11-19 09:22:52,bits.wikimedia.org
2013-11-19 09:22:52,en.wikipedia.org
2013-11-19 09:22:52,login.wikimedia.org
2013-11-19 09:22:52,ocsp.digicert.com
2013-11-19 09:22:53,bits.wikimedia.org
2013-11-19 09:22:54,meta.wikimedia.org
2013-11-19 09:22:56,bits.wikimedia.org
2013-11-19 09:23:00,bits.wikimedia.org
2013-11-19 09:23:01,bits.wikimedia.org
2013-11-19 09:23:01,meta.wikimedia.org
2013-11-19 09:23:08,safebrowsing-cache.google.com
2013-11-19 09:23:09,safebrowsing-cache.google.com
2013-11-19 09:23:52,login.wikimedia.org
2013-11-19 09:23:53,en.wikipedia.org
2013-11-19 09:24:42,en.wikipedia.org
2013-11-19 09:24:42,bits.wikimedia.org
2013-11-19 09:24:43,bits.wikimedia.org
2013-11-19 09:24:43,meta.wikimedia.org
2013-11-19 09:25:09,www.google.com
2013-11-19 09:25:10,clients1.google.com
2013-11-19 09:25:14,www.google.com
2013-11-19 09:25:14,www.cs.bu.edu
2013-11-19 09:25:15,www.cs.bu.edu
2013-11-19 09:25:19,www.google.com
2013-11-19 09:25:22,www.iamstaggered.com
2013-11-19 09:25:22,www.thelearningpoint.net
2013-11-19 09:25:23,img7.flixcart.com
2013-11-19 09:25:23,www.thelearningpoint.net
2013-11-19 09:25:23,ecx.images-amazon.com
2013-11-19 09:25:23,i.istockimg.com
2013-11-19 09:25:23,img8.flixcart.com
2013-11-19 09:25:23,img6.flixcart.com
2013-11-19 09:25:23,img5.flixcart.com
2013-11-19 09:25:24,img6.flixcart.com
2013-11-19 09:25:24,ecx.images-amazon.com
2013-11-19 09:25:24,img7.flixcart.com
2013-11-19 09:25:26,ecx.images-amazon.com
2013-11-19 09:25:26,www.google.com
2013-11-19 09:25:27,img8.flixcart.com
2013-11-19 09:25:27,ecx.images-amazon.com
2013-11-19 09:25:27,img7.flixcart.com
2013-11-19 09:25:27,img5.flixcart.com
2013-11-19 09:25:27,connect.facebook.net
2013-11-19 09:25:27,www.thelearningpoint.net
2013-11-19 09:25:28,img7.flixcart.com
2013-11-19 09:25:28,www.thelearningpoint.net
2013-11-19 09:25:28,img6.flixcart.com
2013-11-19 09:25:28,img8.flixcart.com
2013-11-19 09:25:28,ecx.images-amazon.com
2013-11-19 09:25:28,static.ak.facebook.com
2013-11-19 09:25:30,ecx.images-amazon.com
2013-11-19 09:25:30,static.ak.facebook.com
2013-11-19 09:25:30,ocsp.verisign.com
2013-11-19 09:25:30,www.facebook.com
2013-11-19 09:25:30,www.google.com
2013-11-19 09:25:30,www.thelearningpoint.net
2013-11-19 09:25:31,s-static.ak.facebook.com
2013-11-19 09:25:32,s-static.ak.facebook.com
2013-11-19 09:25:34,platform.twitter.com
2013-11-19 09:25:35,images-na.ssl-images-amazon.com
2013-11-19 09:25:35,clients1.google.com
2013-11-19 09:25:35,platform.twitter.com
2013-11-19 09:25:36,www.htmlcommentbox.com
2013-11-19 09:25:36,clients1.google.com
2013-11-19 09:25:36,evsecure-ocsp.verisign.com
2013-11-19 09:25:47,images-na.ssl-images-amazon.com
2013-11-19 09:25:56,images-na.ssl-images-amazon.com
2013-11-19 09:25:58,clients1.google.com
2013-11-19 09:26:02,sb-ssl.google.com
2013-11-19 09:26:07,twitter.com
2013-11-19 09:27:33,images-na.ssl-images-amazon.com
2013-11-19 09:28:02,www.google.com
2013-11-19 09:28:02,stackoverflow.com
2013-11-19 09:28:03,ocsp.godaddy.com
2013-11-19 09:28:03,i.stack.imgur.com
2013-11-19 09:28:05,careers.stackoverflow.com
2013-11-19 09:28:05,stackoverflow.com
2013-11-19 09:28:05,cdn-careers.sstatic.net
2013-11-19 09:28:06,ocsp.digicert.com
2013-11-19 09:28:08,ocsp.digicert.com
2013-11-19 09:28:10,adzerk-www.s3.amazonaws.com
2013-11-19 09:28:15,www.eetimes.com
2013-11-19 09:28:15,www.gravatar.com
2013-11-19 09:28:16,img.deusm.com
2013-11-19 09:28:16,dsimg.ubm-us.net
2013-11-19 09:28:16,widget.prnewswire.com
2013-11-19 09:28:16,i.ubm-us.net
2013-11-19 09:28:16,www.eetimes.com
2013-11-19 09:28:17,www.facebook.com
2013-11-19 09:28:17,img.deusm.com
2013-11-19 09:28:17,s-static.ak.facebook.com
2013-11-19 09:28:17,static.ak.facebook.com
2013-11-19 09:28:18,widget.prnewswire.com
2013-11-19 09:28:18,m.eet.com
2013-11-19 09:28:18,brightcove.vo.llnwd.net
2013-11-19 09:28:18,img.deusm.com
2013-11-19 09:28:21,brightcove.vo.llnwd.net
2013-11-19 09:28:21,m.eet.com
2013-11-19 09:28:21,img.deusm.com
2013-11-19 09:28:22,brightcove.vo.llnwd.net
2013-11-19 09:28:22,gtssl-ocsp.geotrust.com
2013-11-19 09:28:22,stackauth.com
2013-11-19 09:28:23,m.eet.com
2013-11-19 09:28:23,img.deusm.com
2013-11-19 09:28:23,sso.techonline.com
2013-11-19 09:28:24,img.deusm.com
2013-11-19 09:28:24,widget.prnewswire.com
2013-11-19 09:28:24,m.eet.com
2013-11-19 09:28:25,sso.techonline.com
2013-11-19 09:28:25,img.deusm.com
2013-11-19 09:28:25,www.eetimes.com
2013-11-19 09:28:26,img.deusm.com
2013-11-19 09:28:27,img.deusm.com
2013-11-19 09:28:28,img.deusm.com
2013-11-19 09:28:29,img.deusm.com
2013-11-19 09:28:29,twimgs.com
2013-11-19 09:28:30,img.deusm.com
2013-11-19 09:28:30,twimgs.com
2013-11-19 09:28:31,img.deusm.com
2013-11-19 09:28:32,apis.google.com
2013-11-19 09:28:32,platform.twitter.com
2013-11-19 09:28:32,img.lightreading.com
2013-11-19 09:28:33,gtssl-ocsp.geotrust.com
2013-11-19 09:28:33,ocsp.verisign.com
2013-11-19 09:28:34,dsimg.ubm-us.net
2013-11-19 09:28:34,platform.twitter.com
2013-11-19 09:28:35,s657486201.t.eloqua.com
2013-11-19 09:28:35,www.google.com
2013-11-19 09:28:35,apis.google.com
2013-11-19 09:28:35,ocsp.digicert.com
2013-11-19 09:28:36,www.eetimes.com
2013-11-19 09:28:36,www.google.com
2013-11-19 09:28:36,www.google.fr
2013-11-19 09:28:36,gtssldv-ocsp.geotrust.com
2013-11-19 09:28:36,twitter.com
2013-11-19 09:28:36,pbs.twimg.com
2013-11-19 09:28:37,www.facebook.com
2013-11-19 09:28:38,gtssldv-ocsp.geotrust.com
2013-11-19 09:28:38,www.eetimes.com
2013-11-19 09:28:40,img.deusm.com
2013-11-19 09:28:51,pbs.twimg.com
2013-11-19 09:29:00,ng.techweb.com
2013-11-19 09:29:01,img.deusm.com
2013-11-19 09:29:05,ocsp.digicert.com
2013-11-19 09:29:27,sites.google.com
2013-11-19 09:29:28,sites.google.com
2013-11-19 09:29:31,sites.google.com
2013-11-19 09:29:35,syndication.twitter.com
2013-11-19 09:29:36,accounts.google.com
2013-11-19 09:29:44,www.google.com
2013-11-19 09:29:44,www.cs.cf.ac.uk
2013-11-19 09:29:46,www.cs.cf.ac.uk
2013-11-19 09:29:47,docs.google.com
2013-11-19 09:29:57,docs.google.com
2013-11-19 09:30:39,clients1.google.com
2013-11-19 09:30:40,clients1.google.com
2013-11-19 09:30:41,www.google.com
2013-11-19 09:30:41,img.youtube.com
2013-11-19 09:30:43,clients1.google.com
2013-11-19 09:30:45,www.google.com
2013-11-19 09:30:47,www.thelearningpoint.net
2013-11-19 09:30:50,www.google.com
2013-11-19 09:30:51,stackoverflow.com
2013-11-19 09:30:55,careers.stackoverflow.com
2013-11-19 09:30:55,stackoverflow.com
2013-11-19 09:30:56,careers.stackoverflow.com
2013-11-19 09:31:36,abs.twimg.com
2013-11-19 09:31:37,platform.twitter.com
2013-11-19 09:33:52,www.gravatar.com
2013-11-19 09:34:22,www.google.com
2013-11-19 09:34:23,www.cs.ucf.edu
2013-11-19 09:37:18,newsrss.bbc.co.uk
2013-11-19 09:37:18,fxfeeds.mozilla.com
2013-11-19 09:37:18,feeds.bbci.co.uk
2013-11-19 09:53:54,safebrowsing.clients.google.com
2013-11-19 09:53:54,safebrowsing-cache.google.com
2013-11-19 09:53:55,safebrowsing-cache.google.com
2013-11-19 09:53:56,safebrowsing-cache.google.com
2013-11-19 09:53:57,safebrowsing-cache.google.com
2013-11-19 09:53:58,safebrowsing-cache.google.com
2013-11-19 09:54:59,safebrowsing-cache.google.com
2013-11-19 09:55:00,safebrowsing-cache.google.com
2013-11-19 09:55:01,safebrowsing-cache.google.com
2013-11-19 09:55:02,safebrowsing-cache.google.com
2013-11-21 08:04:42,www.google.com
2013-11-21 08:04:42,clients1.google.com
2013-11-21 08:04:45,bits.wikimedia.org
2013-11-21 08:04:45,www.google.com
2013-11-21 08:04:45,fr.wikipedia.org
2013-11-21 08:04:46,ocsp.digicert.com
2013-11-21 08:04:46,fr.wikipedia.org
2013-11-21 08:04:46,login.wikimedia.org
2013-11-21 08:04:46,www.google.com
2013-11-21 08:04:46,bits.wikimedia.org
2013-11-21 08:04:47,meta.wikimedia.org
2013-11-21 08:04:47,bits.wikimedia.org
2013-11-21 08:04:47,fr.wikipedia.org
2013-11-21 08:04:51,fr.wikipedia.org
2013-11-21 08:04:51,bits.wikimedia.org
2013-11-21 08:04:52,meta.wikimedia.org
2013-11-21 08:04:52,bits.wikimedia.org
2013-11-21 08:04:53,clients1.google.com
2013-11-21 08:04:53,meta.wikimedia.org
2013-11-21 08:04:53,bits.wikimedia.org
2013-11-21 08:04:53,fr.wikipedia.org
2013-11-21 08:04:54,clients1.google.com
2013-11-21 08:04:55,clients1.google.com
2013-11-21 08:04:56,clients1.google.com
2013-11-21 08:04:58,www.google.com
2013-11-21 08:04:58,clients1.google.com
2013-11-21 08:04:59,www.google.com
2013-11-21 08:04:59,www.cplusplus.com
2013-11-21 08:05:00,www.google.com
2013-11-21 08:05:01,gtglobal-ocsp.geotrust.com
2013-11-21 08:05:01,clients1.google.com
2013-11-21 08:05:01,www.google.com
2013-11-21 08:05:17,clients1.google.com
2013-11-21 08:05:17,safebrowsing.clients.google.com
2013-11-21 08:05:17,safebrowsing-cache.google.com
2013-11-21 08:05:18,safebrowsing-cache.google.com
2013-11-21 08:05:19,safebrowsing-cache.google.com
2013-11-21 08:05:20,safebrowsing-cache.google.com
2013-11-21 08:05:21,safebrowsing-cache.google.com
2013-11-21 08:05:22,safebrowsing-cache.google.com
2013-11-21 08:05:46,fr.wikipedia.org
2013-11-21 08:06:23,safebrowsing-cache.google.com
2013-11-21 08:06:35,clients1.google.com
2013-11-21 08:06:35,www.google.com
2013-11-21 08:06:36,www.google.com
2013-11-21 08:06:36,bits.wikimedia.org
2013-11-21 08:06:36,fr.wikipedia.org
2013-11-21 08:06:37,bits.wikimedia.org
2013-11-21 08:06:37,meta.wikimedia.org
2013-11-21 08:06:37,fr.wikipedia.org
2013-11-21 08:09:17,sb-ssl.google.com
2013-11-21 08:10:26,www.google.com
2013-11-21 08:10:27,clients1.google.com
2013-11-21 08:10:39,clients1.google.com
2013-11-21 08:10:40,clients1.google.com
2013-11-21 08:10:42,clients1.google.com
2013-11-21 08:10:43,clients1.google.com
2013-11-21 08:10:43,www.google.com
2013-11-21 08:10:44,clients1.google.com
2013-11-21 08:10:52,clients1.google.com
2013-11-21 08:10:53,clients1.google.com
2013-11-21 08:10:54,clients1.google.com
2013-11-21 08:10:55,clients1.google.com
2013-11-21 08:10:56,clients1.google.com
2013-11-21 08:10:58,www.google.com
2013-11-21 08:10:58,clients1.google.com
2013-11-21 08:11:00,clients1.google.com
2013-11-21 08:11:01,clients1.google.com
2013-11-21 08:11:04,clients1.google.com
2013-11-21 08:11:05,clients1.google.com
2013-11-21 08:11:06,clients1.google.com
2013-11-21 08:11:08,clients1.google.com
2013-11-21 08:11:08,www.google.com
2013-11-21 08:11:26,www.google.com
2013-11-21 08:11:35,yui.yahooapis.com
2013-11-21 08:11:35,js.cprogramming.com
2013-11-21 08:11:35,static.cprogramming.com
2013-11-21 08:11:36,av.cprogramming.com
2013-11-21 08:11:36,js.cprogramming.com
2013-11-21 08:11:36,cboard.cprogramming.com
2013-11-21 08:11:36,static.cprogramming.com
2013-11-21 08:11:36,im.cprogramming.com
2013-11-21 08:11:37,www.feedburner.com
2013-11-21 08:11:37,connect.facebook.net
2013-11-21 08:11:37,s-static.ak.facebook.com
2013-11-21 08:11:37,www.facebook.com
2013-11-21 08:11:37,static.ak.facebook.com
2013-11-21 08:14:18,ocsp.digicert.com
2013-11-21 08:23:46,www.google.com
2013-11-21 08:23:46,clients1.google.com
2013-11-21 08:23:47,www.google.com
2013-11-21 08:23:47,fr.wikipedia.org
2013-11-21 08:23:47,bits.wikimedia.org
2013-11-21 08:23:48,bits.wikimedia.org
2013-11-21 08:23:50,meta.wikimedia.org
2013-11-21 08:23:50,bits.wikimedia.org
2013-11-21 08:23:50,fr.wikipedia.org
2013-11-21 08:23:52,meta.wikimedia.org
2013-11-21 08:24:36,www.google.com
2013-11-21 08:24:36,clients1.google.com
2013-11-21 08:24:36,ocsp.tcs.terena.org
2013-11-21 08:24:36,ocsp.usertrust.com
2013-11-21 08:24:37,ocsp.comodoca.com
2013-11-21 08:37:20,safebrowsing.clients.google.com
2013-11-21 08:37:20,safebrowsing-cache.google.com
2013-11-21 08:37:21,safebrowsing-cache.google.com
2013-11-21 08:37:22,safebrowsing-cache.google.com
2013-11-21 08:37:23,safebrowsing-cache.google.com
2013-11-21 08:37:24,safebrowsing-cache.google.com
2013-11-21 08:37:25,safebrowsing-cache.google.com
2013-11-21 08:38:25,safebrowsing-cache.google.com
2013-11-21 08:38:26,safebrowsing-cache.google.com
2013-11-21 08:38:27,safebrowsing-cache.google.com
2013-11-21 09:00:33,clients1.google.com
2013-11-21 09:00:33,www.google.com
2013-11-21 09:00:35,www.google.com
2013-11-21 09:00:36,code.google.com
2013-11-21 09:00:36,www.google.com
2013-11-21 09:00:37,code.google.com
2013-11-21 09:00:41,www.google.com
2013-11-21 09:00:42,koolplot.codecutter.org
2013-11-21 09:00:42,www.google.com
2013-11-21 09:00:43,koolplot.codecutter.org
2013-11-21 09:00:46,koolplot.codecutter.org
2013-11-21 09:00:55,ajax.googleapis.com
2013-11-21 09:00:55,stackoverflow.com
2013-11-21 09:00:56,ocsp.godaddy.com
2013-11-21 09:00:57,cdn-careers.sstatic.net
2013-11-21 09:00:57,ocsp.thawte.com
2013-11-21 09:00:57,stackoverflow.com
2013-11-21 09:00:57,careers.stackoverflow.com
2013-11-21 09:00:58,careers.stackoverflow.com
2013-11-21 09:00:58,ocsp.digicert.com
2013-11-21 09:01:13,stackauth.com
2013-11-21 09:01:56,ocsp.digicert.com
2013-11-21 09:01:57,adzerk-www.s3.amazonaws.com
2013-11-21 09:02:05,www.google.com
2013-11-21 09:02:06,clients1.google.com
2013-11-21 09:02:15,clients1.google.com
2013-11-21 09:02:17,clients1.google.com
2013-11-21 09:02:21,clients1.google.com
2013-11-21 09:02:22,clients1.google.com
2013-11-21 09:02:23,clients1.google.com
2013-11-21 09:02:24,clients1.google.com
2013-11-21 09:02:25,clients1.google.com
2013-11-21 09:02:27,www.google.com
2013-11-21 09:02:27,clients1.google.com
2013-11-21 09:02:28,www.google.com
2013-11-21 09:02:29,stackoverflow.com
2013-11-21 09:02:29,i.stack.imgur.com
2013-11-21 09:02:30,careers.stackoverflow.com
2013-11-21 09:02:30,stackoverflow.com
2013-11-21 09:02:34,en.wikipedia.org
2013-11-21 09:02:34,bits.wikimedia.org
2013-11-21 09:02:35,bits.wikimedia.org
2013-11-21 09:02:35,en.wikipedia.org
2013-11-21 09:02:35,login.wikimedia.org
2013-11-21 09:02:36,meta.wikimedia.org
2013-11-21 09:02:36,bits.wikimedia.org
2013-11-21 09:02:37,bits.wikimedia.org
2013-11-21 09:03:26,en.wikipedia.org
2013-11-21 09:03:26,bits.wikimedia.org
2013-11-21 09:03:27,meta.wikimedia.org
2013-11-21 09:03:27,bits.wikimedia.org
2013-11-21 09:03:35,en.wikipedia.org
2013-11-21 09:03:36,en.wikipedia.org
2013-11-21 09:03:39,bits.wikimedia.org
2013-11-21 09:03:40,en.wikipedia.org
2013-11-21 09:03:41,en.wikipedia.org
2013-11-21 09:03:42,en.wikipedia.org
2013-11-21 09:03:43,en.wikipedia.org
2013-11-21 09:03:43,meta.wikimedia.org
2013-11-21 09:03:44,meta.wikimedia.org
2013-11-21 09:04:01,en.wikipedia.org
2013-11-21 09:04:01,bits.wikimedia.org
2013-11-21 09:04:02,meta.wikimedia.org
2013-11-21 09:04:02,bits.wikimedia.org
2013-11-21 09:04:15,www.google.com
2013-11-21 09:04:15,clients1.google.com
2013-11-21 09:04:17,clients1.google.com
2013-11-21 09:04:18,www.google.com
2013-11-21 09:04:18,clients1.google.com
2013-11-21 09:04:22,www.google.com
2013-11-21 09:04:23,clients1.google.com
2013-11-21 09:04:25,www.google.com
2013-11-21 09:04:26,i.stack.imgur.com
2013-11-21 09:04:26,www.mps.mpg.de
2013-11-21 09:04:26,stackoverflow.com
2013-11-21 09:04:27,i37.tinypic.com
2013-11-21 09:04:27,stackoverflow.com
2013-11-21 09:04:28,careers.stackoverflow.com
2013-11-21 09:04:31,www.mps.mpg.de
2013-11-21 09:04:37,apis.google.com
2013-11-21 09:04:52,www.mps.mpg.de
2013-11-21 09:04:53,www.mps.mpg.de
2013-11-21 09:04:54,www.mps.mpg.de
2013-11-21 09:04:55,www.mps.mpg.de
2013-11-21 09:04:56,www.mps.mpg.de
2013-11-21 09:04:59,www.mps.mpg.de
2013-11-21 09:05:00,www.mps.mpg.de
2013-11-21 09:07:27,www.gravatar.com
2013-11-21 09:08:30,www.google.com
2013-11-21 09:08:30,clients1.google.com
2013-11-21 09:08:31,www.google.com
2013-11-21 09:08:31,fr.wikipedia.org
2013-11-21 09:08:32,bits.wikimedia.org
2013-11-21 09:08:32,meta.wikimedia.org
2013-11-21 09:08:32,fr.wikipedia.org
2013-11-21 09:08:45,fr.wikipedia.org
2013-11-21 09:08:45,meta.wikimedia.org
2013-11-21 09:08:46,meta.wikimedia.org
2013-11-21 09:08:46,fr.wikipedia.org
2013-11-21 09:09:09,safebrowsing-cache.google.com
2013-11-21 09:09:09,safebrowsing.clients.google.com
2013-11-21 09:09:10,safebrowsing-cache.google.com
2013-11-21 09:09:11,safebrowsing-cache.google.com
2013-11-21 09:09:12,safebrowsing-cache.google.com
2013-11-21 09:09:13,safebrowsing-cache.google.com
2013-11-21 09:09:14,safebrowsing-cache.google.com
2013-11-21 09:09:16,bits.wikimedia.org
2013-11-21 09:09:18,fr.wikipedia.org
2013-11-21 09:09:19,fr.wikipedia.org
2013-11-21 09:09:20,fr.wikipedia.org
2013-11-21 09:09:21,fr.wikipedia.org
2013-11-21 09:09:22,fr.wikipedia.org
2013-11-21 09:09:23,fr.wikipedia.org
2013-11-21 09:09:24,fr.wikipedia.org
2013-11-21 09:09:25,fr.wikipedia.org
2013-11-21 09:09:25,bits.wikimedia.org
2013-11-21 09:09:26,bits.wikimedia.org
2013-11-21 09:09:26,meta.wikimedia.org
2013-11-21 09:09:26,fr.wikipedia.org
2013-11-21 09:09:31,bits.wikimedia.org
2013-11-21 09:09:31,fr.wikipedia.org
2013-11-21 09:09:32,meta.wikimedia.org
2013-11-21 09:09:32,fr.wikipedia.org
2013-11-21 09:10:14,safebrowsing-cache.google.com
2013-11-21 09:10:15,safebrowsing-cache.google.com
2013-11-21 09:10:16,safebrowsing-cache.google.com
2013-11-21 09:10:17,safebrowsing-cache.google.com
2013-11-21 09:10:18,safebrowsing-cache.google.com
2013-11-21 09:11:46,fr.wikipedia.org
2013-11-21 09:11:46,bits.wikimedia.org
2013-11-21 09:11:47,fr.wikipedia.org
2013-11-21 09:11:47,meta.wikimedia.org
2013-11-21 09:11:48,fr.wikipedia.org
2013-11-21 09:11:48,meta.wikimedia.org
2013-11-21 09:11:49,meta.wikimedia.org
2013-11-21 09:11:49,fr.wikipedia.org
2013-11-21 09:13:28,www.cairographics.org
2013-11-21 09:13:29,www.cairographics.org
2013-11-21 09:13:32,www.cairographics.org
2013-11-21 09:13:33,www.cairographics.org
2013-11-21 09:14:00,www.clutter-project.org
2013-11-21 09:14:01,blogs.gnome.org
2013-11-21 09:14:02,blogs.gnome.org
2013-11-21 09:14:12,www.mps.mpg.de
2013-11-21 09:14:16,www.mps.mpg.de
2013-11-21 09:14:19,www.mps.mpg.de
2013-11-21 09:14:35,stackoverflow.com
2013-11-21 09:14:40,www.mps.mpg.de
2013-11-21 09:14:50,www.mps.mpg.de
2013-11-21 09:14:52,www.mps.mpg.de
2013-11-21 09:19:25,fxfeeds.mozilla.com
2013-11-21 09:19:25,newsrss.bbc.co.uk
2013-11-21 09:19:25,feeds.bbci.co.uk
2013-11-21 09:26:31,fr.wikipedia.org
2013-11-21 09:26:31,bits.wikimedia.org
2013-11-21 09:26:32,fr.wikipedia.org
2013-11-21 09:26:32,bits.wikimedia.org
2013-11-21 09:26:32,meta.wikimedia.org
2013-11-21 09:26:34,bits.wikimedia.org
2013-11-21 09:26:38,fr.wikipedia.org
2013-11-21 09:26:39,meta.wikimedia.org
2013-11-21 09:26:39,fr.wikipedia.org
2013-11-21 09:27:02,fr.wikipedia.org
2013-11-21 09:27:03,fr.wikipedia.org
2013-11-21 09:27:03,meta.wikimedia.org
2013-11-21 09:28:17,www.google.com
2013-11-21 09:28:18,clients1.google.com
2013-11-21 09:28:21,www.google.com
2013-11-21 09:28:26,clients1.google.com
2013-11-21 09:28:27,clients1.google.com
2013-11-21 09:28:30,www.google.com
2013-11-21 09:28:30,img.youtube.com
2013-11-21 09:28:30,clients1.google.com
2013-11-21 09:28:34,www.google.com
2013-11-21 09:28:34,stackoverflow.com
2013-11-21 09:28:35,stackoverflow.com
2013-11-21 09:28:36,careers.stackoverflow.com
2013-11-21 09:29:44,www.mozilla.com
2013-11-21 09:29:45,www.mozilla.org
2013-11-21 09:31:35,www.gravatar.com
2013-11-21 09:38:46,www.google.com
2013-11-21 09:38:47,mathworld.wolfram.com
2013-11-21 09:38:48,www.wolframalpha.com
2013-11-21 09:38:48,mathworld.wolfram.com
2013-11-21 09:39:02,www.google.com
2013-11-21 09:39:03,www.cs.uaf.edu
2013-11-21 09:39:22,clients1.google.com
2013-11-21 09:39:22,www.google.com
2013-11-21 09:39:22,img.youtube.com
2013-11-21 09:39:23,safebrowsing.clients.google.com
2013-11-21 09:39:23,safebrowsing-cache.google.com
2013-11-21 09:39:24,safebrowsing-cache.google.com
2013-11-21 09:39:25,safebrowsing-cache.google.com
2013-11-21 09:39:26,safebrowsing-cache.google.com
2013-11-21 09:39:27,safebrowsing-cache.google.com
2013-11-21 09:39:28,safebrowsing-cache.google.com
2013-11-21 09:40:29,safebrowsing-cache.google.com
2013-11-21 09:41:01,www.google.com
2013-11-21 09:41:01,clients1.google.com
2013-11-21 09:41:30,www.google.com
2013-11-21 09:41:30,clients1.google.com
2013-11-21 09:41:35,www.google.com
2013-11-21 09:41:35,forums.xkcd.com
2013-11-21 09:41:36,forums.xkcd.com
2013-11-21 09:41:37,forums.xkcd.com
2013-11-21 09:43:15,en.wikipedia.org
2013-11-21 09:43:15,bits.wikimedia.org
2013-11-21 09:43:15,meta.wikimedia.org
2013-11-21 09:47:12,www.google.com
2013-11-21 09:47:14,www.math.sfu.ca
2013-11-21 09:47:14,www.sfu.ca
2013-11-21 09:47:16,people.math.sfu.ca
2013-11-21 09:51:30,clients1.google.com
2013-11-21 09:51:31,clients1.google.com
2013-11-21 09:51:32,clients1.google.com
2013-11-21 09:51:34,www.google.com
2013-11-21 09:51:34,clients1.google.com
2013-11-21 09:51:39,clients1.google.com
2013-11-21 09:51:40,clients1.google.com
2013-11-21 09:51:40,www.google.com
2013-11-21 09:51:41,clients1.google.com
2013-11-21 09:51:52,www.google.com
2013-11-21 09:51:52,fr.wikipedia.org
2013-11-21 09:51:53,meta.wikimedia.org
2013-11-21 09:51:53,bits.wikimedia.org
2013-11-21 09:51:54,meta.wikimedia.org
2013-11-21 09:51:54,fr.wikipedia.org
2013-11-21 09:52:33,www.google.com
2013-11-21 09:52:33,clients1.google.com
2013-11-21 09:52:37,www.google.com
2013-11-21 09:52:37,stackoverflow.com
2013-11-21 09:52:38,www.google.com
2013-11-21 09:52:39,stackoverflow.com
2013-11-21 09:52:39,careers.stackoverflow.com
2013-11-21 09:53:26,books.google.com
2013-11-21 09:53:26,books.google.fr
2013-11-21 09:53:26,www.google.com
2013-11-21 09:53:27,bks0.books.google.fr
2013-11-21 09:53:27,books.google.fr
2013-11-21 09:53:28,gtglobal-ocsp.geotrust.com
2013-11-21 09:53:28,clients1.google.com
2013-11-21 09:54:39,www.google.com
2013-11-21 09:54:39,clients1.google.com
2013-11-21 09:54:46,www.google.com
2013-11-21 09:54:46,stackoverflow.com
2013-11-21 09:54:47,i.stack.imgur.com
2013-11-21 09:54:47,cdn-careers.sstatic.net
2013-11-21 09:54:47,stackoverflow.com
2013-11-21 09:54:47,careers.stackoverflow.com
2013-11-21 09:54:50,stackoverflow.com
2013-11-21 09:54:50,www.google.com
2013-11-21 09:54:52,stackoverflow.com
2013-11-21 09:54:52,careers.stackoverflow.com
2013-11-21 09:57:28,apis.google.com
2013-11-21 09:57:33,www.google.com
2013-11-21 09:57:33,clients1.google.com
2013-11-21 09:57:35,clients1.google.com
2013-11-21 09:57:35,www.google.com
2013-11-21 09:57:36,clients1.google.com
2013-11-21 09:57:37,clients1.google.com
2013-11-21 09:57:38,clients1.google.com
2013-11-21 09:57:40,clients1.google.com
2013-11-21 09:57:42,www.google.com
2013-11-21 09:57:42,clients1.google.com
2013-11-21 09:57:47,clients1.google.com
2013-11-21 09:57:47,www.google.com
2013-11-21 09:57:48,www.gravatar.com
2013-11-21 09:57:48,www.cplusplus.com
2013-11-21 09:57:48,www.google.com
2013-11-21 09:57:49,hal9000.redintelligence.net
2013-11-21 09:57:50,ad.publicidees.com
2013-11-21 09:57:50,ea.numericable.fr
2013-11-21 09:57:50,hal9000.redintelligence.net
2013-11-21 09:57:51,www.gravatar.com
2013-11-21 09:57:52,www.gravatar.com
2013-11-21 09:57:53,www.cplusplus.com
2013-11-21 09:57:53,clients1.google.com
2013-11-21 09:57:53,www.google.com
2013-11-21 09:57:54,www.google.com
2013-11-21 09:57:57,www.cplusplus.com
2013-11-21 09:57:57,clients1.google.com
2013-11-21 09:59:10,www.cplusplus.com
2013-11-21 09:59:11,www.cplusplus.com
2013-11-21 09:59:11,www.google.com
2013-11-21 09:59:11,clients1.google.com
2013-11-21 09:59:15,www.cplusplus.com
2013-11-21 09:59:16,www.cplusplus.com
2013-11-21 10:00:15,www.google.com
2013-11-21 10:00:15,www.googleapis.com
2013-11-21 10:01:33,stackoverflow.com
2013-11-21 10:01:41,cdn-careers.sstatic.net
2013-11-21 10:01:42,cdn-careers.sstatic.net
2013-11-21 10:01:42,careers.stackoverflow.com
2013-11-21 10:01:49,stackoverflow.com
2013-11-21 10:02:05,ocsp.godaddy.com
2013-11-21 10:02:31,www.gravatar.com
2013-11-28 08:06:10,www.debian.org
2013-11-28 08:06:10,www.squid-cache.org
2013-11-28 08:06:11,www.debian.org
2013-11-28 08:07:24,clients1.google.com
2013-11-28 08:07:24,gtglobal-ocsp.geotrust.com
2013-11-28 08:07:24,ocsp.tcs.terena.org
2013-11-28 08:07:25,ocsp.usertrust.com
2013-11-28 08:07:25,ocsp.comodoca.com
2013-11-28 08:10:22,safebrowsing.clients.google.com
2013-11-28 08:10:22,safebrowsing-cache.google.com
2013-11-28 08:11:33,safebrowsing-cache.google.com
2013-11-28 08:11:35,safebrowsing-cache.google.com
2013-11-28 08:11:37,safebrowsing-cache.google.com
2013-11-28 08:11:38,safebrowsing-cache.google.com
2013-11-28 08:12:39,safebrowsing-cache.google.com
2013-11-28 08:12:40,safebrowsing-cache.google.com
2013-11-28 08:12:41,safebrowsing-cache.google.com
2013-11-28 08:12:42,safebrowsing-cache.google.com
2013-11-28 08:12:43,safebrowsing-cache.google.com
2013-11-28 08:13:44,safebrowsing-cache.google.com
2013-11-28 08:13:45,safebrowsing-cache.google.com
2013-11-28 08:13:46,safebrowsing-cache.google.com
2013-11-28 08:17:00,ocsp.digicert.com
2013-11-28 08:38:13,p.sfx.ms
2013-11-28 08:39:14,c.live.com
2013-11-28 08:39:19,skydrive.live.com
2013-11-28 08:41:39,p.sfx.ms
2013-11-28 08:43:15,p.sfx.ms
2013-11-28 10:00:21,fr.wikipedia.org
2013-11-28 10:00:21,login.wikimedia.org
2013-12-12 08:03:03,stackoverflow.com
2013-12-12 08:04:09,fr.wikipedia.org
2013-12-12 08:04:09,ocsp.godaddy.com
2013-12-12 08:04:10,fr.wikipedia.org
2013-12-12 08:04:10,hal9000.redintelligence.net
2013-12-12 08:04:10,www.google.com
2013-12-12 08:04:11,meta.wikimedia.org
2013-12-12 08:04:11,n23.hal9000.redintelligence.net
2013-12-12 08:04:12,clients1.google.com
2013-12-12 08:04:12,gtglobal-ocsp.geotrust.com
2013-12-12 08:04:12,ea.numericable.fr
2013-12-12 08:04:13,ocsp.thawte.com
2013-12-12 08:04:13,a.nonstoppartner.net
2013-12-12 08:04:13,banner.nonstoppartner.net
2013-12-12 08:04:21,banniere.reussissonsensemble.fr
2013-12-12 08:04:27,banniere.reussissonsensemble.fr
2013-12-12 08:04:30,www.google.com
2013-12-12 08:04:30,clients1.google.com
2013-12-12 08:04:32,www.google.com
2013-12-12 08:04:33,evsecure-ocsp.verisign.com
2013-12-12 08:04:33,evintl-ocsp.verisign.com
2013-12-12 08:04:34,p.sfx.ms
2013-12-12 08:05:00,evintl-ocsp.verisign.com
2013-12-12 08:05:01,www.gravatar.com
2013-12-12 08:05:01,skydrive.live.com
2013-12-12 08:05:01,secure.shared.live.com
2013-12-12 08:05:01,login.live.com
2013-12-12 08:05:01,evintl-ocsp.verisign.com
2013-12-12 08:05:02,login.live.com
2013-12-12 08:05:02,secure.shared.live.com
2013-12-12 08:05:02,ocsp.entrust.net
2013-12-12 08:05:02,ocsp.digicert.com
2013-12-12 08:05:03,p.sfx.ms
2013-12-12 08:05:14,windowslive.tt.omtrdc.net
2013-12-12 08:05:14,login.live.com
2013-12-12 08:05:14,skydrive.live.com
2013-12-12 08:05:16,ocsp.verisign.com
2013-12-12 08:05:17,cid-e468e627a33073c4.users.storage.live.com
2013-12-12 08:05:19,people.directory.live.com
2013-12-12 08:06:05,clients1.google.com
2013-12-12 08:06:05,www.google.com
2013-12-12 08:06:11,safebrowsing.clients.google.com
2013-12-12 08:06:12,www.google.com
2013-12-12 08:06:13,skydrive.live.com
2013-12-12 08:06:13,www.google.com
2013-12-12 08:06:13,osdir.com
2013-12-12 08:06:14,cid-e468e627a33073c4.users.storage.live.com
2013-12-12 08:06:14,www.google.com
2013-12-12 08:06:14,ajax.googleapis.com
2013-12-12 08:06:14,clients1.google.com
2013-12-12 08:06:14,osdir.com
2013-12-12 08:06:15,ajax.googleapis.com
2013-12-12 08:06:15,apis.google.com
2013-12-12 08:06:15,www.gravatar.com
2013-12-12 08:06:15,osdir.com
2013-12-12 08:06:16,osdir.com
2013-12-12 08:06:16,clients1.google.com
2013-12-12 08:06:16,um.simpli.fi
2013-12-12 08:06:16,www.gravatar.com
2013-12-12 08:06:17,c.live.com
2013-12-12 08:06:19,rp.gwallet.com
2013-12-12 08:06:19,osdir.com
2013-12-12 08:06:19,cdnjs.cloudflare.com
2013-12-12 08:06:19,www.gravatar.com
2013-12-12 08:06:19,www.facebook.com
2013-12-12 08:06:20,choices.truste.com
2013-12-12 08:06:20,ajax.googleapis.com
2013-12-12 08:06:20,cdnjs.cloudflare.com
2013-12-12 08:06:20,fr.ad4mat.net
2013-12-12 08:06:20,www.facebook.com
2013-12-12 08:06:20,www.gravatar.com
2013-12-12 08:06:20,player.anyclip.com
2013-12-12 08:06:21,rbp.mxptint.net
2013-12-12 08:06:21,choices.truste.com
2013-12-12 08:06:21,player.anyclip.com
2013-12-12 08:06:22,rubicon-match.dotomi.com
2013-12-12 08:06:22,static.ad4mat.net
2013-12-12 08:06:22,choices.truste.com
2013-12-12 08:06:22,fr.ad4mat.net
2013-12-12 08:06:23,apis.google.com
2013-12-12 08:06:23,pool-eu-ie.creative-serving.com
2013-12-12 08:06:23,p.sfx.ms
2013-12-12 08:06:23,banniere.reussissonsensemble.fr
2013-12-12 08:06:23,rubicon-match.dotomi.com
2013-12-12 08:06:23,clients1.google.com
2013-12-12 08:06:23,boutique-online.orange.fr
2013-12-12 08:06:23,media.cyrillus.fr
2013-12-12 08:06:23,choices.truste.com
2013-12-12 08:06:23,match.rtbidder.net
2013-12-12 08:06:23,www.yakarouler.com
2013-12-12 08:06:23,pr.ybp.yahoo.com
2013-12-12 08:06:23,ocsp.comodoca.com
2013-12-12 08:06:23,fr.ad4mat.net
2013-12-12 08:06:24,static.ad4mat.net
2013-12-12 08:06:24,fr.ad4mat.net
2013-12-12 08:06:24,a.nonstoppartner.net
2013-12-12 08:06:24,event.etam.com
2013-12-12 08:06:24,www.moondreamwebstore.fr
2013-12-12 08:06:24,www.effiliation-hebergement.com
2013-12-12 08:06:24,ocsp.comodoca.com
2013-12-12 08:06:24,www.facebook.com
2013-12-12 08:06:24,banniere.reussissonsensemble.fr
2013-12-12 08:06:25,www.outiror.com
2013-12-12 08:06:25,banniere.reussissonsensemble.fr
2013-12-12 08:06:25,gtssl-ocsp.geotrust.com
2013-12-12 08:06:25,www.facebook.com
2013-12-12 08:06:25,choices.truste.com
2013-12-12 08:06:25,ea.numericable.fr
2013-12-12 08:06:26,osdir.com
2013-12-12 08:06:26,choices.truste.com
2013-12-12 08:06:30,ce.lijit.com
2013-12-12 08:06:31,apnx-match.dotomi.com
2013-12-12 08:06:40,pixel2368.everesttech.net
2013-12-12 08:06:56,ajax.googleapis.com
2013-12-12 08:06:56,osdir.com
2013-12-12 08:06:57,osdir.com
2013-12-12 08:06:57,ajax.googleapis.com
2013-12-12 08:06:58,osdir.com
2013-12-12 08:06:58,speedserve.s3-website-us-east-1.amazonaws.com
2013-12-12 08:07:00,fr.ad4mat.net
2013-12-12 08:07:00,ea.numericable.fr
2013-12-12 08:07:01,apnx-match.dotomi.com
2013-12-12 08:07:02,apnx-match.dotomi.com
2013-12-12 08:07:03,apnx-match.dotomi.com
2013-12-12 08:07:04,apnx-match.dotomi.com
2013-12-12 08:07:05,apnx-match.dotomi.com
2013-12-12 08:07:20,safebrowsing-cache.google.com
2013-12-12 08:07:23,safebrowsing-cache.google.com
2013-12-12 08:07:32,osdir.com
2013-12-12 08:07:32,ajax.googleapis.com
2013-12-12 08:07:33,cpmserve.s3-website-us-west-1.amazonaws.com
2013-12-12 08:07:33,osdir.com
2013-12-12 08:07:34,op.trpxl.com
2013-12-12 08:07:35,op.trpxl.com
2013-12-12 08:07:36,fr.ad4mat.net
2013-12-12 08:07:36,op.trpxl.com
2013-12-12 08:07:36,eulerian.telechargement.fr
2013-12-12 08:07:36,static.ad4mat.net
2013-12-12 08:07:37,lemoncurve.com
2013-12-12 08:07:37,ea.numericable.fr
2013-12-12 08:08:08,osdir.com
2013-12-12 08:08:08,ajax.googleapis.com
2013-12-12 08:08:09,osdir.com
2013-12-12 08:08:09,ajax.googleapis.com
2013-12-12 08:08:12,eulerian.telechargement.fr
2013-12-12 08:08:12,fr.ad4mat.net
2013-12-12 08:08:12,static.ad4mat.net
2013-12-12 08:08:13,www.outiror.com
2013-12-12 08:08:13,ocsp.godaddy.com
2013-12-12 08:08:13,ocsp.digicert.com
2013-12-12 08:08:26,safebrowsing-cache.google.com
2013-12-12 08:08:28,safebrowsing-cache.google.com
2013-12-12 08:08:29,safebrowsing-cache.google.com
2013-12-12 08:08:30,safebrowsing-cache.google.com
2013-12-12 08:08:31,safebrowsing-cache.google.com
2013-12-12 08:08:44,ajax.googleapis.com
2013-12-12 08:08:44,osdir.com
2013-12-12 08:08:45,osdir.com
2013-12-12 08:08:45,ajax.googleapis.com
2013-12-12 08:08:46,osdir.com
2013-12-12 08:08:47,eulerian.telechargement.fr
2013-12-12 08:08:48,images.orangepublicite.fr
2013-12-12 08:08:48,fr.ad4mat.net
2013-12-12 08:08:48,static.ad4mat.net
2013-12-12 08:08:48,eulerian.telechargement.fr
2013-12-12 08:08:49,www.pimkie.fr
2013-12-12 08:09:19,osdir.com
2013-12-12 08:09:19,ajax.googleapis.com
2013-12-12 08:09:20,osdir.com
2013-12-12 08:09:20,ajax.googleapis.com
2013-12-12 08:09:21,osdir.com
2013-12-12 08:09:22,eulerian.telechargement.fr
2013-12-12 08:09:23,static.ad4mat.net
2013-12-12 08:09:23,eulerian.telechargement.fr
2013-12-12 08:09:23,fr.ad4mat.net
2013-12-12 08:09:24,www.avenir-affiliation.fr
2013-12-12 08:09:24,a1444.g.akamai.net
2013-12-12 08:09:24,images.oscaro.com
2013-12-12 08:09:25,tracking.veoxa.com
2013-12-12 08:09:25,ajax.googleapis.com
2013-12-12 08:09:25,ce.lijit.com
2013-12-12 08:09:25,memes-officiel.com
2013-12-12 08:09:25,www.avenir-affiliation.fr
2013-12-12 08:09:26,www.facebook.com
2013-12-12 08:09:26,cox-match.dotomi.com
2013-12-12 08:09:26,tracking.veoxa.com
2013-12-12 08:09:26,lightpics.fr
2013-12-12 08:09:26,cip.gagnoo.com
2013-12-12 08:09:26,zicodico.com
2013-12-12 08:09:26,memes-officiel.com
2013-12-12 08:09:27,cip.gagnoo.com
2013-12-12 08:09:27,ajax.googleapis.com
2013-12-12 08:09:27,cox-match.dotomi.com
2013-12-12 08:09:27,tracking.veoxa.com
2013-12-12 08:09:27,i1.ztat.net
2013-12-12 08:09:27,ea.numericable.fr
2013-12-12 08:09:28,tracking.veoxa.com
2013-12-12 08:09:28,bonprix12.work.de
2013-12-12 08:09:28,ea.numericable.fr
2013-12-12 08:09:28,ad.publicidees.com
2013-12-12 08:09:28,www.caroll.com
2013-12-12 08:09:28,ocsp.thawte.com
2013-12-12 08:09:28,cip.gagnoo.com
2013-12-12 08:09:28,www.infos-villes.com
2013-12-12 08:09:29,static.groupon.fr
2013-12-12 08:09:29,ad.publicidees.com
2013-12-12 08:09:31,safebrowsing-cache.google.com
2013-12-12 08:09:33,safebrowsing-cache.google.com
2013-12-12 08:09:34,safebrowsing-cache.google.com
2013-12-12 08:09:35,safebrowsing-cache.google.com
2013-12-12 08:09:36,safebrowsing-cache.google.com
2013-12-12 08:09:59,osdir.com
2013-12-12 08:09:59,ajax.googleapis.com
2013-12-12 08:10:00,ajax.googleapis.com
2013-12-12 08:10:00,osdir.com
2013-12-12 08:10:01,dot.foxnetworks.com
2013-12-12 08:10:01,tracker.the-other-store.net
2013-12-12 08:10:01,osdir.com
2013-12-12 08:10:02,dot.foxnetworks.com
2013-12-12 08:10:02,medext.the-oz.com
2013-12-12 08:10:03,images.orangepublicite.fr
2013-12-12 08:10:03,dot.foxnetworks.com
2013-12-12 08:10:07,ocsp.verisign.com
2013-12-12 08:10:07,ocsp2.globalsign.com
2013-12-12 08:10:08,ajax.googleapis.com
2013-12-12 08:10:09,imagen01.247realmedia.com
2013-12-12 08:10:09,gmtdmp.mookie1.com
2013-12-12 08:10:09,gtssldv-ocsp.geotrust.com
2013-12-12 08:10:09,y.one.impact-ad.jp
2013-12-12 08:10:10,ocsp.trustwave.com
2013-12-12 08:10:10,ocsp.digicert.com
2013-12-12 08:10:10,y.one.impact-ad.jp
2013-12-12 08:10:10,ocsp.godaddy.com
2013-12-12 08:10:11,p.sfx.ms
2013-12-12 08:10:11,ocsp.verisign.com
2013-12-12 08:10:11,ocsp.digicert.com
2013-12-12 08:10:13,fei.pro-market.net
2013-12-12 08:10:21,accounts.google.com
2013-12-12 08:10:21,apis.google.com
2013-12-12 08:10:37,safebrowsing-cache.google.com
2013-12-12 08:10:38,safebrowsing-cache.google.com
2013-12-12 08:10:39,safebrowsing-cache.google.com
2013-12-12 08:10:40,safebrowsing-cache.google.com
2013-12-12 08:10:41,safebrowsing-cache.google.com
2013-12-12 08:11:12,www.facebook.com
2013-12-12 08:11:12,um.simpli.fi
2013-12-12 08:11:12,lrpush.apxlv.com
2013-12-12 08:11:13,ds.reson8.com
2013-12-12 08:11:13,rp.gwallet.com
2013-12-12 08:11:13,cs.specificclick.net
2013-12-12 08:11:14,www.facebook.com
2013-12-12 08:11:15,ds.reson8.com
2013-12-12 08:11:16,loadr.exelator.com
2013-12-12 08:11:16,ds.reson8.com
2013-12-12 08:11:20,www.google.com
2013-12-12 08:11:20,clients1.google.com
2013-12-12 08:11:23,www.google.com
2013-12-12 08:11:23,fr.wikipedia.org
2013-12-12 08:11:23,bits.wikimedia.org
2013-12-12 08:11:24,bits.wikimedia.org
2013-12-12 08:11:25,meta.wikimedia.org
2013-12-12 08:11:25,bits.wikimedia.org
2013-12-12 08:11:25,fr.wikipedia.org
2013-12-12 08:11:26,bits.wikimedia.org
2013-12-12 08:11:29,fr.wikipedia.org
2013-12-12 08:11:55,ocsp.digicert.com
2013-12-12 08:13:00,www.ldlc.com
2013-12-12 08:13:00,www.google.com
2013-12-12 08:13:00,media.ldlc.com
2013-12-12 08:13:00,ldlc.com
2013-12-12 08:13:01,media.ldlc.com
2013-12-12 08:13:01,ocsp.thawte.com
2013-12-12 08:13:01,www.ldlc.com
2013-12-12 08:13:01,www.google.com
2013-12-12 08:13:02,affiliation.groupe-ldlc.com
2013-12-12 08:13:02,media.ldlc.com
2013-12-12 08:13:02,www.ldlc.com
2013-12-12 08:13:03,www.ldlc.com
2013-12-12 08:13:03,media.ldlc.com
2013-12-12 08:13:03,clients1.google.com
2013-12-12 08:13:04,www.ldlc.com
2013-12-12 08:13:04,media.ldlc.com
2013-12-12 08:13:04,clients1.google.com
2013-12-12 08:13:06,www.ldlc.com
2013-12-12 08:13:06,media.ldlc.com
2013-12-12 08:13:07,www.ldlc.com
2013-12-12 08:13:07,media.ldlc.com
2013-12-12 08:13:08,clients1.google.com
2013-12-12 08:13:09,www.ldlc.com
2013-12-12 08:13:10,media.ldlc.com
2013-12-12 08:13:10,www.ldlc.com
2013-12-12 08:13:11,clients1.google.com
2013-12-12 08:13:12,media.ldlc.com
2013-12-12 08:13:12,www.ldlc.com
2013-12-12 08:13:13,media.ldlc.com
2013-12-12 08:13:13,www.ldlc.com
2013-12-12 08:13:14,media.ldlc.com
2013-12-12 08:13:14,www.ldlc.com
2013-12-12 08:13:15,www.ldlc.com
2013-12-12 08:13:15,clients1.google.com
2013-12-12 08:13:22,affiliation.groupe-ldlc.com
2013-12-12 08:13:31,media.ldlc.com
2013-12-12 08:13:31,www.ldlc.com
2013-12-12 08:13:32,media.ldlc.com
2013-12-12 08:13:32,www.ldlc.com
2013-12-12 08:13:33,www.ldlc.com
2013-12-12 08:13:33,media.ldlc.com
2013-12-12 08:13:34,www.ldlc.com
2013-12-12 08:13:34,clients1.google.com
2013-12-12 08:13:36,www.ldlc.com
2013-12-12 08:13:37,www.ldlc.com
2013-12-12 08:13:37,media.ldlc.com
2013-12-12 08:13:38,media.ldlc.com
2013-12-12 08:13:38,www.ldlc.com
2013-12-12 08:13:39,www.ldlc.com
2013-12-12 08:13:39,clients1.google.com
2013-12-12 08:13:47,affiliation.groupe-ldlc.com
2013-12-12 08:13:48,www.ldlc.com
2013-12-12 08:13:49,media.ldlc.com
2013-12-12 08:13:49,www.ldlc.com
2013-12-12 08:13:50,apis.google.com
2013-12-12 08:13:50,www.ldlc.com
2013-12-12 08:13:50,media.ldlc.com
2013-12-12 08:13:52,clients1.google.com
2013-12-12 08:13:55,www.ldlc.com
2013-12-12 08:13:59,affiliation.groupe-ldlc.com
2013-12-12 08:14:46,www.ldlc.com
2013-12-12 08:14:47,www.ldlc.com
2013-12-12 08:14:47,media.ldlc.com
2013-12-12 08:14:48,www.ldlc.com
2013-12-12 08:14:48,media.ldlc.com
2013-12-12 08:14:49,clients1.google.com
2013-12-12 08:14:53,www.ldlc.com
2013-12-12 08:14:54,media.ldlc.com
2013-12-12 08:14:54,www.ldlc.com
2013-12-12 08:14:55,media.ldlc.com
2013-12-12 08:14:55,www.ldlc.com
2013-12-12 08:14:56,clients1.google.com
2013-12-12 08:15:03,affiliation.groupe-ldlc.com
2013-12-12 08:15:47,www.ldlc.com
2013-12-12 08:15:48,www.ldlc.com
2013-12-12 08:15:48,media.ldlc.com
2013-12-12 08:15:50,clients1.google.com
2013-12-12 08:15:57,affiliation.groupe-ldlc.com
2013-12-12 08:18:55,apis.google.com
2013-12-12 08:18:56,accounts.google.com
2013-12-12 08:19:48,chart.googleapis.com
2013-12-12 08:42:31,safebrowsing.clients.google.com
2013-12-12 08:42:31,safebrowsing-cache.google.com
2013-12-12 08:42:32,safebrowsing-cache.google.com
2013-12-12 08:44:40,www.google.com
2013-12-12 08:44:40,clients1.google.com
2013-12-12 08:44:42,www.google.com
2013-12-12 08:44:42,fr.wikipedia.org
2013-12-12 08:44:42,bits.wikimedia.org
2013-12-12 08:44:43,meta.wikimedia.org
2013-12-12 08:44:43,bits.wikimedia.org
2013-12-12 08:44:43,fr.wikipedia.org
2013-12-12 08:45:09,fr.wikipedia.org
2013-12-12 08:45:09,bits.wikimedia.org
2013-12-12 08:45:09,meta.wikimedia.org
2013-12-12 08:48:19,clients1.google.com
2013-12-12 08:48:19,www.google.com
2013-12-12 08:48:21,www.google.com
2013-12-12 08:48:22,documents.irevues.inist.fr
2013-12-12 08:48:52,www.labri.fr
2013-12-12 08:48:52,www.google.com
2013-12-12 08:48:53,www.labri.fr
2013-12-12 09:14:20,safebrowsing-cache.google.com
2013-12-12 09:14:20,safebrowsing.clients.google.com
2013-12-12 09:17:01,fxfeeds.mozilla.com
2013-12-12 09:17:02,fxfeeds.mozilla.com
2013-12-12 09:17:02,newsrss.bbc.co.uk
2013-12-12 09:17:02,feeds.bbci.co.uk
2013-12-12 09:23:05,www.ldlc.com
2013-12-12 09:23:05,www.google.com
2013-12-12 09:23:06,media.ldlc.com
2013-12-12 09:23:06,www.ldlc.com
2013-12-12 09:23:07,www.ldlc.com
2013-12-12 09:23:07,media.ldlc.com
2013-12-12 09:23:07,ocsp.thawte.com
2013-12-12 09:23:08,clients1.google.com
2013-12-12 09:23:16,affiliation.groupe-ldlc.com
2013-12-12 09:24:51,gmail.com
2013-12-12 09:24:51,clients1.google.com
2013-12-12 09:24:51,mail.google.com
2013-12-12 09:24:52,gtglobal-ocsp.geotrust.com
2013-12-12 09:24:52,clients1.google.com
2013-12-12 09:25:05,clients1.google.com
2013-12-12 09:25:06,mail.google.com
2013-12-12 09:25:07,clients1.google.com
2013-12-12 09:25:19,clients1.google.com
2013-12-12 09:25:57,www.google.com
2013-12-12 09:25:58,www.ip-adress.com
2013-12-12 09:25:59,www.ip-adress.com
2013-12-12 09:25:59,ocsp.digicert.com
2013-12-12 09:25:59,wh.ip-adress.com
2013-12-12 09:25:59,www.peoplesearchaffiliates.com
2013-12-12 09:26:00,platform.twitter.com
2013-12-12 09:26:01,www.ip-adress.com
2013-12-12 09:26:02,www.ip-adress.com
2013-12-12 09:26:02,connect.facebook.net
2013-12-12 09:26:02,static.ak.facebook.com
2013-12-12 09:26:02,www.facebook.com
2013-12-12 09:26:02,s-static.ak.facebook.com
2013-12-12 09:26:03,platform.twitter.com
2013-12-12 09:26:03,ocsp.verisign.com
2013-12-12 09:26:04,evsecure-ocsp.verisign.com
2013-12-12 09:26:05,www.ip-adress.com
2013-12-12 09:26:06,wh.ip-adress.com
2013-12-12 09:26:06,s-static.ak.facebook.com
2013-12-12 09:26:06,www.ip-adress.com
2013-12-12 09:26:06,static.ak.facebook.com
2013-12-12 09:26:07,www.facebook.com
2013-12-12 09:26:07,platform.twitter.com
2013-12-12 09:26:09,coverage.osm.mapquest.com
2013-12-12 09:26:21,www.ip-adress.com
2013-12-12 09:26:24,s-static.ak.facebook.com
2013-12-12 09:26:24,www.facebook.com
2013-12-12 09:26:24,static.ak.facebook.com
2013-12-12 09:26:24,wh.ip-adress.com
2013-12-12 09:26:24,www.ip-adress.com
2013-12-12 09:26:25,platform.twitter.com
2013-12-12 09:26:25,gtssl-ocsp.geotrust.com
2013-12-12 09:26:26,ocsp.digicert.com
2013-12-12 09:26:26,mail.google.com
2013-12-12 09:26:26,apis.google.com
2013-12-12 09:26:27,coverage.osm.mapquest.com
2013-12-12 09:26:27,mail.google.com
2013-12-12 09:26:42,abs.twimg.com
2013-12-12 09:26:49,twitter.com
2013-12-12 09:27:49,www.google.com
2013-12-12 09:27:49,clients1.google.com
2013-12-12 09:27:52,clients1.google.com
2013-12-12 09:27:53,clients1.google.com
2013-12-12 09:27:53,www.google.com
2013-12-12 09:27:54,clients1.google.com
2013-12-12 09:27:57,clients1.google.com
2013-12-12 09:27:57,www.google.com
2013-12-12 09:27:58,clients1.google.com
2013-12-12 09:27:59,maps.google.com
2013-12-12 09:28:00,apis.google.com
2013-12-12 09:28:00,mts0.google.com
2013-12-12 09:28:00,pbs.twimg.com
2013-12-12 09:28:00,www.google.com
2013-12-12 09:28:00,mail.google.com
2013-12-12 09:28:00,accounts.google.fr
2013-12-12 09:28:05,mts0.google.com
2013-12-12 09:28:10,clients1.google.com
2013-12-12 09:28:40,apis.google.com
2013-12-12 09:28:44,www.ldlc.com
2013-12-12 09:28:45,mts0.google.com
2013-12-12 09:28:45,media.ldlc.com
2013-12-12 09:28:45,www.ldlc.com
2013-12-12 09:28:46,mts0.google.com
2013-12-12 09:28:46,media.ldlc.com
2013-12-12 09:28:46,www.ldlc.com
2013-12-12 09:28:46,clients1.google.com
2013-12-12 09:28:50,www.ldlc.com
2013-12-12 09:28:51,media.ldlc.com
2013-12-12 09:28:51,www.ldlc.com
2013-12-12 09:28:52,clients1.google.com
2013-12-12 09:28:55,www.ldlc.com
2013-12-12 09:28:56,www.ldlc.com
2013-12-12 09:28:56,media.ldlc.com
2013-12-12 09:28:57,www.ldlc.com
2013-12-12 09:28:57,media.ldlc.com
2013-12-12 09:28:58,www.ldlc.com
2013-12-12 09:28:58,clients1.google.com
2013-12-12 09:29:01,www.ldlc.com
2013-12-12 09:29:02,media.ldlc.com
2013-12-12 09:29:02,affiliation.groupe-ldlc.com
2013-12-12 09:29:02,www.ldlc.com
2013-12-12 09:29:03,clients1.google.com
2013-12-12 09:29:03,chart.googleapis.com
2013-12-12 09:29:05,affiliation.groupe-ldlc.com
2013-12-12 09:29:05,www.ldlc.com
2013-12-12 09:29:06,chart.googleapis.com
2013-12-12 09:29:06,www.ldlc.com
2013-12-12 09:29:06,clients1.google.com
2013-12-12 09:29:07,www.ldlc.com
2013-12-12 09:29:08,www.ldlc.com
2013-12-12 09:29:08,media.ldlc.com
2013-12-12 09:29:08,affiliation.groupe-ldlc.com
2013-12-12 09:29:09,clients1.google.com
2013-12-12 09:29:09,chart.googleapis.com
2013-12-12 09:29:12,media.ldlc.com
2013-12-12 09:29:12,www.ldlc.com
2013-12-12 09:29:12,affiliation.groupe-ldlc.com
2013-12-12 09:29:12,mts0.google.com
2013-12-12 09:29:13,apis.google.com
2013-12-12 09:29:13,www.ldlc.com
2013-12-12 09:29:13,media.ldlc.com
2013-12-12 09:29:14,chart.googleapis.com
2013-12-12 09:29:14,mts0.google.com
2013-12-12 09:29:15,media.ldlc.com
2013-12-12 09:29:15,clients1.google.com
2013-12-12 09:29:22,affiliation.groupe-ldlc.com
2013-12-12 09:29:27,platform.twitter.com
2013-12-12 09:29:42,www.ldlc.com
2013-12-12 09:29:43,media.ldlc.com
2013-12-12 09:29:43,www.ldlc.com
2013-12-12 09:29:44,clients1.google.com
2013-12-12 09:29:47,www.ldlc.com
2013-12-12 09:29:48,media.ldlc.com
2013-12-12 09:29:48,www.ldlc.com
2013-12-12 09:29:49,www.ldlc.com
2013-12-12 09:29:49,media.ldlc.com
2013-12-12 09:29:50,clients1.google.com
2013-12-12 09:29:54,media.ldlc.com
2013-12-12 09:29:55,media.ldlc.com
2013-12-12 09:29:56,media.ldlc.com
2013-12-12 09:29:57,affiliation.groupe-ldlc.com
2013-12-12 09:32:05,plus.google.com
2013-12-12 09:32:12,mts1.google.com
2013-12-12 09:32:17,mts1.google.com
2013-12-12 09:32:17,maps.google.com
2013-12-12 09:32:20,maps.google.com
2013-12-12 09:32:39,mts0.google.com
2013-12-12 09:32:39,maps.google.com
2013-12-12 09:33:48,chart.googleapis.com
2013-12-12 09:33:49,apis.google.com
2013-12-12 09:33:50,accounts.google.com
2013-12-12 09:37:54,www.ldlc.com
2013-12-12 09:37:55,www.ldlc.com
2013-12-12 09:37:55,media.ldlc.com
2013-12-12 09:37:56,clients1.google.com
2013-12-12 09:38:04,affiliation.groupe-ldlc.com
2013-12-12 09:38:18,www.ldlc.com
2013-12-12 09:38:18,media.ldlc.com
2013-12-12 09:38:19,www.ldlc.com
2013-12-12 09:38:19,media.ldlc.com
2013-12-12 09:38:20,media.ldlc.com
2013-12-12 09:38:21,clients1.google.com
2013-12-12 09:38:21,www.maginea.com
2013-12-12 09:38:22,www.maginea.com
2013-12-12 09:38:22,ocsp.gandi.net
2013-12-12 09:38:22,ocsp.comodoca.com
2013-12-12 09:38:22,media.ldlc.com
2013-12-12 09:38:22,media.maginea.com
2013-12-12 09:38:22,ocsp.usertrust.com
2013-12-12 09:38:22,pub.groupe-ldlc.com
2013-12-12 09:38:23,www.maginea.com
2013-12-12 09:38:23,clients1.google.com
2013-12-12 09:38:23,media.maginea.com
2013-12-12 09:38:24,www.maginea.com
2013-12-12 09:38:25,www.ldlc.com
2013-12-12 09:38:27,clients1.google.com
2013-12-12 09:38:28,clients1.google.com
2013-12-12 09:38:29,www.ldlc.com
2013-12-12 09:38:29,www.google.com
2013-12-12 09:38:30,media.ldlc.com
2013-12-12 09:38:30,www.ldlc.com
2013-12-12 09:38:31,www.ldlc.com
2013-12-12 09:38:31,affiliation.groupe-ldlc.com
2013-12-12 09:38:32,www.ldlc.com
2013-12-12 09:38:32,clients1.google.com
2013-12-12 09:38:37,tracking.shopping-flux.com
2013-12-12 09:38:40,affiliation.groupe-ldlc.com
2013-12-12 09:40:47,media.ldlc.com
2013-12-12 09:40:47,www.ldlc.com
2013-12-12 09:40:48,media.ldlc.com
2013-12-12 09:40:48,www.ldlc.com
2013-12-12 09:40:49,clients1.google.com
2013-12-12 09:40:57,affiliation.groupe-ldlc.com
2013-12-12 09:44:47,chart.googleapis.com
2013-12-12 09:44:49,apis.google.com
2013-12-12 09:45:53,safebrowsing.clients.google.com
2013-12-12 09:45:53,safebrowsing-cache.google.com
2014-02-18 15:50:53,www.wikipedia.org
2014-02-18 15:50:53,bits.wikimedia.org
2014-02-18 15:50:53,wikipedia.org
2014-02-18 15:50:56,bits.wikimedia.org
2014-02-18 15:50:59,bits.wikimedia.org
2014-02-18 15:50:59,en.wikipedia.org
2014-02-18 15:50:59,www.wikipedia.org
2014-02-18 15:51:00,meta.wikimedia.org
2014-02-18 15:51:00,login.wikimedia.org
2014-02-18 15:51:00,bits.wikimedia.org
2014-02-18 15:51:06,www.unforgettable.dk
2014-02-18 15:51:08,www.unforgettable.dk
2014-02-18 15:51:09,www.unforgettable.dk
2014-02-20 17:32:23,www.debian.org
2014-02-20 17:32:23,www.squid-cache.org
2014-03-24 15:13:54,duckduckgo.com
