timestamp,site
2014-01-16 10:52:27,fpdownload2.macromedia.com
2014-01-16 10:52:37,www.bing.com
2014-01-16 10:52:38,www.bing.com
2014-01-16 10:52:39,www.bing.com
2014-01-16 10:52:39,cms.abmr.net
2014-01-16 10:52:40,www.bing.com
2014-01-16 10:53:04,login.live.com
2014-01-16 10:55:19,javadl-esd.sun.com
2014-01-16 10:57:15,www.bing.com
2014-01-16 10:57:29,login.live.com
2014-01-16 10:57:43,ssl.bing.com
2014-02-19 12:12:47,www.bing.com
2014-02-19 12:12:48,www.bing.com
2014-02-19 12:12:49,cms.abmr.net
2014-02-19 12:12:49,www.bing.com
2014-02-19 12:12:50,www.bing.com
2014-02-19 12:12:50,login.live.com
2014-02-19 12:13:38,player.vimeo.com
2014-02-19 12:15:48,ieonline.microsoft.com
2014-02-19 12:33:04,www.bing.com
2014-02-19 12:33:05,www.bing.com
2014-02-19 12:33:07,www.bing.com
2014-02-19 12:33:16,login.live.com
2014-02-19 13:01:18,www.bing.com
2014-02-19 13:01:24,www.bing.com
2014-02-19 13:01:30,login.live.com
2014-02-19 13:21:27,www.google.fr
2014-02-19 13:21:39,www.google.fr
2014-02-19 13:21:40,apis.google.com
2014-02-19 13:21:42,www.google.com
2014-02-19 13:21:57,www.google.fr
2014-02-19 13:21:58,www.zdnet.fr
2014-02-19 13:21:58,ajax.googleapis.com
2014-02-19 13:21:58,apis.google.com
2014-02-19 13:22:00,fr.wikipedia.org
2014-02-19 13:22:00,bits.wikimedia.org
2014-02-19 13:22:00,www.google.fr
2014-02-19 13:22:01,login.wikimedia.org
2014-02-19 13:22:01,bits.wikimedia.org
2014-02-19 13:22:01,meta.wikimedia.org
2014-02-19 13:22:02,meta.wikimedia.org
2014-02-19 13:22:02,bits.wikimedia.org
2014-02-19 13:22:02,fr.wikipedia.org
2014-02-19 13:22:10,www.zdnet.fr
2014-02-19 13:22:10,apis.google.com
2014-02-19 13:22:11,www.zdnet.fr
2014-02-19 13:22:11,fpdownload2.macromedia.com
2014-02-19 13:22:11,www.facebook.com
2014-02-19 13:22:11,tc.airfrance.com
2014-02-19 13:22:11,pixel.alephd.com
2014-02-19 13:22:12,www.zdnet.fr
2014-02-19 13:22:12,platform.twitter.com
2014-02-19 13:22:12,connect.facebook.net
2014-02-19 13:22:12,static.ak.facebook.com
2014-02-19 13:22:12,ajax.googleapis.com
2014-02-19 13:22:12,s3.amazonaws.com
2014-02-19 13:22:12,www.facebook.com
2014-02-19 13:22:12,redir.adbutter.net
2014-02-19 13:22:12,s-static.ak.facebook.com
2014-02-19 13:22:13,www.zdnet.fr
2014-02-19 13:22:13,www.facebook.com
2014-02-19 13:22:22,twitter.com
2014-02-19 13:22:52,twitter.com
2014-02-19 13:23:30,www.google.fr
2014-02-19 13:23:57,www.google.fr
2014-02-19 13:23:59,leplus.nouvelobs.com
2014-02-19 13:23:59,referentiel.nouvelobs.com
2014-02-19 13:23:59,actu-leplus.nouvelobs.com
2014-02-19 13:23:59,tempsreel.nouvelobs.com
2014-02-19 13:24:00,leplus.nouvelobs.com
2014-02-19 13:24:00,stats2.kryter.com
2014-02-19 13:24:00,stats10.kryter.com
2014-02-19 13:24:00,referentiel.nouvelobs.com
2014-02-19 13:24:01,tempsreel.nouvelobs.com
2014-02-19 13:24:01,referentiel.nouvelobs.com
2014-02-19 13:24:01,www.google.com
2014-02-19 13:24:02,adventori.com
2014-02-19 13:24:12,referentiel.nouvelobs.com
2014-02-19 13:25:40,apis.google.com
2014-02-19 13:25:42,www.google.com
2014-02-19 13:25:50,www.google.fr
2014-02-19 13:25:51,www.carrementplus.net
2014-02-19 13:25:51,www.google.fr
2014-02-19 13:25:52,chalifour-assets.s3.amazonaws.com
2014-02-19 13:25:52,assets.pinterest.com
2014-02-19 13:25:52,www.carrementplus.net
2014-02-19 13:25:53,www.carrementplus.net
2014-02-19 13:25:53,chalifour-assets.s3.amazonaws.com
2014-02-19 13:25:53,platform.twitter.com
2014-02-19 13:25:54,assets.pinterest.com
2014-02-19 13:25:54,cplusn.disqus.com
2014-02-19 13:25:54,go.disqus.com
2014-02-19 13:25:54,connect.facebook.net
2014-02-19 13:25:54,widgets.pinterest.com
2014-02-19 13:25:54,static.ak.facebook.com
2014-02-19 13:25:54,www.facebook.com
2014-02-19 13:25:54,passets.pinterest.com
2014-02-19 13:25:54,www.linkedin.com
2014-02-19 13:25:54,platform.linkedin.com
2014-02-19 13:25:54,disqus.com
2014-02-19 13:25:54,s-static.ak.facebook.com
2014-02-19 13:25:55,disqus.com
2014-02-19 13:25:56,passets.pinterest.com
2014-02-19 13:25:56,www.carrementplus.net
2014-02-19 13:25:57,disqus.com
2014-02-19 13:26:04,twitter.com
2014-02-19 13:26:05,apis.google.com
2014-02-19 13:26:05,twitter.com
2014-02-19 13:26:05,www.carrementplus.net
2014-02-19 13:26:47,www.google.fr
2014-02-19 13:26:49,youpomme.com
2014-02-19 13:26:50,ajax.googleapis.com
2014-02-19 13:26:50,youpomme.com
2014-02-19 13:26:51,youpomme.com
2014-02-19 13:26:54,youpomme.com
2014-02-19 13:28:21,apis.google.com
2014-02-19 13:36:07,www.google.fr
2014-02-19 13:37:20,www.google.fr
2014-02-19 13:37:20,bits.wikimedia.org
2014-02-19 13:37:21,fr.wikipedia.org
2014-02-19 13:37:21,meta.wikimedia.org
2014-02-19 13:37:21,bits.wikimedia.org
2014-02-19 13:38:53,www.google.fr
2014-02-19 13:38:54,www.cqld.ca
2014-02-19 13:40:48,www.google.fr
2014-02-19 13:42:53,www.google.fr
2014-02-19 13:42:53,www.dop-sante.net
2014-02-19 13:42:53,www.google.com
