timestamp,site
2013-12-16 10:17:35,www.squid-cache.org
2013-12-16 10:18:20,www.google.com
2013-12-16 10:18:20,www.google.fr
2013-12-16 10:18:21,clients1.google.fr
2013-12-16 10:18:21,www.google.fr
2013-12-16 10:18:24,www.google.fr
2013-12-16 10:20:36,clients1.google.fr
2013-12-16 10:20:37,clients1.google.fr
2013-12-16 10:20:38,clients1.google.fr
2013-12-16 10:20:38,www.google.fr
2013-12-16 10:20:39,clients1.google.fr
2013-12-16 10:20:40,www.google.fr
2013-12-16 10:20:55,www.google.fr
2013-12-16 10:21:11,www.google.fr
2013-12-16 10:21:28,clients1.google.fr
2013-12-16 10:21:28,www.google.fr
2013-12-16 10:21:28,www.google.com
2013-12-16 10:21:29,clients1.google.fr
2013-12-16 10:21:30,clients1.google.fr
2013-12-16 10:21:31,clients1.google.fr
2013-12-16 10:21:32,clients1.google.fr
2013-12-16 10:21:32,www.google.fr
2013-12-16 10:21:33,clients1.google.fr
2013-12-16 10:21:34,www.google.fr
2013-12-16 10:21:35,www.google.fr
2013-12-16 10:22:38,www.google.com
2013-12-16 10:22:38,www.google.fr
2013-12-16 10:22:38,clients1.google.fr
2013-12-16 10:22:39,clients1.google.fr
2013-12-16 10:22:40,clients1.google.fr
2013-12-16 10:22:41,clients1.google.fr
2013-12-16 10:22:41,www.google.fr
2013-12-16 10:22:42,clients1.google.fr
2013-12-16 10:22:43,www.google.fr
2013-12-16 12:23:47,www.google.com
2013-12-16 12:23:47,www.google.fr
2013-12-16 12:23:47,clients1.google.fr
2013-12-16 12:23:49,clients1.google.fr
2013-12-16 12:23:50,clients1.google.fr
2013-12-16 12:23:51,clients1.google.fr
2013-12-16 12:23:52,clients1.google.fr
2013-12-16 12:23:52,www.google.fr
2013-12-16 12:23:53,clients1.google.fr
2013-12-16 12:23:54,www.google.fr
2013-12-16 12:24:04,www.google.fr
2013-12-16 12:24:11,www.google.fr
2013-12-16 12:24:25,www.google.fr
2013-12-16 12:24:43,www.google.com
2013-12-16 12:24:44,clients1.google.fr
2013-12-16 12:24:44,www.google.fr
2013-12-16 12:24:45,clients1.google.fr
2013-12-16 12:24:46,www.google.fr
2013-12-16 12:24:46,clients1.google.fr
2013-12-16 12:24:47,www.google.fr
2013-12-16 12:24:48,mail.google.com
2013-12-16 12:24:49,www.google.fr
2013-12-16 12:24:49,mail.google.com
2013-12-16 12:25:35,www.google.com
2013-12-16 12:25:35,www.google.fr
2013-12-16 12:25:36,www.google.fr
2013-12-16 12:25:36,clients1.google.fr
2013-12-16 12:25:39,clients1.google.fr
2013-12-16 12:25:40,clients1.google.fr
2013-12-16 12:25:41,clients1.google.fr
2013-12-16 12:25:42,clients1.google.fr
2013-12-16 12:25:43,clients1.google.fr
2013-12-16 12:25:43,www.google.fr
2013-12-16 12:25:44,www.google.fr
2013-12-16 12:28:12,google.fr
2013-12-16 12:28:12,www.google.fr
2013-12-16 12:28:12,clients1.google.fr
2013-12-16 12:28:16,clients1.google.fr
2013-12-16 12:28:17,clients1.google.fr
2013-12-16 12:28:19,clients1.google.fr
2013-12-16 12:28:20,clients1.google.fr
2013-12-16 12:28:20,www.google.fr
2013-12-16 12:28:23,www.google.fr
2013-12-16 12:28:23,mail.google.com
2013-12-16 12:31:00,www.google.com
2013-12-16 12:31:00,clients1.google.com
2013-12-16 12:31:02,www.google.com
2013-12-16 12:31:02,mail.google.com
2013-12-16 12:31:03,www.google.com
2013-12-16 12:33:10,www.google.com
2013-12-16 12:33:11,clients1.google.com
2013-12-16 12:33:13,www.google.com
2013-12-16 12:33:13,mail.google.com
2013-12-16 12:33:55,www.google.com
2013-12-16 12:33:56,clients1.google.com
2013-12-16 12:33:57,www.google.com
2013-12-16 12:33:57,mail.google.com
2013-12-16 12:34:56,google.fr
2013-12-16 12:34:56,www.google.fr
2013-12-16 12:34:57,www.google.fr
2013-12-16 12:34:57,clients1.google.fr
2013-12-16 12:35:17,clients1.google.fr
2013-12-16 12:35:18,clients1.google.fr
2013-12-16 12:35:19,clients1.google.fr
2013-12-16 12:35:21,clients1.google.fr
2013-12-16 12:35:21,www.google.fr
2013-12-16 12:35:22,www.google.fr
2013-12-16 12:35:22,mail.google.com
2013-12-16 12:37:35,www.debian.org
2013-12-16 12:37:36,www.squid-cache.org
2013-12-16 12:37:36,www.debian.org
2013-12-16 12:37:41,www.google.com
2013-12-16 12:37:42,www.google.fr
2013-12-16 12:37:42,www.google.com
2013-12-16 12:37:43,www.google.fr
2013-12-16 12:37:45,www.google.fr
2013-12-16 12:37:45,mail.google.com
2013-12-16 12:37:57,mail.google.com
2013-12-16 12:38:00,accounts.youtube.com
2013-12-16 12:38:03,mail.google.com
2013-12-16 12:38:13,apis.google.com
2013-12-16 12:38:16,mail.google.com
2013-12-16 12:38:21,clients2.google.com
2013-12-16 12:38:22,plus.google.com
2013-12-16 12:38:25,chatenabled.mail.google.com
2013-12-16 12:41:11,mail.google.com
2013-12-16 12:41:15,mail.google.com
2013-12-16 12:41:16,mail.google.com
2013-12-16 12:41:16,www.google.fr
2013-12-16 12:41:21,chatenabled.mail.google.com
2013-12-16 12:41:21,apis.google.com
2013-12-16 12:41:21,www.google.com
2013-12-16 12:41:21,mail.google.com
2013-12-16 12:41:21,clients2.google.com
2013-12-16 12:41:21,plus.google.com
2013-12-16 12:41:21,accounts.google.com
2013-12-16 12:41:21,accounts.youtube.com
2013-12-16 12:41:21,accounts.google.fr
2013-12-16 12:42:11,www.debian.org
2013-12-16 12:42:11,www.squid-cache.org
2013-12-16 12:42:18,www.google.fr
2013-12-16 12:42:18,www.google.com
2013-12-16 12:42:19,www.google.com
2013-12-16 12:42:19,www.google.fr
2013-12-16 12:42:20,mail.google.com
2013-12-16 12:42:20,www.google.fr
2013-12-16 12:42:22,mail.google.com
2013-12-16 12:42:36,apis.google.com
2013-12-16 12:42:37,mail.google.com
2013-12-16 12:42:38,mail.google.com
2013-12-16 12:42:44,www.google.com
2013-12-16 12:42:44,clients2.google.com
2013-12-16 12:42:45,plus.google.com
2013-12-16 12:44:24,mail.google.com
2013-12-16 12:44:24,www.google.fr
2013-12-16 12:44:25,chatenabled.mail.google.com
2013-12-16 12:44:25,plus.google.com
2013-12-16 12:44:25,clients2.google.com
2013-12-16 12:44:25,www.google.com
2013-12-16 12:44:25,accounts.youtube.com
2013-12-16 12:44:25,accounts.google.fr
2013-12-16 12:44:25,accounts.google.com
2013-12-16 12:44:25,apis.google.com
2013-12-16 12:44:25,mail.google.com
2013-12-16 12:45:09,www.google.com
2013-12-16 12:45:09,clients1.google.com
2013-12-16 12:45:11,www.google.com
2013-12-16 12:45:11,mail.google.com
2013-12-16 12:45:23,www.google.com
2013-12-16 12:45:24,clients1.google.com
2013-12-16 12:45:26,mail.google.com
2013-12-16 12:45:26,www.google.com
2013-12-16 12:45:31,clients1.google.com
2013-12-16 12:45:31,www.google.com
2013-12-16 12:45:33,mail.google.com
2013-12-16 12:45:33,www.google.com
2013-12-16 12:45:37,www.google.com
2013-12-16 12:45:37,clients1.google.com
2013-12-16 12:45:41,www.google.com
2013-12-16 12:45:48,mail.google.com
2013-12-16 12:45:58,google.fr
2013-12-16 12:45:58,clients1.google.fr
2013-12-16 12:45:58,www.google.fr
2013-12-16 12:45:59,clients1.google.fr
2013-12-16 12:46:00,clients1.google.fr
2013-12-16 12:46:01,clients1.google.fr
2013-12-16 12:46:01,www.google.fr
2013-12-16 12:46:03,fr.mail.yahoo.com
2013-12-16 12:46:03,www.google.fr
2013-12-16 12:46:09,fr.mail.yahoo.com
2013-12-16 12:47:16,www.google.com
2013-12-16 12:47:41,www.debian.org
2013-12-16 12:47:41,www.squid-cache.org
2013-12-16 12:47:47,www.google.com
2013-12-16 12:47:48,www.google.fr
2013-12-16 12:47:48,www.google.com
2013-12-16 12:47:49,www.google.fr
2013-12-16 12:47:49,www.google.com
2013-12-16 12:47:50,www.google.fr
2013-12-16 12:48:54,www.debian.org
2013-12-16 12:49:02,www.google.com
2013-12-16 12:49:02,www.google.fr
2013-12-16 12:49:04,www.google.fr
2013-12-16 12:49:06,fr.mail.yahoo.com
2013-12-16 12:49:06,www.google.fr
2013-12-16 12:49:12,login.yahoo.com
2013-12-16 12:49:13,login.yahoo.com
2013-12-16 12:49:15,login.yahoo.com
2013-12-16 12:49:17,login.yahoo.com
2013-12-16 12:49:20,login.yahoo.com
2013-12-16 12:49:21,login.yahoo.com
2013-12-16 12:49:36,login.yahoo.com
2013-12-16 12:49:37,fr-mg41.mail.yahoo.com
2013-12-16 12:49:42,fr-mg41.mail.yahoo.com
2013-12-16 12:49:44,fr-mg41.mail.yahoo.com
2013-12-16 12:49:45,fr-mg41.mail.yahoo.com
2013-12-16 12:49:47,fr-mg41.mail.yahoo.com
2013-12-16 12:50:20,ir2-attach.mail.yahoo.com
2013-12-16 12:50:20,fr-mg41.mail.yahoo.com
2013-12-16 12:50:25,ucs.query.yahoo.com
2013-12-16 12:50:36,ir2-attach.mail.yahoo.com
2013-12-16 12:50:36,fr-mg41.mail.yahoo.com
2013-12-16 12:50:41,fr-mg41.mail.yahoo.com
2013-12-16 12:50:42,fr-mg41.mail.yahoo.com
2013-12-16 12:50:44,fr-mg41.mail.yahoo.com
2013-12-16 12:50:46,us.lrd.yahoo.com
2013-12-16 12:50:47,apis.google.com
2013-12-16 12:50:47,ucs.query.yahoo.com
2013-12-16 12:50:47,fr-mg41.mail.yahoo.com
2013-12-16 12:50:50,farm5.staticflickr.com
2013-12-16 12:50:50,ucs.query.yahoo.com
2013-12-16 12:51:03,ucs.query.yahoo.com
2013-12-16 12:51:05,ucs.query.yahoo.com
2013-12-16 12:51:11,ucs.query.yahoo.com
2013-12-16 12:51:19,ucs.query.yahoo.com
2013-12-16 12:51:35,ucs.query.yahoo.com
2013-12-16 12:51:45,ucs.query.yahoo.com
2013-12-16 12:51:51,ucs.query.yahoo.com
2013-12-16 12:51:52,ucs.query.yahoo.com
2013-12-16 12:52:01,mrd.mail.yahoo.com
2013-12-16 12:52:01,fr-mg41.mail.yahoo.com
2013-12-16 12:52:02,fr-mg41.mail.yahoo.com
2013-12-16 12:52:04,fr-mg41.mail.yahoo.com
2013-12-16 12:52:06,fr-mg41.mail.yahoo.com
2013-12-16 12:52:07,fr-mg41.mail.yahoo.com
2013-12-16 12:52:08,fr-mg41.mail.yahoo.com
2013-12-16 12:52:09,fr-mg41.mail.yahoo.com
2013-12-16 12:52:12,fr-mg41.mail.yahoo.com
2013-12-16 12:52:13,fr-mg41.mail.yahoo.com
2013-12-16 12:52:15,fr-mg41.mail.yahoo.com
2013-12-16 12:52:16,fr-mg41.mail.yahoo.com
2013-12-16 12:52:17,fr-mg41.mail.yahoo.com
2013-12-16 12:52:18,fr-mg41.mail.yahoo.com
2013-12-16 12:52:19,fr-mg41.mail.yahoo.com
2013-12-16 12:52:23,fr-mg41.mail.yahoo.com
2013-12-16 12:52:24,fr-mg41.mail.yahoo.com
2013-12-16 12:52:34,fr-mg41.mail.yahoo.com
2013-12-16 12:52:43,fr-mg41.mail.yahoo.com
2013-12-16 12:52:44,fr-mg41.mail.yahoo.com
2013-12-16 12:52:46,fr-mg41.mail.yahoo.com
2013-12-16 12:52:47,fr-mg41.mail.yahoo.com
2013-12-16 12:52:49,fr-mg41.mail.yahoo.com
2013-12-16 12:52:54,fr-mg41.mail.yahoo.com
2013-12-16 12:52:55,fr-mg41.mail.yahoo.com
2013-12-16 12:52:58,fr-mg41.mail.yahoo.com
2013-12-16 12:53:00,fr-mg41.mail.yahoo.com
2013-12-16 12:53:01,fr-mg41.mail.yahoo.com
2013-12-16 12:53:02,fr-mg41.mail.yahoo.com
2013-12-16 12:53:03,fr-mg41.mail.yahoo.com
2013-12-16 12:53:08,fr-mg41.mail.yahoo.com
2013-12-16 12:53:32,fr-mg41.mail.yahoo.com
2013-12-16 12:53:33,fr-mg41.mail.yahoo.com
2013-12-16 12:53:34,fr-mg41.mail.yahoo.com
2013-12-16 12:53:37,fr-mg41.mail.yahoo.com
2013-12-16 12:53:50,fr-mg41.mail.yahoo.com
2013-12-16 12:53:51,fr-mg41.mail.yahoo.com
2013-12-16 12:53:58,fr-mg41.mail.yahoo.com
2013-12-16 12:54:04,fr-mg41.mail.yahoo.com
2013-12-16 12:54:06,fr-mg41.mail.yahoo.com
2013-12-16 12:54:06,mg.mail.yahoo.com
2013-12-16 12:54:07,fr-mg41.mail.yahoo.com
2013-12-16 12:54:09,fr-mg41.mail.yahoo.com
2013-12-16 12:54:17,fr-mg41.mail.yahoo.com
2013-12-16 12:54:18,fr-mg41.mail.yahoo.com
2013-12-16 12:54:22,fr-mg41.mail.yahoo.com
2013-12-16 12:54:24,fr-mg41.mail.yahoo.com
2013-12-16 12:54:26,fr-mg41.mail.yahoo.com
2013-12-16 12:54:28,fr-mg41.mail.yahoo.com
2013-12-16 12:54:31,fr-mg41.mail.yahoo.com
2013-12-16 12:54:45,mg.mail.yahoo.com
2013-12-16 12:54:52,ucs.query.yahoo.com
2013-12-16 12:54:52,fr-mg41.mail.yahoo.com
2014-02-13 13:45:01,go.microsoft.com
2014-02-13 13:45:02,res1.windows.microsoft.com
2014-02-13 13:45:02,res2.windows.microsoft.com
2014-02-13 13:45:02,ajax.microsoft.com
2014-02-13 13:45:02,js.microsoft.com
2014-02-13 13:45:02,windows.microsoft.com
2014-02-13 13:45:14,www.google.fr
2014-02-13 13:45:24,www.google.fr
2014-02-13 13:45:28,www.google.fr
2014-02-13 13:45:29,www.google.fr
2014-02-13 13:45:30,apis.google.com
2014-02-13 13:45:32,www.google.com
2014-02-13 13:45:46,www.google.com
2014-02-13 13:45:46,apis.google.com
2014-02-13 13:45:46,www.google.fr
2014-02-13 14:04:19,office14client.microsoft.com
2014-02-13 14:04:20,office.microsoft.com
2014-02-13 14:04:23,office.microsoft.com
2014-02-13 14:36:15,www.google.fr
2014-02-13 15:03:14,www.google.fr
2014-02-13 15:03:22,www.google.fr
2014-02-19 15:23:13,js.microsoft.com
2014-02-19 15:23:13,go.microsoft.com
2014-02-19 15:23:13,res2.windows.microsoft.com
2014-02-19 15:23:13,windows.microsoft.com
2014-02-19 15:23:13,res1.windows.microsoft.com
2014-02-19 15:23:13,ajax.microsoft.com
2014-02-19 15:23:14,ieonline.microsoft.com
2014-02-19 15:23:14,res2.windows.microsoft.com
2014-02-19 15:23:14,res1.windows.microsoft.com
2014-02-19 15:23:15,res2.windows.microsoft.com
2014-02-19 15:23:16,res2.windows.microsoft.com
2014-02-19 15:23:16,res1.windows.microsoft.com
2014-02-19 15:23:18,res1.windows.microsoft.com
2014-02-19 15:23:18,windows.microsoft.com
2014-02-19 15:23:19,js.microsoft.com
2014-02-19 15:23:19,res1.windows.microsoft.com
2014-02-19 15:23:25,www.bing.com
2014-02-19 15:23:28,api.bing.com
2014-02-19 15:23:28,www.google.fr
2014-02-19 15:23:34,www.google.fr
2014-02-19 15:23:38,apis.google.com
2014-02-19 15:23:38,www.google.com
2014-02-19 15:23:53,www.google.fr
2014-02-19 15:23:53,www.google.com
2014-02-19 15:23:54,www.google.fr
2014-02-19 15:23:54,apis.google.com
2014-02-19 15:24:21,player.vimeo.com
2014-02-19 15:24:23,livepassdl.conviva.com
2014-02-19 15:24:24,livepassdl.conviva.com
2014-02-19 15:24:25,livepassdl.conviva.com
2014-02-19 15:24:27,pings.conviva.com
2014-02-19 15:24:55,player.vimeo.com
2014-02-19 15:24:57,livepassdl.conviva.com
2014-02-19 15:24:59,pings.conviva.com
2014-02-19 15:25:05,pings.conviva.com
2014-02-19 15:25:10,go.microsoft.com
2014-02-19 15:26:21,ieonline.microsoft.com
2014-02-19 15:30:32,api.bing.com
2014-02-19 15:30:36,www.google.fr
2014-02-19 15:30:48,www.google.fr
2014-02-19 15:30:57,www.google.fr
2014-02-19 15:30:58,bits.wikimedia.org
2014-02-19 15:30:58,fr.wikipedia.org
2014-02-19 15:30:58,www.google.fr
2014-02-19 15:30:59,bits.wikimedia.org
2014-02-19 15:30:59,login.wikimedia.org
2014-02-19 15:31:00,fr.wikipedia.org
2014-02-19 15:31:00,meta.wikimedia.org
2014-02-19 15:31:00,bits.wikimedia.org
2014-02-19 15:31:01,bits.wikimedia.org
2014-02-19 15:32:50,www.google.fr
2014-02-19 15:32:51,dbb.linternaute.com
2014-02-19 15:32:51,r.ccmbg.com
2014-02-19 15:32:51,static.ccmbg.com
2014-02-19 15:32:51,www.linternaute.com
2014-02-19 15:32:52,static.ccmbg.com
2014-02-19 15:32:52,www.linternaute.com
2014-02-19 15:32:52,images.orangepublicite.fr
2014-02-19 15:32:52,pixel.alephd.com
2014-02-19 15:32:53,static.ccmbg.com
2014-02-19 15:32:53,ajax.googleapis.com
2014-02-19 15:32:53,www.francetvinfo.fr
2014-02-19 15:32:53,www.linternaute.com
2014-02-19 15:32:53,dbb.linternaute.com
2014-02-19 15:32:54,www.facebook.com
2014-02-19 15:32:54,player.mediabong.com
2014-02-19 15:32:54,static.ccmbg.com
2014-02-19 15:32:54,r.ccmbg.com
2014-02-19 15:32:54,www.linternaute.com
2014-02-19 15:32:54,dbb.linternaute.com
2014-02-19 15:32:56,static.ccmbg.com
2014-02-19 15:32:56,r.ccmbg.com
2014-02-19 15:32:56,www.google.com
2014-02-19 15:32:56,player.mediabong.com
2014-02-19 15:32:57,platform.twitter.com
2014-02-19 15:32:57,static.mediabong.com
2014-02-19 15:32:57,connect.facebook.net
2014-02-19 15:32:57,apis.google.com
2014-02-19 15:32:58,player.mediabong.com
2014-02-19 15:32:58,apis.google.com
2014-02-19 15:32:58,static.mediabong.com
2014-02-19 15:32:59,www.francetvinfo.fr
2014-02-19 15:32:59,static.ak.facebook.com
2014-02-19 15:32:59,www.facebook.com
2014-02-19 15:32:59,static.mediabong.com
2014-02-19 15:32:59,apis.google.com
2014-02-19 15:32:59,s-static.ak.facebook.com
2014-02-19 15:32:59,r.ccmbg.com
2014-02-19 15:33:00,accounts.google.com
2014-02-19 15:33:00,twitter.com
2014-02-19 15:33:00,static.mediabong.com
2014-02-19 15:33:01,apis.google.com
2014-02-19 15:33:01,accounts.google.com
2014-02-19 15:33:01,static.mediabong.com
2014-02-19 15:33:01,platform.twitter.com
2014-02-19 15:33:01,widgets.pinterest.com
2014-02-19 15:33:01,www.linkedin.com
2014-02-19 15:33:02,twitter.com
2014-02-19 15:33:02,platform.twitter.com
2014-02-19 15:33:36,www.google.com
2014-02-19 15:33:40,www.google.com
2014-02-19 15:33:48,platform.twitter.com
2014-02-19 15:33:48,bits.wikimedia.org
2014-02-19 15:33:48,fr.wikipedia.org
2014-02-19 15:33:48,www.google.fr
2014-02-19 15:33:49,fr.wikipedia.org
2014-02-19 15:33:49,meta.wikimedia.org
2014-02-19 15:34:01,fr.wikipedia.org
2014-02-19 15:34:01,meta.wikimedia.org
2014-02-19 15:34:02,fr.wikipedia.org
2014-02-19 15:36:33,bits.wikimedia.org
2014-02-19 15:40:32,fr.wikipedia.org
2014-02-19 15:40:32,meta.wikimedia.org
2014-02-19 15:40:38,www.google.fr
2014-02-19 15:40:39,dlive.pagesjaunes.fr
2014-02-19 15:40:39,static2.pagesjaunes.fr
2014-02-19 15:40:39,www.pagesjaunes.fr
2014-02-19 15:40:39,wtpn.twenga.fr
2014-02-19 15:40:39,www.google.fr
2014-02-19 15:40:39,static4.pagesjaunes.fr
2014-02-19 15:40:39,static.pagesjaunes.fr
2014-02-19 15:40:40,www.pagesjaunes.fr
2014-02-19 15:40:40,logc257.at.pagesjaunes.fr
2014-02-19 15:40:40,static2.pagesjaunes.fr
2014-02-19 15:40:40,static.pagesjaunes.fr
2014-02-19 15:40:41,col001.ip-label.net
2014-02-19 15:40:41,www.pagesjaunes.fr
2014-02-19 15:45:25,www.google.fr
2014-02-19 15:45:47,www.hsbc.fr
2014-02-19 15:46:33,api.bing.com
2014-02-19 15:46:33,www.google.fr
2014-02-19 15:46:34,www.bing.com
2014-02-19 15:46:36,www.bing.com
2014-02-19 15:46:36,cms.abmr.net
2014-02-19 15:46:37,api.bing.com
2014-02-19 15:46:38,api.bing.com
2014-02-19 15:46:39,www.bing.com
2014-02-19 15:47:13,bits.wikimedia.org
2014-02-19 15:47:13,meta.wikimedia.org
2014-02-19 15:47:13,www.google.fr
2014-02-19 15:47:13,fr.wikipedia.org
2014-02-19 15:48:48,www.google.fr
2014-02-19 15:48:49,bits.wikimedia.org
2014-02-19 15:48:49,fr.wikipedia.org
2014-02-19 15:48:49,meta.wikimedia.org
2014-02-19 15:49:47,www.google.fr
2014-02-19 15:50:34,fr.wikipedia.org
2014-02-19 15:50:35,meta.wikimedia.org
2014-02-19 15:51:18,www.google.fr
2014-02-19 15:51:18,fr.wikipedia.org
2014-02-19 15:51:18,bits.wikimedia.org
2014-02-19 15:51:19,meta.wikimedia.org
2014-02-19 15:51:19,fr.wikipedia.org
2014-02-19 15:52:43,bits.wikimedia.org
2014-02-19 15:53:20,fr.wikipedia.org
2014-02-19 15:53:20,bits.wikimedia.org
2014-02-19 15:53:20,www.google.fr
2014-02-19 15:53:21,fr.wikipedia.org
2014-02-19 15:53:21,bits.wikimedia.org
2014-02-19 15:53:21,meta.wikimedia.org
2014-02-19 15:53:39,fr.wikipedia.org
2014-02-19 15:53:39,bits.wikimedia.org
2014-02-19 15:53:40,meta.wikimedia.org
2014-02-19 15:53:40,fr.wikipedia.org
2014-02-19 15:54:12,api.bing.com
2014-02-19 15:54:13,api.bing.com
2014-02-19 15:54:14,api.bing.com
2014-02-19 15:54:15,api.bing.com
2014-02-19 15:55:05,www.google.fr
2014-02-19 15:55:06,fr.wikipedia.org
2014-02-19 15:55:06,meta.wikimedia.org
2014-02-19 15:55:07,fr.wikipedia.org
2014-02-19 15:55:07,meta.wikimedia.org
2014-02-19 15:55:38,www.google.fr
2014-02-19 15:55:39,w.sharethis.com
2014-02-19 15:55:39,www.google.fr
2014-02-19 15:55:40,w.sharethis.com
2014-02-19 15:55:40,connect.facebook.net
2014-02-19 15:55:40,edge.sharethis.com
2014-02-19 15:55:41,w.sharethis.com
2014-02-19 15:55:41,static.ak.facebook.com
2014-02-19 15:55:41,www.facebook.com
2014-02-19 15:55:41,s-static.ak.facebook.com
2014-02-19 15:55:42,accounts.google.com
2014-02-19 15:56:10,ser-info-02.ec-nantes.fr
2014-02-19 15:56:11,ser-info-02.ec-nantes.fr
2014-02-19 15:56:12,ser-info-02.ec-nantes.fr
2014-02-19 15:58:20,apis.google.com
2014-02-19 15:58:20,accounts.google.com
2014-02-19 15:58:49,www.google.fr
2014-02-19 15:58:50,www.facebook.com
2014-02-19 15:58:50,www.bibmath.net
2014-02-19 15:58:50,www.google.fr
2014-02-19 15:58:51,www.bibmath.net
2014-02-19 15:58:52,www.bibmath.net
2014-02-19 16:00:45,accounts.google.com
2014-02-19 16:00:45,apis.google.com
2014-02-19 16:03:34,www.bibmath.net
2014-02-19 16:41:42,player.vimeo.com
2014-02-19 16:41:44,livepassdl.conviva.com
2014-02-19 16:41:47,pings.conviva.com
2014-02-19 16:45:46,api.bing.com
2014-02-19 16:45:47,www.google.fr
2014-02-19 16:45:53,www.google.fr
2014-02-19 16:45:56,www.google.fr
2014-02-19 16:45:58,www.google.fr
2014-02-19 16:47:25,player.vimeo.com
2014-02-19 16:47:26,livepassdl.conviva.com
2014-02-19 16:47:28,pings.conviva.com
2014-02-19 16:47:35,pings.conviva.com
2014-02-27 13:30:45,www.google.fr
2014-02-27 13:30:46,www.google.fr
2014-02-27 13:30:46,apis.google.com
2014-02-27 13:30:48,www.google.com
2014-02-27 13:31:03,www.google.fr
2014-02-27 13:31:03,apis.google.com
2014-02-27 13:31:03,www.google.com
2014-02-27 13:31:04,www.google.fr
2014-02-27 13:35:22,dl.javafx.com
2014-02-27 13:36:05,office.microsoft.com
2014-02-27 13:36:05,office14client.microsoft.com
2014-02-27 13:36:06,office.microsoft.com
2014-03-03 17:47:08,www.google.fr
2014-03-03 17:47:10,www.google.fr
2014-03-03 17:47:11,apis.google.com
2014-03-03 17:47:13,www.google.com
2014-03-03 17:47:28,apis.google.com
2014-03-03 17:47:28,www.google.com
2014-03-03 17:47:29,www.google.fr
2014-03-03 18:03:13,www.google.fr
2014-03-03 18:03:14,www.google.fr
2014-03-03 18:03:14,apis.google.com
2014-03-03 18:03:16,www.google.com
2014-03-03 18:03:18,www.google.fr
2014-03-03 18:03:23,www.google.fr
2014-03-03 18:03:25,apis.google.com
2014-03-03 18:03:25,www.google.com
2014-03-03 18:03:26,www.google.fr
2014-03-03 18:12:19,login.live.com
2014-03-03 18:13:22,login.live.com
2014-03-03 18:37:38,www.google.fr
2014-03-03 18:37:39,apis.google.com
2014-03-03 18:37:42,www.google.com
2014-03-03 18:38:40,www.google.fr
2014-03-03 18:38:45,apis.google.com
2014-03-03 18:38:45,www.google.com
2014-03-03 18:38:45,www.google.fr
2014-03-03 18:40:43,www.google.com
2014-03-03 18:40:43,www.google.fr
2014-03-03 18:40:48,www.google.fr
2014-03-03 18:40:48,apis.google.com
2014-03-03 18:46:43,login.live.com
2014-03-04 13:31:37,api.bing.com
2014-03-04 13:31:38,api.bing.com
2014-03-04 13:31:38,www.bing.com
2014-03-04 13:31:39,www.bing.com
2014-03-04 13:31:40,cms.abmr.net
2014-03-04 13:31:40,www.bing.com
2014-03-04 13:33:35,office14client.microsoft.com
2014-03-04 13:33:35,office.microsoft.com
2014-03-04 13:33:36,office.microsoft.com
2014-03-04 13:34:37,ieonline.microsoft.com
2014-03-04 13:37:28,www.powerarchiver.com
2014-03-04 13:37:28,dl.patchbeam.com
2014-03-04 14:56:35,office.microsoft.com
2014-03-04 15:11:25,office.microsoft.com
2014-03-04 15:20:44,office14client.microsoft.com
2014-03-04 15:20:44,office.microsoft.com
2014-03-04 15:20:45,office.microsoft.com
2014-03-20 13:32:46,www.google.fr
2014-03-20 13:32:47,apis.google.com
2014-03-20 13:32:47,www.google.com
2014-03-20 13:33:05,www.google.fr
2014-03-20 13:33:09,www.google.com
2014-03-20 13:33:10,www.google.fr
2014-03-20 13:33:10,apis.google.com
2014-03-20 13:35:34,ieonline.microsoft.com
2014-04-17 13:31:47,api.bing.com
2014-04-17 13:31:50,www.google.fr
2014-04-17 13:31:51,www.google.com
2014-04-17 13:31:51,apis.google.com
2014-04-17 13:32:03,www.google.com
2014-04-17 13:32:03,apis.google.com
2014-04-17 13:32:03,www.google.fr
2014-04-17 13:34:35,ieonline.microsoft.com
2014-04-17 13:38:04,api.bing.com
2014-04-17 13:38:05,api.bing.com
2014-04-17 13:38:06,www.google.fr
2014-04-17 13:38:17,www.meteo.fr
2014-04-17 13:38:17,www.sat24.com
2014-04-17 13:38:17,images.meteociel.fr
2014-04-17 13:38:17,static.meteociel.fr
2014-04-17 13:38:17,www.meteociel.fr
2014-04-17 13:38:17,www.google.fr
2014-04-17 13:38:17,www.google.com
2014-04-17 13:38:18,www.google.com
2014-04-17 13:38:18,dsp.active-agent.com
2014-04-17 13:38:18,www.meteociel.fr
2014-04-17 13:38:22,www.meteociel.fr
2014-04-17 13:38:54,www.meteociel.fr
2014-04-17 13:38:55,neige.meteociel.fr
2014-04-17 13:38:55,c1.adform.net
2014-04-17 13:38:55,static.meteociel.fr
2014-04-17 13:38:55,www.meteociel.fr
2014-04-17 13:38:56,match.rtbidder.net
2014-04-17 13:39:21,static.meteociel.fr
2014-04-17 13:39:21,neige.meteociel.fr
2014-04-17 13:39:21,www.meteociel.fr
2014-04-17 13:47:05,us-request.foxitservice.com
2014-04-17 13:54:32,office.microsoft.com
2014-04-17 13:54:32,office14client.microsoft.com
2014-04-17 13:54:33,office.microsoft.com
2014-04-17 14:03:01,office.microsoft.com
2014-04-17 14:04:41,ieonline.microsoft.com
2014-04-17 14:34:41,ieonline.microsoft.com
2014-04-17 14:51:24,api.bing.com
2014-04-17 14:51:25,api.bing.com
2014-04-17 14:51:26,api.bing.com
2014-04-17 14:51:27,www.bing.com
2014-04-17 14:51:28,www.bing.com
2014-04-17 14:51:28,cms.abmr.net
2014-04-17 14:51:29,www.bing.com
2014-04-17 14:51:29,login.live.com
2014-04-17 14:51:30,www.plagium.com
2014-04-17 14:51:30,api.twitter.com
2014-04-17 14:51:30,ssl.bing.com
2014-04-17 14:51:31,www.plagium.com
2014-04-17 14:51:32,www.plagium.com
2014-04-17 14:51:32,connect.facebook.net
2014-04-17 14:51:32,platform.twitter.com
2014-04-17 14:51:33,apis.google.com
2014-04-17 14:51:33,twitter.com
2014-04-17 14:51:33,s-static.ak.facebook.com
2014-04-17 14:51:33,static.ak.facebook.com
2014-04-17 14:51:33,www.plagium.com
2014-04-17 14:51:33,platform.twitter.com
2014-04-17 14:51:33,accounts.google.com
2014-04-17 14:51:33,www.facebook.com
2014-04-17 14:51:35,platform.twitter.com
2014-04-17 14:51:56,www.ekaterinawalter.com
2014-04-17 14:51:56,www.aurel32.net
2014-04-17 14:51:56,www.hellopro.fr
2014-04-17 14:51:56,wearebrands.fr
2014-04-17 14:52:04,twitter.com
2014-04-17 14:52:44,platform.twitter.com
2014-04-17 14:52:45,www.plagium.com
2014-04-17 14:52:47,www.plagium.com
2014-04-17 14:52:48,www.plagium.com
2014-04-17 14:52:49,ajax.googleapis.com
2014-04-17 14:52:49,www.plagium.com
2014-04-17 14:52:49,engines.plagium.com
2014-04-17 14:53:09,www.plagium.com
2014-04-17 14:53:10,www.plagium.com
2014-04-17 14:53:11,www.plagium.com
2014-04-17 14:53:12,www.plagium.com
2014-04-17 14:53:27,www.plagium.com
2014-04-17 14:53:29,www.plagium.com
2014-04-17 14:53:30,engines.plagium.com
2014-04-17 14:53:30,ajax.googleapis.com
2014-04-17 14:53:30,www.plagium.com
2014-04-17 14:53:31,www.plagium.com
2014-04-17 14:53:42,www.plagium.com
2014-04-17 14:53:44,www.plagium.com
2014-04-17 14:53:45,www.plagium.com
2014-04-17 14:53:45,ajax.googleapis.com
2014-04-17 14:53:46,www.plagium.com
2014-04-17 14:53:46,engines.plagium.com
2014-04-17 15:02:16,api.bing.com
2014-04-17 15:02:19,www.facebook.com
2014-04-17 15:02:19,s-static.ak.facebook.com
2014-04-17 15:02:19,www.plagium.com
2014-04-17 15:02:19,api.twitter.com
2014-04-17 15:02:20,twitter.com
2014-04-17 15:02:20,apis.google.com
2014-04-17 15:02:20,www.plagium.com
2014-04-17 15:02:23,api.bing.com
2014-04-17 15:02:24,api.bing.com
2014-04-17 15:02:25,api.bing.com
2014-04-17 15:02:26,api.bing.com
2014-04-17 15:02:26,www.bing.com
2014-04-17 15:02:27,fr.wikipedia.org
2014-04-17 15:02:27,www.bing.com
2014-04-17 15:02:27,bits.wikimedia.org
2014-04-17 15:02:28,meta.wikimedia.org
2014-04-17 15:02:28,login.wikimedia.org
2014-04-17 15:02:28,bits.wikimedia.org
2014-04-17 15:02:28,fr.wikipedia.org
2014-04-17 15:02:39,www.plagium.com
2014-04-17 15:02:41,www.plagium.com
2014-04-17 15:02:42,www.plagium.com
2014-04-17 15:02:42,ajax.googleapis.com
2014-04-17 15:02:42,apis.google.com
2014-04-17 15:02:42,twitter.com
2014-04-17 15:02:43,www.plagium.com
2014-04-17 15:02:43,engines.plagium.com
2014-04-17 15:02:44,www.plagium.com
2014-04-17 15:02:45,www.plagium.com
2014-04-17 15:02:46,www.plagium.com
2014-04-17 15:04:40,ieonline.microsoft.com
2014-04-23 10:16:24,www.facebook.com
2014-04-23 10:17:19,www.univ-bpclermont.fr
2014-04-23 10:17:21,www.univ-bpclermont.fr
2014-04-23 10:17:38,www.univ-bpclermont.fr
2014-04-23 10:17:44,www.univ-bpclermont.fr
2014-04-23 10:17:55,www.univ-bpclermont.fr
2014-04-23 10:18:19,www.univ-bpclermont.fr
2014-04-23 10:18:34,sb-ssl.google.com
2014-04-23 10:18:57,apis.google.com
2014-04-23 10:18:57,www.google.com
2014-04-23 10:19:08,www.google.fr
2014-04-23 10:32:19,pixel2368.everesttech.net
2014-04-23 10:36:55,twitter.com
2014-04-23 10:39:09,www.google.fr
2014-04-23 10:39:43,twitter.com
2014-04-23 10:40:05,www.googleapis.com
2014-04-23 10:44:10,d370mdr42phnax.cloudfront.net
2014-04-23 10:44:12,d7x5nblzs94me.cloudfront.net
2014-04-23 10:45:09,apis.google.com
2014-04-23 10:45:09,accounts.google.com
2014-04-23 11:27:40,deptinfo-ensip.univ-poitiers.fr
2014-04-23 11:27:45,deptinfo-ensip.univ-poitiers.fr
2014-04-23 11:27:46,deptinfo-ensip.univ-poitiers.fr
2014-04-23 11:30:41,www.google.fr
2014-04-24 14:27:18,sci.sciences.univ-bpclermont.fr
2014-04-24 14:27:19,sci.sciences.univ-bpclermont.fr
2014-04-24 14:27:20,sci.sciences.univ-bpclermont.fr
2014-04-24 14:27:21,sci.sciences.univ-bpclermont.fr
2014-04-24 14:27:23,sci.sciences.univ-bpclermont.fr
2014-04-24 14:27:25,ajax.microsoft.com
2014-04-24 14:27:25,js.microsoft.com
2014-04-24 14:27:25,res2.windows.microsoft.com
2014-04-24 14:27:25,windows.microsoft.com
2014-04-24 14:27:25,go.microsoft.com
2014-04-24 14:27:25,res1.windows.microsoft.com
2014-04-24 14:27:26,js.microsoft.com
2014-04-24 14:27:26,res1.windows.microsoft.com
2014-04-24 14:27:28,www.bing.com
2014-04-24 14:27:56,o2i.univ-bpclermont.fr
2014-04-24 14:27:56,c2i.univ-bpclermont.fr
2014-04-24 14:28:20,o2i.univ-bpclermont.fr
2014-04-24 14:28:42,ieonline.microsoft.com
2014-04-24 14:29:06,o2i.univ-bpclermont.fr
2014-04-24 14:29:12,o2i.univ-bpclermont.fr
2014-04-24 14:29:16,o2i.univ-bpclermont.fr
2014-04-24 14:31:53,javadl-esd.sun.com
2014-04-24 14:31:55,javadl-esd.sun.com
2014-04-24 14:38:16,o2i.univ-bpclermont.fr
2014-04-24 14:38:17,o2i.univ-bpclermont.fr
2014-04-24 14:38:26,o2i.univ-bpclermont.fr
2014-04-24 15:15:11,o2i.univ-bpclermont.fr
2014-04-24 15:15:12,o2i.univ-bpclermont.fr
2014-04-24 15:15:14,o2i.univ-bpclermont.fr
2014-04-24 15:15:15,o2i.univ-bpclermont.fr
2014-04-24 15:15:22,o2i.univ-bpclermont.fr
2014-04-24 15:15:22,c2i.univ-bpclermont.fr
