timestamp,site
2013-11-12 08:14:40,safebrowsing-cache.google.com
2013-11-12 08:14:40,safebrowsing.clients.google.com
2013-11-12 08:15:19,sigayret.fr
2013-11-12 08:16:25,sigayret.fr
2013-11-12 08:16:26,sigayret.fr
2013-11-12 08:16:27,sigayret.fr
2013-11-12 08:16:57,sigayret.fr
2013-11-12 08:17:34,sigayret.fr
2013-11-12 08:17:35,sigayret.fr
2013-11-12 08:17:36,sigayret.fr
2013-11-12 08:17:46,sigayret.fr
2013-11-12 08:17:52,sigayret.fr
2013-11-12 08:18:03,sigayret.fr
2013-11-12 08:18:09,sigayret.fr
2013-11-12 08:18:11,sigayret.fr
2013-11-12 08:18:16,ocsp.thawte.com
2013-11-12 08:18:39,sigayret.fr
2013-11-12 08:19:11,sigayret.fr
2013-11-12 08:19:12,sigayret.fr
2013-11-12 08:19:13,sigayret.fr
2013-11-12 08:20:16,ocsp.verisign.com
2013-11-12 08:22:16,ocsp.digicert.com
2013-11-12 08:22:21,ocsp.usertrust.com
2013-11-12 08:22:21,clients1.google.com
2013-11-12 08:22:21,ocsp.tcs.terena.org
2013-11-12 08:22:22,clients1.google.com
2013-11-12 08:22:22,gtglobal-ocsp.geotrust.com
2013-11-12 08:22:23,clients1.google.com
2013-11-12 08:22:29,clients1.google.com
2013-11-12 08:22:31,www.google.fr
2013-11-12 08:22:31,www.google.com
2013-11-12 08:22:32,www.google.com
2013-11-12 08:22:33,clients1.google.com
2013-11-12 08:22:35,www.google.com
2013-11-12 08:22:35,www.google.fr
2013-11-12 08:22:36,drive.google.com
2013-11-12 08:23:03,clients1.google.com
2013-11-12 08:23:04,clients1.google.com
2013-11-12 08:25:25,www.google.fr
2013-11-12 08:25:54,accounts.youtube.com
2013-11-12 08:25:54,accounts.google.fr
2013-11-12 08:25:58,www.google.com
2013-11-12 08:25:59,plus.google.com
2013-11-12 08:26:20,clients2.google.com
2013-11-12 08:26:20,drive.google.com
2013-11-12 08:26:22,accounts.google.com
2013-11-12 08:26:23,apis.google.com
2013-11-12 08:26:23,clients6.google.com
2013-11-12 08:26:56,gg.google.com
2013-11-12 08:27:20,docs.google.com
2013-11-12 08:33:58,drive.google.com
2013-11-12 08:36:56,plus.google.com
2013-11-12 08:39:02,docs.google.com
2013-11-12 08:41:58,drive.google.com
2013-11-12 08:46:10,plus.google.com
2013-11-12 08:46:29,safebrowsing.clients.google.com
2013-11-12 08:46:29,safebrowsing-cache.google.com
2013-11-12 08:46:53,docs.google.com
2013-11-12 08:46:53,drive.google.com
2013-11-12 08:46:53,0.drive.google.com
2013-11-12 08:46:53,0.docs.google.com
2013-11-19 08:09:09,clients1.google.com
2013-11-19 08:09:09,fxfeeds.mozilla.com
2013-11-19 08:09:09,gtglobal-ocsp.geotrust.com
2013-11-19 08:09:09,newsrss.bbc.co.uk
2013-11-19 08:09:09,feeds.bbci.co.uk
2013-11-19 08:09:24,sigayret.fr
2013-11-19 08:10:04,www.google.com
2013-11-19 08:10:04,clients1.google.com
2013-11-19 08:10:07,www.google.com
2013-11-19 08:10:08,www.google.com
2013-11-19 08:10:08,clients1.google.com
2013-11-19 08:10:08,ocsp.tcs.terena.org
2013-11-19 08:10:08,ocsp.usertrust.com
2013-11-19 08:10:09,ocsp.comodoca.com
2013-11-19 08:10:43,safebrowsing.clients.google.com
2013-11-19 08:12:01,safebrowsing-cache.google.com
2013-11-19 08:12:04,safebrowsing-cache.google.com
2013-11-19 08:13:07,safebrowsing-cache.google.com
2013-11-19 08:13:09,safebrowsing-cache.google.com
2013-11-19 08:13:10,sb-ssl.google.com
2013-11-19 08:13:11,safebrowsing-cache.google.com
2013-11-19 08:14:13,safebrowsing-cache.google.com
2013-11-19 08:14:14,safebrowsing-cache.google.com
2013-11-19 08:14:15,safebrowsing-cache.google.com
2013-11-19 08:14:17,safebrowsing-cache.google.com
2013-11-19 08:22:12,www.google.com
2013-11-19 08:22:12,clients1.google.com
2013-11-19 08:22:15,www.google.com
2013-11-19 08:22:16,fr.openclassrooms.com
2013-11-19 08:22:16,www.google.com
2013-11-19 08:22:17,clients1.google.com
2013-11-19 08:22:17,dnn506yrbagrg.cloudfront.net
2013-11-19 08:22:17,gtglobal-ocsp.geotrust.com
2013-11-19 08:22:17,www.google.com
2013-11-19 08:22:18,fr.openclassrooms.com
2013-11-19 08:22:18,cip.gagnoo.com
2013-11-19 08:22:18,tracking.veoxa.com
2013-11-19 08:22:20,rubicon-match.dotomi.com
2013-11-19 08:22:20,ea.histoiredor.com
2013-11-19 08:22:20,clients1.google.com
2013-11-19 08:22:20,www.histoiredor.com
2013-11-19 08:22:20,maps.googleapis.com
2013-11-19 08:22:20,trk.adbutter.net
2013-11-19 08:22:20,mastertag.effiliation.com
2013-11-19 08:22:20,www.woodbrass.com
2013-11-19 08:22:21,www.woodbrass.com
2013-11-19 08:22:21,www.histoiredor.com
2013-11-19 08:22:21,miniimg.rightinthebox.com
2013-11-19 08:22:21,ajax.googleapis.com
2013-11-19 08:22:21,tags.master-perf-tools.com
2013-11-19 08:22:21,www.miniinthebox.com
2013-11-19 08:22:21,minijscss.rightinthebox.com
2013-11-19 08:22:21,clients1.google.com
2013-11-19 08:22:22,miniimg3.rightinthebox.com
2013-11-19 08:22:22,miniimg7.rightinthebox.com
2013-11-19 08:22:22,miniimg4.rightinthebox.com
2013-11-19 08:22:22,www.histoiredor.com
2013-11-19 08:22:22,media.histoiredor.com
2013-11-19 08:22:22,www.woodbrass.com
2013-11-19 08:22:23,www.woodbrass.com
2013-11-19 08:22:23,www.facebook.com
2013-11-19 08:22:23,www.miniinthebox.com
2013-11-19 08:22:23,platform.twitter.com
2013-11-19 08:22:23,miniimg.rightinthebox.com
2013-11-19 08:22:23,litbimg.rightinthebox.com
2013-11-19 08:22:23,halc.iadvize.com
2013-11-19 08:22:23,minijscss.rightinthebox.com
2013-11-19 08:22:23,miniimg7.rightinthebox.com
2013-11-19 08:22:23,miniimg1.rightinthebox.com
2013-11-19 08:22:23,miniimg2.rightinthebox.com
2013-11-19 08:22:24,miniimg2.rightinthebox.com
2013-11-19 08:22:24,rapidssl-ocsp.geotrust.com
2013-11-19 08:22:24,media.histoiredor.com
2013-11-19 08:22:24,miniimg3.rightinthebox.com
2013-11-19 08:22:24,www.miniinthebox.com
2013-11-19 08:22:24,d3cxv97fi8q177.cloudfront.net
2013-11-19 08:22:24,miniimg1.rightinthebox.com
2013-11-19 08:22:24,www.histoiredor.com
2013-11-19 08:22:24,miniimg4.rightinthebox.com
2013-11-19 08:22:24,miniimg6.rightinthebox.com
2013-11-19 08:22:24,miniimg7.rightinthebox.com
2013-11-19 08:22:24,miniimg5.rightinthebox.com
2013-11-19 08:22:24,ea.histoiredor.com
2013-11-19 08:22:24,clients1.google.com
2013-11-19 08:22:24,miniimg8.rightinthebox.com
2013-11-19 08:22:25,ocsp.comodoca.com
2013-11-19 08:22:25,www.histoiredor.com
2013-11-19 08:22:25,platform.twitter.com
2013-11-19 08:22:25,d3cxv97fi8q177.cloudfront.net
2013-11-19 08:22:25,www.miniinthebox.com
2013-11-19 08:22:25,www.google.com
2013-11-19 08:22:25,www.google.fr
2013-11-19 08:22:25,ocsp.usertrust.com
2013-11-19 08:22:25,www.woodbrass.com
2013-11-19 08:22:26,evsecure-ocsp.verisign.com
2013-11-19 08:22:27,ocsp.thawte.com
2013-11-19 08:22:27,www.google.fr
2013-11-19 08:22:27,www.google.com
2013-11-19 08:22:27,calotag.com
2013-11-19 08:22:37,www.google.com
2013-11-19 08:22:37,fr.openclassrooms.com
2013-11-19 08:22:38,fr.openclassrooms.com
2013-11-19 08:22:39,dnn506yrbagrg.cloudfront.net
2013-11-19 08:22:39,fr.openclassrooms.com
2013-11-19 08:22:41,fr.openclassrooms.com
2013-11-19 08:22:56,twitter.com
2013-11-19 08:23:14,safebrowsing-cache.google.com
2013-11-19 08:23:14,safebrowsing.clients.google.com
2013-11-19 08:23:15,safebrowsing-cache.google.com
2013-11-19 08:23:16,safebrowsing-cache.google.com
2013-11-19 08:23:17,safebrowsing-cache.google.com
2013-11-19 08:23:34,halc.iadvize.com
2013-11-19 08:26:21,apis.google.com
2013-11-19 08:26:22,accounts.google.com
2013-11-19 08:26:38,www.googleapis.com
2013-11-19 08:29:19,fr.openclassrooms.com
2013-11-19 08:29:19,www.google.com
2013-11-19 08:29:21,choices.truste.com
2013-11-19 08:29:23,ocsp.verisign.com
2013-11-19 08:30:29,choices.truste.com
2013-11-19 08:31:29,ocsp.digicert.com
2013-11-19 08:33:20,www.googleapis.com
2013-11-19 08:37:36,www.google.com
2013-11-19 08:37:36,clients1.google.com
2013-11-19 08:37:38,www.google.com
2013-11-19 08:37:39,www.google.com
2013-11-19 08:37:41,www.google.com
2013-11-19 08:37:41,www.google.fr
2013-11-19 08:37:42,drive.google.com
2013-11-19 08:37:42,clients1.google.com
2013-11-19 08:37:45,drive.google.com
2013-11-19 08:38:14,clients1.google.com
2013-11-19 08:38:14,accounts.google.fr
2013-11-19 08:38:14,apis.google.com
2013-11-19 08:38:15,clients1.google.com
2013-11-19 08:38:16,0.drive.google.com
2013-11-19 08:38:23,apis.google.com
2013-11-19 08:38:23,docs.google.com
2013-11-19 08:38:26,0.docs.google.com
2013-11-19 08:39:02,0.drive.google.com
2013-11-19 08:39:16,0.docs.google.com
2013-11-19 08:39:46,0.drive.google.com
2013-11-19 08:40:10,0.docs.google.com
2013-11-19 08:40:37,0.drive.google.com
2013-11-19 08:41:05,0.docs.google.com
2013-11-19 08:41:34,0.drive.google.com
2013-11-19 08:41:58,0.docs.google.com
2013-11-19 08:42:15,www.google.com
2013-11-19 08:42:15,drive.google.com
2013-11-19 08:42:20,drive.google.com
2013-11-19 08:42:21,plus.google.com
2013-11-19 08:42:25,accounts.google.com
2013-11-19 08:42:26,clients6.google.com
2013-11-19 08:42:26,apis.google.com
2013-11-19 08:42:34,0.drive.google.com
2013-11-19 08:42:34,docs.google.com
2013-11-19 08:42:35,drive.google.com
2013-11-19 08:42:40,docs.google.com
2013-11-19 08:42:53,0.docs.google.com
2013-11-19 08:43:07,docs.google.com
2013-11-19 08:43:14,gg.google.com
2013-11-19 08:43:16,docs.google.com
2013-11-19 08:43:24,docs.google.com
2013-11-19 08:43:27,0.drive.google.com
2013-11-19 08:43:50,0.docs.google.com
2013-11-19 08:44:10,fr.openclassrooms.com
2013-11-19 08:44:10,www.google.com
2013-11-19 08:44:12,fr.openclassrooms.com
2013-11-19 08:44:12,www.google.com
2013-11-19 08:44:13,www.facebook.com
2013-11-19 08:44:18,0.drive.google.com
2013-11-19 08:44:44,0.docs.google.com
2013-11-19 08:45:08,0.drive.google.com
2013-11-19 08:45:37,0.docs.google.com
2013-11-19 08:46:02,0.drive.google.com
2013-11-19 08:46:32,0.docs.google.com
2013-11-19 08:46:56,0.drive.google.com
2013-11-19 08:47:25,0.docs.google.com
2013-11-19 08:47:54,0.drive.google.com
2013-11-19 08:48:11,www.googleapis.com
2013-11-19 08:48:15,drive.google.com
2013-11-19 08:48:17,0.docs.google.com
2013-11-19 08:48:47,0.drive.google.com
2013-11-19 08:49:10,0.docs.google.com
2013-11-19 08:49:42,0.drive.google.com
2013-11-19 08:50:08,0.docs.google.com
2013-11-19 08:50:35,0.drive.google.com
2013-11-19 08:51:01,0.docs.google.com
2013-11-19 08:51:34,0.drive.google.com
2013-11-19 08:51:55,0.docs.google.com
2013-11-19 08:52:21,plus.google.com
2013-11-19 08:52:30,0.drive.google.com
2013-11-19 08:52:47,0.docs.google.com
2013-11-19 08:53:25,0.drive.google.com
2013-11-19 08:53:41,0.docs.google.com
2013-11-19 08:54:15,drive.google.com
2013-11-19 08:54:16,0.drive.google.com
2013-11-19 08:54:31,0.docs.google.com
2013-11-19 08:54:36,safebrowsing-cache.google.com
2013-11-19 08:54:36,safebrowsing.clients.google.com
2013-11-19 08:55:13,0.drive.google.com
2013-11-19 08:55:26,0.docs.google.com
2013-11-19 08:55:37,safebrowsing-cache.google.com
2013-11-19 08:55:38,safebrowsing-cache.google.com
2013-11-19 08:55:39,safebrowsing-cache.google.com
2013-11-19 08:56:09,0.drive.google.com
2013-11-19 08:56:21,0.docs.google.com
2013-11-19 08:57:02,0.drive.google.com
2013-11-19 08:57:14,0.docs.google.com
2013-11-19 08:57:55,0.drive.google.com
2013-11-19 08:58:07,0.docs.google.com
2013-11-19 08:58:07,docs.google.com
2013-11-19 08:58:47,0.drive.google.com
2013-11-19 08:59:07,0.docs.google.com
2013-11-19 08:59:39,0.drive.google.com
2013-11-19 09:00:03,0.docs.google.com
2013-11-19 09:00:31,0.drive.google.com
2013-11-19 09:01:00,0.docs.google.com
2013-11-19 09:01:21,0.drive.google.com
2013-11-19 09:01:52,0.docs.google.com
2013-11-19 09:02:19,0.drive.google.com
2013-11-19 09:02:50,0.docs.google.com
2013-11-19 09:03:18,0.drive.google.com
2013-11-19 09:03:46,0.docs.google.com
2013-11-19 09:04:10,0.drive.google.com
2013-11-19 09:04:15,drive.google.com
2013-11-19 09:04:39,0.docs.google.com
2013-11-19 09:05:04,0.drive.google.com
2013-11-19 09:05:31,0.docs.google.com
2013-11-19 09:06:00,0.drive.google.com
2013-11-19 09:06:28,0.docs.google.com
2013-11-19 09:06:55,0.drive.google.com
2013-11-19 09:06:56,www.google.com
2013-11-19 09:06:56,clients1.google.com
2013-11-19 09:06:59,www.google.com
2013-11-19 09:07:00,www.google.com
2013-11-19 09:07:00,www.developpez.net
2013-11-19 09:07:00,ajax.googleapis.com
2013-11-19 09:07:00,premium.hi-mediaserver.com
2013-11-19 09:07:01,www.developpez.net
2013-11-19 09:07:21,0.docs.google.com
2013-11-19 09:07:47,0.drive.google.com
2013-11-19 09:08:14,0.docs.google.com
2013-11-19 09:08:40,0.drive.google.com
2013-11-19 09:09:02,www.commentcamarche.net
2013-11-19 09:09:02,www.google.com
2013-11-19 09:09:02,r.ccm2.net
2013-11-19 09:09:02,static.ccm2.net
2013-11-19 09:09:03,ba.commentcamarche.net
2013-11-19 09:09:03,kh6qrx0f8h.s.ad6media.fr
2013-11-19 09:09:03,static.ccm2.net
2013-11-19 09:09:04,s-static.ak.facebook.com
2013-11-19 09:09:04,ba.commentcamarche.net
2013-11-19 09:09:04,static.ak.facebook.com
2013-11-19 09:09:04,connect.facebook.net
2013-11-19 09:09:04,www.facebook.com
2013-11-19 09:09:05,platform.twitter.com
2013-11-19 09:09:08,0.docs.google.com
2013-11-19 09:09:30,www.google.com
2013-11-19 09:09:31,0.drive.google.com
2013-11-19 09:09:31,www.generation-nt.com
2013-11-19 09:09:32,www.generation-nt.com
2013-11-19 09:09:32,img.youtube.com
2013-11-19 09:09:32,img.generation-nt.com
2013-11-19 09:09:33,static.ak.facebook.com
2013-11-19 09:09:33,premium.hi-mediaserver.com
2013-11-19 09:09:33,s374.meetrics.net
2013-11-19 09:09:33,ogfzoyrk7u.s.ad6media.fr
2013-11-19 09:09:33,www.generation-nt.com
2013-11-19 09:09:33,www.facebook.com
2013-11-19 09:09:33,s-static.ak.facebook.com
2013-11-19 09:09:33,broadcast.piximedia.fr
2013-11-19 09:09:34,emailretargeting.com
2013-11-19 09:09:34,broadcast.piximedia.fr
2013-11-19 09:09:34,static.natoms.com
2013-11-19 09:09:34,ajax.googleapis.com
2013-11-19 09:09:34,www.facebook.com
2013-11-19 09:09:34,dc1w54.wysistat.com
2013-11-19 09:09:35,static.generation-nt.com
2013-11-19 09:09:35,twitter.com
2013-11-19 09:09:35,www.generation-nt.com
2013-11-19 09:09:35,media.bestofmicro.com
2013-11-19 09:10:03,0.docs.google.com
2013-11-19 09:10:22,0.drive.google.com
2013-11-19 09:10:37,www.generation-nt.com
2013-11-19 09:10:48,cap.utc.fr
2013-11-19 09:10:48,www.google.com
2013-11-19 09:10:49,cap.utc.fr
2013-11-19 09:10:51,cap.utc.fr
2013-11-19 09:11:02,0.docs.google.com
2013-11-19 09:11:13,0.drive.google.com
2013-11-19 09:11:57,0.docs.google.com
2013-11-19 09:12:06,0.drive.google.com
2013-11-19 09:12:18,fr.openclassrooms.com
2013-11-19 09:12:18,www.google.com
2013-11-19 09:12:19,www.google.com
2013-11-19 09:12:19,fr.openclassrooms.com
2013-11-19 09:12:19,dnn506yrbagrg.cloudfront.net
2013-11-19 09:12:20,fr.openclassrooms.com
2013-11-19 09:12:20,choices.truste.com
2013-11-19 09:12:20,rbp.mxptint.net
2013-11-19 09:12:20,pool-eu-ie.creative-serving.com
2013-11-19 09:12:21,fr.openclassrooms.com
2013-11-19 09:12:22,choices.truste.com
2013-11-19 09:12:22,ocsp.verisign.com
2013-11-19 09:12:22,ocsp.godaddy.com
2013-11-19 09:12:23,ocsp.digicert.com
2013-11-19 09:12:53,0.docs.google.com
2013-11-19 09:13:04,0.drive.google.com
2013-11-19 09:13:27,choices.truste.com
2013-11-19 09:13:32,apis.google.com
2013-11-19 09:13:32,accounts.google.com
2013-11-19 09:13:33,apis.google.com
2013-11-19 09:13:42,www.google.com
2013-11-19 09:13:42,clients1.google.com
2013-11-19 09:13:43,www.google.com
2013-11-19 09:13:44,fr.openclassrooms.com
2013-11-19 09:13:44,www.google.com
2013-11-19 09:13:45,dnn506yrbagrg.cloudfront.net
2013-11-19 09:13:48,0.docs.google.com
2013-11-19 09:13:58,0.drive.google.com
2013-11-19 09:14:12,fr.openclassrooms.com
2013-11-19 09:14:12,www.google.com
2013-11-19 09:14:14,choices.truste.com
2013-11-19 09:14:14,match.rtbidder.net
2013-11-19 09:14:14,www.google.com
2013-11-19 09:14:15,choices.truste.com
2013-11-19 09:14:15,drive.google.com
2013-11-19 09:14:48,0.docs.google.com
2013-11-19 09:14:54,0.drive.google.com
2013-11-19 09:15:46,0.docs.google.com
2013-11-19 09:15:47,0.drive.google.com
2013-11-19 09:16:39,0.drive.google.com
2013-11-19 09:16:40,0.docs.google.com
2013-11-19 09:17:33,0.docs.google.com
2013-11-19 09:17:35,0.drive.google.com
2013-11-19 09:18:12,www.googleapis.com
2013-11-19 09:18:26,0.docs.google.com
2013-11-19 09:18:38,0.drive.google.com
2013-11-19 09:19:17,0.docs.google.com
2013-11-19 09:19:32,0.drive.google.com
2013-11-19 09:20:10,0.docs.google.com
2013-11-19 09:20:24,0.drive.google.com
2013-11-19 09:21:05,0.docs.google.com
2013-11-19 09:21:15,0.drive.google.com
2013-11-19 09:21:35,fxfeeds.mozilla.com
2013-11-19 09:21:35,feeds.bbci.co.uk
2013-11-19 09:21:35,newsrss.bbc.co.uk
2013-11-19 09:22:00,0.docs.google.com
2013-11-19 09:22:10,0.drive.google.com
2013-11-19 09:22:54,0.docs.google.com
2013-11-19 09:23:08,0.drive.google.com
2013-11-19 09:23:51,0.docs.google.com
2013-11-19 09:24:05,0.drive.google.com
2013-11-19 09:24:45,0.docs.google.com
2013-11-19 09:24:54,0.drive.google.com
2013-11-19 09:24:56,safebrowsing.clients.google.com
2013-11-19 09:24:56,safebrowsing-cache.google.com
2013-11-19 09:24:57,safebrowsing-cache.google.com
2013-11-19 09:25:43,0.docs.google.com
2013-11-19 09:25:47,0.drive.google.com
2013-11-19 09:26:37,0.docs.google.com
2013-11-19 09:26:37,0.drive.google.com
2013-11-19 09:27:26,0.drive.google.com
2013-11-19 09:27:35,0.docs.google.com
2013-11-19 09:28:23,0.drive.google.com
2013-11-19 09:28:30,0.docs.google.com
2013-11-19 09:29:18,0.drive.google.com
2013-11-19 09:29:24,0.docs.google.com
2013-11-19 09:30:15,0.drive.google.com
2013-11-19 09:30:21,0.docs.google.com
2013-11-19 09:31:12,0.docs.google.com
2013-11-19 09:31:13,0.drive.google.com
2013-11-19 09:32:05,0.docs.google.com
2013-11-19 09:32:09,0.drive.google.com
2013-11-19 09:32:15,drive.google.com
2013-11-19 09:32:58,0.docs.google.com
2013-11-19 09:33:07,0.drive.google.com
2013-11-19 09:33:48,0.docs.google.com
2013-11-19 09:34:02,0.drive.google.com
2013-11-19 09:34:41,0.docs.google.com
2013-11-19 09:34:56,0.drive.google.com
2013-11-19 09:35:37,0.docs.google.com
2013-11-19 09:35:54,0.drive.google.com
2013-11-19 09:36:28,0.docs.google.com
2013-11-19 09:36:49,0.drive.google.com
2013-11-19 09:37:22,0.docs.google.com
2013-11-19 09:37:45,0.drive.google.com
2013-11-19 09:38:14,0.docs.google.com
2013-11-19 09:38:36,0.drive.google.com
2013-11-19 09:39:08,0.docs.google.com
2013-11-19 09:39:29,0.drive.google.com
2013-11-19 09:39:59,0.docs.google.com
2013-11-19 09:40:21,0.drive.google.com
2013-11-19 09:40:50,0.docs.google.com
2013-11-19 09:41:20,0.drive.google.com
2013-11-19 09:41:42,0.docs.google.com
2013-11-19 09:42:14,0.drive.google.com
2013-11-19 09:42:32,0.docs.google.com
2013-11-19 09:43:07,0.drive.google.com
2013-11-19 09:43:27,0.docs.google.com
2013-11-19 09:43:59,0.drive.google.com
2013-11-19 09:44:23,0.docs.google.com
2013-11-19 09:44:51,0.drive.google.com
2013-11-19 09:45:17,0.docs.google.com
2013-11-19 09:45:45,0.drive.google.com
2013-11-19 09:46:10,0.docs.google.com
2013-11-19 09:46:37,0.drive.google.com
2013-11-19 09:47:09,0.docs.google.com
2013-11-19 09:47:33,0.drive.google.com
2013-11-19 09:47:59,0.docs.google.com
2013-11-19 09:48:26,0.drive.google.com
2013-11-19 09:48:51,0.docs.google.com
2013-11-19 09:49:21,0.drive.google.com
2013-11-19 09:49:47,0.docs.google.com
2013-11-19 09:50:17,0.drive.google.com
2013-11-19 09:50:43,0.docs.google.com
2013-11-19 09:51:06,0.drive.google.com
2013-11-19 09:51:41,0.docs.google.com
2013-11-19 09:52:05,0.drive.google.com
2013-11-19 09:52:35,0.docs.google.com
2013-11-19 09:52:55,0.drive.google.com
2013-11-19 09:53:31,0.docs.google.com
2013-11-19 09:53:49,0.drive.google.com
2013-11-19 09:54:24,0.docs.google.com
2013-11-19 09:54:29,safebrowsing.clients.google.com
2013-11-19 09:54:29,safebrowsing-cache.google.com
2013-11-19 09:54:41,0.drive.google.com
2013-11-19 09:55:16,0.docs.google.com
2013-11-19 09:55:35,0.drive.google.com
2013-11-19 09:56:12,0.docs.google.com
2013-11-19 09:56:28,0.drive.google.com
2013-11-19 09:57:05,0.docs.google.com
2013-11-19 09:57:23,0.drive.google.com
2013-11-19 09:57:58,0.docs.google.com
2013-11-19 09:58:15,drive.google.com
2013-11-19 09:58:20,0.drive.google.com
2013-11-19 09:58:40,0.docs.google.com
2013-11-19 09:59:11,0.drive.google.com
2013-11-19 09:59:46,0.docs.google.com
2013-11-19 10:00:07,0.drive.google.com
2013-11-19 10:00:16,0.docs.google.com
2013-11-19 10:00:16,docs.google.com
2013-11-19 10:00:16,0.drive.google.com
2013-11-19 10:00:17,drive.google.com
2013-11-21 10:18:32,gtssl-ocsp.geotrust.com
2013-11-21 10:18:42,clients1.google.com
2013-11-21 10:18:42,gtglobal-ocsp.geotrust.com
2013-11-21 10:18:43,clients1.google.com
2013-11-21 10:18:46,www.google.fr
2013-11-21 10:18:47,clients1.google.com
2013-11-21 10:18:47,ocsp.tcs.terena.org
2013-11-21 10:18:47,ocsp.usertrust.com
2013-11-21 10:19:02,clients1.google.com
2013-11-21 10:19:24,safebrowsing.clients.google.com
2013-11-21 10:19:24,safebrowsing-cache.google.com
2013-11-21 10:19:25,safebrowsing-cache.google.com
2013-11-21 10:19:35,gtssl-ocsp.geotrust.com
2013-11-21 10:21:40,apis.google.com
2013-11-21 10:21:40,www.google.com
2013-11-21 10:21:41,www.google.fr
2013-11-21 10:23:08,dl.javafx.com
2013-11-21 10:24:30,ocsp.thawte.com
2013-11-21 10:26:30,ocsp.verisign.com
2013-11-21 10:28:30,ocsp.digicert.com
2013-11-21 10:50:07,safebrowsing.clients.google.com
2013-11-21 10:50:07,safebrowsing-cache.google.com
2013-11-21 10:50:08,safebrowsing-cache.google.com
2013-11-21 11:20:21,safebrowsing.clients.google.com
2013-11-21 11:20:21,safebrowsing-cache.google.com
2013-11-21 11:20:22,safebrowsing-cache.google.com
2013-11-21 11:50:58,safebrowsing.clients.google.com
2013-11-21 11:50:58,safebrowsing-cache.google.com
2013-11-21 11:50:59,safebrowsing-cache.google.com
2013-11-21 11:52:00,ocsp.tcs.terena.org
2013-11-21 11:52:00,ocsp.usertrust.com
2013-11-27 08:08:42,sigayret.fr
2013-11-27 08:08:43,sigayret.fr
2013-11-27 08:10:39,safebrowsing-cache.google.com
2013-11-27 08:10:39,safebrowsing.clients.google.com
2013-11-27 08:10:40,safebrowsing-cache.google.com
2013-11-27 08:13:40,ocsp.thawte.com
2013-11-27 08:15:29,www.google.com
2013-11-27 08:15:29,clients1.google.com
2013-11-27 08:15:30,gtglobal-ocsp.geotrust.com
2013-11-27 08:15:30,clients1.google.com
2013-11-27 08:15:34,www.google.fr
2013-11-27 08:15:34,clients1.google.com
2013-11-27 08:15:34,ocsp.tcs.terena.org
2013-11-27 08:15:34,ocsp.usertrust.com
2013-11-27 08:15:35,clients1.google.com
2013-11-27 08:15:44,ocsp.verisign.com
2013-11-27 08:17:44,ocsp.digicert.com
2013-11-27 08:17:45,ocsp.digicert.com
2013-11-27 08:18:27,apis.google.com
2013-11-27 08:18:29,www.google.fr
2013-11-27 08:18:29,id.google.fr
2013-11-27 08:18:29,www.google.com
2013-11-27 08:42:00,safebrowsing.clients.google.com
2013-11-27 08:42:00,safebrowsing-cache.google.com
2013-11-27 08:42:01,safebrowsing-cache.google.com
2013-11-27 09:10:04,safebrowsing.clients.google.com
2013-11-27 09:10:04,safebrowsing-cache.google.com
2013-11-27 09:10:05,safebrowsing-cache.google.com
2013-11-27 09:40:14,safebrowsing.clients.google.com
2013-11-27 09:40:14,safebrowsing-cache.google.com
2013-11-27 09:40:15,safebrowsing-cache.google.com
2013-11-28 10:45:42,www.google.com
2013-11-28 10:48:39,apis.google.com
2013-11-28 10:48:39,www.google.com
2013-11-28 10:48:40,www.google.fr
2013-11-28 12:10:21,www.google.com
2013-11-28 12:13:17,www.google.com
2013-11-28 12:13:18,id.google.fr
2013-11-28 12:13:18,www.google.fr
2013-12-18 08:06:33,gtssl-ocsp.geotrust.com
2013-12-18 08:06:35,gtssl-ocsp.geotrust.com
2013-12-18 08:06:36,clients1.google.com
2013-12-18 08:06:36,gtglobal-ocsp.geotrust.com
2013-12-18 08:06:41,clients1.google.com
2013-12-18 08:06:41,geo.mozilla.org
2013-12-18 08:06:43,safebrowsing.clients.google.com
2013-12-18 08:06:43,safebrowsing-cache.google.com
2013-12-18 08:06:44,safebrowsing-cache.google.com
2013-12-18 08:06:45,clients1.google.com
2013-12-18 08:06:48,www.google.fr
2013-12-18 08:06:48,www.google.com
2013-12-18 08:06:49,www.google.com
2013-12-18 08:06:50,clients1.google.com
2013-12-18 08:06:50,www.google.com
2013-12-18 08:07:00,www.google.com
2013-12-18 08:07:01,drive.google.com
2013-12-18 08:07:04,clients1.google.com
2013-12-18 08:07:05,clients1.google.com
2013-12-18 08:08:12,clients6.google.com
2013-12-18 08:08:12,gg.google.com
2013-12-18 08:08:12,sb-ssl.google.com
2013-12-18 08:08:12,0.drive.google.com
2013-12-18 08:08:12,drive.google.com
2013-12-18 08:08:12,accounts.google.com
2013-12-18 08:08:12,apis.google.com
2013-12-18 08:08:12,plus.google.com
2013-12-18 08:08:12,www.google.fr
2013-12-18 08:08:12,www.google.com
2013-12-18 08:08:12,docs.google.com
2013-12-18 08:08:12,0.docs.google.com
2013-12-18 08:10:35,sigayret.fr
2013-12-18 08:10:52,safebrowsing-cache.google.com
2013-12-18 08:10:52,safebrowsing.clients.google.com
2013-12-18 08:10:53,safebrowsing-cache.google.com
2013-12-18 08:10:56,sigayret.fr
2013-12-18 08:11:16,sigayret.fr
2013-12-18 08:12:25,sigayret.fr
2013-12-18 08:13:37,ocsp.thawte.com
2013-12-18 08:14:26,sigayret.fr
2013-12-18 08:15:38,ocsp.verisign.com
2013-12-18 08:17:38,ocsp.digicert.com
2013-12-18 08:17:40,ocsp.digicert.com
2013-12-18 08:31:18,sigayret.fr
2013-12-18 08:41:56,safebrowsing-cache.google.com
2013-12-18 08:41:56,safebrowsing.clients.google.com
2013-12-18 08:41:57,safebrowsing-cache.google.com
2013-12-18 09:11:42,safebrowsing-cache.google.com
2013-12-18 09:11:42,safebrowsing.clients.google.com
2013-12-18 09:11:43,safebrowsing-cache.google.com
2013-12-18 09:43:07,safebrowsing.clients.google.com
2013-12-18 09:43:07,safebrowsing-cache.google.com
2014-04-16 08:11:09,ocsp.thawte.com
2014-04-16 08:11:15,clients1.google.com
2014-04-16 08:11:16,gtglobal-ocsp.geotrust.com
2014-04-16 08:12:04,safebrowsing.clients.google.com
2014-04-16 08:12:04,safebrowsing-cache.google.com
2014-04-16 08:12:05,safebrowsing-cache.google.com
2014-04-16 08:14:15,www.google.com
2014-04-16 08:14:44,ocsp.verisign.com
2014-04-16 08:16:35,clients1.google.com
2014-04-16 08:16:36,clients1.google.com
2014-04-16 08:16:39,www.google.fr
2014-04-16 08:16:40,www.google.fr
2014-04-16 08:16:41,www.developpez.net
2014-04-16 08:16:41,ajax.googleapis.com
2014-04-16 08:16:41,www.google.com
2014-04-16 08:16:42,www.developpez.net
2014-04-16 08:16:43,sync.uuidcshmg.com
2014-04-16 08:16:44,krxd.nexac.com
2014-04-16 08:16:44,www.facebook.com
2014-04-16 08:16:44,ocsp.digicert.com
2014-04-16 08:16:47,dps.bing.com
2014-04-16 08:19:14,www.google.fr
2014-04-16 08:19:14,www.commentcamarche.net
2014-04-16 08:19:14,static.ccm2.net
2014-04-16 08:19:15,static.ccm2.net
2014-04-16 08:19:15,ba.commentcamarche.net
2014-04-16 08:19:15,static.commentcamarche.net
2014-04-16 08:19:15,clients1.google.com
2014-04-16 08:19:15,www.commentcamarche.net
2014-04-16 08:19:15,r.ccmbg.com
2014-04-16 08:19:16,platform.twitter.com
2014-04-16 08:19:16,www.facebook.com
2014-04-16 08:19:16,assets.ebz.io
2014-04-16 08:19:16,ba.commentcamarche.net
2014-04-16 08:19:16,static.ccm2.net
2014-04-16 08:19:18,static.ccm2.net
2014-04-16 08:19:18,www.facebook.com
2014-04-16 08:19:18,static.ak.facebook.com
2014-04-16 08:19:18,connect.facebook.net
2014-04-16 08:19:18,s-static.ak.facebook.com
2014-04-16 08:19:18,ba.commentcamarche.net
2014-04-16 08:19:18,evsecure-ocsp.verisign.com
2014-04-16 08:19:18,clients1.google.com
2014-04-16 08:19:19,clients1.google.com
2014-04-16 08:19:19,pixel.alephd.com
2014-04-16 08:19:19,ocsp.digicert.com
2014-04-16 08:19:19,ocsp.godaddy.com
2014-04-16 08:19:20,www.commentcamarche.net
2014-04-16 08:19:20,www.facebook.com
2014-04-16 08:19:20,static.ccm2.net
2014-04-16 08:19:20,ba.commentcamarche.net
2014-04-16 08:19:20,static.ccmbg.com
2014-04-16 08:19:20,platform.twitter.com
2014-04-16 08:19:21,static.ebz.io
2014-04-16 08:19:21,assets.ebz.io
2014-04-16 08:19:21,gtssl-ocsp.geotrust.com
2014-04-16 08:19:21,www.facebook.com
2014-04-16 08:19:22,static.ebz.io
2014-04-16 08:19:23,assets.ebz.io
2014-04-16 08:19:24,www.commentcamarche.net
2014-04-16 08:19:25,static.ebz.io
2014-04-16 08:19:33,www.google.fr
2014-04-16 08:19:33,www.google.com
2014-04-16 08:19:49,twitter.com
2014-04-16 08:19:51,twitter.com
2014-04-16 08:20:38,www.google.fr
2014-04-16 08:20:39,openweb.eu.org
2014-04-16 08:20:40,openweb.eu.org
2014-04-16 08:20:41,openweb.eu.org
2014-04-16 08:22:09,ajax.googleapis.com
2014-04-16 08:22:12,apis.google.com
2014-04-16 08:22:14,accounts.google.com
2014-04-16 08:22:35,www.google.fr
2014-04-16 08:22:37,www.developpez.net
2014-04-16 08:22:38,www.developpez.net
2014-04-16 08:22:39,krxd.nexac.com
2014-04-16 08:22:39,sync.uuidcshmg.com
2014-04-16 08:23:14,www.google.fr
2014-04-16 08:29:37,magali.contensin.online.fr
2014-04-16 08:29:37,www.google.fr
2014-04-16 08:29:38,magali.contensin.online.fr
2014-04-16 08:30:01,www.google.fr
2014-04-16 08:30:01,www.startyourdev.com
2014-04-16 08:30:02,www.startyourdev.com
2014-04-16 08:30:02,www.google.com
2014-04-16 08:30:02,clients1.google.com
2014-04-16 08:32:25,www.google.com
2014-04-16 08:33:10,www.google.fr
2014-04-16 08:36:29,www.google.com
2014-04-16 08:39:29,www.google.com
2014-04-16 08:42:02,www.google.fr
2014-04-16 08:42:02,openweb.eu.org
2014-04-16 08:43:29,safebrowsing.clients.google.com
2014-04-16 08:43:29,safebrowsing-cache.google.com
2014-04-16 08:44:44,www.google.com
2014-04-16 08:44:46,www.google.fr
2014-04-16 08:45:25,safebrowsing.clients.google.com
2014-04-16 08:47:29,www.google.fr
2014-04-16 08:47:30,translate.google.com
2014-04-16 08:47:30,www.google.com
2014-04-16 08:47:30,clients1.google.com
2014-04-16 08:47:30,www.w3schools.com
2014-04-16 08:47:30,www.facebook.com
2014-04-16 08:47:31,clients1.google.com
2014-04-16 08:47:31,www.w3schools.com
2014-04-16 08:47:31,www.google.com
2014-04-16 08:47:32,translate.google.com
2014-04-16 08:47:32,user-disp.tidaltv.com
2014-04-16 08:47:36,translate.google.com
2014-04-16 08:50:22,id.google.fr
2014-04-16 08:50:24,www.google.fr
2014-04-16 08:50:26,www.googleapis.com
2014-04-16 08:50:28,www.google.com
2014-04-16 08:50:32,translate.googleapis.com
2014-04-16 09:00:57,www.google.com
2014-04-16 09:03:57,www.google.com
2014-04-16 09:03:59,www.google.fr
2014-04-16 09:11:34,safebrowsing-cache.google.com
2014-04-16 09:11:34,safebrowsing.clients.google.com
2014-04-16 09:11:35,safebrowsing-cache.google.com
2014-04-16 09:22:53,www.google.com
2014-04-16 09:22:54,www.google.fr
2014-04-16 09:28:57,www.google.com
2014-04-16 09:29:05,www.w3schools.com
2014-04-16 09:29:05,www.google.fr
2014-04-16 09:29:06,www.facebook.com
2014-04-16 09:29:06,www.google.com
2014-04-16 09:29:06,www.w3schools.com
2014-04-16 09:29:06,clients1.google.com
2014-04-16 09:29:06,translate.google.com
2014-04-16 09:29:07,www.google.com
2014-04-16 09:29:08,translate.google.com
2014-04-16 09:29:12,translate.google.com
2014-04-16 09:29:45,translate.google.com
2014-04-16 09:29:45,clients1.google.com
2014-04-16 09:29:45,www.facebook.com
2014-04-16 09:29:45,www.google.com
2014-04-16 09:29:45,www.w3schools.com
2014-04-16 09:29:46,www.w3schools.com
2014-04-16 09:29:46,dsp.active-agent.com
2014-04-16 09:29:47,translate.google.com
2014-04-16 09:29:51,translate.google.com
2014-04-16 09:30:03,www.google.fr
2014-04-16 09:30:04,fr.openclassrooms.com
2014-04-16 09:30:05,www.google.com
2014-04-16 09:30:05,doug1izaerwt3.cloudfront.net
2014-04-16 09:30:05,dnn506yrbagrg.cloudfront.net
2014-04-16 09:30:05,fr.openclassrooms.com
2014-04-16 09:30:06,fr.openclassrooms.com
2014-04-16 09:30:09,www.google.com
2014-04-16 09:30:11,fr.openclassrooms.com
2014-04-16 09:30:12,ocsp.verisign.com
2014-04-16 09:30:13,ocsp.verisign.com
2014-04-16 09:32:56,www.google.com
2014-04-16 09:32:58,www.google.fr
2014-04-16 09:33:06,www.googleapis.com
2014-04-16 09:39:55,fr.wikipedia.org
2014-04-16 09:39:55,bits.wikimedia.org
2014-04-16 09:39:56,bits.wikimedia.org
2014-04-16 09:39:56,login.wikimedia.org
2014-04-16 09:39:56,meta.wikimedia.org
2014-04-16 09:39:56,fr.wikipedia.org
2014-04-16 09:39:57,meta.wikimedia.org
2014-04-16 09:39:57,bits.wikimedia.org
2014-04-16 09:40:46,clients1.google.com
2014-04-16 09:40:46,gtglobal-ocsp.geotrust.com
2014-04-16 09:40:57,www.google.fr
2014-04-16 09:40:58,www.json.org
2014-04-16 09:40:59,www.json.org
2014-04-16 09:41:26,www.alsacreations.com
2014-04-16 09:41:26,www.google.fr
2014-04-16 09:41:27,ajax.googleapis.com
2014-04-16 09:41:27,www.alsacreations.com
2014-04-16 09:41:27,forum.alsacreations.com
2014-04-16 09:42:55,clients1.google.com
2014-04-16 09:42:56,www.google.fr
2014-04-16 09:43:03,fr.openclassrooms.com
2014-04-16 09:43:03,static.siteduzero.com
2014-04-16 09:43:04,www.google.com
2014-04-16 09:43:05,static.siteduzero.com
2014-04-16 09:43:05,fr.openclassrooms.com
2014-04-16 09:43:06,doug1izaerwt3.cloudfront.net
2014-04-16 09:43:11,www.google.com
2014-04-16 09:43:20,www.google.fr
2014-04-16 09:43:26,fr.openclassrooms.com
2014-04-16 09:43:27,www.google.com
2014-04-16 09:43:27,doug1izaerwt3.cloudfront.net
2014-04-16 09:43:35,safebrowsing.clients.google.com
2014-04-16 09:43:36,safebrowsing-cache.google.com
2014-04-16 09:43:37,safebrowsing-cache.google.com
2014-04-16 09:43:37,ad.publicidees.com
2014-04-16 09:43:38,safebrowsing-cache.google.com
2014-04-16 09:43:38,www.facebook.com
2014-04-16 09:43:39,ce.lijit.com
2014-04-16 09:43:39,safebrowsing-cache.google.com
2014-04-16 09:43:40,safebrowsing-cache.google.com
2014-04-16 09:43:41,safebrowsing-cache.google.com
2014-04-16 09:43:41,match.rtbidder.net
2014-04-16 09:43:41,rubicon-match.dotomi.com
2014-04-16 09:43:42,safebrowsing-cache.google.com
2014-04-16 09:43:44,id.google.fr
2014-04-16 09:44:11,fr.openclassrooms.com
2014-04-16 09:44:13,www.google.com
2014-04-16 09:44:13,doug1izaerwt3.cloudfront.net
2014-04-16 09:44:18,www.google.com
2014-04-16 09:44:19,cs.specificclick.net
2014-04-16 09:44:20,fr.openclassrooms.com
2014-04-16 09:44:24,rp.gwallet.com
2014-04-16 09:44:24,user-disp.tidaltv.com
2014-04-16 09:44:25,ocsp.godaddy.com
2014-04-16 09:45:48,fr.openclassrooms.com
2014-04-16 09:46:09,www.google.com
2014-04-16 09:47:14,www.googleapis.com
2014-04-16 09:47:21,ajax.googleapis.com
2014-04-16 09:48:52,www.google.fr
2014-04-16 09:49:27,gtssl-ocsp.geotrust.com
2014-04-16 09:57:46,ocsp.thawte.com
2014-04-16 09:57:48,www.google.com
2014-04-16 09:57:49,gtglobal-ocsp.geotrust.com
2014-04-16 09:57:49,clients1.google.com
2014-04-16 09:57:50,clients1.google.com
2014-04-16 09:58:01,clients1.google.com
2014-04-16 09:58:02,clients1.google.com
2014-04-16 09:58:21,clients1.google.com
2014-04-16 09:59:13,plus.google.com
2014-04-16 09:59:13,0.drive.google.com
2014-04-16 09:59:13,lh3.google.com
2014-04-16 09:59:13,lh4.google.com
2014-04-16 09:59:13,apis.google.com
2014-04-16 09:59:13,docs.google.com
2014-04-16 09:59:13,clients2.google.com
2014-04-16 09:59:13,accounts.google.com
2014-04-16 09:59:13,drive.google.com
2014-04-16 09:59:13,accounts.youtube.com
2014-04-16 09:59:13,accounts.google.fr
2014-04-16 09:59:13,www.google.fr
2014-04-16 09:59:13,www.google.com
2014-04-16 13:42:19,ocsp.thawte.com
2014-04-16 13:42:22,clients1.google.com
2014-04-16 13:42:22,gtglobal-ocsp.geotrust.com
2014-04-16 13:43:03,safebrowsing.clients.google.com
2014-04-16 13:43:03,safebrowsing-cache.google.com
2014-04-16 13:43:04,safebrowsing-cache.google.com
2014-04-16 13:43:19,orange.fr
2014-04-16 13:43:19,www.orange.fr
2014-04-16 13:43:19,c.woopic.com
2014-04-16 13:43:20,proxymedia.woopic.com
2014-04-16 13:43:20,c.woopic.com
2014-04-16 13:43:21,c.woopic.com
2014-04-16 13:43:21,iapref.orange.fr
2014-04-16 13:43:22,r.orange.fr
2014-04-16 13:43:22,ap.orange.fr
2014-04-16 13:43:22,c.orange.fr
2014-04-16 13:43:22,images.orangepublicite.fr
2014-04-16 13:43:22,id.orange.fr
2014-04-16 13:43:22,test-ds.woopic.com
2014-04-16 13:43:22,test-v4.woopic.com
2014-04-16 13:43:23,id.orange.fr
2014-04-16 13:43:23,pv.cofinoga.fr
2014-04-16 13:43:23,images.orangepublicite.fr
2014-04-16 13:43:23,ocsp.verisign.com
2014-04-16 13:43:23,iapref.orange.fr
2014-04-16 13:43:24,id.orange.fr
2014-04-16 13:43:24,ocsp.verisign.com
2014-04-16 13:43:37,ocsp.verisign.com
2014-04-16 13:43:38,id.orange.fr
2014-04-16 13:43:39,media.pns.orange.fr
2014-04-16 13:43:43,id.orange.fr
2014-04-16 13:43:48,id.orange.fr
2014-04-16 13:44:03,c.woopic.com
2014-04-16 13:44:03,www.orange.fr
2014-04-16 13:44:03,id.orange.fr
2014-04-16 13:44:04,r.orange.fr
2014-04-16 13:44:04,mdsp.orange.fr
2014-04-16 13:44:04,pushinternet.woopic.com
2014-04-16 13:44:04,iapref.orange.fr
2014-04-16 13:44:05,c.woopic.com
2014-04-16 13:44:05,c.orange.fr
2014-04-16 13:44:06,rms.orange.fr
2014-04-16 13:44:06,r.orange.fr
2014-04-16 13:44:06,test-v4.woopic.com
2014-04-16 13:44:06,webmail.orange.fr
2014-04-16 13:44:06,test-ds.woopic.com
2014-04-16 13:44:06,webmail1k.orange.fr
2014-04-16 13:44:07,iz.orange.fr
2014-04-16 13:44:07,static.wanadoo.fr
2014-04-16 13:44:07,c.woopic.com
2014-04-16 13:44:07,safebrowsing.clients.google.com
2014-04-16 13:44:07,js.wanadoo.fr
2014-04-16 13:44:07,wassup.orange.fr
2014-04-16 13:44:07,webmail1k.orange.fr
2014-04-16 13:44:10,c.woopic.com
2014-04-16 13:44:10,static.wanadoo.fr
2014-04-16 13:44:10,iapref.orange.fr
2014-04-16 13:44:11,its.tradelab.fr
2014-04-16 13:44:11,static.wanadoo.fr
2014-04-16 13:44:16,webmail1k.orange.fr
2014-04-16 13:44:16,js.wanadoo.fr
2014-04-16 13:44:16,iz.orange.fr
2014-04-16 13:44:16,c.woopic.com
2014-04-16 13:44:17,webmail1k.orange.fr
2014-04-16 13:44:18,images.orangepublicite.fr
2014-04-16 13:44:18,iapref.orange.fr
2014-04-16 13:44:20,webmail1k.orange.fr
2014-04-16 13:45:20,www.google.com
2014-04-16 13:47:19,serving.plexop.net
2014-04-16 13:50:19,images.orangepublicite.fr
2014-04-16 14:02:20,its.tradelab.fr
2014-04-16 14:11:53,safebrowsing.clients.google.com
2014-04-16 14:11:53,safebrowsing-cache.google.com
2014-04-16 14:17:23,serving.plexop.net
2014-04-16 14:28:06,images.orangepublicite.fr
2014-04-16 14:31:07,its.tradelab.fr
2014-04-16 14:34:07,ocsp.verisign.com
2014-04-16 14:36:03,rover.ebay.com
2014-04-16 14:37:09,ocsp.thawte.com
2014-04-16 14:40:59,clients1.google.com
2014-04-16 14:41:00,clients1.google.com
2014-04-16 14:41:02,www.google.fr
2014-04-16 14:41:03,static.ccm2.net
2014-04-16 14:41:03,www.commentcamarche.net
2014-04-16 14:41:03,r.ccmbg.com
2014-04-16 14:41:04,static.ccm2.net
2014-04-16 14:41:04,ba.commentcamarche.net
2014-04-16 14:41:04,clients1.google.com
2014-04-16 14:41:05,clients1.google.com
2014-04-16 14:41:05,www.facebook.com
2014-04-16 14:41:05,assets.ebz.io
2014-04-16 14:41:05,static.ccm2.net
2014-04-16 14:41:05,platform.twitter.com
2014-04-16 14:41:05,evsecure-ocsp.verisign.com
2014-04-16 14:41:05,ocsp.digicert.com
2014-04-16 14:41:06,static.ccm2.net
2014-04-16 14:41:06,connect.facebook.net
2014-04-16 14:41:06,ba.commentcamarche.net
2014-04-16 14:41:07,s-static.ak.facebook.com
2014-04-16 14:41:07,static.ak.facebook.com
2014-04-16 14:41:07,pixel.alephd.com
2014-04-16 14:41:07,ocsp.godaddy.com
2014-04-16 14:41:09,www.commentcamarche.net
2014-04-16 14:41:09,www.facebook.com
2014-04-16 14:41:09,platform.twitter.com
2014-04-16 14:41:09,static.ccmbg.com
2014-04-16 14:41:09,static.ccm2.net
2014-04-16 14:41:09,ba.commentcamarche.net
2014-04-16 14:41:10,gtssl-ocsp.geotrust.com
2014-04-16 14:41:10,assets.ebz.io
2014-04-16 14:41:11,clients1.google.com
2014-04-16 14:41:11,www.commentcamarche.net
2014-04-16 14:41:11,static.ebz.io
2014-04-16 14:41:11,assets.ebz.io
2014-04-16 14:41:12,www.commentcamarche.net
2014-04-16 14:41:12,assets.ebz.io
2014-04-16 14:41:17,assets.ebz.io
2014-04-16 14:41:20,static.ccm2.net
2014-04-16 14:41:22,assets.ebz.io
2014-04-16 14:41:40,twitter.com
2014-04-16 14:41:59,safebrowsing.clients.google.com
2014-04-16 14:42:00,safebrowsing-cache.google.com
2014-04-16 14:42:04,rover.ebay.com
2014-04-16 14:43:09,images.orangepublicite.fr
2014-04-16 14:43:56,apis.google.com
2014-04-16 14:43:56,www.google.fr
2014-04-16 14:43:59,ajax.googleapis.com
2014-04-16 14:44:10,www.google.fr
2014-04-16 14:44:11,www.cplusplus.com
2014-04-16 14:44:13,clients1.google.com
2014-04-16 14:44:13,gtglobal-ocsp.geotrust.com
2014-04-16 14:44:15,www.cplusplus.com
2014-04-16 14:45:05,www.google.fr
2014-04-16 14:45:06,fr.openclassrooms.com
2014-04-16 14:45:07,www.google.com
2014-04-16 14:45:07,fr.openclassrooms.com
2014-04-16 14:45:07,dnn506yrbagrg.cloudfront.net
2014-04-16 14:45:07,doug1izaerwt3.cloudfront.net
2014-04-16 14:45:08,fr.openclassrooms.com
2014-04-16 14:45:08,www.google.com
2014-04-16 14:45:09,www.google.com
2014-04-16 14:45:09,fr.openclassrooms.com
2014-04-16 14:45:10,fr.openclassrooms.com
2014-04-16 14:45:10,sam.zebestof.com
2014-04-16 14:45:11,ocsp.verisign.com
2014-04-16 14:45:27,www.google.fr
2014-04-16 14:45:29,www.developpez.net
2014-04-16 14:45:29,ajax.googleapis.com
2014-04-16 14:45:29,safebrowsing.clients.google.com
2014-04-16 14:45:29,www.google.com
2014-04-16 14:45:30,www.google.com
2014-04-16 14:45:30,www.developpez.net
2014-04-16 14:45:31,sync.uuidcshmg.com
2014-04-16 14:45:31,www.developpez.net
2014-04-16 14:46:08,its.tradelab.fr
2014-04-16 14:46:56,www.google.com
2014-04-16 14:46:59,www.google.fr
2014-04-16 14:47:07,d1zdqwv4o6pivl.cloudfront.net
2014-04-16 14:48:04,www.googleapis.com
2014-04-16 14:58:10,images.orangepublicite.fr
2014-04-16 15:01:11,images.orangepublicite.fr
2014-04-16 15:10:10,its.tradelab.fr
2014-04-16 15:12:02,safebrowsing.clients.google.com
2014-04-16 15:12:03,safebrowsing-cache.google.com
2014-04-16 15:25:12,its.tradelab.fr
2014-04-17 08:11:58,ocsp.thawte.com
2014-04-17 08:12:00,www.google.com
2014-04-17 08:12:01,gtglobal-ocsp.geotrust.com
2014-04-17 08:12:01,clients1.google.com
2014-04-17 08:12:08,clients1.google.com
2014-04-17 08:12:17,www.google.fr
2014-04-17 08:12:17,ajax.googleapis.com
2014-04-17 08:12:17,stackoverflow.com
2014-04-17 08:12:18,stackoverflow.com
2014-04-17 08:12:18,cdn-careers.sstatic.net
2014-04-17 08:12:19,careers.stackoverflow.com
2014-04-17 08:12:19,cdn-careers.sstatic.net
2014-04-17 08:12:19,ocsp.digicert.com
2014-04-17 08:12:23,stackoverflow.com
2014-04-17 08:12:34,stackauth.com
2014-04-17 08:12:35,ocsp.verisign.com
2014-04-17 08:12:36,adzerk-www.s3.amazonaws.com
2014-04-17 08:12:40,clients1.google.com
2014-04-17 08:12:46,www.google.fr
2014-04-17 08:12:47,script.affilizr.com
2014-04-17 08:12:47,forum.hardware.fr
2014-04-17 08:12:47,forum-images.hardware.fr
2014-04-17 08:12:47,wtpn.twenga.fr
2014-04-17 08:12:48,www.google.com
2014-04-17 08:12:49,wtpn.twenga.fr
2014-04-17 08:12:49,clients1.google.com
2014-04-17 08:12:49,fr.primary.affinitad.com
2014-04-17 08:12:49,www.google.com
2014-04-17 08:12:49,rbx-cdn-tpn.c4tw.net
2014-04-17 08:12:50,i10.twenga.com
2014-04-17 08:12:50,i11.twenga.com
2014-04-17 08:12:50,rbx-cdn-tpn.c4tw.net
2014-04-17 08:12:50,forum.hardware.fr
2014-04-17 08:13:59,www.google.fr
2014-04-17 08:14:00,www.cplusplus.com
2014-04-17 08:14:01,www.cplusplus.com
2014-04-17 08:14:02,www.cplusplus.com
2014-04-17 08:14:03,www.cplusplus.com
2014-04-17 08:14:13,www.gravatar.com
2014-04-17 08:15:04,id.google.fr
2014-04-17 08:15:04,apis.google.com
2014-04-17 08:15:05,www.google.com
2014-04-17 08:15:14,safebrowsing-cache.google.com
2014-04-17 08:15:14,safebrowsing.clients.google.com
2014-04-17 08:15:15,safebrowsing-cache.google.com
2014-04-17 08:15:44,ajax.googleapis.com
2014-04-17 08:16:54,www.google.fr
2014-04-17 08:19:44,ocsp.verisign.com
2014-04-17 08:21:44,ocsp.digicert.com
2014-04-17 08:23:14,gtssl-ocsp.geotrust.com
2014-04-17 08:38:59,orange.fr
2014-04-17 08:38:59,www.orange.fr
2014-04-17 08:38:59,c.woopic.com
2014-04-17 08:39:00,c.woopic.com
2014-04-17 08:39:00,proxymedia.woopic.com
2014-04-17 08:39:01,www.facebook.com
2014-04-17 08:39:01,iapref.orange.fr
2014-04-17 08:39:01,c.woopic.com
2014-04-17 08:39:02,id.orange.fr
2014-04-17 08:39:02,r.orange.fr
2014-04-17 08:39:03,ocsp.verisign.com
2014-04-17 08:39:03,id.orange.fr
2014-04-17 08:39:03,ocsp.godaddy.com
2014-04-17 08:39:04,id.orange.fr
2014-04-17 08:39:04,iapref.orange.fr
2014-04-17 08:39:05,ocsp.verisign.com
2014-04-17 08:39:12,ocsp.verisign.com
2014-04-17 08:39:13,www.orange.fr
2014-04-17 08:39:13,id.orange.fr
2014-04-17 08:39:14,c.woopic.com
2014-04-17 08:39:14,mdsp.orange.fr
2014-04-17 08:39:15,iapref.orange.fr
2014-04-17 08:39:15,pushinternet.woopic.com
2014-04-17 08:39:15,r.orange.fr
2014-04-17 08:39:15,c.woopic.com
2014-04-17 08:39:16,ap.orange.fr
2014-04-17 08:39:16,c.orange.fr
2014-04-17 08:39:16,videos.orangepublicite.fr
2014-04-17 08:39:16,www.facebook.com
2014-04-17 08:39:17,test-v4.woopic.com
2014-04-17 08:39:17,listener.ezakus.net
2014-04-17 08:39:17,test-ds.woopic.com
2014-04-17 08:39:18,r.orange.fr
2014-04-17 08:39:18,webmail.orange.fr
2014-04-17 08:39:18,webmail1g.orange.fr
2014-04-17 08:39:18,rms.orange.fr
2014-04-17 08:39:19,wassup.orange.fr
2014-04-17 08:39:19,webmail1g.orange.fr
2014-04-17 08:39:20,media.pns.orange.fr
2014-04-17 08:39:20,static.wanadoo.fr
2014-04-17 08:39:20,iz.orange.fr
2014-04-17 08:39:20,c.woopic.com
2014-04-17 08:39:20,safebrowsing.clients.google.com
2014-04-17 08:39:20,js.wanadoo.fr
2014-04-17 08:39:20,webmail1g.orange.fr
2014-04-17 08:39:39,static.wanadoo.fr
2014-04-17 08:39:40,iapref.orange.fr
2014-04-17 08:39:40,c.woopic.com
2014-04-17 08:39:41,www.facebook.com
2014-04-17 08:39:41,its.tradelab.fr
2014-04-17 08:39:41,static.wanadoo.fr
2014-04-17 08:39:42,dps.bing.com
2014-04-17 08:39:44,c.woopic.com
2014-04-17 08:39:44,iz.orange.fr
2014-04-17 08:39:44,webmail1g.orange.fr
2014-04-17 08:39:45,iapref.orange.fr
2014-04-17 08:39:46,images.orangepublicite.fr
2014-04-17 08:40:08,www.google.fr
2014-04-17 08:40:09,clients1.google.com
2014-04-17 08:40:09,ocsp.usertrust.com
2014-04-17 08:40:09,ocsp.tcs.terena.org
2014-04-17 08:43:00,www.google.com
2014-04-17 08:43:04,www.google.fr
2014-04-17 08:44:35,safebrowsing-cache.google.com
2014-04-17 08:44:35,safebrowsing.clients.google.com
2014-04-17 08:44:36,safebrowsing-cache.google.com
2014-04-17 09:16:27,safebrowsing.clients.google.com
2014-04-17 09:16:27,safebrowsing-cache.google.com
2014-04-17 09:16:28,safebrowsing-cache.google.com
2014-04-17 09:30:49,clients1.google.com
2014-04-17 09:30:49,gtglobal-ocsp.geotrust.com
2014-04-17 09:30:53,www.google.fr
2014-04-17 09:30:54,tavmjong.free.fr
2014-04-17 09:31:12,svground.fr
2014-04-17 09:31:12,www.google.fr
2014-04-17 09:31:13,i.creativecommons.org
2014-04-17 09:31:13,svground.fr
2014-04-17 09:32:22,clients1.google.com
2014-04-17 09:32:35,svground.fr
2014-04-17 09:32:35,www.google.fr
2014-04-17 09:32:36,svground.fr
2014-04-17 09:33:45,www.google.com
2014-04-17 09:35:30,www.google.fr
2014-04-17 09:40:36,www.google.fr
2014-04-17 09:40:37,fr.openclassrooms.com
2014-04-17 09:40:38,farm4.static.flickr.com
2014-04-17 09:40:38,fr.openclassrooms.com
2014-04-17 09:40:38,www.google.com
2014-04-17 09:40:39,doug1izaerwt3.cloudfront.net
2014-04-17 09:40:39,fr.openclassrooms.com
2014-04-17 09:40:39,dnn506yrbagrg.cloudfront.net
2014-04-17 09:40:39,www.google.com
2014-04-17 09:40:40,fr.openclassrooms.com
2014-04-17 09:40:41,www.google.com
2014-04-17 09:40:41,fr.openclassrooms.com
2014-04-17 09:40:42,fr.openclassrooms.com
2014-04-17 09:40:42,clients1.google.com
2014-04-17 09:40:43,sam.zebestof.com
2014-04-17 09:40:43,ocsp.verisign.com
2014-04-17 09:40:43,rp.gwallet.com
2014-04-17 09:40:44,fr.openclassrooms.com
2014-04-17 09:41:06,www.google.fr
2014-04-17 09:41:07,translate.google.com
2014-04-17 09:41:07,www.w3schools.com
2014-04-17 09:41:07,www.google.com
2014-04-17 09:41:08,www.w3schools.com
2014-04-17 09:41:08,www.google.com
2014-04-17 09:41:08,clients1.google.com
2014-04-17 09:41:08,hal9000.redintelligence.net
2014-04-17 09:41:08,www.facebook.com
2014-04-17 09:41:09,hal9000.redintelligence.net
2014-04-17 09:41:10,www.w3schools.com
2014-04-17 09:41:10,rapidssl-ocsp.geotrust.com
2014-04-17 09:41:10,translate.google.com
2014-04-17 09:41:14,translate.google.com
2014-04-17 09:41:34,www.google.fr
2014-04-17 09:41:35,www.liafa.univ-paris-diderot.fr
2014-04-17 09:41:54,www.google.fr
2014-04-17 09:41:56,www.sitemaps.org
2014-04-17 09:41:57,www.sitemaps.org
2014-04-17 09:42:39,d1zdqwv4o6pivl.cloudfront.net
2014-04-17 09:44:03,www.googleapis.com
2014-04-17 09:44:07,www.google.com
2014-04-17 09:44:09,translate.googleapis.com
2014-04-17 09:45:05,www.google.fr
2014-04-17 09:47:09,safebrowsing.clients.google.com
2014-04-17 09:47:09,safebrowsing-cache.google.com
2014-04-24 08:57:55,ocsp.thawte.com
2014-04-24 08:58:09,sci.sciences.univ-bpclermont.fr
2014-04-24 08:58:14,clients1.google.com
2014-04-24 08:58:14,gtglobal-ocsp.geotrust.com
2014-04-24 08:58:29,clients1.google.com
2014-04-24 08:58:41,gtssl-ocsp.geotrust.com
2014-04-24 08:59:58,safebrowsing.clients.google.com
2014-04-24 08:59:58,safebrowsing-cache.google.com
2014-04-24 09:01:25,id.google.fr
2014-04-24 09:01:25,apis.google.com
2014-04-24 09:01:27,www.google.fr
2014-04-24 09:01:27,www.google.com
2014-04-24 09:01:37,www.cgal.org
2014-04-24 09:01:45,doc.cgal.org
2014-04-24 09:01:46,doc.cgal.org
2014-04-24 09:01:47,doc.cgal.org
2014-04-24 09:01:50,doc.cgal.org
2014-04-24 09:01:52,www.cgal.org
2014-04-24 09:01:58,doc.cgal.org
2014-04-24 09:02:29,doc.cgal.org
2014-04-24 09:03:36,ocsp.comodoca.com
2014-04-24 09:03:37,ocsp.usertrust.com
2014-04-24 09:03:39,doc.cgal.org
2014-04-24 09:03:40,doc.cgal.org
2014-04-24 09:04:26,doc.cgal.org
2014-04-24 09:04:27,doc.cgal.org
2014-04-24 09:04:28,doc.cgal.org
2014-04-24 09:04:31,doc.cgal.org
2014-04-24 09:04:32,doc.cgal.org
2014-04-24 09:04:33,doc.cgal.org
2014-04-24 09:04:33,www.google.fr
2014-04-24 09:04:50,doc.cgal.org
2014-04-24 09:04:51,doc.cgal.org
2014-04-24 09:05:03,doc.cgal.org
2014-04-24 09:05:04,doc.cgal.org
2014-04-24 09:05:07,doc.cgal.org
2014-04-24 09:05:09,doc.cgal.org
2014-04-24 09:05:10,doc.cgal.org
2014-04-24 09:05:36,doc.cgal.org
2014-04-24 09:05:37,doc.cgal.org
2014-04-24 09:05:37,ocsp.verisign.com
2014-04-24 09:05:40,doc.cgal.org
2014-04-24 09:05:41,doc.cgal.org
2014-04-24 09:05:42,doc.cgal.org
2014-04-24 09:05:45,doc.cgal.org
2014-04-24 09:05:56,doc.cgal.org
2014-04-24 09:05:57,doc.cgal.org
2014-04-24 09:05:58,doc.cgal.org
2014-04-24 09:06:00,doc.cgal.org
2014-04-24 09:06:02,doc.cgal.org
2014-04-24 09:06:03,doc.cgal.org
2014-04-24 09:06:11,doc.cgal.org
2014-04-24 09:06:12,doc.cgal.org
2014-04-24 09:07:37,ocsp.digicert.com
2014-04-24 09:18:36,doc.cgal.org
2014-04-24 09:18:37,doc.cgal.org
2014-04-24 09:18:55,doc.cgal.org
2014-04-24 09:18:56,doc.cgal.org
2014-04-24 09:28:20,safebrowsing-cache.google.com
2014-04-24 09:28:20,safebrowsing.clients.google.com
2014-04-24 09:32:51,ent.univ-bpclermont.fr
2014-04-24 09:32:52,www.univ-bpclermont.fr
2014-04-24 09:32:52,ocsp.tcs.terena.org
2014-04-24 09:32:52,clients1.google.com
2014-04-24 09:32:52,ocsp.usertrust.com
2014-04-24 09:32:52,ent.univ-bpclermont.fr
2014-04-24 09:32:54,www.univ-bpclermont.fr
2014-04-24 09:33:05,ent.univ-bpclermont.fr
2014-04-24 09:33:06,ent.univ-bpclermont.fr
2014-04-24 09:33:07,ent.univ-bpclermont.fr
2014-04-24 09:33:07,www.univ-bpclermont.fr
2014-04-24 09:33:10,ent.univ-bpclermont.fr
2014-04-24 09:33:21,ent.univ-bpclermont.fr
2014-04-24 09:33:21,www.univ-bpclermont.fr
