timestamp,site
2013-03-12 12:24:50,go.microsoft.com
2013-03-12 12:24:50,fr.msn.com
2013-03-12 12:24:51,www.bing.com
2013-03-12 12:24:51,c.fr.msn.com
2013-03-12 12:24:51,h2.msn.com
2013-03-12 12:24:51,api.bing.com
2013-03-12 12:24:51,cntr.adrcntr.com
2013-03-12 12:24:51,img1.video.s-msn.com
2013-03-12 12:24:52,connect.facebook.net
2013-03-12 12:24:52,img2.video.s-msn.com
2013-03-12 12:24:52,platform.twitter.com
2013-03-12 12:24:52,hub.video.msn.com
2013-03-12 12:24:52,img1.video.s-msn.com
2013-03-12 12:24:52,fr.msn.com
2013-03-12 12:24:52,www.bing.com
2013-03-12 12:24:52,spot.static.meetic.com
2013-03-12 12:24:53,video.msn.com
2013-03-12 12:24:53,img1.video.s-msn.com
2013-03-12 12:24:53,download.skype.com
2013-03-12 12:24:53,platform.twitter.com
2013-03-12 12:24:53,s-static.ak.facebook.com
2013-03-12 12:24:53,hub.video.msn.com
2013-03-12 12:24:53,static.ak.facebook.com
2013-03-12 12:24:53,www.facebook.com
2013-03-12 12:24:53,picda.ilius.net
2013-03-12 12:24:53,fr.msn.com
2013-03-12 12:24:54,picda.ilius.net
2013-03-12 12:24:54,www.facebook.com
2013-03-12 12:24:54,evt.adrcntr.com
2013-03-12 12:24:55,www.facebook.com
2013-03-12 12:24:57,platform.twitter.com
2013-03-12 12:24:58,evt.adrcntr.com
2013-03-12 12:24:59,api.bing.com
2013-03-12 12:25:01,api.bing.com
2013-03-12 12:25:02,login.live.com
2013-03-12 12:25:02,api.bing.com
2013-03-12 12:25:02,fr.bing.com
2013-03-12 12:25:02,g.msn.com
2013-03-12 12:25:02,www.bing.com
2013-03-12 12:25:02,pbs.twimg.com
2013-03-12 12:25:03,www.bing.com
2013-03-12 12:25:03,evt.adrcntr.com
2013-03-12 12:25:04,cms.abmr.net
2013-03-12 12:25:04,www.google.fr
2013-03-12 12:25:04,www.bing.com
2013-03-12 12:25:08,evt.adrcntr.com
2013-03-12 12:25:09,twitter.com
2013-03-12 12:25:13,evt.adrcntr.com
2013-03-12 12:25:13,pbs.twimg.com
2013-03-12 12:25:14,login.live.com
2013-03-12 12:25:14,fr.msn.com
2013-03-12 12:25:15,www.google.fr
2013-03-12 12:25:16,apis.google.com
2013-03-12 12:25:19,www.google.com
2013-03-12 12:25:20,twitter.com
2013-03-12 12:25:20,login.secure.emea.msn.com
2013-03-12 12:25:20,platform.twitter.com
2013-03-12 12:25:21,mail.google.com
2013-03-12 12:25:28,ssl.bing.com
2013-03-12 12:25:29,www.google.fr
2013-03-12 12:25:33,mail.google.com
2013-03-12 12:25:33,www.google.com
2013-03-12 12:25:33,apis.google.com
2013-03-12 12:25:33,www.google.fr
2013-03-12 12:25:33,accounts.google.com
2013-03-12 12:25:36,accounts.google.com
2013-03-12 12:25:36,mail.google.com
2013-03-12 12:25:36,www.google.com
2013-03-12 12:25:36,apis.google.com
2013-03-12 12:25:39,apis.google.com
2013-03-12 12:25:41,www.google.fr
2013-03-12 12:25:41,apis.google.com
2013-03-12 12:25:44,www.google.com
2013-03-12 12:25:46,syndication.twitter.com
2013-03-12 12:26:17,syndication.twitter.com
2013-03-12 12:26:30,apis.google.com
2013-03-12 12:26:42,mail.google.com
2013-03-12 12:26:42,accounts.youtube.com
2013-03-12 12:26:44,accounts.google.fr
2013-03-12 12:26:45,accounts.youtube.com
2013-03-12 12:26:45,accounts.google.fr
2013-03-12 12:26:45,apis.google.com
2013-03-12 12:26:45,mail.google.com
2013-03-12 12:26:45,accounts.google.com
2013-03-12 12:26:46,plus.google.com
2013-03-12 12:26:46,clients2.google.com
2013-03-12 12:26:46,www.google.com
2013-03-12 12:26:46,mail.google.com
2013-03-12 12:26:46,www.google.fr
2013-03-12 12:26:47,clients2.google.com
2013-03-12 12:26:49,chatenabled.mail.google.com
2013-03-12 12:26:49,b.mail.google.com
2013-03-12 12:26:55,apis.google.com
2013-03-12 12:26:55,www.google.com
2013-03-12 12:26:55,www.google.fr
2013-03-12 12:26:56,www.google.fr
2013-03-12 12:26:59,apis.google.com
2013-03-12 12:27:32,syndication.twitter.com
2013-03-12 12:28:46,mail.google.com
2013-03-12 12:29:02,syndication.twitter.com
2013-03-12 12:29:35,g.msn.com
2013-03-12 12:29:37,g.msn.com
2013-03-12 12:29:39,g.msn.com
2013-03-12 12:29:43,g.msn.com
2013-03-12 12:29:46,g.msn.com
2013-03-12 12:29:47,g.msn.com
2013-03-12 12:29:48,g.msn.com
2013-03-12 12:29:51,g.msn.com
2013-03-12 12:29:53,g.msn.com
2013-03-12 12:30:23,www.bing.com
2013-03-12 12:30:23,fr.msn.com
2013-03-12 12:30:23,c.fr.msn.com
2013-03-12 12:30:24,www.bing.com
2013-03-12 12:30:24,hub.video.msn.com
2013-03-12 12:30:24,spot.static.meetic.com
2013-03-12 12:30:24,cntr.adrcntr.com
2013-03-12 12:30:24,img1.video.s-msn.com
2013-03-12 12:30:25,www.facebook.com
2013-03-12 12:30:25,static.ak.facebook.com
2013-03-12 12:30:25,s-static.ak.facebook.com
2013-03-12 12:30:25,fr.msn.com
2013-03-12 12:30:25,hub.video.msn.com
2013-03-12 12:30:26,www.facebook.com
2013-03-12 12:30:26,picda.ilius.net
2013-03-12 12:30:26,evt.adrcntr.com
2013-03-12 12:30:26,download.skype.com
2013-03-12 12:30:27,www.facebook.com
2013-03-12 12:30:29,evt.adrcntr.com
2013-03-12 12:30:33,syndication.twitter.com
2013-03-12 12:30:34,evt.adrcntr.com
2013-03-12 12:30:34,platform.twitter.com
2013-03-12 12:30:36,login.live.com
2013-03-12 12:30:38,login.secure.emea.msn.com
2013-03-12 12:30:38,go.microsoft.com
2013-03-12 12:30:39,www.iegallery.com
2013-03-12 12:30:39,evt.adrcntr.com
2013-03-12 12:30:39,iegallery.com
2013-03-12 12:30:39,pbs.twimg.com
2013-03-12 12:30:40,evt.adrcntr.com
2013-03-12 12:30:40,www.iegallery.com
2013-03-12 12:30:41,fr.msn.com
2013-03-12 12:30:41,c.fr.msn.com
2013-03-12 12:30:42,twitter.com
2013-03-12 12:30:42,cntr.adrcntr.com
2013-03-12 12:30:42,hub.video.msn.com
2013-03-12 12:30:42,spot.static.meetic.com
2013-03-12 12:30:42,www.bing.com
2013-03-12 12:30:43,static.ak.facebook.com
2013-03-12 12:30:43,www.facebook.com
2013-03-12 12:30:43,s-static.ak.facebook.com
2013-03-12 12:30:43,evt.adrcntr.com
2013-03-12 12:30:43,fr.msn.com
2013-03-12 12:30:44,www.facebook.com
2013-03-12 12:30:44,picda.ilius.net
2013-03-12 12:30:44,download.skype.com
2013-03-12 12:30:45,www.facebook.com
2013-03-12 12:30:46,twitter.com
2013-03-12 12:30:46,apis.google.com
2013-03-12 12:30:47,evt.adrcntr.com
2013-03-12 12:30:48,platform.twitter.com
2013-03-12 12:30:48,twitter.com
2013-03-12 12:30:49,chatenabled.mail.google.com
2013-03-12 12:30:51,plus.google.com
2013-03-12 12:30:52,evt.adrcntr.com
2013-03-12 12:30:53,login.live.com
2013-03-12 12:30:56,fr.msn.com
2013-03-12 12:30:57,evt.adrcntr.com
2013-03-12 12:31:02,evt.adrcntr.com
2013-03-12 12:31:12,login.secure.emea.msn.com
2013-03-12 12:31:29,evt.adrcntr.com
2013-03-12 12:31:29,www.iegallery.com
2013-03-12 12:31:29,go.microsoft.com
2013-03-12 12:31:29,syndication.twitter.com
2013-03-12 12:31:33,www.bing.com
2013-03-12 12:31:33,fr.msn.com
2013-03-12 12:31:33,c.fr.msn.com
2013-03-12 12:31:34,hub.video.msn.com
2013-03-12 12:31:34,spot.static.meetic.com
2013-03-12 12:31:34,www.bing.com
2013-03-12 12:31:34,cntr.adrcntr.com
2013-03-12 12:31:35,fr.msn.com
2013-03-12 12:31:35,s-static.ak.facebook.com
2013-03-12 12:31:35,www.facebook.com
2013-03-12 12:31:35,static.ak.facebook.com
2013-03-12 12:31:35,picda.ilius.net
2013-03-12 12:31:35,evt.adrcntr.com
2013-03-12 12:31:36,download.skype.com
2013-03-12 12:31:36,www.facebook.com
2013-03-12 12:31:39,evt.adrcntr.com
2013-03-12 12:31:40,twitter.com
2013-03-12 12:31:40,platform.twitter.com
2013-03-12 12:31:44,evt.adrcntr.com
2013-03-12 12:31:45,login.live.com
2013-03-12 12:31:47,fr.msn.com
2013-03-12 12:31:49,evt.adrcntr.com
2013-03-12 12:31:51,g.msn.com
2013-03-12 12:31:51,login.secure.emea.msn.com
2013-03-12 12:31:54,evt.adrcntr.com
2013-03-12 12:32:01,evt.adrcntr.com
2013-03-12 12:32:02,syndication.twitter.com
2013-03-12 12:32:09,evt.adrcntr.com
2013-03-12 12:32:10,mail.google.com
2013-03-12 12:32:10,b.mail.google.com
2013-03-12 12:32:13,c.fr.msn.com
2013-03-12 12:32:13,fr.msn.com
2013-03-12 12:32:14,spot.static.meetic.com
2013-03-12 12:32:14,cntr.adrcntr.com
2013-03-12 12:32:14,fr.msn.com
2013-03-12 12:32:14,api.bing.com
2013-03-12 12:32:14,www.bing.com
2013-03-12 12:32:14,hub.video.msn.com
2013-03-12 12:32:15,fr.msn.com
2013-03-12 12:32:15,www.facebook.com
2013-03-12 12:32:15,static.ak.facebook.com
2013-03-12 12:32:15,s-static.ak.facebook.com
2013-03-12 12:32:15,connect.facebook.net
2013-03-12 12:32:16,evt.adrcntr.com
2013-03-12 12:32:16,picda.ilius.net
2013-03-12 12:32:16,download.skype.com
2013-03-12 12:32:16,www.facebook.com
2013-03-12 12:32:17,www.facebook.com
2013-03-12 12:32:19,evt.adrcntr.com
2013-03-12 12:32:24,evt.adrcntr.com
2013-03-12 12:32:24,platform.twitter.com
2013-03-12 12:32:25,login.live.com
2013-03-12 12:32:28,fr.msn.com
2013-03-12 12:32:28,login.secure.emea.msn.com
2013-03-12 12:32:28,platform.twitter.com
2013-03-12 12:32:29,pbs.twimg.com
2013-03-12 12:32:29,evt.adrcntr.com
2013-03-12 12:32:32,twitter.com
2013-03-12 12:32:34,pbs.twimg.com
2013-03-12 12:32:34,evt.adrcntr.com
2013-03-12 12:32:36,pbs.twimg.com
2013-03-12 12:32:54,twitter.com
2013-03-12 12:33:02,www.bing.com
2013-03-12 12:33:03,www.bing.com
2013-03-12 12:33:03,mail.google.com
2013-03-12 12:33:08,syndication.twitter.com
2013-03-12 12:33:14,login.live.com
2013-03-12 12:33:16,accounts.google.com
2013-03-12 12:33:17,g.msn.com
2013-03-12 12:33:17,platform.twitter.com
2013-03-12 12:33:18,mail.google.com
2013-03-12 12:33:19,mail.google.com
2013-03-12 12:33:19,accounts.google.com
2013-03-12 12:33:21,mail.google.com
2013-03-12 12:33:22,mail.google.com
2013-03-12 12:33:22,clients2.google.com
2013-03-12 12:33:22,www.google.com
2013-03-12 12:33:23,g.msn.com
2013-03-12 12:33:27,ssl.bing.com
2013-03-12 12:33:29,plus.google.com
2013-03-12 12:33:29,apis.google.com
2013-03-12 12:33:29,mail.google.com
2013-03-12 12:33:30,g.msn.com
2013-03-12 12:33:33,chatenabled.mail.google.com
2013-03-12 12:33:33,b.mail.google.com
2013-03-12 12:33:35,g.msn.com
2013-03-12 12:33:38,syndication.twitter.com
2013-03-12 12:33:41,b.mail.google.com
2013-03-12 12:33:41,apis.google.com
2013-03-12 12:33:42,accounts.youtube.com
2013-03-12 12:33:42,apis.google.com
2013-03-12 12:33:42,plus.google.com
2013-03-12 12:33:42,chatenabled.mail.google.com
2013-03-12 12:33:42,www.google.com
2013-03-12 12:33:42,accounts.google.fr
2013-03-12 12:33:42,www.google.fr
2013-03-12 12:34:11,fr.msn.com
2013-03-12 12:34:11,www.bing.com
2013-03-12 12:34:11,c.fr.msn.com
2013-03-12 12:34:11,api.bing.com
2013-03-12 12:34:12,cntr.adrcntr.com
2013-03-12 12:34:12,fr.msn.com
2013-03-12 12:34:12,spot.static.meetic.com
2013-03-12 12:34:12,hub.video.msn.com
2013-03-12 12:34:12,www.bing.com
2013-03-12 12:34:13,s-static.ak.facebook.com
2013-03-12 12:34:13,static.ak.facebook.com
2013-03-12 12:34:13,www.facebook.com
2013-03-12 12:34:13,fr.msn.com
2013-03-12 12:34:14,picda.ilius.net
2013-03-12 12:34:14,www.facebook.com
2013-03-12 12:34:14,download.skype.com
2013-03-12 12:34:14,evt.adrcntr.com
2013-03-12 12:34:15,www.facebook.com
2013-03-12 12:34:18,platform.twitter.com
2013-03-12 12:34:18,evt.adrcntr.com
2013-03-12 12:34:23,login.live.com
2013-03-12 12:34:23,pbs.twimg.com
2013-03-12 12:34:23,evt.adrcntr.com
2013-03-12 12:34:24,login.secure.emea.msn.com
2013-03-12 12:34:26,accounts.youtube.com
2013-03-12 12:34:26,accounts.google.com
2013-03-12 12:34:26,accounts.google.fr
2013-03-12 12:34:27,cntr.adrcntr.com
2013-03-12 12:34:27,c.fr.msn.com
2013-03-12 12:34:27,mail.google.com
2013-03-12 12:34:27,fr.msn.com
2013-03-12 12:34:28,hub.video.msn.com
2013-03-12 12:34:28,www.bing.com
2013-03-12 12:34:28,spot.static.meetic.com
2013-03-12 12:34:28,static.ak.facebook.com
2013-03-12 12:34:28,s-static.ak.facebook.com
2013-03-12 12:34:29,fr.msn.com
2013-03-12 12:34:29,www.facebook.com
2013-03-12 12:34:29,picda.ilius.net
2013-03-12 12:34:29,evt.adrcntr.com
2013-03-12 12:34:30,download.skype.com
2013-03-12 12:34:30,www.facebook.com
2013-03-12 12:34:33,evt.adrcntr.com
2013-03-12 12:34:34,platform.twitter.com
2013-03-12 12:34:38,pbs.twimg.com
2013-03-12 12:34:38,evt.adrcntr.com
2013-03-12 12:34:39,evt.adrcntr.com
2013-03-12 12:34:39,login.live.com
2013-03-12 12:34:39,pbs.twimg.com
2013-03-12 12:34:41,login.secure.emea.msn.com
2013-03-12 12:34:43,twitter.com
2013-03-12 12:34:55,syndication.twitter.com
2013-03-12 12:34:57,fr.msn.com
2013-03-12 12:34:57,evt.adrcntr.com
2013-03-12 12:34:58,c.fr.msn.com
2013-03-12 12:34:59,www.bing.com
2013-03-12 12:34:59,hub.video.msn.com
2013-03-12 12:34:59,cntr.adrcntr.com
2013-03-12 12:34:59,spot.static.meetic.com
2013-03-12 12:35:00,s-static.ak.facebook.com
2013-03-12 12:35:00,static.ak.facebook.com
2013-03-12 12:35:00,fr.msn.com
2013-03-12 12:35:00,www.facebook.com
2013-03-12 12:35:01,www.facebook.com
2013-03-12 12:35:01,download.skype.com
2013-03-12 12:35:01,picda.ilius.net
2013-03-12 12:35:01,api.bing.com
2013-03-12 12:35:01,evt.adrcntr.com
2013-03-12 12:35:02,api.bing.com
2013-03-12 12:35:02,www.facebook.com
2013-03-12 12:35:02,fr.bing.com
2013-03-12 12:35:03,g.msn.com
2013-03-12 12:35:03,www.bing.com
2013-03-12 12:35:04,www.bing.com
2013-03-12 12:35:04,mail.google.com
2013-03-12 12:35:05,twitter.com
2013-03-12 12:35:05,evt.adrcntr.com
2013-03-12 12:35:10,login.live.com
2013-03-12 12:35:10,evt.adrcntr.com
2013-03-12 12:35:13,fr.msn.com
2013-03-12 12:35:13,accounts.google.com
2013-03-12 12:35:14,accounts.youtube.com
2013-03-12 12:35:15,evt.adrcntr.com
2013-03-12 12:35:19,accounts.google.fr
2013-03-12 12:35:20,evt.adrcntr.com
2013-03-12 12:35:28,drive.google.com
2013-03-12 12:35:29,drive.google.com
2013-03-12 12:35:29,apis.google.com
2013-03-12 12:35:30,apis.google.com
2013-03-12 12:35:30,drive.google.com
2013-03-12 12:35:32,0.drive.google.com
2013-03-12 12:35:32,drive.google.com
2013-03-12 12:35:46,www.google.com
2013-03-12 12:35:47,www.google.com
2013-03-12 12:35:47,drive.google.com
2013-03-12 12:35:47,plus.google.com
2013-03-12 12:35:47,docs.google.com
2013-03-12 12:35:48,login.secure.emea.msn.com
2013-03-12 12:35:48,platform.twitter.com
2013-03-12 12:35:50,syndication.twitter.com
2013-03-12 12:35:51,docs.google.com
2013-03-12 12:35:51,apis.google.com
2013-03-12 12:35:52,www.google.com
2013-03-12 12:35:54,0.docs.google.com
2013-03-12 12:35:54,accounts.google.com
2013-03-12 12:35:54,docs.google.com
2013-03-12 12:35:59,clients6.google.com
2013-03-12 12:35:59,apis.google.com
2013-03-12 12:36:29,gg.google.com
2013-03-12 12:36:29,docs.google.com
2013-03-12 12:36:57,docs.google.com
2013-03-12 12:36:57,drive.google.com
2013-03-12 12:36:59,docs.google.com
2013-03-12 12:37:00,www.google.com
2013-03-12 12:37:02,clients6.google.com
2013-03-12 12:37:02,maps.google.com
2013-03-12 12:37:02,mail.google.com
2013-03-12 12:37:02,www.google.com
2013-03-12 12:37:02,plus.google.com
2013-03-12 12:37:02,chatenabled.mail.google.com
2013-03-12 12:37:02,clients2.google.com
2013-03-12 12:37:03,www.google.com
2013-03-12 12:37:03,maps.google.com
2013-03-12 12:37:03,mts0.google.com
2013-03-12 12:37:03,mts1.google.com
2013-03-12 12:37:03,maps-api-ssl.google.com
2013-03-12 12:37:04,maps.google.com
2013-03-12 12:37:04,mts0.google.com
2013-03-12 12:37:04,mts1.google.com
2013-03-12 12:37:04,apis.google.com
2013-03-12 12:37:05,1.docs.google.com
2013-03-12 12:37:17,plus.google.com
2013-03-12 12:37:33,syndication.twitter.com
2013-03-12 12:37:35,gg.google.com
2013-03-12 12:38:25,docs.google.com
2013-03-12 12:38:25,1.docs.google.com
2013-03-12 12:38:30,plus.google.com
2013-03-12 12:38:30,mts0.google.com
2013-03-12 12:38:30,maps.google.com
2013-03-12 12:38:42,mts1.google.com
2013-03-12 12:38:42,mts0.google.com
2013-03-12 12:38:43,mts1.google.com
2013-03-12 12:38:43,mts0.google.com
2013-03-12 12:38:43,maps.google.com
2013-03-12 12:38:44,mts0.google.com
2013-03-12 12:38:44,maps.google.com
2013-03-12 12:38:44,mts1.google.com
2013-03-12 12:38:45,mts0.google.com
2013-03-12 12:38:53,mts0.google.com
2013-03-12 12:38:54,mts1.google.com
2013-03-12 12:38:54,mts0.google.com
2013-03-12 12:38:55,mts1.google.com
2013-03-12 12:39:00,docs.google.com
2013-03-12 12:39:00,0.docs.google.com
2013-03-12 12:39:03,syndication.twitter.com
2013-03-12 12:39:05,drive.google.com
2013-03-12 12:39:05,accounts.google.com
2013-03-12 12:39:05,apis.google.com
2013-03-12 12:39:05,clients6.google.com
2013-03-12 12:39:07,docs.google.com
2013-03-12 12:39:09,mts0.google.com
2013-03-12 12:39:09,mts1.google.com
2013-03-12 12:39:10,maps.google.com
2013-03-12 12:39:10,accounts.google.com
2013-03-12 12:39:10,docs.google.com
2013-03-12 12:39:12,clients6.google.com
2013-03-12 12:39:13,2.docs.google.com
2013-03-12 12:39:21,gg.google.com
2013-03-12 12:39:44,2.docs.google.com
2013-03-12 12:39:44,docs.google.com
2013-03-12 12:39:45,docs.google.com
2013-03-12 12:39:47,docs.google.com
2013-03-12 12:39:50,www.google.fr
2013-03-12 12:39:50,b.mail.google.com
2013-03-12 12:39:50,clients6.google.com
2013-03-12 12:39:50,docs.google.com
2013-03-12 12:39:50,gg.google.com
2013-03-12 12:39:50,www.google.com
2013-03-12 12:39:50,accounts.google.fr
2013-03-12 12:40:20,docs.google.com
2013-03-12 12:40:20,accounts.google.com
2013-03-12 12:40:20,clients6.google.com
2013-03-12 12:40:29,gg.google.com
2013-03-12 12:40:33,accounts.google.com
2013-03-12 12:40:33,accounts.youtube.com
2013-03-12 12:40:33,accounts.google.fr
2013-03-12 12:40:33,syndication.twitter.com
2013-03-12 12:40:33,mail.google.com
2013-03-12 12:40:33,clients2.google.com
2013-03-12 12:40:35,b.mail.google.com
2013-03-12 12:40:35,www.google.com
2013-03-12 12:40:35,plus.google.com
2013-03-12 12:40:45,gg.google.com
2013-03-12 12:40:45,docs.google.com
2013-03-12 12:40:46,drive.google.com
2013-03-12 12:40:46,0.drive.google.com
2013-03-12 12:41:03,chatenabled.mail.google.com
2013-03-12 12:41:16,drive.google.com
2013-03-12 12:41:17,apis.google.com
2013-03-12 12:41:18,apis.google.com
2013-03-12 12:41:18,drive.google.com
2013-03-12 12:41:20,drive.google.com
2013-03-12 12:41:20,1.drive.google.com
2013-03-12 12:41:34,plus.google.com
2013-03-12 12:41:34,www.google.com
2013-03-12 12:41:34,docs.google.com
2013-03-12 12:41:34,drive.google.com
2013-03-12 12:41:40,docs.google.com
2013-03-12 12:41:40,www.google.com
2013-03-12 12:41:45,syndication.twitter.com
2013-03-12 12:41:51,docs.google.com
2013-03-12 12:41:52,docs.google.com
2013-03-12 12:41:55,clients2.google.com
2013-03-12 12:41:57,3.docs.google.com
2013-03-12 12:41:58,4.docs.google.com
2013-03-12 12:42:17,docs.google.com
2013-03-12 12:42:17,gg.google.com
2013-03-12 12:42:33,mail.google.com
2013-03-12 12:42:54,4.docs.google.com
2013-03-12 12:42:54,docs.google.com
2013-03-12 12:42:55,plus.google.com
2013-03-12 12:42:55,docs.google.com
2013-03-12 12:42:56,drive.google.com
2013-03-12 12:42:59,clients6.google.com
2013-03-12 12:42:59,www.google.com
2013-03-12 12:43:33,syndication.twitter.com
2013-03-12 12:43:50,mail.google.com
2013-03-12 12:43:53,docs.google.com
2013-03-12 12:43:57,apis.google.com
2013-03-12 12:43:57,docs.google.com
2013-03-12 12:43:57,gg.google.com
2013-03-12 12:43:57,1.drive.google.com
2013-03-12 12:44:03,docs.google.com
2013-03-12 12:44:38,plus.google.com
2013-03-12 12:44:58,apis.google.com
2013-03-12 12:45:03,www.google.com
2013-03-12 12:45:03,syndication.twitter.com
2013-03-12 12:45:04,b.mail.google.com
2013-03-12 12:45:05,accounts.google.fr
2013-03-12 12:45:05,accounts.google.com
2013-03-12 12:45:05,mail.google.com
2013-03-12 12:45:05,www.google.fr
2013-03-12 12:45:05,apis.google.com
2013-03-12 12:45:05,www.google.com
2013-03-12 12:45:09,evt.adrcntr.com
2013-03-12 12:45:10,accounts.google.fr
2013-03-12 12:45:10,accounts.google.com
2013-03-12 12:45:10,accounts.youtube.com
2013-03-12 12:45:10,mail.google.com
2014-02-19 09:19:39,www.google.com
2014-02-19 09:19:39,www.bing.com
2014-02-19 09:19:58,www.google.fr
2014-02-19 09:20:02,www.google.fr
2014-02-19 09:20:04,www.google.com
2014-02-19 09:20:04,apis.google.com
2014-02-19 09:20:10,mw2.google.com
2014-02-19 09:20:15,www.google.com
2014-02-19 09:20:15,apis.google.com
2014-02-19 09:20:15,mw2.google.com
2014-02-19 09:20:15,www.google.fr
2014-02-19 09:21:15,player.vimeo.com
2014-02-19 09:21:16,livepassdl.conviva.com
2014-02-19 09:21:19,livepassdl.conviva.com
2014-02-19 09:21:20,pings.conviva.com
2014-02-19 09:21:26,pings.conviva.com
2014-02-19 09:21:37,livepassdl.conviva.com
2014-02-19 09:21:39,go.microsoft.com
2014-02-19 09:21:39,ieonline.microsoft.com
2014-02-19 09:22:49,ad.foxitsoftware.com
2014-02-19 09:34:00,www.expertgps.com
2014-02-19 09:35:03,img.expertgps.com
2014-02-19 09:35:03,www.expertgps.com
2014-02-19 09:35:04,www.expertgps.com
2014-02-19 09:35:21,www.expertgps.com
2014-02-19 09:59:25,www.google.fr
2014-02-19 09:59:26,www.google.fr
2014-02-19 09:59:31,www.google.fr
2014-02-19 09:59:35,euw.leagueoflegends.com
2014-02-19 09:59:35,www.google.fr
2014-02-19 09:59:36,euw.leagueoflegends.com
2014-02-19 09:59:36,metrics.leagueoflegends.com
2014-02-19 09:59:37,s3-us-west-2.amazonaws.com
2014-02-19 09:59:39,s3-us-west-2.amazonaws.com
2014-02-19 09:59:53,www.google.fr
2014-02-19 10:00:40,www.google.fr
2014-02-19 10:00:41,metrics.leagueoflegends.com
2014-02-19 10:02:02,www.google.fr
2014-02-19 10:21:24,www.google.fr
2014-02-19 10:21:25,www.google.fr
2014-02-19 10:22:53,www.google.fr
2014-02-19 11:44:30,www.google.fr
2014-02-19 11:44:32,www.google.fr
2014-02-19 11:44:51,player.vimeo.com
2014-02-19 11:44:52,livepassdl.conviva.com
2014-02-19 11:44:58,pings.conviva.com
2014-02-19 11:45:41,www.google.fr
2014-02-19 11:50:51,dl.patchbeam.com
2014-02-19 11:50:51,www.powerarchiver.com
2014-02-19 12:02:00,www.expertgps.com
2014-02-19 12:02:01,www.expertgps.com
2014-03-17 09:11:31,fpdownload2.macromedia.com
2014-03-17 09:13:38,ieonline.microsoft.com
2014-03-28 09:18:20,www.expertgps.com
2014-03-28 09:20:20,www.expertgps.com
2014-03-28 09:28:27,www.google.com
2014-03-28 09:28:28,www.google.fr
2014-03-28 09:28:31,www.google.fr
2014-03-28 09:28:32,www.google.com
2014-03-28 09:28:33,apis.google.com
2014-03-28 09:28:38,www.google.fr
2014-03-28 09:28:38,apis.google.com
2014-03-28 09:28:39,www.google.com
2014-03-28 09:28:39,www.google.fr
2014-03-28 09:28:39,meta.wikimedia.org
2014-03-28 09:28:39,fr.wikipedia.org
2014-03-28 09:28:39,bits.wikimedia.org
2014-03-28 09:28:39,login.wikimedia.org
2014-03-28 09:30:27,go.microsoft.com
2014-03-28 09:30:27,ieonline.microsoft.com
2014-03-28 09:37:59,www.google.fr
2014-03-28 09:39:59,www.google.fr
2014-03-28 09:46:12,www.google.fr
2014-03-28 09:46:13,apis.google.com
2014-03-28 09:46:13,www.google.com
2014-03-28 09:46:19,www.google.fr
2014-03-28 09:46:19,www.google.com
2014-03-28 09:46:19,apis.google.com
2014-03-28 09:47:10,ad.foxitsoftware.com
2014-03-28 10:08:12,www.google.fr
2014-03-28 10:08:13,www.google.fr
2014-03-28 10:08:26,www.google.fr
2014-03-28 10:08:27,www.google.fr
2014-03-28 10:08:27,www.fier-panda.fr
2014-03-28 10:08:29,www.facebook.com
2014-03-28 10:08:29,www.fier-panda.fr
2014-03-28 10:08:30,www.fier-panda.fr
2014-03-28 10:08:34,www.fier-panda.fr
2014-03-28 11:02:05,www.google.fr
2014-03-28 11:02:28,www.google.com
2014-03-28 11:02:28,www.google.fr
2014-03-28 11:02:31,www.google.fr
2014-03-28 11:02:31,euw.leagueoflegends.com
2014-03-28 11:02:32,euw.leagueoflegends.com
2014-03-28 11:02:32,metrics.leagueoflegends.com
2014-03-28 11:02:33,s3-us-west-2.amazonaws.com
2014-03-28 11:02:57,lab.millenium.org
2014-03-28 11:02:57,s3-us-west-2.amazonaws.com
2014-03-28 11:02:57,www.google.fr
2014-03-28 11:02:57,www.millenium.org
2014-03-28 11:02:58,www.millenium.org
2014-03-28 11:02:58,cpm1.affiz.net
2014-03-28 11:02:59,www.google.com
2014-03-28 11:02:59,www.millenium.org
2014-03-28 11:02:59,cpm1.affiz.net
2014-03-28 11:03:00,www.google.com
2014-03-28 11:03:07,www.millenium.org
2014-03-28 11:03:26,www.google.com
2014-03-28 11:03:28,www.google.com
2014-03-28 11:03:56,www.google.fr
2014-03-28 11:03:56,clients1.google.fr
2014-03-28 11:03:57,clients1.google.fr
2014-03-28 11:04:03,www.team-fdp.com
2014-03-28 11:04:03,www.google.fr
2014-03-28 11:04:07,www.team-fdp.com
2014-03-28 11:04:10,www.google.fr
2014-03-28 11:04:10,clients1.google.fr
2014-03-28 11:04:52,www.google.fr
2014-03-28 11:04:53,www.google.fr
2014-03-28 11:05:34,www.google.fr
2014-03-28 11:05:35,www.google.fr
2014-03-28 11:05:35,31.media.tumblr.com
2014-03-28 11:05:35,www.mobafire.com
2014-03-28 11:05:35,w.sharethis.com
2014-03-28 11:05:35,www.gravatar.com
2014-03-28 11:05:35,24.media.tumblr.com
2014-03-28 11:05:36,www.mobafire.com
2014-03-28 11:05:36,cdn2-marketplace.vntsm.com
2014-03-28 11:05:37,www.mobafire.com
2014-03-28 11:05:37,cdn2-marketplace.vntsm.com
2014-03-28 11:05:37,fpdownload2.macromedia.com
2014-03-28 11:05:37,www.youtube.com
2014-03-28 11:05:38,s.ytimg.com
2014-03-28 11:05:38,www.mobafire.com
2014-03-28 11:05:39,www.mobafire.com
2014-03-28 11:05:39,i1.ytimg.com
2014-03-28 11:05:39,img.youtube.com
2014-03-28 11:05:40,i1.ytimg.com
2014-03-28 11:05:40,www.mobafire.com
2014-03-28 11:05:42,www.mobafire.com
2014-03-28 11:05:43,www.mobafire.com
2014-03-28 11:05:44,w.sharethis.com
2014-03-28 11:05:44,edge.sharethis.com
2014-03-28 11:05:45,w.sharethis.com
2014-03-28 11:06:01,www.google.fr
2014-03-28 11:06:01,clients1.google.fr
2014-03-28 11:06:17,www.google.fr
2014-03-28 11:06:20,s.ytimg.com
2014-03-28 11:06:20,www.google.fr
2014-03-28 11:06:21,yt3.ggpht.com
2014-03-28 11:06:21,www.google.fr
2014-03-28 11:06:21,s.youtube.com
2014-03-28 11:06:21,www.youtube.com
2014-03-28 11:06:21,s.ytimg.com
2014-03-28 11:06:21,www.youtube-nocookie.com
2014-03-28 11:06:21,r1---sn-gxo5uxg-jqbe.googlevideo.com
2014-03-28 11:06:22,i1.ytimg.com
2014-03-28 11:06:22,yt3.ggpht.com
2014-03-28 11:06:22,apis.google.com
2014-03-28 11:06:22,s.ytimg.com
2014-03-28 11:06:22,www.youtube.com
2014-03-28 11:06:22,gdata.youtube.com
2014-03-28 11:06:22,www.google.com
2014-03-28 11:06:23,gdata.youtube.com
2014-03-28 11:06:23,i1.ytimg.com
2014-03-28 11:06:24,s.youtube.com
2014-03-28 11:06:24,gdata.youtube.com
2014-03-28 11:06:24,apis.google.com
2014-03-28 11:06:24,www.youtube.com
2014-03-28 11:06:24,r4---sn-gxo5uxg-jqbe.googlevideo.com
2014-03-28 11:06:24,plus.googleapis.com
2014-03-28 11:06:25,yt3.ggpht.com
2014-03-28 11:06:25,r4---sn-gxo5uxg-jqbe.googlevideo.com
2014-03-28 11:06:25,www.youtube.com
2014-03-28 11:06:25,i1.ytimg.com
2014-03-28 11:06:25,s.youtube.com
2014-03-28 11:06:25,plus.googleapis.com
2014-03-28 11:06:26,i1.ytimg.com
2014-03-28 11:06:26,s.ytimg.com
2014-03-28 11:06:26,plus.googleapis.com
2014-03-28 11:06:26,yt3.ggpht.com
2014-03-28 11:06:27,plus.googleapis.com
2014-03-28 11:06:29,plus.googleapis.com
2014-03-28 11:06:30,s.youtube.com
2014-03-28 11:06:32,r1---sn-gxo5uxg-jqbe.googlevideo.com
2014-03-28 11:06:32,www.youtube.com
2014-03-28 11:06:32,s.youtube.com
2014-03-28 11:06:33,s.youtube.com
2014-03-28 11:06:38,s.youtube.com
2014-03-28 11:06:40,s.youtube.com
2014-03-28 11:06:42,s.youtube.com
2014-03-28 11:06:42,s.ytimg.com
2014-03-28 11:06:42,i1.ytimg.com
2014-03-28 11:06:48,s.youtube.com
2014-03-28 11:06:51,s.youtube.com
2014-03-28 11:06:58,s.youtube.com
2014-03-28 11:07:04,www.youtube.com
2014-04-13 14:48:29,ieonline.microsoft.com
2014-04-13 14:48:31,www.google.fr
2014-04-13 14:48:33,www.google.fr
2014-04-13 14:48:34,apis.google.com
2014-04-13 14:48:34,www.google.com
2014-04-13 14:48:35,www.google.com
2014-04-13 14:48:39,mw2.google.com
2014-04-13 14:48:40,www.google.com
2014-04-13 14:48:40,apis.google.com
2014-04-13 14:48:40,www.google.fr
2014-04-13 14:48:41,mw2.google.com
2014-04-13 14:48:41,www.google.fr
2014-04-13 14:50:29,ieonline.microsoft.com
2014-04-13 14:50:29,go.microsoft.com
2014-04-13 20:55:31,www.google.com
2014-04-13 20:55:51,www.google.fr
2014-04-13 20:55:54,www.google.fr
2014-04-13 20:55:55,www.google.com
2014-04-13 20:55:55,apis.google.com
2014-04-13 20:56:01,mw2.google.com
2014-04-13 20:56:02,www.google.com
2014-04-13 20:56:02,www.google.fr
2014-04-13 20:56:02,apis.google.com
2014-04-13 20:56:03,mw2.google.com
2014-04-13 20:56:03,www.google.fr
2014-04-13 20:56:50,ad.foxitsoftware.com
2014-04-13 20:57:31,go.microsoft.com
2014-04-13 20:57:31,ieonline.microsoft.com
2014-04-14 09:31:55,www.google.fr
2014-04-14 09:31:59,www.google.fr
2014-04-14 09:32:01,www.google.com
2014-04-14 09:32:01,www.google.fr
2014-04-14 09:32:03,apis.google.com
2014-04-14 09:32:03,www.google.com
2014-04-14 09:32:09,mw2.google.com
2014-04-14 09:32:10,www.google.fr
2014-04-14 09:32:10,www.google.com
2014-04-14 09:32:10,apis.google.com
2014-04-14 09:32:10,mw2.google.com
2014-04-14 09:33:56,ieonline.microsoft.com
2014-04-14 09:33:56,go.microsoft.com
2014-04-16 09:01:42,www.google.fr
2014-04-16 09:01:45,www.google.fr
2014-04-16 09:01:46,apis.google.com
2014-04-16 09:01:47,www.google.com
2014-04-16 09:01:52,mw2.google.com
2014-04-16 09:01:53,www.google.fr
2014-04-16 09:01:53,apis.google.com
2014-04-16 09:01:53,www.google.com
2014-04-16 09:01:54,mw2.google.com
2014-04-16 09:01:54,www.google.fr
2014-04-16 09:04:21,ieonline.microsoft.com
2014-04-24 12:30:04,sci.sciences.univ-bpclermont.fr
2014-04-24 12:30:05,sci.sciences.univ-bpclermont.fr
2014-04-24 12:30:05,www.google.fr
2014-04-24 12:30:06,sci.sciences.univ-bpclermont.fr
2014-04-24 12:30:09,www.google.fr
2014-04-24 12:30:12,www.google.fr
2014-04-24 12:30:13,www.google.com
2014-04-24 12:30:14,www.google.com
2014-04-24 12:30:14,apis.google.com
2014-04-24 12:30:20,mw2.google.com
2014-04-24 12:30:21,apis.google.com
2014-04-24 12:30:21,www.google.fr
2014-04-24 12:30:21,www.google.com
2014-04-24 12:30:21,mw2.google.com
2014-04-24 12:30:21,ent.univ-bpclermont.fr
2014-04-24 12:30:21,www.univ-bpclermont.fr
2014-04-24 12:30:22,ent.univ-bpclermont.fr
2014-04-24 12:30:24,www.univ-bpclermont.fr
2014-04-24 12:30:33,ent.univ-bpclermont.fr
2014-04-24 12:30:34,ent.univ-bpclermont.fr
2014-04-24 12:30:34,www.univ-bpclermont.fr
2014-04-24 12:30:39,ent.univ-bpclermont.fr
2014-04-24 12:30:39,www.univ-bpclermont.fr
2014-04-24 12:30:57,ent.univ-bpclermont.fr
2014-04-24 12:30:58,ent.univ-bpclermont.fr
2014-04-24 12:30:58,www.univ-bpclermont.fr
2014-04-24 12:31:30,ent.univ-bpclermont.fr
2014-04-24 12:31:30,www.univ-bpclermont.fr
2014-04-24 12:31:43,www.univ-bpclermont.fr
2014-04-24 12:31:43,ent.univ-bpclermont.fr
2014-04-24 12:32:08,go.microsoft.com
2014-04-24 12:32:08,ieonline.microsoft.com
2014-04-24 12:41:51,ent.univ-bpclermont.fr
