timestamp,site
2014-01-17 13:12:21,fpdownload2.macromedia.com
2014-01-17 13:12:29,go.microsoft.com
2014-01-17 13:12:29,windows.microsoft.com
2014-01-17 13:12:29,js.microsoft.com
2014-01-17 13:12:29,res1.windows.microsoft.com
2014-01-17 13:12:29,res2.windows.microsoft.com
2014-01-17 13:12:29,ajax.microsoft.com
2014-01-17 13:12:33,www.bing.com
2014-01-17 13:12:58,www.bing.com
2014-01-17 13:12:59,www.bing.com
2014-01-17 13:13:00,www.bing.com
2014-01-17 13:13:00,cms.abmr.net
2014-01-17 13:13:02,www.bing.com
2014-01-17 13:13:10,login.live.com
2014-01-17 13:15:22,ieonline.microsoft.com
2014-01-17 13:15:24,go.microsoft.com
2014-01-17 14:37:47,www.google.de
2014-01-17 14:37:58,www.google.de
2014-01-17 14:38:00,www.google.de
2014-01-25 08:01:44,fpdownload2.macromedia.com
2014-01-25 08:02:54,www.bing.com
2014-01-25 08:02:55,www.bing.com
2014-01-25 08:02:56,www.bing.com
2014-01-25 08:02:56,cms.abmr.net
2014-01-25 08:02:58,www.bing.com
2014-01-25 08:03:06,login.live.com
2014-01-25 08:04:58,ieonline.microsoft.com
2014-02-22 08:19:26,office14client.microsoft.com
2014-02-22 08:19:27,office.microsoft.com
2014-02-22 08:19:29,office.microsoft.com
2014-02-22 08:27:45,ieonline.microsoft.com
2014-02-22 09:17:26,www.bing.com
2014-02-22 09:17:26,www.google.com
2014-02-22 09:17:35,www.google.fr
2014-02-22 09:17:42,www.google.fr
2014-02-22 09:17:45,apis.google.com
2014-02-22 09:17:45,www.google.com
2014-02-22 09:18:47,fr-fr.facebook.com
2014-02-22 09:19:21,go.microsoft.com
2014-02-22 09:19:21,ieonline.microsoft.com
2014-02-22 09:19:35,www.google.com
2014-02-22 09:19:35,apis.google.com
2014-02-22 09:19:53,www.google.fr
2014-02-22 09:20:25,ieonline.microsoft.com
2014-02-22 09:35:21,www.google.fr
2014-02-22 09:35:35,www.google.fr
2014-02-22 09:36:51,www.google.fr
2014-02-22 09:37:42,www.google.fr
2014-02-22 09:38:12,player.vimeo.com
2014-02-22 09:38:14,livepassdl.conviva.com
2014-02-22 09:38:17,pings.conviva.com
2014-02-22 09:38:18,pings.conviva.com
2014-02-22 09:38:28,livepassdl.conviva.com
2014-02-26 11:06:47,www.google.fr
2014-02-26 11:07:02,www.google.fr
2014-02-26 11:07:03,apis.google.com
2014-02-26 11:07:05,www.google.com
2014-02-26 11:08:21,www.google.fr
2014-02-26 11:08:42,drive.google.com
2014-02-26 11:08:42,www.google.fr
2014-02-26 11:08:42,www.google.com
2014-02-26 11:08:42,apis.google.com
2014-02-26 11:08:56,accounts.google.com
2014-02-26 11:08:56,www.google.fr
2014-02-26 11:08:58,www.google.fr
2014-02-26 11:09:01,accounts.youtube.com
2014-02-26 11:09:37,www.google.fr
2014-02-26 11:09:37,ieonline.microsoft.com
2014-02-26 11:09:48,accounts.google.fr
2014-02-26 11:09:49,drive.google.com
2014-02-26 11:09:49,www.google.com
2014-02-26 11:09:50,drive.google.com
2014-02-26 11:09:50,accounts.google.com
2014-02-26 11:09:50,accounts.youtube.com
2014-02-26 11:09:50,accounts.google.fr
2014-02-26 11:09:50,apis.google.com
2014-02-26 11:09:52,drive.google.com
2014-02-26 11:09:53,0.drive.google.com
2014-02-26 11:09:55,0.drive.google.com
2014-02-26 11:09:57,www.google.com
2014-02-26 11:09:57,docs.google.com
2014-02-26 11:09:57,plus.google.com
2014-02-26 11:09:57,drive.google.com
2014-02-26 11:09:58,docs.google.com
2014-02-26 11:09:58,plus.google.com
2014-02-26 11:09:58,apis.google.com
2014-02-26 11:09:59,docs.google.com
2014-02-26 11:10:00,docs.google.com
2014-02-26 11:10:06,docs.google.com
2014-02-26 11:10:07,docs.google.com
2014-02-26 11:10:10,docs.google.com
2014-02-26 11:10:12,0.docs.google.com
2014-02-26 11:10:13,0.docs.google.com
2014-02-26 11:10:14,docs.google.com
2014-02-26 11:10:15,docs.google.com
2014-02-26 11:10:21,docs.google.com
2014-02-26 11:10:21,0.talkgadget.google.com
2014-02-26 11:10:25,apis.google.com
2014-02-26 11:10:26,apis.google.com
2014-02-26 11:10:27,apis.google.com
2014-02-26 11:10:27,plus.google.com
2014-02-26 11:10:50,docs.google.com
2014-02-26 11:11:02,gg.google.com
2014-02-26 11:11:30,www.google.com
2014-02-26 11:12:16,docs.google.com
2014-02-26 11:12:22,docs.google.com
2014-02-26 11:12:23,docs.google.com
2014-02-26 11:12:31,docs.google.com
2014-02-26 11:12:34,www.google.com
2014-02-26 11:12:34,1.docs.google.com
2014-02-26 11:12:35,apis.google.com
2014-02-26 11:12:37,1.docs.google.com
2014-02-26 11:13:47,docs.google.com
2014-02-26 11:14:00,docs.google.com
2014-02-26 11:14:13,drive.google.com
2014-02-26 11:14:22,0.talkgadget.google.com
2014-02-26 11:14:27,0.talkgadget.google.com
2014-02-26 11:14:27,apis.google.com
2014-02-26 11:14:28,plus.google.com
2014-02-26 11:15:02,gg.google.com
2014-02-26 11:15:30,www.google.com
2014-02-26 11:16:10,docs.google.com
2014-02-26 11:16:34,www.google.com
2014-02-26 11:18:22,docs.google.com
2014-02-26 11:23:53,drive.google.com
2014-02-26 11:24:00,plus.google.com
2014-02-26 11:24:10,plus.google.com
2014-02-26 11:24:25,docs.google.com
2014-02-26 11:26:03,docs.google.com
2014-02-26 11:29:53,drive.google.com
2014-02-26 11:30:55,gg.google.com
2014-02-26 11:31:04,www.google.fr
2014-02-26 11:31:22,www.google.fr
2014-02-26 11:31:22,apis.google.com
2014-02-26 11:31:22,plus.google.com
2014-02-26 11:31:23,www.google.fr
2014-02-26 11:31:23,www.covoiturage.fr
2014-02-26 11:31:23,www.google.com
2014-02-26 11:31:23,static.ak.facebook.com
2014-02-26 11:31:23,s3-eu-west-1.amazonaws.com
2014-02-26 11:31:23,bbcphotos.s3.amazonaws.com
2014-02-26 11:31:23,connect.facebook.net
2014-02-26 11:31:23,www.facebook.com
2014-02-26 11:31:26,www.facebook.com
2014-02-26 11:31:30,www.covoiturage.fr
2014-02-26 11:31:44,www.covoiturage.fr
2014-02-26 11:31:52,www.covoiturage.fr
2014-02-26 11:31:52,s-static.ak.facebook.com
2014-02-26 11:31:52,www.facebook.com
2014-02-26 11:31:52,connect.facebook.net
2014-02-26 11:32:12,www.facebook.com
2014-02-26 11:32:12,s-static.ak.facebook.com
2014-02-26 11:32:52,www.facebook.com
2014-02-26 11:32:53,www.facebook.com
2014-02-26 11:32:53,s-static.ak.facebook.com
2014-02-26 11:33:32,connect.facebook.net
2014-02-26 11:33:32,drive.google.com
2014-02-26 11:33:32,www.covoiturage.fr
2014-02-26 11:33:33,connect.facebook.net
2014-02-26 11:33:33,www.covoiturage.fr
2014-02-26 11:33:33,static.ak.facebook.com
2014-02-26 11:33:33,www.facebook.com
2014-02-26 11:33:33,s-static.ak.facebook.com
2014-02-26 11:33:38,www.covoiturage.fr
2014-02-26 11:33:39,www.covoiturage.fr
2014-02-26 11:33:45,www.covoiturage.fr
2014-02-26 11:33:46,www.covoiturage.fr
2014-02-26 11:33:47,www.covoiturage.fr
2014-02-26 11:33:50,www.covoiturage.fr
2014-02-26 11:33:56,www.covoiturage.fr
2014-02-26 11:33:57,drive.google.com
2014-02-26 11:33:57,www.covoiturage.fr
2014-02-26 11:33:57,bbcphotos.s3.amazonaws.com
2014-02-26 11:33:57,static.ak.facebook.com
2014-02-26 11:33:57,www.facebook.com
2014-02-26 11:33:57,s-static.ak.facebook.com
2014-02-26 11:34:05,bbcphotos.s3.amazonaws.com
2014-02-26 11:34:05,www.covoiturage.fr
2014-02-26 11:34:06,www.covoiturage.fr
2014-02-26 11:34:35,bbcphotos.s3.amazonaws.com
2014-02-26 11:34:35,www.covoiturage.fr
2014-02-26 11:34:42,docs.google.com
2014-02-26 11:34:48,docs.google.com
2014-02-26 11:34:55,gg.google.com
2014-02-26 11:35:04,www.covoiturage.fr
2014-02-26 11:35:05,www.facebook.com
2014-02-26 11:35:05,s-static.ak.facebook.com
2014-02-26 11:35:05,static.ak.facebook.com
2014-02-26 11:35:05,bbcphotos.s3.amazonaws.com
2014-02-26 11:35:05,www.covoiturage.fr
2014-02-26 11:35:10,bbcphotos.s3.amazonaws.com
2014-02-26 11:35:10,www.covoiturage.fr
2014-02-26 11:35:45,bbcphotos.s3.amazonaws.com
2014-02-26 11:35:45,www.covoiturage.fr
2014-02-26 11:35:45,maps.google.com
2014-02-26 11:35:45,static.ak.facebook.com
2014-02-26 11:35:45,s-static.ak.facebook.com
2014-02-26 11:35:46,www.facebook.com
2014-02-26 11:35:46,bbcphotos.s3.amazonaws.com
2014-02-26 11:35:51,maps.googleapis.com
2014-02-26 11:40:31,docs.google.com
2014-02-26 11:40:32,plus.google.com
2014-02-26 11:40:32,docs.google.com
2014-02-26 11:40:32,0.docs.google.com
2014-02-26 11:40:32,0.drive.google.com
2014-02-26 11:40:32,1.docs.google.com
