timestamp,site
2014-01-30 19:55:01,cnfg.toolbarservices.com
2014-01-30 19:55:02,www.google.com
2014-01-30 19:55:02,utils.delta-search.com
2014-01-30 19:55:03,ajax.googleapis.com
2014-01-30 19:55:04,img.babylon.com
2014-01-30 19:55:12,www.bing.com
2014-01-30 19:55:13,www.google.com
2014-01-30 19:55:15,www.google.fr
2014-01-30 19:55:16,www.google.fr
2014-01-30 19:55:17,apis.google.com
2014-01-30 19:55:18,www.google.com
2014-01-30 19:55:23,www.google.com
2014-01-30 19:55:23,apis.google.com
2014-01-30 19:55:26,www.google.fr
2014-01-30 19:55:27,www.commentcamarche.net
2014-01-30 19:55:27,static.ccm2.net
2014-01-30 19:55:27,r.ccm2.net
2014-01-30 19:55:27,ba.commentcamarche.net
2014-01-30 19:55:27,platform.twitter.com
2014-01-30 19:55:27,www.facebook.com
2014-01-30 19:55:27,ajax.googleapis.com
2014-01-30 19:55:27,www.google.fr
2014-01-30 19:55:28,static.ccm2.net
2014-01-30 19:55:29,twitter.com
2014-01-30 19:55:29,s-static.ak.facebook.com
2014-01-30 19:55:29,static.ccmbg.com
2014-01-30 19:55:29,ba.commentcamarche.net
2014-01-30 19:55:29,connect.facebook.net
2014-01-30 19:55:29,platform.twitter.com
2014-01-30 19:55:29,static.ccm2.net
2014-01-30 19:55:29,www.facebook.com
2014-01-30 19:55:29,www.commentcamarche.net
2014-01-30 19:55:29,static.ak.facebook.com
2014-01-30 19:55:30,www.facebook.com
2014-01-30 19:55:31,www.google.com
2014-01-30 19:55:31,match.rtbidder.net
2014-01-30 19:55:31,static.ccm2.net
2014-01-30 19:55:32,www.commentcamarche.net
2014-01-30 19:55:38,cnfg.toolbarservices.com
2014-01-30 19:55:39,elgateado.free.fr
2014-01-30 19:55:40,elgateado.free.fr
2014-01-30 19:55:42,ad.foxitsoftware.com
2014-01-30 19:55:43,elgateado.free.fr
2014-01-30 19:55:43,img.babylon.com
2014-01-30 19:56:00,twitter.com
2014-01-30 19:57:54,go.microsoft.com
2014-01-30 19:57:54,ieonline.microsoft.com
2014-01-30 20:00:04,img.babylon.com
2014-01-30 20:00:05,www.google.fr
2014-01-30 20:00:15,www.google.fr
2014-01-30 20:00:16,www.google.fr
2014-01-30 20:00:19,www.google.fr
2014-01-30 20:00:19,www.infosig.net
2014-01-30 20:00:20,www.infosig.net
2014-01-30 20:00:21,www.infosig.net
2014-01-30 20:00:22,www.infosig.net
2014-01-30 20:01:17,www.infosig.net
2014-01-30 20:01:28,www.infosig.net
2014-01-30 20:10:03,www.google.fr
2014-01-30 20:10:27,geoservices.brgm.fr
2014-01-30 20:10:27,www.google.fr
2014-01-30 20:10:28,www.google.fr
2014-01-30 20:10:28,infoterre.brgm.fr
2014-01-30 20:10:29,wwwstats.brgm.fr
2014-01-30 20:10:29,infoterre.brgm.fr
2014-01-30 20:10:30,infoterre.brgm.fr
2014-01-30 20:10:31,infoterre.brgm.fr
2014-01-30 20:10:40,www.google.fr
2014-01-30 20:10:41,www.google.fr
2014-01-30 20:10:41,sigeo.cerege.fr
2014-01-30 20:10:42,sigeo.cerege.fr
2014-01-30 20:10:43,sigeo.cerege.fr
2014-01-30 20:11:16,geoservices.brgm.fr
2014-01-30 20:11:17,geoservices.brgm.fr
2014-01-30 20:11:26,sigeo.cerege.fr
2014-01-30 20:11:29,geoservices.brgm.fr
2014-01-30 20:11:35,sigeo.cerege.fr
2014-01-30 20:11:40,infoterre.brgm.fr
2014-01-30 20:11:41,wwwstats.brgm.fr
2014-01-30 20:11:48,img.babylon.com
2014-01-30 20:11:48,www.brgm.fr
2014-01-30 20:11:48,maps.googleapis.com
2014-01-30 20:11:49,www.brgm.fr
2014-01-30 20:11:50,wwwstats.brgm.fr
2014-01-30 20:11:50,www.brgm.fr
2014-01-30 20:11:51,www.brgm.fr
2014-01-30 20:11:54,maps.googleapis.com
2014-01-30 20:12:09,www.brgm.fr
2014-01-30 20:12:10,maps.googleapis.com
2014-01-30 20:12:10,www.brgm.fr
2014-01-30 20:12:11,wwwstats.brgm.fr
2014-01-30 20:12:11,www.brgm.fr
2014-01-30 20:12:15,maps.googleapis.com
2014-01-30 20:13:07,img.babylon.com
2014-01-30 20:13:11,www.google.fr
2014-01-30 20:13:12,www.google.fr
2014-01-30 20:13:18,www.google.fr
2014-01-30 20:13:19,www.google.fr
2014-01-30 20:15:16,www.google.fr
2014-01-30 20:15:26,www.google.fr
2014-01-30 20:15:27,xymaths.free.fr
2014-01-30 20:15:28,xymaths.free.fr
2014-01-30 20:17:28,www.google.fr
2014-02-21 09:27:10,www.expertgps.com
2014-02-21 09:27:23,www.expertgps.com
2014-02-21 09:27:23,img.expertgps.com
2014-02-21 09:27:24,img.expertgps.com
2014-02-21 09:27:24,www.expertgps.com
2014-02-21 09:27:27,www.expertgps.com
2014-02-21 09:27:31,www.google.com
2014-02-21 09:27:31,www.bing.com
2014-02-21 09:27:56,ieonline.microsoft.com
2014-02-21 09:27:56,go.microsoft.com
2014-02-21 09:43:31,img.expertgps.com
2014-02-21 09:43:31,www.expertgps.com
2014-02-21 09:49:13,img.expertgps.com
2014-02-21 09:49:13,www.expertgps.com
2014-02-21 09:49:17,www.expertgps.com
2014-02-21 10:20:10,img.expertgps.com
2014-02-21 10:20:10,www.expertgps.com
2014-02-21 10:20:11,www.expertgps.com
2014-02-21 10:20:11,img.expertgps.com
2014-02-21 10:20:12,www.expertgps.com
2014-02-21 10:20:12,img.expertgps.com
2014-02-21 10:20:13,www.expertgps.com
2014-02-21 10:20:35,www.expertgps.com
2014-02-21 10:21:57,www.expertgps.com
2014-02-21 10:27:47,www.expertgps.com
2014-02-21 10:27:47,img.expertgps.com
2014-02-21 10:36:11,www.expertgps.com
2014-02-21 11:30:44,www.expertgps.com
2014-02-21 11:44:42,www.expertgps.com
2014-02-21 11:48:46,www.expertgps.com
2014-02-21 11:49:01,www.google.fr
2014-02-21 11:49:03,www.google.fr
2014-02-21 11:49:05,apis.google.com
2014-02-21 11:49:05,www.google.com
2014-02-21 11:49:12,maps.google.fr
2014-02-21 11:49:12,apis.google.com
2014-02-21 11:49:12,www.google.fr
2014-02-21 11:49:12,mts1.google.com
2014-02-21 11:49:12,mts0.google.com
2014-02-21 11:49:12,www.google.com
2014-02-21 11:49:13,mts1.google.com
2014-02-21 11:49:13,maps.google.fr
2014-02-21 11:49:13,mts0.google.com
2014-02-21 11:49:14,mts1.google.com
2014-02-21 11:49:15,mts0.google.com
2014-02-21 11:49:15,mts1.google.com
2014-02-21 11:49:17,maps.google.fr
2014-02-21 11:49:17,mts0.google.com
2014-02-21 11:49:17,mts1.google.com
2014-02-21 11:49:18,mts1.google.com
2014-02-21 11:49:18,mts0.google.com
2014-02-21 11:49:27,mts1.google.com
2014-02-21 11:49:28,mts1.google.com
2014-02-21 11:49:28,maps.google.fr
2014-02-21 11:49:28,mts0.google.com
2014-02-21 11:49:29,mts1.google.com
2014-02-21 11:49:29,maps.google.fr
2014-02-21 11:49:29,mts0.google.com
2014-02-21 11:49:30,maps.google.fr
2014-02-21 11:49:30,mts0.google.com
2014-02-21 11:49:30,mts1.google.com
2014-02-21 11:49:31,mts0.google.com
2014-02-21 11:49:31,mts1.google.com
2014-02-21 11:49:32,mts1.google.com
2014-02-21 11:49:32,maps.google.fr
2014-02-21 11:49:33,mts0.google.com
2014-02-21 11:49:33,mts1.google.com
2014-02-21 11:49:33,khms1.google.fr
2014-02-21 11:49:33,khms0.google.fr
2014-02-21 11:49:34,mts0.google.com
2014-02-21 11:49:34,khms1.google.fr
2014-02-21 11:49:34,khms0.google.fr
2014-02-21 11:49:34,mts1.google.com
2014-02-21 11:49:34,maps.google.fr
2014-02-21 11:49:35,khms0.google.fr
2014-02-21 11:49:35,khms1.google.fr
2014-02-21 11:49:36,khms1.google.fr
2014-02-21 11:49:38,mts0.google.com
2014-02-21 11:49:38,maps.google.fr
2014-02-21 11:49:38,khms0.google.fr
2014-02-21 11:49:38,khms1.google.fr
2014-02-21 11:49:38,mts1.google.com
2014-02-21 11:49:39,khms1.google.fr
2014-02-21 11:49:39,khms0.google.fr
2014-02-21 11:49:39,mts0.google.com
2014-02-21 11:49:39,mts1.google.com
2014-02-21 11:49:40,mts1.google.com
2014-02-21 11:49:40,mts0.google.com
2014-02-21 11:49:40,khms0.google.fr
2014-02-21 11:49:40,khms1.google.fr
2014-02-21 11:49:41,khms1.google.fr
2014-02-21 11:49:41,mts0.google.com
2014-02-21 11:49:41,mts1.google.com
2014-02-21 11:49:41,khms0.google.fr
2014-02-21 11:49:42,mts0.google.com
2014-02-21 11:49:42,mts1.google.com
2014-02-21 11:49:42,khms0.google.fr
2014-02-21 11:49:42,khms1.google.fr
2014-02-21 11:49:43,khms1.google.fr
2014-02-21 11:49:43,mts1.google.com
2014-02-21 11:49:43,mts0.google.com
2014-02-21 11:49:43,khms0.google.fr
2014-02-21 11:49:44,mts0.google.com
2014-02-21 11:49:44,khms0.google.fr
2014-02-21 11:49:44,khms1.google.fr
2014-02-21 11:49:45,khms1.google.fr
2014-02-21 11:49:45,khms0.google.fr
2014-02-21 11:49:45,maps.google.fr
2014-02-21 11:49:45,mts0.google.com
2014-02-21 11:49:45,mts1.google.com
2014-02-21 11:49:45,mts3.google.com
2014-02-21 11:49:45,mts2.google.com
2014-02-21 11:49:46,mts1.google.com
2014-02-21 11:49:46,mts0.google.com
2014-02-21 11:49:46,mts2.google.com
2014-02-21 11:49:46,mts3.google.com
2014-02-21 11:49:47,mts3.google.com
2014-02-21 11:49:47,mts1.google.com
2014-02-21 11:49:47,mts2.google.com
2014-02-21 11:49:47,mts0.google.com
2014-02-21 11:49:48,mts3.google.com
2014-02-21 11:49:48,mts2.google.com
2014-02-21 11:49:50,mts3.google.com
2014-02-21 11:49:50,maps.google.fr
2014-02-21 11:49:53,mts0.google.com
2014-02-21 11:49:53,mts2.google.com
2014-02-21 11:49:53,mts1.google.com
2014-02-21 11:49:53,mts3.google.com
2014-02-21 11:49:53,maps.google.fr
2014-02-21 11:49:53,khms0.google.fr
2014-02-21 11:49:53,khms1.google.fr
2014-02-21 11:49:54,mts1.google.com
2014-02-21 11:49:54,mts0.google.com
2014-02-21 11:49:54,khms1.google.fr
2014-02-21 11:49:54,khms0.google.fr
2014-02-21 11:49:55,khms0.google.fr
2014-02-21 11:49:55,khms1.google.fr
2014-02-21 11:49:55,mts0.google.com
2014-02-21 11:49:55,mts1.google.com
2014-02-21 11:49:55,maps.google.fr
2014-02-21 11:49:56,mts0.google.com
2014-02-21 11:49:56,mts1.google.com
2014-02-21 11:49:56,maps.google.fr
2014-02-21 11:49:57,khms1.google.fr
2014-02-21 11:49:57,khms0.google.fr
2014-02-21 11:49:57,mts1.google.com
2014-02-21 11:49:58,khms1.google.fr
2014-02-21 11:49:58,khms0.google.fr
2014-02-21 11:49:58,mts0.google.com
2014-02-21 11:49:58,mts1.google.com
2014-02-21 11:49:59,khms1.google.fr
2014-02-21 11:49:59,khms0.google.fr
2014-02-21 11:49:59,mts0.google.com
2014-02-21 11:50:00,mts1.google.com
2014-02-21 11:50:00,mts0.google.com
2014-02-21 11:50:00,maps.google.fr
2014-02-21 11:50:00,khms1.google.fr
2014-02-21 11:50:00,khms0.google.fr
2014-02-21 11:50:01,mts1.google.com
2014-02-21 11:50:01,maps.google.fr
2014-02-21 11:50:01,mts0.google.com
2014-02-21 11:50:01,mts2.google.com
2014-02-21 11:50:01,mts3.google.com
2014-02-21 11:50:02,maps.google.fr
2014-02-21 11:50:03,khms0.google.fr
2014-02-21 11:50:03,mts0.google.com
2014-02-21 11:50:03,khms1.google.fr
2014-02-21 11:50:03,mts1.google.com
2014-02-21 11:50:03,mts2.google.com
2014-02-21 11:50:03,maps.google.fr
2014-02-21 11:50:03,mts3.google.com
2014-02-21 11:50:04,khms1.google.fr
2014-02-21 11:50:04,mts1.google.com
2014-02-21 11:50:04,khms0.google.fr
2014-02-21 11:50:05,mts0.google.com
2014-02-21 11:50:05,khms0.google.fr
2014-02-21 11:50:06,mts0.google.com
2014-02-21 11:50:16,mts0.google.com
2014-02-21 11:50:17,mts1.google.com
2014-02-21 11:50:17,khms1.google.fr
2014-02-21 11:50:17,mts2.google.com
2014-02-21 11:51:57,ieonline.microsoft.com
2014-02-21 11:52:47,khms1.google.fr
2014-02-21 11:52:47,maps.google.fr
2014-02-21 11:52:47,mts2.google.com
2014-02-21 11:52:47,khms0.google.fr
2014-02-21 11:52:47,mts1.google.com
2014-02-21 11:52:47,mts0.google.com
2014-02-21 11:52:47,mts3.google.com
2014-02-21 11:56:34,www.expertgps.com
2014-02-28 09:06:23,www.crystalmaker.com
2014-02-28 09:07:14,www.google.com
2014-02-28 09:08:32,go.microsoft.com
2014-02-28 09:08:32,ieonline.microsoft.com
2014-02-28 09:44:54,ad.foxitsoftware.com
2014-03-17 08:05:22,www.google.fr
2014-03-17 08:05:38,www.google.fr
2014-03-17 08:05:39,apis.google.com
2014-03-17 08:05:41,www.google.com
2014-03-17 08:07:41,apis.google.com
2014-03-17 08:07:41,www.google.fr
2014-03-17 08:07:41,www.google.com
2014-03-17 08:07:58,ieonline.microsoft.com
2014-03-17 08:21:10,www.google.fr
2014-03-17 08:21:14,www.google.fr
2014-03-17 08:21:15,www.google.fr
2014-03-17 08:21:16,apis.google.com
2014-03-17 08:21:18,www.google.com
2014-03-17 08:21:28,www.google.com
2014-03-17 08:21:28,apis.google.com
2014-03-17 08:21:28,www.google.fr
2014-03-17 08:21:29,www.mathworks.fr
2014-03-17 08:21:29,www.mathworks.com
2014-03-17 08:21:30,www.mathworks.fr
2014-03-17 08:21:30,www.google.fr
2014-03-17 08:21:40,p.typekit.net
2014-03-17 08:21:40,metrics.mathworks.com
2014-03-17 08:21:40,www.mathworks.fr
2014-03-17 08:21:41,s3.amazonaws.com
2014-03-17 08:21:41,www.mathworks.fr
2014-03-17 08:40:14,www.mathworks.fr
2014-03-17 08:40:15,www.mathworks.fr
2014-03-17 08:40:16,metrics.mathworks.com
2014-03-17 08:40:16,www.mathworks.fr
2014-03-17 08:40:16,p.typekit.net
2014-03-17 08:40:24,www.mathworks.fr
2014-03-17 08:40:25,metrics.mathworks.com
2014-03-17 08:40:25,p.typekit.net
2014-03-17 08:40:25,www.mathworks.fr
2014-03-17 08:40:31,p.typekit.net
2014-03-17 08:40:31,www.mathworks.fr
2014-03-17 08:40:32,www.mathworks.fr
2014-03-17 08:40:32,metrics.mathworks.com
2014-03-17 08:40:42,www.mathworks.fr
2014-03-17 08:40:44,metrics.mathworks.com
2014-03-17 08:40:44,p.typekit.net
2014-03-17 08:40:44,www.mathworks.fr
2014-03-17 08:44:38,www.mathworks.fr
2014-03-17 08:44:39,metrics.mathworks.com
2014-03-17 08:44:39,www.mathworks.fr
2014-03-17 08:44:39,p.typekit.net
2014-03-17 08:44:46,www.mathworks.fr
2014-03-17 08:44:46,p.typekit.net
2014-03-17 08:44:46,metrics.mathworks.com
2014-03-17 08:44:52,www.mathworks.fr
2014-03-17 08:44:53,www.mathworks.fr
2014-03-17 08:44:54,www.mathworks.fr
2014-03-17 08:44:54,metrics.mathworks.com
2014-03-17 08:44:54,p.typekit.net
2014-03-17 08:44:58,www.mathworks.fr
2014-03-17 08:45:00,www.mathworks.fr
2014-03-17 08:45:01,metrics.mathworks.com
2014-03-17 08:45:01,p.typekit.net
2014-03-17 08:45:01,www.mathworks.fr
2014-03-17 08:51:44,www.mathworks.fr
2014-03-17 08:51:45,metrics.mathworks.com
2014-03-17 08:51:45,p.typekit.net
2014-03-17 08:51:45,www.mathworks.fr
2014-03-17 08:51:46,www.mathworks.fr
2014-03-17 08:51:47,www.mathworks.fr
2014-03-17 08:51:48,p.typekit.net
2014-03-17 08:51:48,www.mathworks.fr
2014-03-17 08:51:48,metrics.mathworks.com
2014-03-17 08:51:51,www.mathworks.fr
2014-03-17 08:51:52,www.mathworks.fr
2014-03-17 08:51:53,www.mathworks.fr
2014-03-17 08:51:53,p.typekit.net
2014-03-17 08:51:53,metrics.mathworks.com
2014-03-17 08:52:02,www.google.fr
2014-03-17 08:52:16,www.mathworks.fr
2014-03-17 08:52:18,www.google.fr
2014-03-17 08:52:18,www.mathworks.fr
2014-03-17 08:52:19,www.mathworks.fr
2014-03-17 08:52:20,p.typekit.net
2014-03-17 08:52:20,metrics.mathworks.com
2014-03-17 08:52:20,www.mathworks.fr
2014-03-17 08:52:28,www.mathworks.fr
2014-03-17 08:52:29,www.mathworks.fr
2014-03-17 08:52:29,p.typekit.net
2014-03-17 08:52:29,metrics.mathworks.com
2014-03-17 08:52:37,www.mathworks.fr
2014-03-17 08:52:38,metrics.mathworks.com
2014-03-17 08:52:38,p.typekit.net
2014-03-17 08:52:38,www.mathworks.fr
2014-03-17 08:52:42,www.mathworks.fr
2014-03-17 08:52:42,p.typekit.net
2014-03-17 08:52:42,metrics.mathworks.com
2014-03-17 08:52:45,www.mathworks.fr
2014-03-17 08:52:46,p.typekit.net
2014-03-17 08:52:46,metrics.mathworks.com
2014-03-17 08:52:46,www.mathworks.fr
2014-03-17 08:52:54,www.mathworks.fr
2014-03-17 08:52:55,metrics.mathworks.com
2014-03-17 08:52:55,www.mathworks.fr
2014-03-17 08:52:55,p.typekit.net
2014-03-17 08:53:26,www.google.fr
2014-03-17 08:54:12,www.mathworks.fr
2014-03-17 08:54:13,p.typekit.net
2014-03-17 08:54:13,www.mathworks.fr
2014-03-17 08:54:13,metrics.mathworks.com
2014-03-17 08:54:35,www.mathworks.fr
2014-03-17 08:54:36,p.typekit.net
2014-03-17 08:54:36,www.mathworks.fr
2014-03-17 08:54:36,metrics.mathworks.com
2014-03-17 08:54:45,www.mathworks.fr
2014-03-17 08:54:46,www.mathworks.fr
2014-03-17 08:54:47,metrics.mathworks.com
2014-03-17 08:54:47,p.typekit.net
2014-03-17 08:54:47,www.mathworks.fr
2014-03-26 11:22:55,www.google.com
2014-03-26 11:23:20,go.microsoft.com
2014-03-26 11:23:20,ieonline.microsoft.com
2014-03-26 11:25:54,ieonline.microsoft.com
2014-03-26 11:27:31,ad.foxitsoftware.com
2014-03-26 11:34:36,www.google.fr
2014-03-26 11:34:37,www.google.fr
2014-03-26 11:34:39,www.google.com
2014-03-26 11:34:39,apis.google.com
2014-03-26 11:34:52,www.google.fr
2014-03-26 11:34:52,apis.google.com
2014-03-26 11:34:53,www.mathworks.com
2014-03-26 11:34:53,www.google.com
2014-03-26 11:34:53,www.google.fr
2014-03-26 11:34:53,www.mathworks.fr
2014-03-26 11:34:54,www.mathworks.fr
2014-03-26 11:34:56,www.mathworks.fr
2014-03-26 11:34:57,p.typekit.net
2014-03-26 11:34:57,www.mathworks.fr
2014-03-26 11:34:58,metrics.mathworks.com
2014-03-26 11:35:00,s646005169.t.eloqua.com
2014-03-26 11:35:00,www.mathworks.fr
2014-03-26 11:35:00,s3.amazonaws.com
2014-03-26 11:36:00,euler.ac-versailles.fr
2014-03-26 11:36:02,www.google.fr
2014-03-26 11:36:07,euler.ac-versailles.fr
2014-03-26 11:36:08,euler.ac-versailles.fr
2014-03-26 11:36:11,euler.ac-versailles.fr
2014-03-26 11:36:23,ba.commentcamarche.net
2014-03-26 11:36:23,r.ccmbg.com
2014-03-26 11:36:23,static.ccm2.net
2014-03-26 11:36:23,www.commentcamarche.net
2014-03-26 11:36:23,www.google.fr
2014-03-26 11:36:24,ajax.googleapis.com
2014-03-26 11:36:24,www.facebook.com
2014-03-26 11:36:24,ba.commentcamarche.net
2014-03-26 11:36:24,static.ccm2.net
2014-03-26 11:36:24,platform.twitter.com
2014-03-26 11:36:25,static.ccm2.net
2014-03-26 11:36:26,twitter.com
2014-03-26 11:36:27,ba.commentcamarche.net
2014-03-26 11:36:27,connect.facebook.net
2014-03-26 11:36:28,s-static.ak.facebook.com
2014-03-26 11:36:28,twitter.com
2014-03-26 11:36:28,platform.twitter.com
2014-03-26 11:36:28,static.ccm2.net
2014-03-26 11:36:28,www.facebook.com
2014-03-26 11:36:28,ba.commentcamarche.net
2014-03-26 11:36:28,static.ak.facebook.com
2014-03-26 11:36:28,loadr.exelator.com
2014-03-26 11:36:29,www.facebook.com
2014-03-26 11:36:29,static.ccmbg.com
2014-03-26 11:36:29,static.ccm2.net
2014-03-26 11:36:31,static.ccmbg.com
2014-03-26 11:36:32,twitter.com
2014-03-26 11:36:32,fpdownload2.macromedia.com
2014-03-26 11:36:33,www.commentcamarche.net
2014-03-26 11:36:33,www.facebook.com
2014-03-26 11:37:50,www.google.fr
2014-03-26 11:37:54,www.google.fr
2014-03-26 11:38:06,ufrsciencestech.u-bourgogne.fr
2014-03-26 11:38:06,www.google.fr
2014-03-26 11:38:07,ufrsciencestech.u-bourgogne.fr
2014-03-26 11:38:12,ufrsciencestech.u-bourgogne.fr
2014-03-26 11:40:11,www.google.fr
2014-03-26 11:41:11,www.google.fr
2014-03-26 11:41:41,www.google.fr
2014-03-26 11:41:41,www.commentcamarche.net
2014-03-26 11:41:42,static.ccm2.net
2014-03-26 11:41:42,ba.commentcamarche.net
2014-03-26 11:41:42,www.google.fr
2014-03-26 11:41:42,www.facebook.com
2014-03-26 11:41:43,ba.commentcamarche.net
2014-03-26 11:41:43,twitter.com
2014-03-26 11:41:44,twitter.com
2014-03-26 11:41:44,ba.commentcamarche.net
2014-03-26 11:41:44,www.facebook.com
2014-03-26 11:41:44,s-static.ak.facebook.com
2014-03-26 11:41:44,static.ak.facebook.com
2014-03-26 11:41:45,www.facebook.com
2014-03-26 11:41:47,static.ccm2.net
2014-03-26 11:42:37,www.facebook.com
2014-03-26 11:44:40,www.google.fr
2014-03-26 11:44:41,www.google.fr
2014-03-26 11:44:45,www.commentcamarche.net
2014-03-26 11:44:45,www.google.fr
2014-03-26 11:44:45,ba.commentcamarche.net
2014-03-26 11:44:46,static.ccm2.net
2014-03-26 11:44:46,www.google.fr
2014-03-26 11:44:46,ba.commentcamarche.net
2014-03-26 11:44:46,www.facebook.com
2014-03-26 11:44:47,www.google.fr
2014-03-26 11:44:47,s-static.ak.facebook.com
2014-03-26 11:44:47,twitter.com
2014-03-26 11:44:47,ba.commentcamarche.net
2014-03-26 11:44:47,static.ak.facebook.com
2014-03-26 11:44:48,hal9000.redintelligence.net
2014-03-26 11:44:48,www.facebook.com
2014-03-26 11:44:49,hal9000.redintelligence.net
2014-03-26 11:44:52,hal9000.redintelligence.net
2014-03-26 11:44:52,affiliation.service-voyages.com
2014-03-26 11:44:53,twitter.com
2014-03-26 11:44:54,static.ebz.io
2014-03-26 11:44:55,um.simpli.fi
2014-03-26 11:44:56,cm.adgrx.com
2014-03-26 11:45:33,www.facebook.com
2014-03-26 11:46:05,www.facebook.com
2014-03-26 11:46:08,www.facebook.com
2014-03-26 11:46:09,www.facebook.com
2014-03-26 11:46:13,www.commentcamarche.net
2014-03-26 11:46:13,ba.commentcamarche.net
2014-03-26 11:46:13,kh6qrx0f8h.s.ad6media.fr
2014-03-26 11:46:13,www.facebook.com
2014-03-26 11:46:13,static.ccm2.net
2014-03-26 11:46:14,ba.commentcamarche.net
2014-03-26 11:46:14,static.ak.facebook.com
2014-03-26 11:46:14,s-static.ak.facebook.com
2014-03-26 11:46:15,www.facebook.com
2014-03-26 11:46:16,www.google.fr
2014-03-26 11:46:28,www.google.fr
2014-03-26 11:46:32,www.developpez.net
2014-03-26 11:46:32,www.google.com
2014-03-26 11:46:32,sync.uuidcshmg.com
2014-03-26 11:46:32,www.google.fr
2014-03-26 11:46:32,twitter.com
2014-03-26 11:46:32,ajax.googleapis.com
2014-03-26 11:46:33,www.developpez.net
2014-03-26 11:46:34,adventori.com
2014-03-26 11:46:35,c1.adform.net
2014-03-26 11:46:36,pixel2368.everesttech.net
2014-03-26 11:47:58,pixel2368.everesttech.net
2014-03-26 11:53:08,www.google.fr
2014-03-26 11:54:17,www.google.fr
2014-03-26 11:54:17,www.math.u-bordeaux1.fr
2014-03-26 11:54:18,www.math.u-bordeaux1.fr
2014-03-26 11:56:57,www.google.fr
2014-03-26 11:58:14,www.google.fr
2014-03-26 11:58:37,www.google.fr
2014-03-26 11:58:54,www.developpez.net
2014-03-26 11:58:54,www.google.fr
2014-03-26 11:58:56,www.developpez.net
2014-03-26 11:58:56,www.google.fr
2014-03-26 11:58:58,www.developpez.net
2014-03-26 11:58:59,apnx-match.dotomi.com
2014-03-26 11:58:59,www.developpez.net
2014-03-26 11:59:00,dtm.venus.com
2014-03-26 11:59:01,www.developpez.net
2014-03-26 11:59:01,krxd.nexac.com
2014-03-26 11:59:01,www.google.fr
2014-03-26 12:00:20,www.google.fr
2014-03-26 12:00:22,www.google.fr
2014-03-26 12:00:22,briot-jerome.developpez.com
2014-03-26 12:00:22,www.developpez.com
2014-03-26 12:00:23,www.developpez.com
2014-03-26 12:00:23,briot-jerome.developpez.com
2014-03-26 12:00:26,www.developpez.com
2014-03-26 12:00:26,briot-jerome.developpez.com
2014-03-26 12:00:26,sync.uuidcshmg.com
2014-03-26 12:00:27,rcm-fr.amazon.fr
2014-03-26 12:00:27,www.microsofttranslator.com
2014-03-26 12:00:27,ecx.images-amazon.com
2014-03-26 12:00:28,briot-jerome.developpez.com
2014-03-26 12:00:28,www.bing.com
2014-03-26 12:02:04,www.bing.com
2014-03-26 12:05:23,www.google.fr
2014-03-26 12:05:24,www.mathworks.fr
2014-03-26 12:05:24,www.mathworks.com
2014-03-26 12:05:24,www.google.fr
2014-03-26 12:05:25,metrics.mathworks.com
2014-03-26 12:05:25,p.typekit.net
2014-03-26 12:05:25,www.mathworks.fr
2014-03-26 12:05:26,www.mathworks.fr
2014-03-26 12:05:37,www.google.fr
2014-03-26 12:05:37,www.ird.fr
2014-03-26 12:07:24,www.google.fr
2014-03-26 12:07:24,silkyroad.developpez.com
2014-03-26 12:07:24,www.developpez.com
2014-03-26 12:07:25,www.developpez.com
2014-03-26 12:07:25,silkyroad.developpez.com
2014-03-26 12:07:25,sync.uuidcshmg.com
2014-03-26 12:07:47,r.ccmbg.com
2014-03-26 12:07:47,static.ccm2.net
2014-03-26 12:07:47,www.google.fr
2014-03-26 12:07:47,www.commentcamarche.net
2014-03-26 12:07:48,static.commentcamarche.net
2014-03-26 12:07:48,ba.commentcamarche.net
2014-03-26 12:07:48,static.ccm2.net
2014-03-26 12:07:48,www.facebook.com
2014-03-26 12:07:48,www.google.fr
2014-03-26 12:07:48,apis.google.com
2014-03-26 12:07:49,twitter.com
2014-03-26 12:07:49,apis.google.com
2014-03-26 12:07:49,accounts.google.com
2014-03-26 12:07:49,www.facebook.com
2014-03-26 12:07:49,static.ccm2.net
2014-03-26 12:07:49,platform.twitter.com
2014-03-26 12:07:50,apis.google.com
2014-03-26 12:07:50,accounts.google.com
2014-03-26 12:07:50,s-static.ak.facebook.com
2014-03-26 12:07:50,platform.twitter.com
2014-03-26 12:07:50,www.facebook.com
2014-03-26 12:07:50,static.ak.facebook.com
2014-03-26 12:07:50,connect.facebook.net
2014-03-26 12:07:51,www.facebook.com
2014-03-26 12:07:51,twitter.com
2014-03-26 12:07:52,www.google.com
2014-03-26 12:08:20,www.facebook.com
2014-03-26 12:08:21,twitter.com
2014-03-26 12:08:23,www.facebook.com
2014-03-26 12:08:34,www.facebook.com
2014-03-26 12:08:38,www.facebook.com
2014-03-26 12:08:44,www.google.de
2014-03-26 12:08:45,www.google.de
2014-03-26 12:08:49,fr-fr.facebook.com
2014-03-26 12:09:02,www.google.fr
2014-03-26 12:09:06,fr-fr.facebook.com
2014-03-26 12:09:25,www.google.fr
2014-03-26 12:09:40,www.google.fr
2014-03-26 12:09:54,www.google.de
2014-03-26 12:11:40,www.google.fr
2014-03-26 12:13:52,www.google.fr
2014-03-26 12:13:53,blogperso.univ-rennes1.fr
2014-03-26 12:13:53,perso.univ-rennes1.fr
2014-03-26 12:14:23,www.google.fr
2014-03-26 12:14:23,www.commentcamarche.net
2014-03-26 12:14:23,ba.commentcamarche.net
2014-03-26 12:14:24,static.ccm2.net
2014-03-26 12:14:24,www.facebook.com
2014-03-26 12:14:24,www.google.fr
2014-03-26 12:14:25,platform.twitter.com
2014-03-26 12:14:25,s-static.ak.facebook.com
2014-03-26 12:14:25,www.facebook.com
2014-03-26 12:14:25,static.ak.facebook.com
2014-03-26 12:14:26,www.facebook.com
2014-03-26 12:14:36,212.83.158.208
2014-03-26 12:14:48,212.83.158.208
2014-03-26 12:14:56,twitter.com
2014-03-26 12:17:24,www.google.fr
2014-03-26 12:17:26,www.google.com
2014-03-26 12:17:26,apis.google.com
2014-03-26 12:17:39,www.google.com
2014-03-26 12:17:39,apis.google.com
2014-03-26 12:17:39,www.google.fr
2014-03-26 12:17:40,www.google.fr
2014-03-26 12:17:40,www.cyclismo.org
2014-03-26 12:17:40,i.creativecommons.org
2014-03-26 12:17:42,www.cyclismo.org
2014-03-26 12:19:36,www.google.fr
2014-03-26 12:19:37,www.google.com
2014-03-26 12:19:37,www.developpez.net
2014-03-26 12:19:37,ajax.googleapis.com
2014-03-26 12:19:37,www.google.fr
2014-03-26 12:19:38,www.google.com
2014-03-26 12:19:38,www.developpez.net
2014-03-26 12:19:38,sync.uuidcshmg.com
2014-03-26 12:19:39,www.developpez.net
2014-03-26 12:19:39,krxd.nexac.com
2014-03-26 12:25:41,www.google.fr
2014-03-26 12:26:00,www.google.fr
2014-03-26 12:26:01,www.shotgun2013.fr
2014-03-26 12:27:41,www.google.fr
2014-03-26 12:33:55,www.shotgun2013.fr
2014-03-26 12:34:01,go.microsoft.com
2014-03-26 12:34:02,search.microsoft.com
2014-03-26 12:34:02,www.microsoft.com
2014-03-26 12:34:03,i.s-microsoft.com
2014-03-26 12:34:03,www.microsoft.com
2014-03-26 12:34:03,c.s-microsoft.com
2014-03-26 12:34:04,i.s-microsoft.com
2014-03-26 12:34:04,c1.microsoft.com
2014-03-26 12:34:04,c.s-microsoft.com
2014-03-26 12:34:04,i.microsoft.com
2014-03-26 12:34:04,www.microsoft.com
2014-03-26 12:34:05,c1.microsoft.com
2014-03-26 12:34:05,www.microsoft.com
2014-03-26 12:34:06,www.google.fr
2014-03-26 12:34:31,www.google.fr
2014-03-26 12:34:32,www.math.utah.edu
2014-03-26 12:35:39,www.google.fr
2014-03-26 12:35:41,sync.uuidcshmg.com
2014-03-26 12:35:41,www.google.fr
2014-03-26 12:35:41,www.developpez.net
2014-03-26 12:35:42,www.developpez.net
2014-03-26 12:35:43,www.developpez.net
2014-03-26 12:36:42,www.google.fr
2014-03-26 12:36:42,www.commentcamarche.net
2014-03-26 12:36:43,ajax.googleapis.com
2014-03-26 12:36:43,static.ccm2.net
2014-03-26 12:36:43,ba.commentcamarche.net
2014-03-26 12:36:43,r.ccmbg.com
2014-03-26 12:36:44,platform.twitter.com
2014-03-26 12:36:44,static.ccm2.net
2014-03-26 12:36:44,ba.commentcamarche.net
2014-03-26 12:36:44,ajax.googleapis.com
2014-03-26 12:36:44,www.facebook.com
2014-03-26 12:36:45,twitter.com
2014-03-26 12:36:45,static.ccm2.net
2014-03-26 12:36:46,connect.facebook.net
2014-03-26 12:36:46,static.ak.facebook.com
2014-03-26 12:36:46,s-static.ak.facebook.com
2014-03-26 12:36:46,static.ccm2.net
2014-03-26 12:36:47,www.facebook.com
2014-03-26 12:36:47,static.ccm2.net
2014-03-26 12:36:47,platform.twitter.com
2014-03-26 12:36:47,static.ccmbg.com
2014-03-26 12:36:48,www.commentcamarche.net
2014-03-26 12:36:58,static.ccm2.net
2014-03-26 12:37:17,www.google.fr
2014-03-26 12:37:17,twitter.com
2014-03-26 12:37:19,www.developpez.net
2014-03-26 12:37:19,sync.uuidcshmg.com
2014-03-26 12:37:19,www.google.fr
2014-03-26 12:37:50,www.developpez.com
2014-03-26 12:37:50,blog.developpez.com
2014-03-26 12:37:51,sync.uuidcshmg.com
2014-03-26 12:37:51,blog.developpez.com
2014-03-26 12:37:52,blog.developpez.com
2014-03-26 12:37:53,blog.developpez.com
2014-03-26 12:41:31,www.google.fr
2014-03-26 12:41:32,www.google.fr
2014-03-26 12:41:41,www.google.fr
2014-03-26 12:41:41,ajax.googleapis.com
2014-03-26 12:41:41,stackoverflow.com
2014-03-26 12:41:41,i.stack.imgur.com
2014-03-26 12:41:41,www.gravatar.com
2014-03-26 12:41:42,i.stack.imgur.com
2014-03-26 12:41:42,www.gravatar.com
2014-03-26 12:41:43,cdn-careers.sstatic.net
2014-03-26 12:41:43,stackoverflow.com
2014-03-26 12:41:43,careers.stackoverflow.com
2014-03-26 12:41:44,careers.stackoverflow.com
2014-03-26 12:41:44,stackauth.com
2014-03-26 12:41:49,www.mathworks.com
2014-03-26 12:41:49,www.google.fr
2014-03-26 12:41:49,www.mathworks.fr
2014-03-26 12:41:49,stackauth.com
2014-03-26 12:41:50,www.mathworks.fr
2014-03-26 12:41:51,www.mathworks.fr
2014-03-26 12:41:54,www.mathworks.fr
2014-03-26 12:41:54,metrics.mathworks.com
2014-03-26 12:41:54,p.typekit.net
2014-03-26 12:41:55,s3.amazonaws.com
2014-03-26 12:41:55,www.mathworks.fr
2014-03-26 12:42:40,www.google.fr
2014-03-26 12:42:50,www.google.fr
2014-03-26 12:42:51,ufrsciencestech.u-bourgogne.fr
2014-03-26 12:44:05,www.google.fr
2014-03-26 12:44:21,www.google.fr
2014-03-26 12:44:21,www.latp.univ-mrs.fr
2014-03-26 12:44:40,www.google.fr
2014-03-26 12:45:56,www.google.fr
2014-03-26 12:45:59,www.latp.univ-mrs.fr
2014-03-26 12:47:39,www.google.fr
2014-03-26 12:47:47,www.google.fr
2014-03-26 12:48:20,www.google.fr
2014-03-26 12:48:21,forums.futura-sciences.com
2014-03-26 12:48:21,www.google.fr
2014-03-26 12:48:22,legacy.futura-sciences.com
2014-03-26 12:48:22,yui.yahooapis.com
2014-03-26 12:48:22,www.futura-sciences.com
2014-03-26 12:48:22,forums.futura-sciences.com
2014-03-26 12:48:22,www.google.fr
2014-03-26 12:48:22,www.google.com
2014-03-26 12:48:22,fr.intext.adfever.com
2014-03-26 12:48:23,legacy.futura-sciences.com
2014-03-26 12:48:23,forums.futura-sciences.com
2014-03-26 12:48:43,www.google.fr
2014-03-26 12:48:54,www.unige.ch
2014-03-26 12:48:54,www.google.fr
2014-03-26 12:50:11,www.google.fr
2014-03-26 12:50:42,www.google.fr
2014-03-26 12:50:42,forums.futura-sciences.com
2014-03-26 12:50:43,www.google.fr
2014-03-26 12:50:43,fr.intext.adfever.com
2014-03-26 12:50:43,legacy.futura-sciences.com
2014-03-26 12:50:43,forums.futura-sciences.com
2014-03-26 12:50:44,www.google.fr
2014-03-26 12:50:45,forums.futura-sciences.com
2014-03-26 12:50:47,apis.google.com
2014-03-26 12:50:47,mm.eulerian.net
2014-03-26 12:50:47,platform.twitter.com
2014-03-26 12:50:47,forums.futura-sciences.com
2014-03-26 12:50:47,connect.facebook.net
2014-03-26 12:50:48,s-static.ak.facebook.com
2014-03-26 12:50:48,accounts.google.com
2014-03-26 12:50:48,twitter.com
2014-03-26 12:50:48,apis.google.com
2014-03-26 12:50:48,platform.twitter.com
2014-03-26 12:50:48,www.futura-sciences.com
2014-03-26 12:50:48,legacy.futura-sciences.com
2014-03-26 12:50:48,static.ak.facebook.com
2014-03-26 12:50:49,forums.futura-sciences.com
2014-03-26 12:50:49,www.facebook.com
2014-03-26 12:50:49,apis.google.com
2014-03-26 12:50:49,accounts.google.com
2014-03-26 12:50:49,twitter.com
2014-03-26 12:50:50,platform.twitter.com
2014-03-26 12:51:17,www.google.fr
2014-03-26 12:51:17,platform.twitter.com
2014-03-26 12:51:17,www.developpez.com
2014-03-26 12:51:17,guigui.developpez.com
2014-03-26 12:51:18,www.developpez.com
2014-03-26 12:51:18,guigui.developpez.com
2014-03-26 12:51:19,sync.uuidcshmg.com
2014-03-26 12:51:19,www.developpez.com
2014-03-26 12:51:19,guigui.developpez.com
2014-03-26 12:51:20,guigui.developpez.com
2014-03-26 12:51:43,bits.wikimedia.org
2014-03-26 12:51:43,fr.wikipedia.org
2014-03-26 12:51:43,www.google.fr
2014-03-26 12:51:44,fr.wikipedia.org
2014-03-26 12:51:44,meta.wikimedia.org
2014-03-26 12:51:44,bits.wikimedia.org
2014-03-26 12:51:44,login.wikimedia.org
2014-03-26 12:52:31,www.google.fr
2014-03-26 12:52:45,nte.mines-albi.fr
2014-03-26 12:52:45,www.google.fr
2014-03-26 12:52:46,nte.mines-albi.fr
2014-03-26 12:52:51,nte.mines-albi.fr
2014-03-26 12:53:06,www.google.fr
2014-03-26 12:53:06,fr.intext.adfever.com
2014-03-26 12:53:06,legacy.futura-sciences.com
2014-03-26 12:53:06,forums.futura-sciences.com
2014-03-26 12:53:07,forums.futura-sciences.com
2014-03-26 12:53:09,static.ak.facebook.com
2014-03-26 12:53:09,s-static.ak.facebook.com
2014-03-26 12:53:09,forums.futura-sciences.com
2014-03-26 12:53:10,twitter.com
2014-03-26 12:53:11,www.facebook.com
2014-03-26 12:53:13,i1-js-14-3-01-10077-68582591-i.init.cedexis-radar.net
2014-03-26 12:53:14,chinacache.cedexis.com
2014-03-26 12:53:15,ec2-us-east-1a.cedexis.com
2014-03-26 12:53:16,ecvideo.aufeminin.com
2014-03-26 12:54:26,apis.google.com
2014-03-26 12:54:34,www.google.fr
2014-03-26 12:54:34,www.commentcamarche.net
2014-03-26 12:54:34,ba.commentcamarche.net
2014-03-26 12:54:34,static.ccm2.net
2014-03-26 12:54:34,www.facebook.com
2014-03-26 12:54:35,www.nissan-offres.fr
2014-03-26 12:54:36,www.facebook.com
2014-03-26 12:54:36,ba.commentcamarche.net
2014-03-26 12:54:37,static.ccm2.net
2014-03-26 12:54:37,s-static.ak.facebook.com
2014-03-26 12:54:37,www.facebook.com
2014-03-26 12:54:37,static.ak.facebook.com
2014-03-26 12:54:38,www.facebook.com
2014-03-26 12:55:01,www.google.fr
2014-03-26 12:55:04,www.google.fr
2014-03-26 12:55:04,twitter.com
2014-03-26 12:55:04,www.developpez.net
2014-03-26 12:55:04,sync.uuidcshmg.com
2014-03-26 12:55:05,ecx.images-amazon.com
2014-03-26 12:55:05,rcm-fr.amazon.fr
2014-03-26 12:55:05,www.developpez.net
2014-03-26 12:55:17,static.commentcamarche.net
2014-03-26 12:55:17,ba.commentcamarche.net
2014-03-26 12:55:17,static.ccm2.net
2014-03-26 12:55:17,r.ccmbg.com
2014-03-26 12:55:17,www.google.fr
2014-03-26 12:55:17,www.facebook.com
2014-03-26 12:55:17,www.commentcamarche.net
2014-03-26 12:55:18,accounts.google.com
2014-03-26 12:55:18,platform.twitter.com
2014-03-26 12:55:18,static.ccm2.net
2014-03-26 12:55:18,ba.commentcamarche.net
2014-03-26 12:55:18,www.facebook.com
2014-03-26 12:55:18,apis.google.com
2014-03-26 12:55:19,static.ak.facebook.com
2014-03-26 12:55:19,twitter.com
2014-03-26 12:55:19,s-static.ak.facebook.com
2014-03-26 12:55:19,www.facebook.com
2014-03-26 12:56:16,www.facebook.com
2014-03-26 12:56:22,www.facebook.com
2014-03-26 12:57:45,apis.google.com
2014-03-26 13:04:09,www.google.fr
2014-03-26 13:04:13,www.google.fr
2014-03-26 13:04:29,www.google.fr
2014-03-26 13:04:29,www.commentcamarche.net
2014-03-26 13:04:30,ba.commentcamarche.net
2014-03-26 13:04:30,www.facebook.com
2014-03-26 13:04:30,static.ccm2.net
2014-03-26 13:04:31,twitter.com
2014-03-26 13:04:32,s-static.ak.facebook.com
2014-03-26 13:04:32,www.google.fr
2014-03-26 13:04:32,www.facebook.com
2014-03-26 13:04:32,connect.facebook.net
2014-03-26 13:04:32,static.ak.facebook.com
2014-03-26 13:04:33,twitter.com
2014-03-26 13:04:33,www.facebook.com
2014-03-26 13:05:13,www.facebook.com
2014-03-26 13:05:16,www.facebook.com
2014-03-26 13:05:18,www.facebook.com
2014-03-26 13:05:19,www.facebook.com
2014-03-26 13:05:20,www.facebook.com
2014-03-26 13:05:21,www.facebook.com
2014-03-26 13:07:31,www.google.fr
2014-03-26 13:07:32,www.iro.umontreal.ca
2014-03-26 13:07:33,www.iro.umontreal.ca
2014-03-26 13:07:34,www.iro.umontreal.ca
2014-03-26 13:09:06,www.google.fr
2014-03-26 13:11:43,www.google.fr
2014-03-26 13:11:57,www.google.fr
2014-03-26 13:11:58,www.developpez.net
2014-03-26 13:11:58,sync.uuidcshmg.com
2014-03-26 13:12:01,www.google.fr
2014-03-26 13:12:01,www.developpez.net
2014-03-26 13:14:11,www.google.fr
2014-03-26 13:14:14,www.developpez.net
2014-03-26 13:14:14,sync.uuidcshmg.com
2014-03-26 13:14:15,www.developpez.net
2014-03-26 13:14:15,www.google.fr
2014-03-26 13:14:17,www.developpez.net
2014-03-26 13:15:25,www.google.fr
2014-03-26 13:15:35,www.google.fr
2014-03-26 13:16:00,www.google.fr
2014-03-26 13:16:03,www.developpez.net
2014-03-26 13:16:03,sync.uuidcshmg.com
2014-03-26 13:16:04,www.developpez.net
2014-03-26 13:16:06,rcm-fr.amazon.fr
2014-03-26 13:16:06,ecx.images-amazon.com
2014-03-26 13:17:24,www.google.fr
2014-03-26 13:23:07,clients1.google.fr
2014-03-26 13:23:08,www.google.fr
2014-03-26 13:23:08,clients1.google.fr
2014-03-26 13:23:12,www.google.fr
2014-03-26 13:24:10,www.google.fr
2014-03-26 13:24:10,office.microsoft.com
2014-03-26 13:24:17,www.google.fr
2014-03-26 13:24:17,www.commentcamarche.net
2014-03-26 13:24:18,ba.commentcamarche.net
2014-03-26 13:24:18,www.facebook.com
2014-03-26 13:24:18,static.ccm2.net
2014-03-26 13:24:20,connect.facebook.net
2014-03-26 13:24:20,www.facebook.com
2014-03-26 13:24:20,ba.commentcamarche.net
2014-03-26 13:24:21,static.ak.facebook.com
2014-03-26 13:24:21,platform.twitter.com
2014-03-26 13:24:22,s-static.ak.facebook.com
2014-03-26 13:24:22,www.facebook.com
2014-03-26 13:24:23,www.facebook.com
2014-03-26 13:24:54,twitter.com
2014-03-26 13:25:58,www.facebook.com
2014-03-26 13:26:05,www.facebook.com
2014-03-26 13:26:06,www.facebook.com
2014-03-26 13:26:39,www.google.fr
2014-03-26 13:28:02,www.facebook.com
2014-03-26 13:28:03,www.facebook.com
2014-03-26 13:28:06,www.google.fr
2014-03-26 13:28:25,wtpn.twenga.fr
2014-03-26 13:28:25,www.google.fr
2014-03-26 13:28:25,forum-images.hardware.fr
2014-03-26 13:28:25,forum.hardware.fr
2014-03-26 13:28:26,script.affilizr.com
2014-03-26 13:28:26,forum.hardware.fr
2014-03-26 13:28:26,forum-images.hardware.fr
2014-03-26 13:28:26,img137.imageshack.us
2014-03-26 13:28:28,ajax.googleapis.com
2014-03-26 13:28:28,fr.primary.affinitad.com
2014-03-26 13:28:28,wtpn.twenga.fr
2014-03-26 13:28:29,ajax.googleapis.com
2014-03-26 13:28:29,forum.hardware.fr
2014-03-26 13:28:29,rbx-cdn-tpn.c4tw.net
2014-03-26 13:28:29,i10.twenga.com
2014-03-26 13:28:29,i11.twenga.com
2014-03-26 13:28:48,www.google.fr
2014-03-26 13:28:49,static.ccm2.net
2014-03-26 13:28:49,www.commentcamarche.net
2014-03-26 13:28:49,ba.commentcamarche.net
2014-03-26 13:28:50,www.facebook.com
2014-03-26 13:28:50,www.google.fr
2014-03-26 13:28:52,static.ak.facebook.com
2014-03-26 13:28:52,images.orangepublicite.fr
2014-03-26 13:28:53,s-static.ak.facebook.com
2014-03-26 13:28:53,www.facebook.com
2014-03-26 13:28:54,twitter.com
2014-03-26 13:28:54,www.facebook.com
2014-03-26 13:28:54,platform.twitter.com
2014-03-26 13:28:55,www.facebook.com
2014-03-26 13:29:26,twitter.com
2014-03-26 13:29:41,www.facebook.com
2014-03-26 13:29:44,www.facebook.com
2014-03-26 13:29:45,www.facebook.com
2014-03-26 13:32:09,www.google.fr
2014-03-26 13:32:49,www.commentcamarche.net
2014-03-26 13:32:49,ba.commentcamarche.net
2014-03-26 13:32:49,www.google.fr
2014-03-26 13:32:50,ba.commentcamarche.net
2014-03-26 13:32:50,static.ccm2.net
2014-03-26 13:32:50,www.facebook.com
2014-03-26 13:32:54,www.facebook.com
2014-03-26 13:32:55,platform.twitter.com
2014-03-26 13:32:56,static.ak.facebook.com
2014-03-26 13:32:57,www.facebook.com
2014-03-26 13:32:57,s-static.ak.facebook.com
2014-03-26 13:32:58,www.facebook.com
2014-03-26 13:33:07,www.facebook.com
2014-03-26 13:33:10,www.facebook.com
2014-03-26 13:33:11,www.facebook.com
2014-03-26 13:33:12,www.facebook.com
2014-03-26 13:33:29,twitter.com
2014-03-26 13:33:34,www.google.fr
2014-03-26 13:33:34,clients1.google.fr
2014-03-26 13:33:39,www.mathworks.com
2014-03-26 13:33:39,www.google.fr
2014-03-26 13:33:40,www.mathworks.fr
2014-03-26 13:33:40,www.google.fr
2014-03-26 13:33:41,metrics.mathworks.com
2014-03-26 13:33:41,p.typekit.net
2014-03-26 13:33:41,www.mathworks.fr
2014-03-26 13:33:42,www.mathworks.fr
2014-03-26 13:33:45,www.mathworks.fr
2014-03-26 13:33:46,p.typekit.net
2014-03-26 13:33:46,metrics.mathworks.com
2014-03-26 13:33:46,www.mathworks.fr
2014-03-26 13:35:45,www.mathworks.fr
2014-03-26 13:51:59,www.google.fr
2014-03-26 13:52:00,www.google.fr
2014-03-26 13:53:59,www.google.fr
2014-03-26 13:54:50,www.mathworks.com
2014-03-26 13:54:50,www.google.fr
2014-03-26 13:54:51,s3.amazonaws.com
2014-03-26 13:54:51,www.mathworks.com
2014-03-26 13:54:52,metrics.mathworks.com
2014-03-26 13:55:23,www.google.fr
2014-03-26 13:55:23,nte.mines-albi.fr
2014-03-26 13:55:24,nte.mines-albi.fr
2014-03-26 13:57:39,www.google.fr
2014-03-26 13:58:45,clients1.google.fr
2014-03-26 13:58:45,www.google.fr
2014-03-26 13:58:45,id.google.fr
2014-03-26 13:58:49,www.google.fr
2014-03-26 13:58:49,perso.univ-rennes1.fr
2014-03-26 13:58:50,www.google.fr
2014-03-26 13:58:50,perso.univ-rennes1.fr
2014-03-26 13:58:51,www.google.fr
2014-03-26 13:58:52,blogperso.univ-rennes1.fr
2014-03-26 13:58:52,perso.univ-rennes1.fr
2014-03-26 14:06:26,www.google.fr
2014-03-26 14:06:36,www.google.fr
2014-03-26 14:06:43,www.google.fr
2014-03-26 14:06:43,sync.uuidcshmg.com
2014-03-26 14:06:43,www.developpez.net
2014-03-26 14:06:44,ecx.images-amazon.com
2014-03-26 14:06:44,www.developpez.net
2014-03-26 14:06:44,rcm-fr.amazon.fr
2014-03-26 14:23:16,www.google.fr
2014-03-26 14:23:29,www.google.fr
2014-03-26 14:23:30,ajax.googleapis.com
2014-03-26 14:23:30,platform.twitter.com
2014-03-26 14:23:30,connect.facebook.net
2014-03-26 14:23:30,s-static.ak.facebook.com
2014-03-26 14:23:30,static.ak.facebook.com
2014-03-26 14:23:30,pagesperso-orange.fr
2014-03-26 14:23:30,www.facebook.com
2014-03-26 14:23:30,a01.gestionpub.com
2014-03-26 14:23:30,perso.orange.fr
2014-03-26 14:23:30,www.google.fr
2014-03-26 14:23:31,apis.google.com
2014-03-26 14:23:31,accounts.google.com
2014-03-26 14:23:31,www.hebdotop.com
2014-03-26 14:23:31,img71.imageshack.us
2014-03-26 14:23:31,pp.auto.search.ke.voila.fr
2014-03-26 14:23:31,dg62.pagesperso-orange.fr
2014-03-26 14:23:32,platform.twitter.com
2014-03-26 14:23:32,www.facebook.com
2014-03-26 14:23:32,www.hebdotop.com
2014-03-26 14:23:32,mediatag.gestionpub.com
2014-03-26 14:23:32,accounts.google.com
2014-03-26 14:23:32,apis.google.com
2014-03-26 14:23:33,twitter.com
2014-03-26 14:23:35,courses.carrefour.fr
2014-03-26 14:23:35,tracking.veoxa.com
2014-03-26 14:23:35,display.gestionpub.com
2014-03-26 14:23:36,courses.carrefour.fr
2014-03-26 14:23:44,twitter.com
2014-03-26 14:23:44,www.google.fr
2014-03-26 14:23:44,www.commentcamarche.net
2014-03-26 14:23:44,ba.commentcamarche.net
2014-03-26 14:23:44,www.facebook.com
2014-03-26 14:23:44,static.ccm2.net
2014-03-26 14:23:45,images.orangepublicite.fr
2014-03-26 14:23:46,s-static.ak.facebook.com
2014-03-26 14:23:46,static.ak.facebook.com
2014-03-26 14:23:46,platform.twitter.com
2014-03-26 14:23:46,www.facebook.com
2014-03-26 14:23:47,static.ccm2.net
2014-03-26 14:24:17,twitter.com
2014-03-26 14:34:21,www.google.fr
2014-03-26 14:34:22,www.google.fr
2014-03-26 14:34:35,www.google.fr
2014-03-26 14:34:36,carolinepetitjean.free.fr
2014-03-26 14:34:36,www.compteur.fr
2014-03-26 14:34:37,carolinepetitjean.free.fr
2014-03-26 14:36:21,www.google.fr
2014-03-26 14:38:19,www.google.fr
2014-03-26 14:38:37,www.google.fr
2014-03-26 14:38:39,www.google.fr
2014-03-26 14:38:39,fr.openclassrooms.com
2014-03-26 14:38:39,www.google.com
2014-03-26 14:38:40,www.googleapis.com
2014-03-26 14:38:40,dnn506yrbagrg.cloudfront.net
2014-03-26 14:38:40,doug1izaerwt3.cloudfront.net
2014-03-26 14:38:40,fr.openclassrooms.com
2014-03-26 14:38:40,www.google.com
2014-03-26 14:38:41,www.googleapis.com
2014-03-26 14:38:41,fr.openclassrooms.com
2014-03-26 14:38:41,rp.gwallet.com
2014-03-26 14:38:43,fr.openclassrooms.com
2014-03-26 14:39:00,www.google.fr
2014-03-26 14:39:01,fr.answers.yahoo.com
2014-03-26 14:39:01,www.google.fr
2014-03-26 14:39:03,fr.answers.yahoo.com
2014-03-26 14:39:03,yui.yahooapis.com
2014-03-26 14:39:04,fr.answers.yahoo.com
2014-03-26 14:39:04,dmros.ysm.yahoo.com
2014-03-28 10:59:26,www.google.fr
2014-03-28 10:59:33,www.google.fr
2014-03-28 10:59:34,apis.google.com
2014-03-28 10:59:35,www.google.com
2014-03-28 11:01:17,www.google.fr
2014-03-28 11:01:17,www.google.com
2014-03-28 11:01:17,apis.google.com
2014-03-28 11:02:06,ieonline.microsoft.com
2014-03-28 11:03:02,www.google.fr
2014-03-28 11:03:04,wikhydro.developpement-durable.gouv.fr
2014-03-28 11:03:04,www.google.fr
2014-03-28 11:03:05,wikhydro.developpement-durable.gouv.fr
2014-03-28 11:03:07,wikhydro.developpement-durable.gouv.fr
2014-03-28 11:03:08,wikhydro.developpement-durable.gouv.fr
2014-03-28 11:04:57,www.google.fr
2014-03-28 11:06:51,www.google.fr
2014-03-28 11:06:51,www.mathworks.com
2014-03-28 11:06:51,www.mathworks.fr
2014-03-28 11:06:52,www.google.fr
2014-03-28 11:06:52,www.mathworks.fr
2014-03-28 11:06:53,www.mathworks.fr
2014-03-28 11:06:55,www.mathworks.fr
2014-03-28 11:06:56,p.typekit.net
2014-03-28 11:06:56,s3.amazonaws.com
2014-03-28 11:06:56,metrics.mathworks.com
2014-03-28 11:06:56,www.mathworks.fr
2014-03-28 11:07:05,www.google.fr
2014-03-28 11:07:05,www.mathworks.com
2014-03-28 11:07:05,www.mathworks.fr
2014-03-28 11:07:06,www.google.fr
2014-03-28 11:07:06,www.mathworks.fr
2014-03-28 11:07:07,p.typekit.net
2014-03-28 11:07:07,metrics.mathworks.com
2014-03-28 11:07:07,www.mathworks.fr
2014-03-28 11:13:50,www.google.fr
2014-03-28 11:13:52,www.google.com
2014-03-28 11:13:52,apis.google.com
2014-03-28 11:15:17,www.google.fr
2014-03-28 11:15:17,apis.google.com
2014-03-28 11:15:17,www.google.com
2014-03-28 11:16:04,www.google.fr
2014-03-28 11:16:05,www.google.fr
2014-03-28 11:16:14,ieonline.microsoft.com
2014-03-28 11:16:15,gabrielecirulli.github.io
2014-03-28 11:16:15,www.google.fr
2014-03-28 11:16:15,platform.twitter.com
2014-03-28 11:16:16,platform.twitter.com
2014-03-28 11:16:16,gabrielecirulli.github.io
2014-03-28 11:16:17,www.paypalobjects.com
2014-03-28 11:16:18,twitter.com
2014-03-28 11:16:18,gabrielecirulli.github.io
2014-03-28 11:16:19,gabrielecirulli.github.io
2014-03-28 11:16:20,gabrielecirulli.github.io
2014-03-28 11:16:49,twitter.com
2014-03-28 11:17:37,www.paypalobjects.com
2014-03-28 11:56:40,twitter.com
2014-03-28 12:01:42,twitter.com
2014-03-28 12:08:12,twitter.com
2014-03-28 12:26:40,twitter.com
2014-03-28 12:29:47,twitter.com
2014-03-28 12:49:26,www.google.fr
2014-03-28 12:49:28,www.google.fr
2014-03-28 12:49:35,ufrsciencestech.u-bourgogne.fr
2014-03-28 12:49:35,www.google.fr
2014-03-28 12:49:37,ufrsciencestech.u-bourgogne.fr
2014-03-28 12:49:44,ufrsciencestech.u-bourgogne.fr
2014-03-28 12:49:56,www.google.fr
2014-03-28 12:50:00,www.google.fr
2014-03-28 12:50:02,www.google.fr
2014-03-28 12:50:03,fosa.math.u-psud.fr
2014-03-28 12:51:25,www.google.fr
2014-03-28 12:51:55,www.google.fr
2014-03-28 12:54:38,briot-jerome.developpez.com
2014-03-28 12:54:38,www.developpez.com
2014-03-28 12:54:38,www.google.fr
2014-03-28 12:54:39,briot-jerome.developpez.com
2014-03-28 12:54:39,www.google.com
2014-03-28 12:54:39,www.developpez.com
2014-03-28 12:54:39,www.developpez.net
2014-03-28 12:54:40,sync.uuidcshmg.com
2014-03-28 12:54:40,www.developpez.com
2014-03-28 12:54:40,briot-jerome.developpez.com
2014-03-28 12:54:41,www.facebook.com
2014-03-28 12:54:41,www.bing.com
2014-03-28 12:54:41,www.microsofttranslator.com
2014-03-28 12:54:42,briot-jerome.developpez.com
2014-03-28 12:54:43,dps.bing.com
2014-03-28 12:54:44,www.bing.com
2014-03-28 12:54:46,www.bing.com
2014-03-28 12:59:58,www.google.fr
2014-03-28 13:00:01,www.google.fr
2014-03-28 13:00:01,villemin.gerard.free.fr
2014-03-28 13:00:02,villemin.gerard.free.fr
2014-03-28 13:00:11,www.google.fr
2014-03-28 13:00:11,briot-jerome.developpez.com
2014-03-28 13:00:12,www.google.com
2014-03-28 13:00:12,sync.uuidcshmg.com
2014-03-28 13:00:12,www.developpez.com
2014-03-28 13:00:13,www.google.fr
2014-03-28 13:00:13,krxd.nexac.com
2014-03-28 13:00:13,www.bing.com
2014-03-28 13:00:15,www.google.fr
2014-03-28 13:00:15,www.shotgun2013.fr
2014-03-28 13:00:16,www.shotgun2013.fr
2014-03-28 13:01:48,www.google.fr
2014-03-28 13:01:52,www.shotgun2013.fr
2014-03-28 13:02:01,www.mathworks.com
2014-03-28 13:02:01,www.google.fr
2014-03-28 13:02:02,www.google.fr
2014-03-28 13:02:02,www.mathworks.com
2014-03-28 13:02:02,www.mathworks.fr
2014-03-28 13:02:03,www.mathworks.fr
2014-03-28 13:02:04,www.mathworks.fr
2014-03-28 13:02:05,metrics.mathworks.com
2014-03-28 13:02:05,p.typekit.net
2014-03-28 13:02:05,www.mathworks.fr
2014-03-28 13:02:06,www.mathworks.fr
2014-03-28 13:02:06,s646005169.t.eloqua.com
2014-03-28 13:02:06,s3.amazonaws.com
2014-03-28 13:02:07,s646005169.t.eloqua.com
2014-03-28 13:09:28,www.google.fr
2014-03-28 13:09:37,www.google.fr
2014-03-28 13:09:37,www.commentcamarche.net
2014-03-28 13:09:37,ajax.googleapis.com
2014-03-28 13:09:37,static.ccm2.net
2014-03-28 13:09:37,ba.commentcamarche.net
2014-03-28 13:09:37,r.ccmbg.com
2014-03-28 13:09:38,static.ccm2.net
2014-03-28 13:09:38,platform.twitter.com
2014-03-28 13:09:38,ba.commentcamarche.net
2014-03-28 13:09:38,www.facebook.com
2014-03-28 13:09:38,ajax.googleapis.com
2014-03-28 13:09:47,www.google.fr
2014-03-28 13:09:48,blogperso.univ-rennes1.fr
2014-03-28 13:09:48,perso.univ-rennes1.fr
2014-03-28 13:10:09,twitter.com
2014-03-28 13:11:28,www.google.fr
2014-03-28 13:12:23,translate.google.com
2014-03-28 13:12:24,translate.google.com
2014-03-28 13:12:25,translate.google.com
2014-03-28 13:12:26,translate.google.com
2014-03-28 13:12:31,translate.google.com
2014-03-28 13:13:56,translate.google.com
2014-03-28 13:13:57,translate.google.com
2014-03-28 13:14:00,translate.google.com
2014-03-28 13:14:01,translate.google.com
2014-03-28 13:14:09,www.mathworks.fr
2014-03-28 13:14:09,www.mathworks.com
2014-03-28 13:14:09,www.google.fr
2014-03-28 13:14:10,www.mathworks.fr
2014-03-28 13:14:10,www.google.fr
2014-03-28 13:14:11,p.typekit.net
2014-03-28 13:14:11,www.mathworks.fr
2014-03-28 13:14:11,metrics.mathworks.com
2014-03-28 13:16:01,www.mathworks.fr
2014-03-28 13:16:08,www.google.fr
2014-03-28 13:16:08,platform.twitter.com
2014-03-28 13:16:08,gabrielecirulli.github.io
2014-03-28 13:16:09,gabrielecirulli.github.io
2014-03-28 13:16:39,twitter.com
2014-03-28 13:18:05,www.google.fr
2014-03-28 13:26:09,twitter.com
2014-03-28 13:32:31,www.mathworks.fr
2014-03-28 13:32:33,www.google.fr
2014-03-28 13:32:47,www.google.fr
2014-03-28 13:32:48,www.developpez.com
2014-03-28 13:32:48,www.google.com
2014-03-28 13:32:48,briot-jerome.developpez.com
2014-03-28 13:32:48,sync.uuidcshmg.com
2014-03-28 13:32:49,www.bing.com
2014-03-28 13:32:49,krxd.nexac.com
2014-03-28 13:32:49,www.google.fr
2014-03-28 13:32:51,www.bing.com
2014-03-28 13:32:53,www.bing.com
2014-03-28 13:33:01,www.google.fr
2014-03-28 13:33:02,www.mathworks.com
2014-03-28 13:33:02,www.google.fr
2014-03-28 13:33:03,www.mathworks.com
2014-03-28 13:33:03,metrics.mathworks.com
2014-03-28 13:34:31,www.google.fr
2014-03-28 13:43:58,www.google.fr
2014-03-28 13:44:11,www.google.fr
2014-03-28 13:44:11,www.linternaute.com
2014-03-28 13:44:11,static.ccmbg.com
2014-03-28 13:44:12,pixel.alephd.com
2014-03-28 13:44:12,www.linternaute.com
2014-03-28 13:44:12,static.ccmbg.com
2014-03-28 13:44:12,r.ccmbg.com
2014-03-28 13:44:12,bad.linternaute.com
2014-03-28 13:44:12,ce.lijit.com
2014-03-28 13:44:13,www.linternaute.com
2014-03-28 13:44:13,static.ccmbg.com
2014-03-28 13:44:13,loadr.exelator.com
2014-03-28 13:44:14,www.google.com
2014-03-28 13:44:16,bad.linternaute.com
2014-03-28 13:44:16,www.linternaute.com
2014-03-28 13:44:16,www.facebook.com
2014-03-28 13:44:16,pixel.alephd.com
2014-03-28 13:44:17,ajax.googleapis.com
2014-03-28 13:44:17,static.ccmbg.com
2014-03-28 13:44:18,www.linternaute.com
2014-03-28 13:44:18,static.ccmbg.com
2014-03-28 13:44:18,r.ccmbg.com
2014-03-28 13:44:18,player.mediabong.com
2014-03-28 13:44:19,static.mediabong.com
2014-03-28 13:44:19,endor.mediabong.com
2014-03-28 13:44:19,www.facebook.com
2014-03-28 13:44:19,pixel2368.everesttech.net
2014-03-28 13:44:19,player.mediabong.com
2014-03-28 13:44:19,apis.google.com
2014-03-28 13:44:19,connect.facebook.net
2014-03-28 13:44:19,pixel.alephd.com
2014-03-28 13:44:19,platform.twitter.com
2014-03-28 13:44:21,twitter.com
2014-03-28 13:44:21,accounts.google.com
2014-03-28 13:44:21,apis.google.com
2014-03-28 13:44:21,static.mediabong.com
2014-03-28 13:44:21,player.mediabong.net
2014-03-28 13:44:21,widgets.pinterest.com
2014-03-28 13:44:21,www.linkedin.com
2014-03-28 13:44:22,encoding.mediabong.com
2014-03-28 13:44:22,static.mediabong.com
2014-03-28 13:44:22,platform.twitter.com
2014-03-28 13:44:22,c1.adform.net
2014-03-28 13:44:28,www.google.fr
2014-03-28 13:44:28,www.generation-nt.com
2014-03-28 13:44:28,platform.twitter.com
2014-03-28 13:44:28,twitter.com
2014-03-28 13:44:28,img.youtube.com
2014-03-28 13:44:29,img.youtube.com
2014-03-28 13:44:29,ajax.googleapis.com
2014-03-28 13:44:29,img.generation-nt.com
2014-03-28 13:44:29,static.ak.facebook.com
2014-03-28 13:44:29,apis.google.com
2014-03-28 13:44:29,www.generation-nt.com
2014-03-28 13:44:30,www.generation-nt.com
2014-03-28 13:44:30,static.natoms.com
2014-03-28 13:44:30,s-static.ak.facebook.com
2014-03-28 13:44:30,accounts.google.com
2014-03-28 13:44:30,apis.google.com
2014-03-28 13:44:30,www.facebook.com
2014-03-28 13:44:31,hal9000.redintelligence.net
2014-03-28 13:44:31,www.generation-nt.com
2014-03-28 13:44:31,apis.google.com
2014-03-28 13:44:31,www.facebook.com
2014-03-28 13:44:31,static.natoms.com
2014-03-28 13:44:32,media.bestofmicro.com
2014-03-28 13:44:32,www.generation-nt.com
2014-03-28 13:44:32,media.conforama.fr
2014-03-28 13:44:32,affiliation.service-voyages.com
2014-03-28 13:44:32,static.natoms.com
2014-03-28 13:44:33,choices.truste.com
2014-03-28 13:44:33,www.generation-nt.com
2014-03-28 13:44:34,choices.truste.com
2014-03-28 13:45:11,bits.wikimedia.org
2014-03-28 13:45:11,www.google.fr
2014-03-28 13:45:11,login.wikimedia.org
2014-03-28 13:45:11,fr.wikipedia.org
2014-03-28 13:45:12,meta.wikimedia.org
2014-03-28 13:45:12,bits.wikimedia.org
2014-03-28 13:45:12,fr.wikipedia.org
2014-03-28 13:45:30,ba.commentcamarche.net
2014-03-28 13:45:30,www.commentcamarche.net
2014-03-28 13:45:30,www.google.fr
2014-03-28 13:45:31,ba.commentcamarche.net
2014-03-28 13:45:31,www.facebook.com
2014-03-28 13:45:31,static.ccm2.net
2014-03-28 13:45:31,www.google.fr
2014-03-28 13:45:32,static.ccm2.net
2014-03-28 13:45:32,ba.commentcamarche.net
2014-03-28 13:45:32,twitter.com
2014-03-28 13:45:34,static.ccm2.net
2014-03-28 13:45:34,ba.commentcamarche.net
2014-03-28 13:45:34,www.facebook.com
2014-03-28 13:45:34,static.ccmbg.com
2014-03-28 13:45:34,platform.twitter.com
2014-03-28 13:45:35,static.ccm2.net
2014-03-28 13:45:36,www.facebook.com
2014-03-28 13:45:37,www.facebook.com
2014-03-28 13:45:37,twitter.com
2014-03-28 13:45:38,www.commentcamarche.net
2014-03-28 13:47:13,www.google.fr
2014-03-28 13:47:14,www.google.fr
2014-03-28 13:47:33,www.google.fr
2014-03-28 13:47:33,static.ccm2.net
2014-03-28 13:47:33,ba.commentcamarche.net
2014-03-28 13:47:33,www.commentcamarche.net
2014-03-28 13:47:34,twitter.com
2014-03-28 13:47:34,www.google.fr
2014-03-28 13:47:34,www.facebook.com
2014-03-28 13:47:34,pixel.alephd.com
2014-03-28 13:47:36,ba.commentcamarche.net
2014-03-28 13:47:37,www.facebook.com
2014-03-28 13:47:37,twitter.com
2014-03-28 13:47:37,pixel.alephd.com
2014-03-28 13:47:38,pixel.alephd.com
2014-03-28 13:47:40,www.facebook.com
2014-03-28 13:47:41,static.ebz.io
2014-03-28 13:47:42,cm.adgrx.com
2014-03-28 13:47:44,pixel.alephd.com
2014-03-28 13:47:44,um.simpli.fi
2014-03-28 13:47:44,adventori.com
2014-03-28 13:47:45,apnx-match.dotomi.com
2014-03-28 13:47:57,www.google.fr
2014-03-28 13:47:58,perso.univ-lr.fr
2014-03-28 13:50:59,www.google.fr
2014-03-28 13:51:14,www.google.fr
2014-03-28 13:51:15,www.commentcamarche.net
2014-03-28 13:51:15,ba.commentcamarche.net
2014-03-28 13:51:15,static.ccm2.net
2014-03-28 13:51:15,kh6qrx0f8h.s.ad6media.fr
2014-03-28 13:51:16,www.facebook.com
2014-03-28 13:51:16,twitter.com
2014-03-28 13:51:19,ba.commentcamarche.net
2014-03-28 13:51:19,www.facebook.com
2014-03-28 13:51:23,www.facebook.com
2014-03-28 13:51:24,www.facebook.com
2014-03-28 13:51:24,www.google.fr
2014-03-28 13:51:24,twitter.com
2014-03-28 13:51:59,www.google.fr
2014-03-28 13:52:24,www.google.fr
2014-03-28 13:52:25,www.google.fr
2014-03-28 13:52:26,www.developpez.net
2014-03-28 13:52:26,ajax.googleapis.com
2014-03-28 13:52:26,www.google.com
2014-03-28 13:52:27,sync.uuidcshmg.com
2014-03-28 13:52:27,www.developpez.net
2014-03-28 13:52:28,ecx.images-amazon.com
2014-03-28 13:52:28,rcm-fr.amazon.fr
2014-03-28 13:52:28,www.developpez.net
2014-03-28 13:52:59,www.google.fr
2014-03-28 13:57:34,www.google.fr
2014-03-28 13:58:29,www.google.fr
2014-03-28 13:58:52,www.google.fr
2014-03-28 13:58:52,ba.commentcamarche.net
2014-03-28 13:58:52,www.commentcamarche.net
2014-03-28 13:58:53,www.google.fr
2014-03-28 13:58:53,www.facebook.com
2014-03-28 13:58:53,static.ccm2.net
2014-03-28 13:58:53,pixel.alephd.com
2014-03-28 13:58:55,pixel.alephd.com
2014-03-28 13:58:55,twitter.com
2014-03-28 13:58:55,www.facebook.com
2014-03-28 13:58:56,pixel.alephd.com
2014-03-28 13:59:05,pixel.alephd.com
2014-03-28 13:59:45,www.google.fr
2014-03-28 13:59:46,outilsrecherche.over-blog.com
2014-03-28 13:59:46,fdata.over-blog.net
2014-03-28 13:59:46,idata.over-blog.com
2014-03-28 13:59:46,img.over-blog.com
2014-03-28 13:59:46,a398.idata.over-blog.com
2014-03-28 13:59:46,a400.idata.over-blog.com
2014-03-28 13:59:46,a407.idata.over-blog.com
2014-03-28 13:59:46,yui.yahooapis.com
2014-03-28 13:59:46,www.google.fr
2014-03-28 13:59:46,a136.idata.over-blog.com
2014-03-28 13:59:47,sync.uuidcshmg.com
2014-03-28 13:59:47,www.anonymousdmp.com
2014-03-28 13:59:47,www.facebook.com
2014-03-28 13:59:47,fdata.over-blog.net
2014-03-28 13:59:47,outilsrecherche.over-blog.com
2014-03-28 13:59:47,www.audienceinsights.net
2014-03-28 13:59:48,fdata.over-blog.net
2014-03-28 13:59:48,vyt3l67i3p.s.ad6media.fr
2014-03-28 13:59:48,it3yv1v73b.s.ad6media.fr
2014-03-28 13:59:49,platform.twitter.com
2014-03-28 13:59:49,platform.linkedin.com
2014-03-28 13:59:49,fdata.over-blog.net
2014-03-28 13:59:49,apis.google.com
2014-03-28 13:59:49,accounts.google.com
2014-03-28 13:59:50,apis.google.com
2014-03-28 13:59:50,www.linkedin.com
2014-03-28 13:59:51,twitter.com
2014-03-28 13:59:53,accounts.google.com
2014-03-28 13:59:53,fdata.over-blog.net
2014-03-28 13:59:54,www.linkedin.com
2014-03-28 14:01:14,apis.google.com
2014-03-28 14:01:14,www.google.fr
2014-03-28 14:01:52,www.lacl.fr
2014-03-28 14:01:52,www.google.fr
2014-03-28 14:01:53,www.lacl.fr
2014-03-28 14:07:16,www.google.fr
2014-03-28 14:09:03,www.google.fr
2014-03-28 14:12:21,www.google.fr
2014-03-28 14:12:25,www.google.fr
2014-03-28 14:12:25,gabrielecirulli.github.io
2014-03-28 14:12:26,gabrielecirulli.github.io
2014-03-28 14:12:56,twitter.com
2014-03-28 14:13:08,www.google.fr
2014-03-28 14:14:21,www.google.fr
2014-03-28 14:18:02,twitter.com
2014-03-28 14:32:56,twitter.com
2014-04-13 23:16:51,www.google.com
2014-04-13 23:18:14,ieonline.microsoft.com
2014-04-13 23:18:14,go.microsoft.com
2014-04-14 10:13:31,www.google.fr
2014-04-14 10:13:31,www.google.com
2014-04-14 10:13:33,www.google.fr
2014-04-14 10:13:35,apis.google.com
2014-04-14 10:13:35,www.google.com
2014-04-14 10:13:44,www.google.com
2014-04-14 10:13:44,apis.google.com
2014-04-14 10:13:44,www.google.fr
2014-04-14 10:13:44,converticious.com
2014-04-14 10:13:45,connect.facebook.net
2014-04-14 10:13:45,converticious.com
2014-04-14 10:13:46,static.ak.facebook.com
2014-04-14 10:13:46,s-static.ak.facebook.com
2014-04-14 10:13:46,converticious.com
2014-04-14 10:13:46,www.facebook.com
2014-04-14 10:13:47,www.google.com
2014-04-14 10:13:49,converticious.com
2014-04-14 10:13:54,converticious.com
2014-04-14 10:13:55,converticious.com
2014-04-14 10:14:08,converticious.com
2014-04-14 10:15:26,go.microsoft.com
2014-04-14 10:15:26,ieonline.microsoft.com
2014-04-14 10:19:30,www.unitjuggler.com
2014-04-14 10:19:30,www.google.fr
2014-04-14 10:19:31,www.unitjuggler.com
2014-04-14 10:19:31,www.google.fr
2014-04-14 10:19:32,ajax.googleapis.com
2014-04-14 10:19:33,tr4.myroitracking.com
2014-04-14 10:19:34,www.unitjuggler.com
2014-04-14 10:19:41,www.unitjuggler.com
2014-04-14 10:25:50,www.unitjuggler.com
2014-04-14 10:35:47,www.google.fr
2014-04-14 10:36:05,www.google.fr
2014-04-14 10:36:05,ufrsciencestech.u-bourgogne.fr
2014-04-14 10:36:06,ufrsciencestech.u-bourgogne.fr
2014-04-14 10:36:07,ad.foxitsoftware.com
2014-04-14 10:36:11,ufrsciencestech.u-bourgogne.fr
2014-04-14 10:37:33,ufrsciencestech.u-bourgogne.fr
2014-04-14 10:37:33,www.google.fr
2014-04-14 10:38:06,www.google.fr
2014-04-14 10:38:13,www.google.fr
2014-04-14 10:38:15,nf.nci.org.au
2014-04-14 10:38:15,www.google.fr
2014-04-14 10:38:16,nf.nci.org.au
2014-04-14 10:38:17,nf.nci.org.au
2014-04-14 10:39:31,www.google.fr
2014-04-14 10:59:04,translate.google.com
2014-04-14 10:59:05,translate.google.com
2014-04-14 10:59:06,translate.google.com
2014-04-14 10:59:07,www.google.fr
2014-04-14 10:59:23,www.google.fr
2014-04-14 10:59:25,ajax.googleapis.com
2014-04-14 10:59:25,www.google.fr
2014-04-14 10:59:25,www.developpez.net
2014-04-14 10:59:26,sync.uuidcshmg.com
2014-04-14 10:59:26,ajax.googleapis.com
2014-04-14 10:59:26,www.google.com
2014-04-14 10:59:26,www.developpez.net
2014-04-14 10:59:27,www.developpez.net
2014-04-14 10:59:28,www.facebook.com
2014-04-14 10:59:28,www.developpez.net
2014-04-14 10:59:30,dps.bing.com
2014-04-14 11:02:44,static.ccm2.net
2014-04-14 11:02:44,ajax.googleapis.com
2014-04-14 11:02:44,www.google.fr
2014-04-14 11:02:44,ba.commentcamarche.net
2014-04-14 11:02:44,www.commentcamarche.net
2014-04-14 11:02:44,r.ccmbg.com
2014-04-14 11:02:45,ajax.googleapis.com
2014-04-14 11:02:45,kh6qrx0f8h.s.ad6media.fr
2014-04-14 11:02:45,www.facebook.com
2014-04-14 11:02:45,style2.ad6.fr
2014-04-14 11:02:45,ba.commentcamarche.net
2014-04-14 11:02:45,platform.twitter.com
2014-04-14 11:02:45,static.ccm2.net
2014-04-14 11:02:46,kh6qrx0f8h.s.ad6media.fr
2014-04-14 11:02:46,static.ccm2.net
2014-04-14 11:02:46,affiliation.m6boutique.com
2014-04-14 11:02:46,twitter.com
2014-04-14 11:02:47,style2.ad6.fr
2014-04-14 11:02:47,twitter.com
2014-04-14 11:02:47,isi.m6boutique.com
2014-04-14 11:02:47,ajax.googleapis.com
2014-04-14 11:02:47,kh6qrx0f8h.s.ad6media.fr
2014-04-14 11:02:47,www.m6boutique.com
2014-04-14 11:02:48,track-61.trafiz.net
2014-04-14 11:02:48,pixel.alephd.com
2014-04-14 11:02:48,ajax.googleapis.com
2014-04-14 11:02:48,calotag.com
2014-04-14 11:02:48,www.m6boutique.com
2014-04-14 11:02:49,calotag.com
2014-04-14 11:02:49,www.facebook.com
2014-04-14 11:02:49,www.m6boutique.com
2014-04-14 11:02:49,pixel.alephd.com
2014-04-14 11:02:49,style2.ad6.fr
2014-04-14 11:02:49,stat.secure.hssdcp.com
2014-04-14 11:02:50,kh6qrx0f8h.s.ad6media.fr
2014-04-14 11:02:50,connect.facebook.net
2014-04-14 11:02:51,www.facebook.com
2014-04-14 11:02:51,s-static.ak.facebook.com
2014-04-14 11:02:51,pixel.alephd.com
2014-04-14 11:02:51,platform.twitter.com
2014-04-14 11:02:51,www.commentcamarche.net
2014-04-14 11:02:51,static.ccm2.net
2014-04-14 11:02:52,ba.commentcamarche.net
2014-04-14 11:02:52,static.ccmbg.com
2014-04-14 11:02:52,hal9000.redintelligence.net
2014-04-14 11:02:52,static.ccm2.net
2014-04-14 11:02:52,www.facebook.com
2014-04-14 11:02:53,hal9000.redintelligence.net
2014-04-14 11:02:53,pixel.alephd.com
2014-04-14 11:02:54,hal9000.redintelligence.net
2014-04-14 11:02:54,n18.hal9000.redintelligence.net
2014-04-14 11:02:54,cm.adgrx.com
2014-04-14 11:02:55,cm.adgrx.com
2014-04-14 11:02:55,ea.numericable.fr
2014-04-14 11:02:56,twitter.com
2014-04-14 11:02:57,pixel.alephd.com
2014-04-14 11:02:57,www.commentcamarche.net
2014-04-14 11:02:59,pixel2368.everesttech.net
2014-04-14 11:03:00,c1.adform.net
2014-04-14 11:03:07,user-disp.tidaltv.com
2014-04-14 11:03:14,fabrice.sincere.pagesperso-orange.fr
2014-04-14 11:03:14,www.google.fr
2014-04-14 11:03:14,pixel2368.everesttech.net
2014-04-14 11:04:49,www.google.fr
2014-04-14 11:04:57,www.google.fr
2014-04-14 11:05:16,www.google.fr
2014-04-14 11:05:16,www.montefiore.ulg.ac.be
2014-04-14 11:05:18,www.montefiore.ulg.ac.be
2014-04-14 11:07:41,www.google.fr
2014-04-14 11:07:48,www.google.fr
2014-04-14 11:07:49,www.mathworks.com
2014-04-14 11:07:49,www.mathworks.fr
2014-04-14 11:07:50,www.mathworks.fr
2014-04-14 11:07:50,www.google.fr
2014-04-14 11:07:51,www.mathworks.fr
2014-04-14 11:07:52,metrics.mathworks.com
2014-04-14 11:07:52,p.typekit.net
2014-04-14 11:07:52,www.mathworks.fr
2014-04-14 11:07:53,s3.amazonaws.com
2014-04-14 11:13:43,ba.commentcamarche.net
2014-04-14 11:13:43,r.ccmbg.com
2014-04-14 11:13:43,static.ccm2.net
2014-04-14 11:13:43,www.commentcamarche.net
2014-04-14 11:13:43,www.google.fr
2014-04-14 11:13:44,static.ccm2.net
2014-04-14 11:13:44,ba.commentcamarche.net
2014-04-14 11:13:44,www.google.fr
2014-04-14 11:13:45,pixel.alephd.com
2014-04-14 11:13:45,loadr.exelator.com
2014-04-14 11:13:46,ba.commentcamarche.net
2014-04-14 11:13:46,ea.virginmobile.fr
2014-04-14 11:13:46,pixel.alephd.com
2014-04-14 11:13:46,images.orangepublicite.fr
2014-04-14 11:13:46,connect.facebook.net
2014-04-14 11:13:47,s-static.ak.facebook.com
2014-04-14 11:13:47,pixel.alephd.com
2014-04-14 11:13:48,ba.commentcamarche.net
2014-04-14 11:13:49,www.facebook.com
2014-04-14 11:13:50,pixel.alephd.com
2014-04-14 11:13:54,www.google.fr
2014-04-14 11:13:55,twitter.com
2014-04-14 11:13:56,www.robot-maker.com
2014-04-14 11:13:56,www.gravatar.com
2014-04-14 11:13:56,www.google.fr
2014-04-14 11:13:56,i1.wp.com
2014-04-14 11:13:57,www.robot-maker.com
2014-04-14 11:15:16,www.google.fr
2014-04-14 11:15:17,briot-jerome.developpez.com
2014-04-14 11:15:17,www.developpez.com
2014-04-14 11:15:17,www.google.fr
2014-04-14 11:15:18,www.developpez.com
2014-04-14 11:15:18,briot-jerome.developpez.com
2014-04-14 11:15:18,sync.uuidcshmg.com
2014-04-14 11:15:19,www.developpez.com
2014-04-14 11:15:19,briot-jerome.developpez.com
2014-04-14 11:15:19,www.microsofttranslator.com
2014-04-14 11:15:20,briot-jerome.developpez.com
2014-04-14 11:15:20,www.bing.com
2014-04-14 11:15:22,adventori.com
2014-04-14 11:15:23,www.bing.com
2014-04-14 11:15:23,apnx-match.dotomi.com
2014-04-14 11:15:23,dtm.neimanmarcus.com
2014-04-14 11:15:24,www.bing.com
2014-04-14 11:29:04,www.google.fr
2014-04-14 11:29:06,www.developpez.net
2014-04-14 11:29:07,www.google.fr
2014-04-14 11:29:07,www.developpez.net
2014-04-14 11:29:07,sync.uuidcshmg.com
2014-04-14 11:29:09,um.simpli.fi
2014-04-14 11:29:10,krxd.nexac.com
2014-04-14 11:29:35,www.google.fr
2014-04-14 11:29:35,www.unige.ch
2014-04-14 11:32:14,www.google.fr
2014-04-14 11:34:15,www.google.fr
2014-04-14 11:34:15,forums.futura-sciences.com
2014-04-14 11:34:16,yui.yahooapis.com
2014-04-14 11:34:16,forums.futura-sciences.com
2014-04-14 11:34:16,www.google.fr
2014-04-14 11:34:16,www.futura-sciences.com
2014-04-14 11:34:16,fr.intext.adfever.com
2014-04-14 11:34:16,www.google.com
2014-04-14 11:34:16,legacy.futura-sciences.com
2014-04-14 11:34:17,forums.futura-sciences.com
2014-04-14 11:34:18,forums.futura-sciences.com
2014-04-14 11:34:20,www.google.fr
2014-04-14 11:34:21,www.futura-sciences.com
2014-04-14 11:34:21,legacy.futura-sciences.com
2014-04-14 11:34:22,forums.futura-sciences.com
2014-04-14 11:34:26,forums.futura-sciences.com
2014-04-14 11:34:26,connect.facebook.net
2014-04-14 11:34:26,platform.twitter.com
2014-04-14 11:34:26,apis.google.com
2014-04-14 11:34:27,apis.google.com
2014-04-14 11:34:27,s-static.ak.facebook.com
2014-04-14 11:34:27,accounts.google.com
2014-04-14 11:34:28,forums.futura-sciences.com
2014-04-14 11:34:28,www.facebook.com
2014-04-14 11:34:28,accounts.google.com
2014-04-14 11:34:28,i.ssix.io
2014-04-14 11:34:28,twitter.com
2014-04-14 11:34:29,platform.twitter.com
2014-04-14 11:35:33,i.ssix.io
2014-04-14 11:35:54,platform.twitter.com
2014-04-15 08:58:10,www.google.com
2014-04-15 08:59:59,go.microsoft.com
2014-04-15 08:59:59,ieonline.microsoft.com
2014-04-15 09:01:02,ieonline.microsoft.com
2014-04-15 09:56:37,www.google.fr
2014-04-15 09:56:38,apis.google.com
2014-04-15 09:56:39,www.google.com
2014-04-15 09:58:37,www.google.fr
2014-04-15 09:58:37,www.google.com
2014-04-15 09:58:37,apis.google.com
2014-04-22 09:03:30,ieonline.microsoft.com
2014-04-22 09:03:30,go.microsoft.com
2014-04-22 13:09:46,www.google.fr
2014-04-22 13:09:48,apis.google.com
2014-04-22 13:09:48,www.google.com
2014-04-22 13:09:53,fr-fr.facebook.com
2014-04-22 13:10:29,www.google.com
2014-04-22 13:10:29,apis.google.com
2014-04-22 13:10:29,www.google.fr
2014-04-22 13:10:50,www.microsoft.com
2014-04-22 13:11:05,ieonline.microsoft.com
2014-04-22 13:28:13,mail.google.com
2014-04-22 13:28:14,accounts.google.com
2014-04-22 13:28:14,accounts.youtube.com
2014-04-22 13:28:33,accounts.google.fr
2014-04-22 13:28:37,accounts.google.com
2014-04-22 13:28:37,accounts.youtube.com
2014-04-22 13:28:38,mail.google.com
2014-04-22 13:28:38,www.google.com
2014-04-22 13:28:38,accounts.google.fr
2014-04-22 13:28:38,clients2.google.com
2014-04-22 13:28:40,mail.google.com
2014-04-22 13:28:40,apis.google.com
2014-04-22 13:28:40,plus.google.com
2014-04-22 13:28:40,www.google.com
2014-04-22 13:28:40,clients2.google.com
2014-04-22 13:28:41,clients6.google.com
2014-04-22 13:28:41,mail.google.com
2014-04-22 13:28:45,chatenabled.mail.google.com
2014-04-22 13:28:45,accounts.google.com
2014-04-22 13:28:45,mail.google.com
2014-04-22 13:28:47,plus.google.com
2014-04-22 13:28:49,apis.google.com
2014-04-22 13:28:56,chatenabled.mail.google.com
2014-04-22 13:30:46,apis.google.com
2014-04-22 13:32:45,apis.google.com
2014-04-22 13:32:47,mail.google.com
2014-04-22 13:32:48,clients6.google.com
2014-04-22 13:33:44,plus.google.com
2014-04-22 13:42:47,plus.google.com
2014-04-22 13:42:58,plus.google.com
2014-04-22 13:49:53,mail.google.com
2014-04-22 13:54:53,mail.google.com
2014-04-22 13:59:53,mail.google.com
2014-04-22 14:02:58,plus.google.com
2014-04-22 14:04:53,mail.google.com
2014-04-22 14:09:53,mail.google.com
2014-04-22 14:14:59,mail.google.com
2014-04-22 14:19:53,mail.google.com
2014-04-22 14:22:58,plus.google.com
2014-04-22 14:24:53,mail.google.com
2014-04-22 14:29:53,mail.google.com
2014-04-22 14:33:06,mail.google.com
2014-04-22 14:42:59,plus.google.com
2014-04-22 14:49:52,mail.google.com
2014-04-22 14:54:53,mail.google.com
2014-04-22 14:59:40,mail.google.com
2014-04-22 15:00:52,mail.google.com
2014-04-22 15:02:59,plus.google.com
2014-04-22 15:04:53,mail.google.com
2014-04-22 15:09:53,mail.google.com
2014-04-22 15:14:59,mail.google.com
2014-04-22 15:19:53,mail.google.com
2014-04-22 15:22:29,mail.google.com
2014-04-22 15:22:40,mail.google.com
2014-04-22 15:22:45,plus.google.com
2014-04-22 15:22:47,mail.google.com
2014-04-22 15:22:50,www.google.com
2014-04-22 15:22:52,mail.google.com
2014-04-22 15:22:52,clients2.google.com
2014-04-22 15:22:52,plus.google.com
2014-04-22 15:22:52,apis.google.com
2014-04-22 16:54:57,www.univ-bpclermont.fr
2014-04-22 16:55:02,www.univ-bpclermont.fr
2014-04-22 16:55:03,www.univ-bpclermont.fr
2014-04-22 16:55:05,www.univ-bpclermont.fr
2014-04-22 16:55:08,www.univ-bpclermont.fr
2014-04-22 16:57:54,ieonline.microsoft.com
2014-04-22 17:03:07,mail.google.com
2014-04-22 17:03:07,accounts.google.com
2014-04-22 17:03:07,accounts.youtube.com
2014-04-22 17:03:23,accounts.google.fr
2014-04-22 17:03:25,accounts.google.com
2014-04-22 17:03:25,accounts.youtube.com
2014-04-22 17:03:26,accounts.google.fr
2014-04-22 17:03:26,clients2.google.com
2014-04-22 17:03:26,www.google.com
2014-04-22 17:03:27,mail.google.com
2014-04-22 17:03:27,apis.google.com
2014-04-22 17:03:27,plus.google.com
2014-04-22 17:03:28,mail.google.com
2014-04-22 17:03:28,www.google.com
2014-04-22 17:03:28,clients6.google.com
2014-04-22 17:03:28,clients2.google.com
2014-04-22 17:03:28,plus.google.com
2014-04-22 17:03:30,chatenabled.mail.google.com
2014-04-22 17:03:31,mail.google.com
2014-04-22 17:03:34,accounts.google.com
2014-04-22 17:03:34,plus.google.com
2014-04-22 17:03:34,apis.google.com
2014-04-22 17:03:42,clients6.google.com
2014-04-22 17:05:27,www.univ-bpclermont.fr
2014-04-22 17:05:30,mail.google.com
2014-04-22 17:07:31,chatenabled.mail.google.com
2014-04-22 17:07:33,plus.google.com
2014-04-22 17:17:34,plus.google.com
2014-04-22 17:17:44,plus.google.com
2014-04-22 17:23:18,mail.google.com
2014-04-22 17:23:26,mail.google.com
