timestamp,site
2014-01-16 10:57:49,fpdownload2.macromedia.com
2014-02-04 12:30:08,www.google.fr
2014-02-04 12:30:09,clients1.google.fr
2014-02-04 12:30:09,www.google.fr
2014-02-04 12:30:10,clients1.google.fr
2014-02-04 12:30:11,clients1.google.fr
2014-02-04 12:30:13,clients1.google.fr
2014-02-04 12:30:15,www.google.fr
2014-02-04 12:30:15,clients1.google.fr
2014-02-04 12:30:36,www.google.fr
2014-02-04 13:02:32,www.google.fr
2014-02-04 13:02:32,clients1.google.fr
2014-02-04 13:02:40,clients1.google.fr
2014-02-04 13:02:45,clients1.google.fr
2014-02-04 13:02:46,clients1.google.fr
2014-02-04 13:02:47,www.google.fr
2014-02-04 13:02:47,clients1.google.fr
2014-02-04 13:02:58,www.google.fr
2014-02-04 13:02:58,www.01net.com
2014-02-04 13:02:59,ce.lijit.com
2014-02-04 13:03:00,pixel.alephd.com
2014-02-04 13:03:00,www.facebook.com
2014-02-04 13:03:00,fpdownload2.macromedia.com
2014-02-04 13:03:00,www.01net.com
2014-02-04 13:03:01,pixel.alephd.com
2014-02-04 13:03:01,www.01net.com
2014-02-04 13:03:02,pixel.alephd.com
2014-02-04 13:03:02,www.01net.com
2014-02-04 13:03:02,platform.twitter.com
2014-02-04 13:03:02,www.google.com
2014-02-04 13:03:02,www.facebook.com
2014-02-04 13:03:03,tc.airfrance.com
2014-02-04 13:03:03,pixel.alephd.com
2014-02-04 13:03:03,www.01net.com
2014-02-04 13:03:04,pixel.alephd.com
2014-02-04 13:03:04,videosfr.s3.amazonaws.com
2014-02-04 13:03:04,www.01net.com
2014-02-04 13:03:04,connect.facebook.net
2014-02-04 13:03:04,col001.ip-label.net
2014-02-04 13:03:04,platform.twitter.com
2014-02-04 13:03:04,static.ak.facebook.com
2014-02-04 13:03:04,ad.referencement.01net.com
2014-02-04 13:03:05,pbs.twimg.com
2014-02-04 13:03:05,s-static.ak.facebook.com
2014-02-04 13:03:05,dps.bing.com
2014-02-04 13:03:05,platform.twitter.com
2014-02-04 13:03:05,epromo.tf1.fr
2014-02-04 13:03:05,www.facebook.com
2014-02-04 13:03:05,pixel.alephd.com
2014-02-04 13:03:06,pbs.twimg.com
2014-02-04 13:03:06,twitter.com
2014-02-04 13:03:07,twitter.com
2014-02-04 13:03:07,platform.twitter.com
2014-02-04 13:03:07,pbs.twimg.com
2014-02-04 13:03:07,www.01net.com
2014-02-04 13:03:09,www.01net.com
2014-02-04 13:03:11,www.01net.com
2014-02-04 13:03:11,pixel.alephd.com
2014-02-04 13:03:12,pixel.alephd.com
2014-02-04 13:03:12,www.facebook.com
2014-02-04 13:03:12,tc.airfrance.com
2014-02-04 13:03:13,col001.ip-label.net
2014-02-04 13:03:13,www.facebook.com
2014-02-04 13:03:13,pixel.alephd.com
2014-02-04 13:03:13,ad.referencement.01net.com
2014-02-04 13:03:14,adventori.com
2014-02-04 13:03:14,pixel.alephd.com
2014-02-04 13:03:15,twitter.com
2014-02-04 13:03:15,www.facebook.com
2014-02-04 13:03:15,pixel2368.everesttech.net
2014-02-04 13:03:15,um.simpli.fi
2014-02-04 13:03:22,www.01net.com
2014-02-04 13:03:22,pixel2368.everesttech.net
2014-02-04 13:03:22,platform.twitter.com
2014-02-04 13:03:23,www.01net.com
2014-02-04 13:03:24,www.01net.com
2014-02-04 13:03:24,listener.ezakus.net
2014-02-04 13:03:24,pixel.alephd.com
2014-02-04 13:03:25,www.facebook.com
2014-02-04 13:03:25,pixel.alephd.com
2014-02-04 13:03:25,www.01net.com
2014-02-04 13:03:25,platform.twitter.com
2014-02-04 13:03:26,platform.twitter.com
2014-02-04 13:03:26,connect.facebook.net
2014-02-04 13:03:26,ad.referencement.01net.com
2014-02-04 13:03:26,hal9000.redintelligence.net
2014-02-04 13:03:26,pixel.alephd.com
2014-02-04 13:03:26,www.01net.com
2014-02-04 13:03:27,pixel.alephd.com
2014-02-04 13:03:27,s-static.ak.facebook.com
2014-02-04 13:03:27,www.facebook.com
2014-02-04 13:03:27,static.ak.facebook.com
2014-02-04 13:03:28,ad.publicidees.com
2014-02-04 13:03:30,col001.ip-label.net
2014-02-04 13:03:30,twitter.com
2014-02-04 13:03:31,apnx-match.dotomi.com
2014-02-04 13:03:32,i1-js-14-3-01-10077-771621032-i.init.cedexis-radar.net
2014-02-04 13:03:34,us-east1.joyent.bench.cedexis.com
2014-02-04 13:03:35,fastly.bench.cedexis.com.global.prod.fastly.net
2014-02-04 13:03:35,fastly.bench.cedexis.com
2014-02-04 13:03:36,ca.ecritel.bench.cedexis.com
2014-02-04 13:03:37,akvideo.aufeminin.com
2014-02-04 13:03:41,llnwop.cedexis.com
2014-02-04 13:03:45,platform.twitter.com
2014-02-04 13:03:45,d2yp9b3a29g3i2.cloudfront.net
2014-02-04 13:03:45,www.01net.com
2014-02-04 13:03:46,listener.ezakus.net
2014-02-04 13:03:46,www.01net.com
2014-02-04 13:03:47,pixel.alephd.com
2014-02-04 13:03:47,www.01net.com
2014-02-04 13:03:48,www.facebook.com
2014-02-04 13:03:48,www.01net.com
2014-02-04 13:03:48,pixel.alephd.com
2014-02-04 13:03:49,col001.ip-label.net
2014-02-04 13:03:49,pixel.alephd.com
2014-02-04 13:03:50,cm.adgrx.com
2014-02-04 13:03:50,pixel.alephd.com
2014-02-04 13:03:50,c1.adform.net
2014-02-04 13:04:20,twitter.com
2014-02-04 13:04:20,syndication.twitter.com
2014-02-04 13:04:26,www.01net.com
2014-02-04 13:04:27,www.01net.com
2014-02-04 13:04:30,pixel.alephd.com
2014-02-04 13:04:30,syndication.twitter.com
2014-02-04 13:04:30,platform.twitter.com
2014-02-04 13:04:32,s374.meetrics.net
2014-02-04 13:04:32,pixel.alephd.com
2014-02-04 13:04:32,www.facebook.com
2014-02-04 13:04:33,pixel.alephd.com
2014-02-04 13:04:33,ad.referencement.01net.com
2014-02-04 13:04:33,www.facebook.com
2014-02-04 13:04:34,col001.ip-label.net
2014-02-04 13:04:34,c1.adform.net
2014-02-04 13:04:34,www.facebook.com
2014-02-04 13:04:34,www.01net.com
2014-02-04 13:04:34,cm.adgrx.com
2014-02-04 13:04:35,pixel.alephd.com
2014-02-04 13:04:35,listener.ezakus.net
2014-02-04 13:04:36,www.facebook.com
2014-02-04 13:04:36,pixel.alephd.com
2014-02-04 13:04:37,www.facebook.com
2014-02-04 13:04:37,www.01net.com
2014-02-04 13:04:37,c1.adform.net
2014-02-04 13:04:37,pixel.alephd.com
2014-02-04 13:04:38,pixel.alephd.com
2014-02-04 13:04:38,ad.referencement.01net.com
2014-02-04 13:04:38,col001.ip-label.net
2014-02-04 13:04:39,pixel.alephd.com
2014-02-04 13:04:39,www.facebook.com
2014-02-04 13:04:40,pixel.alephd.com
2014-02-04 13:04:41,twitter.com
2014-02-04 13:04:41,www.facebook.com
2014-02-04 13:04:41,admin.brightcove.com
2014-02-04 13:04:41,www.bfmtv.com
2014-02-04 13:04:42,pixel.alephd.com
2014-02-04 13:04:42,www.bfmtv.com
2014-02-04 13:04:43,p2trr.emv2.com
2014-02-04 13:04:43,pixel.alephd.com
2014-02-04 13:04:43,www.01net.com
2014-02-04 13:04:43,www.bfmtv.com
2014-02-04 13:04:43,apis.google.com
2014-02-04 13:04:45,listener.ezakus.net
2014-02-04 13:04:46,www.01net.com
2014-02-04 13:04:46,pixel.alephd.com
2014-02-04 13:04:46,platform.twitter.com
2014-02-04 13:04:47,pixel.alephd.com
2014-02-04 13:04:47,www.facebook.com
2014-02-04 13:04:48,its.tradelab.fr
2014-02-04 13:04:48,col001.ip-label.net
2014-02-04 13:04:48,platform.twitter.com
2014-02-04 13:04:48,www.facebook.com
2014-02-04 13:04:48,pixel.alephd.com
2014-02-04 13:04:48,ad.referencement.01net.com
2014-02-04 13:04:49,epromo.tf1.fr
2014-02-04 13:04:57,its.tradelab.fr
2014-02-04 13:04:58,twitter.com
2014-02-04 13:04:58,www.01net.com
2014-02-04 13:04:58,platform.twitter.com
2014-02-04 13:04:59,www.01net.com
2014-02-04 13:05:00,www.01net.com
2014-02-04 13:05:00,pixel.alephd.com
2014-02-04 13:05:01,pixel.alephd.com
2014-02-04 13:05:01,www.01net.com
2014-02-04 13:05:01,www.facebook.com
2014-02-04 13:05:01,platform.twitter.com
2014-02-04 13:05:02,videosfr.s3.amazonaws.com
2014-02-04 13:05:02,col001.ip-label.net
2014-02-04 13:05:02,connect.facebook.net
2014-02-04 13:05:02,pixel.alephd.com
2014-02-04 13:05:02,www.01net.com
2014-02-04 13:05:03,platform.twitter.com
2014-02-04 13:05:03,ad.referencement.01net.com
2014-02-04 13:05:03,pixel.alephd.com
2014-02-04 13:05:03,www.facebook.com
2014-02-04 13:05:04,www.facebook.com
2014-02-04 13:05:17,twitter.com
2014-02-04 13:05:18,platform.twitter.com
2014-02-04 13:05:18,www.01net.com
2014-02-04 13:05:18,d2yp9b3a29g3i2.cloudfront.net
2014-02-04 13:05:20,pixel.alephd.com
2014-02-04 13:05:20,www.01net.com
2014-02-04 13:05:21,pixel.alephd.com
2014-02-04 13:05:22,www.facebook.com
2014-02-04 13:05:23,pixel.alephd.com
2014-02-04 13:05:23,www.facebook.com
2014-02-04 13:05:24,col001.ip-label.net
2014-02-04 13:05:24,pixel.alephd.com
2014-02-04 13:05:55,twitter.com
2014-02-04 13:06:25,syndication.twitter.com
2014-02-04 13:07:07,ocsp.digicert.com
2014-02-04 13:07:07,gtssl-ocsp.geotrust.com
2014-02-04 13:07:07,clients1.google.com
2014-02-04 13:07:10,clients1.google.com
2014-02-04 13:07:13,www.mozilla.org
2014-02-04 13:07:19,www.mozilla.org
2014-02-04 13:07:29,clients1.google.com
2014-02-04 13:07:33,ocsp.digicert.com
2014-02-04 13:07:34,evsecure-ocsp.verisign.com
2014-02-04 13:07:36,evsecure-ocsp.verisign.com
2014-02-04 13:07:41,ocsp.verisign.com
2014-02-04 13:07:48,www.paypalobjects.com
2014-02-04 13:07:48,www.google.com
2014-02-04 13:07:48,www.google.fr
2014-02-04 13:07:48,apis.google.com
2014-02-04 13:07:48,sb-ssl.google.com
2014-02-04 13:07:51,clients1.google.com
2014-02-04 13:07:55,syndication.twitter.com
2014-02-04 13:08:02,www.downloadhelper.net
2014-02-04 13:08:03,www.downloadhelper.net
2014-02-04 13:08:03,download1.downloadhelper.net
2014-02-04 13:08:03,code.jquery.com
2014-02-04 13:08:03,www.google.com
2014-02-04 13:08:03,www.youtube.com
2014-02-04 13:08:03,s.ytimg.com
2014-02-04 13:08:08,safebrowsing.clients.google.com
2014-02-04 13:08:08,safebrowsing-cache.google.com
2014-02-04 13:08:09,safebrowsing-cache.google.com
2014-02-04 13:08:13,clients1.google.com
2014-02-04 13:08:16,www.youtube.com
2014-02-04 13:08:16,s.ytimg.com
2014-02-04 13:08:16,www.google.fr
2014-02-04 13:08:17,clients1.google.com
2014-02-04 13:08:17,i1.ytimg.com
2014-02-04 13:08:17,s.ytimg.com
2014-02-04 13:08:18,clients1.google.com
2014-02-04 13:08:22,clients1.google.com
2014-02-04 13:08:22,s.ytimg.com
2014-02-04 13:08:27,platform.twitter.com
2014-02-04 13:08:43,apis.google.com
2014-02-04 13:08:44,clients1.google.com
2014-02-04 13:08:45,clients1.google.com
2014-02-04 13:08:46,clients1.google.com
2014-02-04 13:08:47,clients1.google.com
2014-02-04 13:08:48,clients1.google.com
2014-02-04 13:08:50,s.ytimg.com
2014-02-04 13:08:50,www.youtube.com
2014-02-04 13:08:50,i1.ytimg.com
2014-02-04 13:08:51,s.ytimg.com
2014-02-04 13:08:51,clients1.google.com
2014-02-04 13:08:51,www.google.com
2014-02-04 13:08:51,i1.ytimg.com
2014-02-04 13:08:55,clients1.google.com
2014-02-04 13:08:58,www.youtube.com
2014-02-04 13:08:58,s.ytimg.com
2014-02-04 13:08:58,i1.ytimg.com
2014-02-04 13:08:59,i1.ytimg.com
2014-02-04 13:09:00,i1.ytimg.com
2014-02-04 13:09:01,r4---sn-gxo5uxg-jqbe.googlevideo.com
2014-02-04 13:09:02,www.youtube-nocookie.com
2014-02-04 13:09:02,www.downloadhelper.net
2014-02-04 13:09:02,i1.ytimg.com
2014-02-04 13:09:02,www.google.com
2014-02-04 13:09:02,s.ytimg.com
2014-02-04 13:09:02,r4---sn-gxo5uxg-jqbe.googlevideo.com
2014-02-04 13:09:02,www.youtube.com
2014-02-04 13:09:03,s.ytimg.com
2014-02-04 13:09:03,www.google.com
2014-02-04 13:09:05,www.youtube.com
2014-02-04 13:09:05,i1.ytimg.com
2014-02-04 13:09:11,www.downloadhelper.net
2014-02-04 13:09:19,www.youtube.com
2014-02-04 13:09:24,syndication.twitter.com
2014-02-04 13:09:24,www.01net.com
2014-02-04 13:09:24,d2yp9b3a29g3i2.cloudfront.net
2014-02-04 13:09:25,www.01net.com
2014-02-04 13:09:26,pixel.alephd.com
2014-02-04 13:09:26,www.01net.com
2014-02-04 13:09:26,ea.virginmobile.fr
2014-02-04 13:09:27,www.01net.com
2014-02-04 13:09:27,www.facebook.com
2014-02-04 13:09:27,pixel.alephd.com
2014-02-04 13:09:27,its.tradelab.fr
2014-02-04 13:09:27,platform.twitter.com
2014-02-04 13:09:28,pixel.alephd.com
2014-02-04 13:09:28,videosfr.s3.amazonaws.com
2014-02-04 13:09:28,col001.ip-label.net
2014-02-04 13:09:32,r4---sn-gxo5uxg-jqbe.googlevideo.com
2014-02-04 13:09:32,r4---sn-cg07luez.googlevideo.com
2014-02-04 13:09:59,twitter.com
2014-02-04 13:10:29,its.tradelab.fr
2014-02-04 13:10:29,syndication.twitter.com
2014-02-04 13:11:08,www.google.com
2014-02-04 13:11:09,www.google.fr
2014-02-04 13:11:13,accounts.google.com
2014-02-04 13:11:59,apis.google.com
2014-02-04 13:11:59,syndication.twitter.com
2014-02-04 13:12:00,plus.googleapis.com
2014-02-04 13:12:01,yt3.ggpht.com
2014-02-04 13:12:29,platform.twitter.com
2014-02-04 13:13:28,syndication.twitter.com
2014-02-04 13:13:28,www.01net.com
2014-02-04 13:13:28,d2yp9b3a29g3i2.cloudfront.net
2014-02-04 13:13:29,www.01net.com
2014-02-04 13:13:29,pixel.alephd.com
2014-02-04 13:13:30,pixel.alephd.com
2014-02-04 13:13:30,www.01net.com
2014-02-04 13:13:30,its.tradelab.fr
2014-02-04 13:13:31,www.01net.com
2014-02-04 13:13:31,www.facebook.com
2014-02-04 13:13:31,images.orangepublicite.fr
2014-02-04 13:13:31,platform.twitter.com
2014-02-04 13:13:31,pixel.alephd.com
2014-02-04 13:13:32,its.tradelab.fr
2014-02-04 13:13:32,col001.ip-label.net
2014-02-04 13:13:50,ocsp.thawte.com
2014-02-04 13:14:02,twitter.com
2014-02-04 13:14:32,its.tradelab.fr
2014-02-04 13:14:33,syndication.twitter.com
2014-02-04 13:15:33,platform.twitter.com
2014-02-04 13:15:50,ocsp.verisign.com
2014-02-04 13:15:51,ocsp.digicert.com
2014-02-04 13:16:17,syndication.twitter.com
2014-02-04 13:17:32,www.01net.com
2014-02-04 13:17:32,pbs.twimg.com
2014-02-04 13:17:32,d2yp9b3a29g3i2.cloudfront.net
2014-02-04 13:17:33,www.01net.com
2014-02-04 13:17:33,pixel.alephd.com
2014-02-04 13:17:34,pixel.alephd.com
2014-02-04 13:17:34,www.01net.com
2014-02-04 13:17:35,www.facebook.com
2014-02-04 13:17:35,pixel.alephd.com
2014-02-04 13:17:35,www.01net.com
2014-02-04 13:17:36,platform.twitter.com
2014-02-04 13:17:36,pixel.alephd.com
2014-02-04 13:17:36,col001.ip-label.net
2014-02-04 13:17:36,www.01net.com
2014-02-04 13:17:38,platform.twitter.com
2014-02-04 13:17:50,ocsp.digicert.com
2014-02-04 13:18:07,twitter.com
2014-02-04 13:18:08,platform.twitter.com
2014-02-04 13:18:37,syndication.twitter.com
2014-02-04 13:20:07,syndication.twitter.com
2014-02-04 13:21:36,www.01net.com
2014-02-04 13:21:36,syndication.twitter.com
2014-02-04 13:21:36,d2yp9b3a29g3i2.cloudfront.net
2014-02-04 13:21:37,www.01net.com
2014-02-04 13:21:38,pixel.alephd.com
2014-02-04 13:21:38,www.01net.com
2014-02-04 13:21:39,pixel.alephd.com
2014-02-04 13:21:39,www.facebook.com
2014-02-04 13:21:39,http.tidaltv.com
2014-02-04 13:21:39,www.01net.com
2014-02-04 13:21:40,www.01net.com
2014-02-04 13:21:40,platform.twitter.com
2014-02-04 13:21:40,col001.ip-label.net
2014-02-04 13:21:40,pixel.alephd.com
2014-02-04 13:22:11,twitter.com
2014-02-04 13:22:12,platform.twitter.com
2014-02-04 13:22:41,syndication.twitter.com
2014-02-04 13:24:11,syndication.twitter.com
2014-02-04 13:25:40,www.01net.com
2014-02-04 13:25:40,d2yp9b3a29g3i2.cloudfront.net
2014-02-04 13:25:40,syndication.twitter.com
2014-02-04 13:25:41,www.01net.com
2014-02-04 13:25:42,www.facebook.com
2014-02-04 13:25:42,www.01net.com
2014-02-04 13:25:42,pixel.alephd.com
2014-02-04 13:25:43,www.01net.com
2014-02-04 13:25:43,pixel.alephd.com
2014-02-04 13:25:44,pixel.alephd.com
2014-02-04 13:25:44,www.facebook.com
2014-02-04 13:25:44,www.01net.com
2014-02-04 13:25:45,www.01net.com
2014-02-04 13:25:45,platform.twitter.com
2014-02-04 13:25:45,s1.adformdsp.net
2014-02-04 13:25:45,pixel.alephd.com
2014-02-04 13:25:48,col001.ip-label.net
2014-02-04 13:26:15,twitter.com
2014-02-04 13:26:46,syndication.twitter.com
2014-02-04 13:28:16,syndication.twitter.com
2014-02-04 13:28:46,platform.twitter.com
2014-02-04 13:29:46,syndication.twitter.com
2014-02-04 13:29:48,d2yp9b3a29g3i2.cloudfront.net
2014-02-04 13:29:48,www.01net.com
2014-02-04 13:29:49,www.01net.com
2014-02-04 13:29:49,pixel.alephd.com
2014-02-04 13:29:50,pixel.alephd.com
2014-02-04 13:29:50,its.tradelab.fr
2014-02-04 13:29:50,www.01net.com
2014-02-04 13:29:51,www.01net.com
2014-02-04 13:29:51,www.facebook.com
2014-02-04 13:29:51,pixel.alephd.com
2014-02-04 13:29:51,its.tradelab.fr
2014-02-04 13:29:51,platform.twitter.com
2014-02-04 13:29:52,col001.ip-label.net
2014-02-04 13:30:23,twitter.com
2014-02-04 13:30:51,its.tradelab.fr
2014-02-04 13:30:53,syndication.twitter.com
2014-02-04 13:31:45,onlinestores.metaservices.microsoft.com
2014-02-04 13:31:46,go.microsoft.com
2014-02-04 13:32:23,syndication.twitter.com
2014-02-04 13:32:53,platform.twitter.com
2014-02-04 13:33:52,www.01net.com
2014-02-04 13:33:52,d2yp9b3a29g3i2.cloudfront.net
2014-02-04 13:33:52,syndication.twitter.com
2014-02-04 13:33:53,www.01net.com
2014-02-04 13:33:53,pixel.alephd.com
2014-02-04 13:33:54,www.01net.com
2014-02-04 13:33:54,pixel.alephd.com
2014-02-04 13:33:54,mm.eulerian.net
2014-02-04 13:33:54,www.facebook.com
2014-02-04 13:33:55,www.01net.com
2014-02-04 13:33:55,platform.twitter.com
2014-02-04 13:33:55,pixel.alephd.com
2014-02-04 13:33:56,col001.ip-label.net
2014-02-04 13:33:56,pixel.alephd.com
2014-02-04 13:34:27,twitter.com
2014-02-04 13:34:57,syndication.twitter.com
2014-02-04 13:36:18,safebrowsing.clients.google.com
2014-02-04 13:36:18,safebrowsing-cache.google.com
2014-02-04 13:36:19,safebrowsing-cache.google.com
2014-02-04 13:36:41,syndication.twitter.com
2014-02-04 13:36:57,platform.twitter.com
2014-02-04 13:37:24,www.google.fr
2014-02-04 13:37:24,clients1.google.fr
2014-02-04 13:37:26,clients1.google.fr
2014-02-04 13:37:27,clients1.google.fr
2014-02-04 13:37:28,www.google.fr
2014-02-04 13:37:28,clients1.google.fr
2014-02-04 13:37:29,www.google.fr
2014-02-26 12:22:13,www.google.com
2014-02-26 12:22:20,www.google.fr
2014-02-26 12:22:22,www.google.fr
2014-02-26 12:22:24,apis.google.com
2014-02-26 12:22:25,www.google.com
2014-02-26 12:22:36,www.google.com
2014-02-26 12:22:36,www.google.fr
2014-02-26 12:22:36,apis.google.com
2014-02-26 12:22:37,www.google.fr
2014-02-26 12:24:13,ieonline.microsoft.com
2014-02-26 12:24:13,go.microsoft.com
2014-02-26 12:25:33,www.google.fr
2014-02-26 12:26:00,fr.wikipedia.org
2014-02-26 12:26:00,www.google.fr
2014-02-26 12:26:01,bits.wikimedia.org
2014-02-26 12:26:02,login.wikimedia.org
2014-02-26 12:26:02,bits.wikimedia.org
2014-02-26 12:26:03,meta.wikimedia.org
2014-02-26 12:26:04,bits.wikimedia.org
2014-02-26 12:26:04,meta.wikimedia.org
2014-02-26 12:26:05,fr.wikipedia.org
2014-02-26 12:26:05,bits.wikimedia.org
2014-02-26 12:32:45,www.google.fr
2014-02-26 12:33:06,www.google.fr
2014-02-26 12:33:06,s3.e-monsite.com
2014-02-26 12:33:06,static.e-monsite.com
2014-02-26 12:33:06,kowla.doomby.com
2014-02-26 12:33:07,kowla.doomby.com
2014-02-26 12:33:07,www.e-monsite.com
2014-02-26 12:33:07,shea.swelen.com
2014-02-26 12:33:07,static.e-monsite.com
2014-02-26 12:33:41,www.google.fr
2014-02-26 12:33:41,shea.swelen.com
2014-02-26 12:33:41,kowla.doomby.com
2014-02-26 12:33:50,www.google.fr
2014-02-26 12:33:51,www.google.fr
2014-02-26 12:33:51,influence-mercatique.e-monsite.com
2014-02-26 12:33:51,www.e-monsite.com
2014-02-26 12:33:51,s3.e-monsite.com
2014-02-26 12:33:52,shea.swelen.com
2014-02-26 12:33:59,www.google.fr
2014-02-26 12:33:59,influence-mercatique.e-monsite.com
2014-02-26 12:34:00,influence-mercatique.e-monsite.com
2014-02-26 12:34:00,shea.swelen.com
2014-02-26 12:34:05,www.google.fr
2014-02-26 12:34:06,www.ecosynthese.com
2014-02-26 12:34:06,www.google.com
2014-02-26 12:34:06,www.google.fr
2014-02-26 12:34:07,www.google.com
2014-02-26 12:34:07,www.google.fr
2014-02-26 12:34:07,www.ecosynthese.com
2014-02-26 12:34:38,www.google.fr
2014-02-26 12:34:38,theobromine.uchini.be
2014-02-26 12:34:41,www.google.fr
2014-02-26 12:34:41,theobromine.uchini.be
2014-02-26 12:34:42,theobromine.uchini.be
2014-02-26 12:34:45,theobromine.uchini.be
2014-02-26 12:34:46,theobromine.uchini.be
2014-02-26 12:34:47,documents.scribd.com
2014-02-26 12:34:48,www.scribd.com
2014-02-26 12:35:15,clients1.google.fr
2014-02-26 12:35:15,www.google.fr
2014-02-26 12:35:17,clients1.google.fr
2014-02-26 12:36:34,www.google.fr
2014-02-26 12:36:43,www.google.fr
2014-02-26 12:36:43,weeko.fr
2014-02-26 12:36:45,weeko.fr
2014-02-26 12:36:45,www.google.fr
2014-02-26 12:36:46,weeko.fr
2014-02-26 12:36:46,d2089qbisawq08.cloudfront.net
2014-02-26 12:36:47,blip.tv
2014-02-26 12:36:47,weeko.fr
2014-02-26 12:36:48,blip.tv
2014-02-26 12:36:48,cleeng.com
2014-02-26 12:36:48,fpdownload2.macromedia.com
2014-02-26 12:36:49,blip.tv
2014-02-26 12:36:49,cleeng.com
2014-02-26 12:36:50,livepassdl.conviva.com
2014-02-26 12:36:51,livepassdl.conviva.com
2014-02-26 12:36:59,www.google.fr
2014-02-26 12:37:01,weeko.fr
2014-02-26 12:37:01,blip.tv
2014-02-26 12:37:03,cleeng.com
2014-02-26 12:37:03,weeko.fr
2014-02-26 12:37:03,d2089qbisawq08.cloudfront.net
2014-02-26 12:37:34,www.google.fr
2014-02-26 12:37:34,clients1.google.fr
2014-02-26 12:38:26,www.google.fr
2014-02-26 12:38:28,www.google.fr
2014-02-26 12:38:29,platform.linkedin.com
2014-02-26 12:38:29,www.google.fr
2014-02-26 12:38:31,maps.google.fr
2014-02-26 12:38:31,static.ak.facebook.com
2014-02-26 12:38:31,connect.facebook.net
2014-02-26 12:38:31,platform.linkedin.com
2014-02-26 12:38:31,platform.twitter.com
2014-02-26 12:38:32,apis.google.com
2014-02-26 12:38:32,s-static.ak.facebook.com
2014-02-26 12:38:33,pbs.twimg.com
2014-02-26 12:38:33,0.gravatar.com
2014-02-26 12:38:33,1.gravatar.com
2014-02-26 12:38:34,infodugeek.disqus.com
2014-02-26 12:38:34,0.gravatar.com
2014-02-26 12:38:34,1.gravatar.com
2014-02-26 12:38:34,www.facebook.com
2014-02-26 12:38:35,go.disqus.com
2014-02-26 12:38:35,accounts.google.com
2014-02-26 12:38:35,apis.google.com
2014-02-26 12:38:36,disqus.com
2014-02-26 12:38:37,www.facebook.com
2014-02-26 12:38:37,platform.twitter.com
2014-02-26 12:38:38,maps.google.fr
2014-02-26 12:38:38,www.google.fr
2014-02-26 12:38:38,platform.twitter.com
2014-02-26 12:38:39,mts0.google.com
2014-02-26 12:38:39,mts1.google.com
2014-02-26 12:38:39,www.google.fr
2014-02-26 12:38:39,apis.google.com
2014-02-26 12:38:40,maps.google.fr
2014-02-26 12:38:40,mts1.google.com
2014-02-26 12:38:40,platform.twitter.com
2014-02-26 12:38:41,mts0.google.com
2014-02-26 12:38:41,apis.google.com
2014-02-26 12:38:43,disqus.com
2014-02-26 12:38:44,twitter.com
2014-02-26 12:38:44,platform.twitter.com
2014-02-26 12:38:44,accounts.google.com
2014-02-26 12:38:54,s3.e-monsite.com
2014-02-26 12:38:54,www.google.fr
2014-02-26 12:38:54,tpecoca-coladefou.e-monsite.com
2014-02-26 12:38:55,shea.swelen.com
2014-02-26 12:39:31,shea.swelen.com
2014-02-26 12:39:31,tpecoca-coladefou.e-monsite.com
2014-02-26 12:39:31,www.google.fr
2014-02-26 12:40:35,www.google.fr
2014-02-26 12:40:35,www.e-monsite.com
2014-02-26 12:40:37,tpecoca-coladefou.e-monsite.com
2014-02-26 12:40:37,nb-commons.storage.googleapis.com
2014-02-26 12:40:38,ea.numericable.fr
2014-02-26 12:40:39,tpecoca-coladefou.e-monsite.com
2014-02-26 12:40:49,clic.reussissonsensemble.fr
2014-02-26 12:40:49,www.assurland.com
2014-02-26 12:45:46,s3.e-monsite.com
2014-02-26 12:45:46,tpecoca-coladefou.e-monsite.com
2014-02-26 12:45:47,shea.swelen.com
2014-02-26 12:46:51,www.e-monsite.com
2014-02-26 12:46:53,ea.numericable.fr
2014-02-26 12:46:53,tpecoca-coladefou.e-monsite.com
2014-02-26 12:50:20,www.e-monsite.com
2014-02-26 12:50:21,static.e-monsite.com
2014-02-26 12:50:22,choices.truste.com
2014-02-26 12:51:15,www.google.fr
2014-02-26 12:51:16,www.google.fr
2014-02-26 12:51:16,fr.web.img2.acsta.net
2014-02-26 12:51:16,fr.web.img1.acsta.net
2014-02-26 12:51:16,fr.web.img4.acsta.net
2014-02-26 12:51:16,www.allocine.fr
2014-02-26 12:51:16,fr.web.img6.acsta.net
2014-02-26 12:51:17,fr.web.img5.acsta.net
2014-02-26 12:51:17,accn.allocine.net
2014-02-26 12:51:17,www.allocine.fr
2014-02-26 12:51:17,fr.web.img2.acsta.net
2014-02-26 12:51:17,fr.web.img4.acsta.net
2014-02-26 12:51:17,fr.web.img3.acsta.net
2014-02-26 12:51:17,fr.web.img6.acsta.net
2014-02-26 12:51:17,fr.web.img1.acsta.net
2014-02-26 12:51:17,images.allocine.fr
2014-02-26 12:51:17,static1.purepeople.com
2014-02-26 12:51:17,smart2.allocine.fr
2014-02-26 12:51:18,www.allocine.fr
2014-02-26 12:51:18,fby.s3.amazonaws.com
2014-02-26 12:51:18,a69.g.akamai.net
2014-02-26 12:51:18,fr.web.img1.acsta.net
2014-02-26 12:51:18,smart.allocine.fr
2014-02-26 12:51:18,smart2.allocine.fr
2014-02-26 12:51:18,fr.web.img5.acsta.net
2014-02-26 12:51:19,www.allocine.fr
2014-02-26 12:51:19,apis.google.com
2014-02-26 12:51:19,fr.web.img1.acsta.net
2014-02-26 12:51:19,connect.facebook.net
2014-02-26 12:51:19,fr.web.img2.acsta.net
2014-02-26 12:51:19,fr.web.img6.acsta.net
2014-02-26 12:51:19,fr.web.img4.acsta.net
2014-02-26 12:51:19,smart.allocine.fr
2014-02-26 12:51:19,fr.web.img3.acsta.net
2014-02-26 12:51:20,smart.allocine.fr
2014-02-26 12:51:20,apis.google.com
2014-02-26 12:51:20,s-static.ak.facebook.com
2014-02-26 12:51:20,platform.twitter.com
2014-02-26 12:51:20,yui.yahooapis.com
2014-02-26 12:51:20,accn.allocine.net
2014-02-26 12:51:20,a69.g.akamai.net
2014-02-26 12:51:20,static.ak.facebook.com
2014-02-26 12:51:20,allocine-prod2.disqus.com
2014-02-26 12:51:21,go.disqus.com
2014-02-26 12:51:21,www.facebook.com
2014-02-26 12:51:21,smart.allocine.fr
2014-02-26 12:51:21,platform.twitter.com
2014-02-26 12:51:21,disqus.com
2014-02-26 12:51:21,apis.google.com
2014-02-26 12:51:22,accounts.google.com
2014-02-26 12:51:23,twitter.com
2014-02-26 12:51:23,platform.twitter.com
2014-02-26 12:51:23,disqus.com
2014-02-26 12:51:23,apis.google.com
2014-02-26 12:51:24,twitter.com
2014-02-26 12:51:25,accounts.google.com
2014-02-26 12:51:25,apis.google.com
2014-02-26 12:51:26,apis.google.com
2014-02-26 12:51:27,www.allocine.fr
2014-02-26 12:51:27,apis.google.com
2014-02-26 12:51:28,www.allocine.fr
2014-02-26 12:51:28,fr.web.img1.acsta.net
2014-02-26 12:51:29,www.facebook.com
2014-02-26 12:51:30,adventori.com
2014-02-26 12:51:31,www.allocine.fr
2014-02-26 12:51:34,disqus.com
2014-02-26 12:51:40,www.facebook.com
2014-02-26 12:51:49,www.facebook.com
2014-02-26 12:52:00,www.facebook.com
2014-02-26 12:52:12,www.facebook.com
2014-02-26 12:52:14,www.facebook.com
2014-02-26 12:52:21,www.facebook.com
2014-02-26 12:52:47,www.google.fr
2014-02-26 12:53:14,www.google.fr
2014-02-26 12:53:15,www.dailymotion.com
2014-02-26 12:53:15,i1.ytimg.com
2014-02-26 12:53:15,www.nimportequi.com
2014-02-26 12:53:15,www.google.fr
2014-02-26 12:53:16,www.facebook.com
2014-02-26 12:53:16,www.nimportequi.com
2014-02-26 12:53:16,i1.ytimg.com
2014-02-26 12:53:16,www.dailymotion.com
2014-02-26 12:53:17,www.nimportequi.com
2014-02-26 12:53:17,www.youtube.com
2014-02-26 12:53:18,www.nimportequi.com
2014-02-26 12:53:18,s.ytimg.com
2014-02-26 12:53:18,i1.ytimg.com
2014-02-26 12:54:10,www.youtube.com
2014-02-26 12:54:11,gdata.youtube.com
2014-02-26 12:54:11,www.youtube.com
2014-02-26 12:54:11,s.ytimg.com
2014-02-26 12:54:11,yt3.ggpht.com
2014-02-26 12:54:11,i1.ytimg.com
2014-02-26 12:54:12,www.youtube.com
2014-02-26 12:54:12,gdata.youtube.com
2014-02-26 12:54:12,i1.ytimg.com
2014-02-26 12:54:12,r2---sn-gxo5uxg-jqbe.googlevideo.com
2014-02-26 12:54:12,s.youtube.com
2014-02-26 12:54:13,s.youtube.com
2014-02-26 12:54:15,s.youtube.com
2014-02-26 12:54:20,s.youtube.com
2014-02-26 12:54:22,s.youtube.com
2014-02-26 12:54:25,s.youtube.com
2014-02-26 12:54:28,s.youtube.com
2014-02-26 12:54:28,r1---sn-gxo5uxg-jqbe.googlevideo.com
2014-02-26 12:54:28,www.youtube.com
2014-02-26 12:54:29,r1---sn-gxo5uxg-jqbe.googlevideo.com
2014-02-26 12:54:29,s.youtube.com
2014-02-26 12:54:30,s.youtube.com
2014-02-26 12:54:31,s.youtube.com
2014-02-26 12:54:32,s.youtube.com
2014-02-26 12:54:33,r1---sn-gxo5uxg-jqbe.googlevideo.com
2014-02-26 12:54:33,s.youtube.com
2014-02-26 12:54:34,r1---sn-gxo5uxg-jqbe.googlevideo.com
2014-02-26 12:54:35,s.youtube.com
2014-02-26 12:54:35,r1---sn-gxo5uxg-jqbe.googlevideo.com
2014-02-26 12:54:41,s.youtube.com
2014-02-26 12:54:43,i1.ytimg.com
2014-02-26 12:54:44,s.ytimg.com
2014-02-26 12:54:45,s.youtube.com
2014-02-26 12:54:51,s.youtube.com
2014-02-26 12:54:56,www.nimportequi.com
2014-02-26 12:54:57,www.nimportequi.com
2014-02-26 12:54:57,i1.ytimg.com
2014-02-26 12:54:57,www.dailymotion.com
2014-02-26 12:54:57,www.facebook.com
2014-02-26 12:54:57,www.youtube.com
2014-02-26 12:55:00,www.nimportequi.com
2014-02-26 12:55:01,s-static.ak.facebook.com
2014-02-26 12:55:01,static.ak.facebook.com
2014-02-26 12:55:01,apis.google.com
2014-02-26 12:55:03,platform.twitter.com
2014-02-26 12:55:04,www.facebook.com
2014-02-26 12:55:04,www.youtube.com
2014-02-26 12:55:05,apis.google.com
2014-02-26 12:55:05,www.youtube.com
2014-02-26 12:55:05,s.youtube.com
2014-02-26 12:55:05,www.google.com
2014-02-26 12:55:05,r1---sn-gxo5uxg-jqbe.googlevideo.com
2014-02-26 12:55:05,twitter.com
2014-02-26 12:55:06,r1---sn-gxo5uxg-jqbe.googlevideo.com
2014-02-26 12:55:07,s.youtube.com
2014-02-26 12:55:07,www.youtube.com
2014-02-26 12:55:07,r1---sn-gxo5uxg-jqbe.googlevideo.com
2014-02-26 12:55:10,i1.ytimg.com
2014-02-26 12:55:10,r1---sn-gxo5uxg-jqbe.googlevideo.com
2014-02-26 12:55:10,s.youtube.com
2014-02-26 12:55:13,s.youtube.com
2014-02-26 12:55:14,s.youtube.com
2014-02-26 12:55:16,www.youtube.com
2014-02-26 12:55:24,s.youtube.com
2014-02-26 12:55:34,s.youtube.com
2014-02-26 12:55:44,s.youtube.com
2014-02-26 12:55:59,www.youtube.com
2014-02-26 12:56:00,www.youtube.com
2014-02-26 12:56:03,www.nimportequi.com
2014-02-26 12:56:05,www.facebook.com
2014-02-26 12:56:05,i1.ytimg.com
2014-02-26 12:56:05,www.dailymotion.com
2014-02-26 12:56:05,www.nimportequi.com
2014-02-26 12:56:05,www.youtube.com
2014-02-26 12:56:07,static.ak.facebook.com
2014-02-26 12:56:07,s-static.ak.facebook.com
2014-02-26 12:56:07,apis.google.com
2014-02-26 12:56:08,www.youtube.com
2014-02-26 12:56:09,www.facebook.com
2014-02-26 12:56:10,s.youtube.com
2014-02-26 12:56:10,platform.twitter.com
2014-02-26 12:56:10,r3---sn-gxo5uxg-jqbe.googlevideo.com
2014-02-26 12:56:10,www.youtube.com
2014-02-26 12:56:11,www.youtube.com
2014-02-26 12:56:11,r3---sn-gxo5uxg-jqbe.googlevideo.com
2014-02-26 12:56:12,ajax.googleapis.com
2014-02-26 12:56:12,s.youtube.com
2014-02-26 12:56:12,www.fitadium.com
2014-02-26 12:56:12,r3---sn-gxo5uxg-jqbe.googlevideo.com
2014-02-26 12:56:12,www.youtube.com
2014-02-26 12:56:13,www.fitadium.com
2014-02-26 12:56:13,shared.ph1.powerboutique.net
2014-02-26 12:56:16,s.youtube.com
2014-02-26 12:56:16,i1.ytimg.com
2014-02-26 12:56:16,r3---sn-gxo5uxg-jqbe.googlevideo.com
2014-02-26 12:56:17,r3---sn-gxo5uxg-jqbe.googlevideo.com
2014-02-26 12:56:17,i1.ytimg.com
2014-02-26 12:56:18,s.youtube.com
2014-02-26 12:56:22,www.youtube.com
2014-02-26 12:56:26,s.youtube.com
2014-02-26 12:56:26,r3---sn-gxo5uxg-jqbe.googlevideo.com
2014-02-26 12:56:29,www.youtube.com
2014-02-26 12:56:30,r3---sn-gxo5uxg-jqbe.googlevideo.com
2014-02-26 12:56:36,s.youtube.com
2014-02-26 12:56:37,twitter.com
2014-02-26 12:56:45,r3---sn-gxo5uxg-jqbe.googlevideo.com
2014-02-26 12:56:48,s.youtube.com
2014-02-26 12:57:00,r3---sn-gxo5uxg-jqbe.googlevideo.com
2014-02-26 12:57:09,www.youtube.com
2014-02-26 12:57:11,s.youtube.com
2014-02-26 12:57:18,s.youtube.com
2014-02-26 12:57:36,www.youtube.com
2014-02-26 12:57:48,s.youtube.com
2014-02-26 12:57:51,s.youtube.com
2014-02-26 12:57:52,i1.ytimg.com
2014-02-26 12:57:57,i1.ytimg.com
2014-02-26 12:57:57,s.youtube.com
2014-02-26 12:58:10,www.nimportequi.com
2014-02-26 12:58:11,www.nimportequi.com
2014-02-26 12:58:11,www.dailymotion.com
2014-02-26 12:58:12,www.facebook.com
2014-02-26 12:58:12,www.youtube.com
2014-02-26 12:58:14,apis.google.com
2014-02-26 12:58:14,s-static.ak.facebook.com
2014-02-26 12:58:14,static.ak.facebook.com
2014-02-26 12:58:17,platform.twitter.com
2014-02-26 12:58:17,www.facebook.com
2014-02-26 12:58:17,www.youtube.com
2014-02-26 12:58:19,www.youtube.com
2014-02-26 12:58:19,s.youtube.com
2014-02-26 12:58:19,twitter.com
2014-02-26 12:58:20,r1---sn-gxo5uxg-jqbe.googlevideo.com
2014-02-26 12:58:20,gdata.youtube.com
2014-02-26 12:58:20,i1.ytimg.com
2014-02-26 12:58:20,www.youtube.com
2014-02-26 12:58:21,i1.ytimg.com
2014-02-26 12:58:21,s.youtube.com
2014-02-26 12:58:21,r1---sn-gxo5uxg-jqbe.googlevideo.com
2014-02-26 12:58:21,yt3.ggpht.com
2014-02-26 12:58:21,www.youtube.com
2014-02-26 12:58:22,s.youtube.com
2014-02-26 12:58:22,r1---sn-gxo5uxg-jqbe.googlevideo.com
2014-02-26 12:58:24,s.youtube.com
2014-02-26 12:58:25,r1---sn-gxo5uxg-jqbe.googlevideo.com
2014-02-26 12:58:27,s.youtube.com
2014-02-26 12:58:28,www.youtube.com
2014-02-26 12:58:29,s.youtube.com
2014-02-26 12:58:31,s.youtube.com
2014-02-26 12:58:32,r1---sn-gxo5uxg-jqbe.googlevideo.com
2014-02-26 12:58:33,s.youtube.com
2014-02-26 12:58:34,s.youtube.com
2014-02-26 12:58:37,s.youtube.com
2014-02-26 12:58:37,r1---sn-gxo5uxg-jqbe.googlevideo.com
2014-02-26 12:58:43,s.youtube.com
2014-02-26 12:58:44,s.youtube.com
2014-02-26 12:58:47,r1---sn-gxo5uxg-jqbe.googlevideo.com
2014-02-26 12:58:55,s.youtube.com
2014-02-26 12:58:57,r1---sn-gxo5uxg-jqbe.googlevideo.com
2014-02-26 12:59:02,r1---sn-gxo5uxg-jqbe.googlevideo.com
2014-02-26 12:59:07,s.youtube.com
2014-02-26 12:59:17,r1---sn-gxo5uxg-jqbe.googlevideo.com
2014-02-26 12:59:29,s.youtube.com
2014-02-26 12:59:31,r1---sn-gxo5uxg-jqbe.googlevideo.com
2014-02-26 12:59:32,r1---sn-gxo5uxg-jqbe.googlevideo.com
2014-02-26 12:59:37,s.youtube.com
2014-02-26 12:59:41,i1.ytimg.com
2014-02-26 12:59:47,s.youtube.com
2014-02-26 12:59:54,r1---sn-gxo5uxg-jqbe.googlevideo.com
2014-02-26 13:00:01,r1---sn-gxo5uxg-jqbe.googlevideo.com
2014-02-26 13:00:09,s.youtube.com
2014-02-26 13:00:09,r1---sn-gxo5uxg-jqbe.googlevideo.com
2014-02-26 13:00:18,s.youtube.com
2014-02-26 13:00:24,r1---sn-gxo5uxg-jqbe.googlevideo.com
2014-02-26 13:00:28,r1---sn-gxo5uxg-jqbe.googlevideo.com
2014-02-26 13:00:39,r1---sn-gxo5uxg-jqbe.googlevideo.com
2014-02-26 13:00:48,s.youtube.com
2014-02-26 13:00:49,s.youtube.com
2014-02-26 13:00:55,r1---sn-gxo5uxg-jqbe.googlevideo.com
2014-02-26 13:00:59,r1---sn-gxo5uxg-jqbe.googlevideo.com
2014-02-26 13:01:09,r1---sn-gxo5uxg-jqbe.googlevideo.com
2014-02-26 13:01:18,r1---sn-gxo5uxg-jqbe.googlevideo.com
2014-02-26 13:01:18,s.youtube.com
2014-02-26 13:01:24,r1---sn-gxo5uxg-jqbe.googlevideo.com
2014-02-26 13:01:29,www.youtube.com
2014-02-26 13:01:29,s.youtube.com
2014-02-26 13:01:39,r1---sn-gxo5uxg-jqbe.googlevideo.com
2014-02-26 13:01:40,r1---sn-gxo5uxg-jqbe.googlevideo.com
2014-02-26 13:01:48,s.youtube.com
2014-02-26 13:01:54,r1---sn-gxo5uxg-jqbe.googlevideo.com
2014-02-26 13:02:09,s.youtube.com
2014-02-26 13:02:18,s.youtube.com
2014-02-26 13:02:42,www.youtube.com
2014-02-26 13:02:44,i1.ytimg.com
2014-02-26 13:02:48,s.youtube.com
2014-02-26 13:02:49,s.youtube.com
2014-02-26 13:02:56,i1.ytimg.com
2014-02-26 13:02:59,s.youtube.com
2014-02-26 13:03:14,s.youtube.com
2014-02-26 13:03:14,i1.ytimg.com
2014-02-26 13:03:29,s.youtube.com
2014-02-26 13:03:30,www.nimportequi.com
2014-02-26 13:03:31,i1.ytimg.com
2014-02-26 13:03:32,www.dailymotion.com
2014-02-26 13:03:32,www.facebook.com
2014-02-26 13:03:33,www.dailymotion.com
2014-02-26 13:03:33,www.nimportequi.com
2014-02-26 13:03:33,i1.ytimg.com
2014-02-26 13:03:34,s-static.ak.facebook.com
2014-02-26 13:03:34,apis.google.com
2014-02-26 13:03:34,platform.twitter.com
2014-02-26 13:03:34,connect.facebook.net
2014-02-26 13:03:34,static.ak.facebook.com
2014-02-26 13:03:35,www.facebook.com
2014-02-26 13:03:36,www.dailymotion.com
2014-02-26 13:03:36,audience.visiblemeasures.com
2014-02-26 13:03:36,od2.visiblemeasures.com
2014-02-26 13:03:37,www.dailymotion.com
2014-02-26 13:03:37,platform.twitter.com
2014-02-26 13:03:38,www.dailymotion.com
2014-02-26 13:03:39,www.dailymotion.com
2014-02-26 13:03:40,www.dailymotion.com
2014-02-26 13:03:40,vast.bp3849534.btrll.com
2014-02-26 13:03:41,vast.bp3849534.btrll.com
2014-02-26 13:03:41,www.dailymotion.com
2014-02-26 13:03:42,www.dailymotion.com
2014-02-26 13:03:43,vast.bp3849914.btrll.com
2014-02-26 13:03:43,www.dailymotion.com
2014-02-26 13:03:45,www.dailymotion.com
2014-02-26 13:03:46,twitter.com
2014-02-26 13:03:46,www.dailymotion.com
2014-02-26 13:03:46,audience.visiblemeasures.com
2014-02-26 13:03:46,logger-02.vty.dailymotion.com
2014-02-26 13:03:46,od2.visiblemeasures.com
2014-02-26 13:03:47,od2.visiblemeasures.com
2014-02-26 13:03:48,www.dailymotion.com
2014-02-26 13:03:58,od2.visiblemeasures.com
2014-02-26 13:04:11,od2.visiblemeasures.com
2014-02-26 13:04:12,logger-02.vty.dailymotion.com
2014-02-26 13:04:17,od2.visiblemeasures.com
2014-02-26 13:04:23,od2.visiblemeasures.com
2014-02-26 13:04:34,od2.visiblemeasures.com
2014-02-26 13:04:36,logger-02.vty.dailymotion.com
2014-02-26 13:04:36,www.dailymotion.com
2014-02-26 13:04:46,od2.visiblemeasures.com
2014-02-26 13:05:00,od2.visiblemeasures.com
2014-02-26 13:05:02,logger-02.vty.dailymotion.com
2014-02-26 13:05:11,od2.visiblemeasures.com
2014-02-26 13:05:17,od2.visiblemeasures.com
2014-02-26 13:05:23,od2.visiblemeasures.com
2014-02-26 13:05:25,www.nimportequi.com
2014-02-26 13:05:27,www.dailymotion.com
2014-02-26 13:05:27,www.facebook.com
2014-02-26 13:05:27,www.nimportequi.com
2014-02-26 13:05:29,platform.twitter.com
2014-02-26 13:05:30,apis.google.com
2014-02-26 13:05:30,static.ak.facebook.com
2014-02-26 13:05:30,s-static.ak.facebook.com
2014-02-26 13:05:31,www.facebook.com
2014-02-26 13:05:32,www.dailymotion.com
2014-02-26 13:05:33,audience.visiblemeasures.com
2014-02-26 13:05:33,www.dailymotion.com
2014-02-26 13:05:33,od2.visiblemeasures.com
2014-02-26 13:05:34,twitter.com
2014-02-26 13:05:34,www.dailymotion.com
2014-02-26 13:05:45,www.dailymotion.com
2014-02-26 13:05:46,audience.visiblemeasures.com
2014-02-26 13:05:46,od2.visiblemeasures.com
2014-02-26 13:05:46,logger-02.vty.dailymotion.com
2014-02-26 13:05:46,www.dailymotion.com
2014-02-26 13:05:47,od2.visiblemeasures.com
2014-02-26 13:05:49,www.dailymotion.com
2014-02-26 13:06:06,od2.visiblemeasures.com
2014-02-26 13:06:07,logger-02.vty.dailymotion.com
2014-02-26 13:06:25,od2.visiblemeasures.com
2014-02-26 13:06:25,logger-02.vty.dailymotion.com
2014-02-26 13:06:34,od2.visiblemeasures.com
2014-02-26 13:06:44,logger-02.vty.dailymotion.com
2014-02-26 13:06:44,od2.visiblemeasures.com
2014-02-26 13:07:03,od2.visiblemeasures.com
2014-02-26 13:07:05,www.dailymotion.com
2014-02-26 13:07:05,logger-02.vty.dailymotion.com
2014-02-26 13:07:14,www.nimportequi.com
2014-02-26 13:07:15,www.dailymotion.com
2014-02-26 13:07:15,www.facebook.com
2014-02-26 13:07:16,www.dailymotion.com
2014-02-26 13:07:17,platform.twitter.com
2014-02-26 13:07:18,s-static.ak.facebook.com
2014-02-26 13:07:18,apis.google.com
2014-02-26 13:07:18,static.ak.facebook.com
2014-02-26 13:07:20,www.facebook.com
2014-02-26 13:07:20,www.dailymotion.com
2014-02-26 13:07:21,audience.visiblemeasures.com
2014-02-26 13:07:21,www.dailymotion.com
2014-02-26 13:07:21,od2.visiblemeasures.com
2014-02-26 13:07:22,www.dailymotion.com
2014-02-26 13:07:23,www.dailymotion.com
2014-02-26 13:07:24,www.dailymotion.com
2014-02-26 13:07:24,vast.bp3849534.btrll.com
2014-02-26 13:07:25,www.dailymotion.com
2014-02-26 13:07:26,www.dailymotion.com
2014-02-26 13:07:27,www.dailymotion.com
2014-02-26 13:07:27,vast.bp3849914.btrll.com
2014-02-26 13:07:28,www.dailymotion.com
2014-02-26 13:07:29,logger-02.vty.dailymotion.com
2014-02-26 13:07:29,www.dailymotion.com
2014-02-26 13:07:29,od2.visiblemeasures.com
2014-02-26 13:07:29,twitter.com
2014-02-26 13:07:29,audience.visiblemeasures.com
2014-02-26 13:07:31,www.dailymotion.com
2014-02-26 13:07:33,od2.visiblemeasures.com
2014-02-26 13:07:37,od2.visiblemeasures.com
2014-02-26 13:07:39,od2.visiblemeasures.com
2014-02-26 13:07:41,od2.visiblemeasures.com
2014-02-26 13:07:45,od2.visiblemeasures.com
2014-02-26 13:07:48,od2.visiblemeasures.com
2014-02-26 13:07:48,www.dailymotion.com
2014-02-26 13:07:52,logger-02.vty.dailymotion.com
2014-02-26 13:07:53,od2.visiblemeasures.com
2014-02-26 13:07:54,od2.visiblemeasures.com
2014-02-26 13:07:56,od2.visiblemeasures.com
2014-02-26 13:08:01,od2.visiblemeasures.com
2014-02-26 13:08:04,od2.visiblemeasures.com
2014-02-26 13:08:05,www.dailymotion.com
2014-02-26 13:08:06,www.dailymotion.com
2014-02-26 13:08:07,www.dailymotion.com
2014-02-26 13:08:07,vast.bp3849534.btrll.com
2014-02-26 13:08:08,www.dailymotion.com
2014-02-26 13:08:09,www.dailymotion.com
2014-02-26 13:08:10,vast.bp3849914.btrll.com
2014-02-26 13:08:10,www.dailymotion.com
2014-02-26 13:08:37,www.nimportequi.com
2014-02-26 13:08:38,www.facebook.com
2014-02-26 13:08:39,www.dailymotion.com
2014-02-26 13:08:40,www.dailymotion.com
2014-02-26 13:08:40,i1.ytimg.com
2014-02-26 13:08:40,apis.google.com
2014-02-26 13:08:41,platform.twitter.com
2014-02-26 13:08:42,s-static.ak.facebook.com
2014-02-26 13:08:42,static.ak.facebook.com
2014-02-26 13:08:44,www.facebook.com
2014-02-26 13:08:45,audience.visiblemeasures.com
2014-02-26 13:08:45,www.dailymotion.com
2014-02-26 13:08:45,apis.google.com
2014-02-26 13:08:46,od2.visiblemeasures.com
2014-02-26 13:08:46,www.dailymotion.com
2014-02-26 13:08:46,twitter.com
2014-02-26 13:08:47,www.dailymotion.com
2014-02-26 13:08:58,www.dailymotion.com
2014-02-26 13:08:59,www.dailymotion.com
2014-02-26 13:08:59,audience.visiblemeasures.com
2014-02-26 13:08:59,od2.visiblemeasures.com
2014-02-26 13:08:59,logger-02.vty.dailymotion.com
2014-02-26 13:09:00,od2.visiblemeasures.com
2014-02-26 13:09:00,www.dailymotion.com
2014-02-26 13:09:15,od2.visiblemeasures.com
2014-02-26 13:09:19,logger-02.vty.dailymotion.com
2014-02-26 13:09:30,od2.visiblemeasures.com
2014-02-26 13:09:35,logger-02.vty.dailymotion.com
2014-02-26 13:09:38,od2.visiblemeasures.com
2014-02-26 13:10:01,od2.visiblemeasures.com
2014-02-26 13:10:08,logger-02.vty.dailymotion.com
2014-02-26 13:10:16,od2.visiblemeasures.com
2014-02-26 13:10:23,www.dailymotion.com
2014-02-26 13:10:23,logger-02.vty.dailymotion.com
2014-02-26 13:10:31,od2.visiblemeasures.com
2014-02-26 13:10:38,logger-02.vty.dailymotion.com
2014-02-26 13:10:46,od2.visiblemeasures.com
2014-02-26 13:10:53,logger-02.vty.dailymotion.com
2014-02-26 13:11:01,od2.visiblemeasures.com
2014-02-26 13:11:09,logger-02.vty.dailymotion.com
2014-02-26 13:11:09,od2.visiblemeasures.com
2014-02-26 13:11:10,www.nimportequi.com
2014-02-26 13:11:10,i1.ytimg.com
2014-02-26 13:11:11,www.facebook.com
2014-02-26 13:11:11,www.dailymotion.com
2014-02-26 13:11:12,platform.twitter.com
2014-02-26 13:11:13,static.ak.facebook.com
2014-02-26 13:11:13,apis.google.com
2014-02-26 13:11:13,s-static.ak.facebook.com
2014-02-26 13:11:14,www.facebook.com
2014-02-26 13:11:15,audience.visiblemeasures.com
2014-02-26 13:11:15,www.dailymotion.com
2014-02-26 13:11:15,od2.visiblemeasures.com
2014-02-26 13:11:16,twitter.com
2014-02-26 13:11:16,www.dailymotion.com
2014-02-26 13:11:47,www.dailymotion.com
2014-02-26 13:11:47,audience.visiblemeasures.com
2014-02-26 13:11:47,logger-02.vty.dailymotion.com
2014-02-26 13:11:47,od2.visiblemeasures.com
2014-02-26 13:11:48,od2.visiblemeasures.com
2014-02-26 13:11:48,www.dailymotion.com
2014-02-26 13:11:55,od2.visiblemeasures.com
2014-02-26 13:12:03,logger-02.vty.dailymotion.com
2014-02-26 13:12:03,od2.visiblemeasures.com
2014-02-26 13:12:07,od2.visiblemeasures.com
2014-02-26 13:12:11,od2.visiblemeasures.com
2014-02-26 13:12:18,od2.visiblemeasures.com
2014-02-26 13:12:18,www.dailymotion.com
2014-02-26 13:12:18,logger-02.vty.dailymotion.com
2014-02-26 13:12:26,od2.visiblemeasures.com
2014-02-26 13:12:33,logger-02.vty.dailymotion.com
2014-02-26 13:12:34,od2.visiblemeasures.com
2014-02-26 13:12:41,od2.visiblemeasures.com
2014-02-26 13:12:45,od2.visiblemeasures.com
2014-02-26 13:12:49,logger-02.vty.dailymotion.com
2014-02-26 13:12:49,www.dailymotion.com
2014-02-26 13:12:49,od2.visiblemeasures.com
2014-02-26 13:12:57,od2.visiblemeasures.com
2014-02-26 13:13:02,www.nimportequi.com
2014-02-26 13:13:04,www.facebook.com
2014-02-26 13:13:04,www.dailymotion.com
2014-02-26 13:13:06,apis.google.com
2014-02-26 13:13:06,static.ak.facebook.com
2014-02-26 13:13:06,s-static.ak.facebook.com
2014-02-26 13:13:08,www.google.fr
2014-02-26 13:13:08,www.dailymotion.com
2014-02-26 13:13:08,www.facebook.com
2014-02-26 13:13:08,twitter.com
2014-02-26 13:13:08,audience.visiblemeasures.com
2014-02-26 13:13:08,od2.visiblemeasures.com
2014-02-26 13:13:17,www.google.fr
2014-02-26 13:13:17,fr.wikipedia.org
2014-02-26 13:13:17,bits.wikimedia.org
2014-02-26 13:13:18,meta.wikimedia.org
2014-02-26 13:13:18,fr.wikipedia.org
2014-02-26 13:23:23,www.google.fr
2014-02-26 13:25:15,search.microsoft.com
2014-02-26 13:25:15,go.microsoft.com
2014-02-26 13:25:16,i.s-microsoft.com
2014-02-26 13:25:16,search.microsoft.com
2014-02-26 13:25:16,js.microsoft.com
2014-02-26 13:25:16,nexus.ensighten.com
2014-02-26 13:25:17,www.microsoft.com
2014-02-26 13:25:17,nexus.ensighten.com
2014-02-26 13:25:18,cs.microsoft.com
2014-02-26 13:25:18,c1.microsoft.com
2014-02-26 13:25:22,www.facebook.com
2014-02-26 13:25:34,www.facebook.com
2014-02-26 13:25:59,www.google.fr
2014-02-26 13:26:01,www.google.com
2014-02-26 13:26:01,apis.google.com
2014-02-26 13:26:05,apis.google.com
2014-02-26 13:26:05,fr-fr.facebook.com
2014-02-26 13:26:17,fr-fr.facebook.com
2014-02-26 13:26:23,www.facebook.com
2014-02-26 13:28:18,www.google.com
2014-02-26 13:28:18,www.google.fr
2014-03-19 12:15:15,ieonline.microsoft.com
2014-03-19 12:15:18,www.google.com
2014-03-19 12:16:41,www.google.fr
2014-03-19 12:16:47,www.google.fr
2014-03-19 12:16:49,www.google.com
2014-03-19 12:16:49,apis.google.com
2014-03-19 12:17:00,www.google.fr
2014-03-19 12:17:00,apis.google.com
2014-03-19 12:17:00,www.google.com
2014-03-19 12:17:14,go.microsoft.com
2014-03-19 12:17:14,ieonline.microsoft.com
2014-03-19 13:15:25,www.google.fr
2014-03-19 13:15:34,www.google.fr
2014-03-19 13:15:35,193.164.197.60
2014-03-19 13:15:35,www.google.fr
2014-03-19 13:15:35,193.164.196.60
2014-03-19 13:15:35,www.leboncoin.fr
2014-03-19 13:15:35,193.164.196.40
2014-03-19 13:15:35,193.164.197.50
2014-03-19 13:15:35,193.164.196.30
2014-03-19 13:15:35,static.leboncoin.fr
2014-03-19 13:15:35,193.164.197.30
2014-03-19 13:15:35,193.164.197.40
2014-03-19 13:15:35,193.164.196.50
2014-03-19 13:15:36,compteperso.leboncoin.fr
2014-03-19 13:15:36,deliv.leboncoin.fr
2014-03-19 13:15:37,www.leboncoin.fr
2014-03-19 13:15:37,fpdownload2.macromedia.com
2014-03-19 13:15:37,deliv.leboncoin.fr
2014-03-19 13:15:37,static.leboncoin.fr
2014-03-19 13:15:42,compteperso.leboncoin.fr
2014-03-19 13:15:53,193.164.197.40
2014-03-19 13:15:53,193.164.196.30
2014-03-19 13:15:53,www.leboncoin.fr
2014-03-19 13:15:53,193.164.196.60
2014-03-19 13:15:53,193.164.197.60
2014-03-19 13:15:53,193.164.196.50
2014-03-19 13:15:53,193.164.197.30
2014-03-19 13:15:53,193.164.197.50
2014-03-19 13:15:53,193.164.196.40
2014-03-19 13:15:54,www.google.com
2014-03-19 13:15:54,193.164.196.40
2014-03-19 13:15:54,193.164.196.30
2014-03-19 13:15:54,193.164.197.40
2014-03-19 13:15:54,193.164.197.30
2014-03-19 13:15:54,193.164.197.60
2014-03-19 13:15:54,193.164.197.50
2014-03-19 13:15:54,193.164.196.60
2014-03-19 13:15:54,193.164.196.50
2014-03-19 13:15:54,deliv.leboncoin.fr
2014-03-19 13:15:55,ea.kidiliz.com
2014-03-19 13:17:24,193.164.196.50
2014-03-19 13:17:24,www.leboncoin.fr
2014-03-19 13:17:24,193.164.197.40
2014-03-19 13:17:24,193.164.196.60
2014-03-19 13:17:24,193.164.196.40
2014-03-19 13:17:24,193.164.196.30
2014-03-19 13:17:24,193.164.197.50
2014-03-19 13:17:24,deliv.leboncoin.fr
2014-03-19 13:17:24,193.164.197.60
2014-03-19 13:17:24,193.164.197.30
2014-03-19 13:17:25,www.eficiens-serving2.com
2014-03-19 13:17:25,deliv.leboncoin.fr
2014-03-19 13:17:26,www.eficiens-serving2.com
2014-03-19 13:17:40,www.google.com
2014-03-19 13:17:45,193.164.197.50
2014-03-19 13:17:45,193.164.197.40
2014-03-19 13:17:45,193.164.196.60
2014-03-19 13:17:45,static.leboncoin.fr
2014-03-19 13:17:45,www.leboncoin.fr
2014-03-19 13:17:46,deliv.leboncoin.fr
2014-03-19 13:17:46,static.leboncoin.fr
2014-03-19 13:17:47,193.164.197.40
2014-03-19 13:17:47,deliv.leboncoin.fr
2014-03-19 13:17:47,static.leboncoin.fr
2014-03-19 13:17:51,193.164.197.50
2014-03-19 13:17:53,193.164.196.60
2014-03-19 13:18:01,deliv.leboncoin.fr
2014-03-19 13:18:01,mm.eulerian.net
2014-03-19 13:18:03,www.facebook.com
2014-03-19 13:18:20,www.leboncoin.fr
2014-03-19 13:18:20,static.leboncoin.fr
2014-03-19 13:18:20,deliv.leboncoin.fr
2014-03-19 13:18:21,deliv.leboncoin.fr
2014-03-19 13:18:30,deliv.leboncoin.fr
2014-03-19 13:18:53,www.leboncoin.fr
2014-03-19 13:18:53,deliv.leboncoin.fr
2014-03-19 13:18:53,193.164.196.30
2014-03-19 13:18:53,193.164.197.50
2014-03-19 13:18:53,193.164.197.30
2014-03-19 13:18:53,193.164.197.60
2014-03-19 13:18:53,193.164.197.40
2014-03-19 13:18:53,193.164.196.40
2014-03-19 13:18:53,193.164.196.50
2014-03-19 13:18:54,193.164.197.30
2014-03-19 13:18:54,deliv.leboncoin.fr
2014-03-19 13:18:56,pixel2368.everesttech.net
2014-03-19 13:19:35,deliv.leboncoin.fr
2014-03-19 13:19:35,193.164.197.40
2014-03-19 13:19:35,193.164.196.30
2014-03-19 13:19:35,static.leboncoin.fr
2014-03-19 13:19:35,www.leboncoin.fr
2014-03-19 13:19:35,pixel2368.everesttech.net
2014-03-19 13:19:36,www.eficiens-serving2.com
2014-03-19 13:19:38,193.164.197.40
2014-03-19 13:19:40,193.164.196.30
2014-03-19 13:19:51,deliv.leboncoin.fr
2014-03-19 13:19:52,cm.adgrx.com
2014-03-19 13:19:55,apnx-match.dotomi.com
2014-03-19 13:19:55,dtm.godiva.com
2014-03-19 13:19:59,www.leboncoin.fr
2014-03-19 13:19:59,static.leboncoin.fr
2014-03-19 13:19:59,193.164.196.40
2014-03-19 13:19:59,193.164.196.60
2014-03-19 13:19:59,deliv.leboncoin.fr
2014-03-19 13:20:00,193.164.196.60
2014-03-19 13:20:00,deliv.leboncoin.fr
2014-03-19 13:20:00,mm.eulerian.net
2014-03-19 13:20:07,deliv.leboncoin.fr
2014-03-19 13:20:08,deliv.leboncoin.fr
2014-03-19 13:20:08,mm.eulerian.net
2014-03-19 13:20:26,www.leboncoin.fr
2014-03-19 13:20:26,193.164.197.60
2014-03-19 13:20:26,193.164.196.50
2014-03-19 13:20:27,193.164.196.40
2014-03-19 13:20:27,193.164.196.60
2014-03-19 13:20:27,193.164.197.50
2014-03-19 13:20:27,193.164.197.60
2014-03-19 13:20:27,193.164.196.30
2014-03-19 13:20:27,193.164.196.50
2014-03-19 13:20:27,193.164.197.30
2014-03-19 13:20:27,193.164.197.40
2014-03-19 13:20:27,rm.piximedia.fr
2014-03-19 13:20:27,deliv.leboncoin.fr
2014-03-19 13:20:27,broadcast.piximedia.fr
2014-03-19 13:20:28,deliv.leboncoin.fr
2014-03-19 13:20:28,www.google.com
2014-03-19 13:20:28,broadcast.piximedia.fr
2014-03-19 13:20:29,broadcast.piximedia.fr
2014-03-19 13:20:36,www.leboncoin.fr
2014-03-19 13:20:36,static.leboncoin.fr
2014-03-19 13:20:36,193.164.197.30
2014-03-19 13:20:36,193.164.196.50
2014-03-19 13:20:36,193.164.196.60
2014-03-19 13:20:36,deliv.leboncoin.fr
2014-03-19 13:20:36,193.164.197.50
2014-03-19 13:20:36,193.164.196.30
2014-03-19 13:21:02,193.164.197.50
2014-03-19 13:21:10,deliv.leboncoin.fr
2014-03-19 13:21:10,www.google.com
2014-03-19 13:21:15,193.164.197.30
2014-03-19 13:21:15,193.164.196.50
2014-03-19 13:21:15,193.164.197.40
2014-03-19 13:21:15,www.leboncoin.fr
2014-03-19 13:21:15,static.leboncoin.fr
2014-03-19 13:21:15,193.164.197.60
2014-03-19 13:21:15,193.164.196.30
2014-03-19 13:21:15,193.164.196.40
2014-03-19 13:21:15,deliv.leboncoin.fr
2014-03-19 13:21:27,193.164.197.30
2014-03-19 13:21:28,193.164.197.40
2014-03-19 13:21:39,deliv.leboncoin.fr
2014-03-19 13:21:39,www.google.com
2014-03-19 13:21:40,adventori.com
2014-03-19 13:21:40,um.simpli.fi
2014-03-19 13:21:41,c1.adform.net
2014-03-19 13:21:52,static.leboncoin.fr
2014-03-19 13:21:52,193.164.197.50
2014-03-19 13:21:52,193.164.197.40
2014-03-19 13:21:52,193.164.197.60
2014-03-19 13:21:52,193.164.196.50
2014-03-19 13:21:52,193.164.196.60
2014-03-19 13:21:52,deliv.leboncoin.fr
2014-03-19 13:21:52,www.leboncoin.fr
2014-03-19 13:21:52,193.164.196.40
2014-03-19 13:21:53,deliv.leboncoin.fr
2014-03-19 13:21:56,deliv.leboncoin.fr
2014-03-19 13:21:57,www.google.com
2014-03-19 13:21:57,deliv.leboncoin.fr
2014-03-19 13:22:07,193.164.196.40
2014-03-19 13:22:07,www.leboncoin.fr
2014-03-19 13:22:07,static.leboncoin.fr
2014-03-19 13:22:07,deliv.leboncoin.fr
2014-03-19 13:22:07,193.164.197.50
2014-03-19 13:22:09,193.164.197.50
2014-03-19 13:22:10,193.164.197.50
2014-03-19 13:22:34,deliv.leboncoin.fr
2014-03-19 13:22:35,www.google.com
2014-03-19 13:23:27,193.164.196.30
2014-03-19 13:23:27,www.leboncoin.fr
2014-03-19 13:23:27,static.leboncoin.fr
2014-03-19 13:23:27,193.164.197.40
2014-03-19 13:23:27,193.164.197.50
2014-03-19 13:23:27,deliv.leboncoin.fr
2014-03-19 13:23:57,deliv.leboncoin.fr
2014-03-19 13:23:57,www.google.com
2014-03-19 13:24:40,www.leboncoin.fr
2014-03-19 13:24:40,193.164.197.60
2014-03-19 13:24:40,193.164.196.60
2014-03-19 13:24:40,193.164.197.50
2014-03-19 13:24:40,193.164.197.30
2014-03-19 13:24:40,deliv.leboncoin.fr
2014-03-19 13:24:40,193.164.196.50
2014-03-19 13:24:40,193.164.197.40
2014-03-19 13:24:40,193.164.196.30
2014-03-19 13:24:40,193.164.196.40
2014-03-19 13:24:41,www.google.com
2014-03-19 13:24:41,deliv.leboncoin.fr
2014-03-19 13:24:42,www.facebook.com
2014-03-19 13:24:55,www.leboncoin.fr
2014-03-19 13:24:56,static.leboncoin.fr
2014-03-19 13:24:56,193.164.196.40
2014-03-19 13:24:56,193.164.197.50
2014-03-19 13:24:56,193.164.196.30
2014-03-19 13:24:56,deliv.leboncoin.fr
2014-03-19 13:24:56,www.leboncoin.fr
2014-03-19 13:24:56,193.164.197.40
2014-03-19 13:24:58,193.164.197.50
2014-03-19 13:25:01,193.164.197.40
2014-03-19 13:25:04,deliv.leboncoin.fr
2014-03-19 13:25:05,deliv.leboncoin.fr
2014-03-19 13:25:05,www.google.com
2014-03-19 13:25:08,static.leboncoin.fr
2014-03-19 13:25:08,193.164.196.40
2014-03-19 13:25:08,193.164.196.60
2014-03-19 13:25:08,193.164.197.40
2014-03-19 13:25:08,193.164.196.30
2014-03-19 13:25:08,deliv.leboncoin.fr
2014-03-19 13:25:08,www.leboncoin.fr
2014-03-19 13:25:10,193.164.196.60
2014-03-19 13:25:11,193.164.196.30
2014-03-19 13:25:15,deliv.leboncoin.fr
2014-03-19 13:25:21,www.leboncoin.fr
2014-03-19 13:25:21,193.164.196.40
2014-03-19 13:25:22,193.164.196.60
2014-03-19 13:25:22,193.164.196.50
2014-03-19 13:25:22,deliv.leboncoin.fr
2014-03-19 13:25:22,193.164.197.30
2014-03-19 13:25:22,193.164.196.30
2014-03-19 13:25:22,static.leboncoin.fr
2014-03-19 13:25:24,193.164.197.30
2014-03-19 13:25:25,193.164.196.30
2014-03-19 13:25:47,deliv.leboncoin.fr
2014-03-19 13:25:48,www.google.com
2014-03-19 13:25:52,193.164.196.30
2014-03-19 13:25:52,193.164.196.40
2014-03-19 13:25:52,193.164.197.60
2014-03-19 13:25:52,deliv.leboncoin.fr
2014-03-19 13:25:52,www.leboncoin.fr
2014-03-19 13:25:52,static.leboncoin.fr
2014-03-19 13:25:53,mm.eulerian.net
2014-03-19 13:25:54,193.164.196.40
2014-03-19 13:25:54,193.164.196.30
2014-03-19 13:26:02,deliv.leboncoin.fr
2014-03-19 13:26:03,www.google.com
2014-03-19 13:26:03,deliv.leboncoin.fr
2014-03-19 13:26:19,www.leboncoin.fr
2014-03-19 13:26:19,static.leboncoin.fr
2014-03-19 13:26:19,193.164.197.60
2014-03-19 13:26:19,193.164.196.60
2014-03-19 13:26:19,deliv.leboncoin.fr
2014-03-19 13:26:19,193.164.196.30
2014-03-19 13:26:19,193.164.196.50
2014-03-19 13:26:19,193.164.197.30
2014-03-19 13:26:19,193.164.196.40
2014-03-19 13:26:21,193.164.197.60
2014-03-19 13:26:22,193.164.196.30
2014-03-19 13:26:26,deliv.leboncoin.fr
2014-03-19 13:26:26,www.google.com
2014-03-19 13:26:33,193.164.196.60
2014-03-19 13:26:33,193.164.197.50
2014-03-19 13:26:33,deliv.leboncoin.fr
2014-03-19 13:26:33,193.164.197.60
2014-03-19 13:26:33,static.leboncoin.fr
2014-03-19 13:26:33,www.leboncoin.fr
2014-03-19 13:26:34,193.164.197.60
2014-03-19 13:26:34,deliv.leboncoin.fr
2014-03-19 13:26:36,193.164.197.50
2014-03-19 13:26:37,193.164.196.60
2014-03-19 13:27:13,deliv.leboncoin.fr
2014-03-19 13:27:14,ipflux.fr
2014-03-19 13:27:14,deliv.leboncoin.fr
2014-03-19 13:27:42,www.leboncoin.fr
2014-03-19 13:27:43,www.google.com
2014-03-19 13:27:43,193.164.196.30
2014-03-19 13:27:43,193.164.197.40
2014-03-19 13:27:43,193.164.197.60
2014-03-19 13:27:43,193.164.197.50
2014-03-19 13:27:43,ipflux.fr
2014-03-19 13:27:43,193.164.196.50
2014-03-19 13:27:43,193.164.197.30
2014-03-19 13:27:43,193.164.196.40
2014-03-19 13:27:43,deliv.leboncoin.fr
2014-03-19 13:27:43,193.164.196.60
2014-03-19 13:27:44,www.google.com
2014-03-19 13:28:19,193.164.196.30
2014-03-19 13:28:19,www.leboncoin.fr
2014-03-19 13:28:19,static.leboncoin.fr
2014-03-19 13:28:19,193.164.197.60
2014-03-19 13:28:19,deliv.leboncoin.fr
2014-03-19 13:29:06,deliv.leboncoin.fr
2014-03-19 13:29:07,www.google.com
2014-03-19 13:29:08,et.eulerian.net
2014-03-19 13:29:20,static.leboncoin.fr
2014-03-19 13:29:20,www.leboncoin.fr
2014-03-19 13:29:21,deliv.leboncoin.fr
2014-03-19 13:29:21,193.164.196.30
2014-03-19 13:29:21,193.164.197.40
2014-03-19 13:29:21,193.164.196.40
2014-03-19 13:29:22,193.164.196.30
2014-03-19 13:29:30,deliv.leboncoin.fr
2014-03-19 13:29:58,www.leboncoin.fr
2014-03-19 13:29:58,www.google.com
2014-03-19 13:30:04,www.leboncoin.fr
2014-03-19 13:30:04,193.164.196.30
2014-03-19 13:30:04,deliv.leboncoin.fr
2014-03-19 13:30:04,193.164.196.60
2014-03-19 13:30:04,193.164.196.50
2014-03-19 13:30:04,193.164.197.40
2014-03-19 13:30:04,193.164.197.60
2014-03-19 13:30:04,193.164.197.50
2014-03-19 13:30:04,193.164.196.40
2014-03-19 13:30:04,193.164.197.30
2014-03-19 13:30:05,www.google.com
2014-03-19 13:30:05,193.164.196.40
2014-03-19 13:30:05,193.164.196.30
2014-03-19 13:30:05,193.164.197.50
2014-03-19 13:30:05,193.164.196.50
2014-03-19 13:30:05,193.164.197.40
2014-03-19 13:30:05,193.164.196.60
2014-03-19 13:30:05,deliv.leboncoin.fr
2014-03-19 13:30:43,193.164.196.30
2014-03-19 13:30:43,193.164.196.60
2014-03-19 13:30:43,static.leboncoin.fr
2014-03-19 13:30:43,www.leboncoin.fr
2014-03-19 13:30:43,deliv.leboncoin.fr
2014-03-19 13:30:43,193.164.197.40
2014-03-19 13:30:44,193.164.197.40
2014-03-19 13:30:53,deliv.leboncoin.fr
2014-03-19 13:30:53,www.google.com
2014-03-19 13:30:59,www.leboncoin.fr
2014-03-19 13:30:59,193.164.197.30
2014-03-19 13:30:59,193.164.196.50
2014-03-19 13:30:59,193.164.196.30
2014-03-19 13:30:59,193.164.196.40
2014-03-19 13:30:59,193.164.197.50
2014-03-19 13:30:59,193.164.196.60
2014-03-19 13:30:59,193.164.197.40
2014-03-19 13:30:59,193.164.197.60
2014-03-19 13:31:00,deliv.leboncoin.fr
2014-03-19 13:31:00,193.164.196.50
2014-03-19 13:31:00,193.164.197.60
2014-03-19 13:31:00,193.164.196.30
2014-03-19 13:31:00,193.164.196.40
2014-03-19 13:31:00,193.164.196.60
2014-03-19 13:31:00,193.164.197.50
2014-03-19 13:31:00,193.164.197.40
2014-03-19 13:31:00,www.google.com
2014-03-19 13:31:13,193.164.196.60
2014-03-19 13:31:13,193.164.196.40
2014-03-19 13:31:13,static.leboncoin.fr
2014-03-19 13:31:13,deliv.leboncoin.fr
2014-03-19 13:31:13,www.leboncoin.fr
2014-03-19 13:31:13,193.164.197.30
2014-03-19 13:31:13,193.164.196.50
2014-03-19 13:31:25,193.164.196.50
2014-03-19 13:31:27,193.164.197.30
2014-03-19 13:31:43,deliv.leboncoin.fr
2014-03-19 13:31:44,deliv.leboncoin.fr
2014-03-19 13:31:44,www.google.com
2014-03-19 13:32:16,static.leboncoin.fr
2014-03-19 13:32:16,www.leboncoin.fr
2014-03-19 13:32:16,193.164.196.50
2014-03-19 13:32:16,193.164.196.30
2014-03-19 13:32:16,193.164.196.40
2014-03-19 13:32:16,193.164.197.60
2014-03-19 13:32:16,deliv.leboncoin.fr
2014-03-19 13:32:17,193.164.197.60
2014-03-19 13:32:30,193.164.196.30
2014-03-19 13:32:31,193.164.196.30
