timestamp,site
2013-11-12 14:00:14,go.microsoft.com
2013-11-12 14:00:15,www.iegallery.com
2013-11-12 14:00:16,www.iegallery.com
2013-11-12 14:00:17,www.iegallery.com
2013-11-12 14:00:18,www.iegallery.com
2013-11-12 14:00:19,www.iegallery.com
2013-11-12 14:00:19,www.bing.com
2013-11-12 14:00:56,api.bing.com
2013-11-12 14:00:57,www.bing.com
2013-11-12 14:00:58,www.bing.com
2013-11-12 14:00:59,www.bing.com
2013-11-12 14:00:59,cms.abmr.net
2013-11-12 14:01:02,login.live.com
2013-11-12 14:01:29,ieonline.microsoft.com
2013-11-12 14:23:21,api.bing.com
2013-11-12 14:23:23,api.bing.com
2013-11-12 14:23:25,api.bing.com
2013-11-12 14:23:26,api.bing.com
2013-11-12 14:23:27,api.bing.com
2013-11-12 14:23:28,api.bing.com
2013-11-12 14:23:29,api.bing.com
2013-11-12 14:23:30,api.bing.com
2013-11-12 14:23:31,api.bing.com
2013-11-12 14:23:35,www.bing.com
2013-11-12 14:23:50,www.bing.com
2013-11-12 14:23:50,login.live.com
2013-11-12 14:23:51,api.bing.com
2013-11-12 14:23:51,www.bing.com
2013-11-12 14:23:53,login.live.com
2013-11-12 14:24:04,ssl.bing.com
2013-11-12 14:24:05,ssl.bing.com
2013-11-12 14:24:05,www.bing.com
2013-11-12 14:24:27,www.bing.com
2013-11-12 14:24:28,ssl.bing.com
2013-11-12 14:35:03,api.bing.com
2013-11-12 14:35:09,www.bing.com
2013-11-12 14:35:11,login.live.com
2013-11-12 14:35:11,ajax.googleapis.com
2013-11-12 14:35:11,www.bing.com
2013-11-12 14:35:11,illiweb.com
2013-11-12 14:35:12,footauvergne.forumactif.com
2013-11-12 14:35:12,www.lafauteaufoot.com
2013-11-12 14:35:12,illiweb.com
2013-11-12 14:35:12,i60.servimg.com
2013-11-12 14:35:12,www.blablaland.com
2013-11-12 14:35:13,images.topflood.com
2013-11-12 14:35:13,i36.servimg.com
2013-11-12 14:35:13,www.illiweb.com
2013-11-12 14:35:13,www.lafauteaufoot.com
2013-11-12 14:35:14,www.google.com
2013-11-12 14:35:16,www.lafauteaufoot.com
2013-11-12 14:35:16,illiweb.com
2013-11-12 14:35:16,footauvergne.forumactif.com
2013-11-12 14:35:17,www.lafauteaufoot.com
2013-11-12 14:35:17,illiweb.com
2013-11-12 14:35:18,www.google.com
2013-11-12 14:35:20,footauvergne.forumactif.com
2013-11-12 14:35:20,illiweb.com
2013-11-12 14:35:21,illiweb.com
2013-11-12 14:35:22,www.google.com
2013-11-12 14:35:26,hal9000.redintelligence.net
2013-11-12 14:35:27,hal9000.redintelligence.net
2013-11-12 14:35:28,banniere.reussissonsensemble.fr
2013-11-12 14:35:28,rp.gwallet.com
2013-11-12 14:35:28,n19.hal9000.redintelligence.net
2013-11-12 14:35:30,ea.numericable.fr
2013-11-12 14:35:30,banniere.reussissonsensemble.fr
2013-11-12 14:35:31,footauvergne.forumactif.com
2013-11-12 14:35:33,www.groupon.fr
2013-11-12 14:35:33,um.simpli.fi
2013-11-12 14:35:42,api.bing.com
2013-11-12 14:35:43,api.bing.com
2013-11-12 14:35:45,www.bing.com
2013-11-12 14:35:46,www.bing.com
2013-11-12 14:35:46,auvergne.fff.fr
2013-11-12 14:35:47,auvergne.fff.fr
2013-11-12 14:35:48,auvergne.fff.fr
2013-11-12 14:35:48,assets-pub.lefigaro.fr
2013-11-12 14:35:49,auvergne.fff.fr
2013-11-12 14:35:49,www.fff.fr
2013-11-12 14:35:51,auvergne.fff.fr
2013-11-12 14:35:52,auvergne.fff.fr
2013-11-12 14:35:53,auvergne.fff.fr
2013-11-12 14:35:55,auvergne.fff.fr
2013-11-12 14:35:56,auvergne.fff.fr
2013-11-12 14:35:56,www.fff.fr
2013-11-12 14:36:05,auvergne.fff.fr
2013-11-12 14:36:06,auvergne.fff.fr
2013-11-12 14:36:07,www.fff.fr
2013-11-12 14:36:07,auvergne.fff.fr
2013-11-12 14:36:28,footauvergne.forumactif.com
2013-11-12 14:36:29,www.annuairedeforums.com
2013-11-12 14:36:49,auvergne.fff.fr
2013-11-12 14:36:50,auvergne.fff.fr
2013-11-12 14:36:51,www.fff.fr
2013-11-12 14:36:51,auvergne.fff.fr
2013-11-12 14:36:56,auvergne.fff.fr
2013-11-12 14:36:58,auvergne.fff.fr
2013-11-12 14:36:59,auvergne.fff.fr
2013-11-12 14:37:00,www.fff.fr
2013-11-12 14:37:00,auvergne.fff.fr
2013-11-12 14:37:04,i1-js-14-3-01-10077-561254558-i.init.cedexis-radar.net
2013-11-12 14:37:13,ecvideo.aufeminin.com
2013-11-12 14:37:14,auvergne.fff.fr
2013-11-12 14:37:14,ecvideo.aufeminin.com
2013-11-12 14:37:15,www.fff.fr
2013-11-12 14:37:15,auvergne.fff.fr
2013-11-12 14:37:27,footauvergne.forumactif.com
2013-12-18 13:42:36,www.bing.com
2013-12-18 13:42:37,www.google.fr
2013-12-18 13:42:37,www.bing.com
2013-12-18 13:42:37,cms.abmr.net
2013-12-18 13:43:04,www.google.fr
2013-12-18 13:43:08,www.google.com
2013-12-18 13:43:11,www.google.com
2013-12-18 13:43:17,www.google.fr
2013-12-18 13:43:19,www.google.com
2013-12-18 13:43:19,www.google.fr
2013-12-18 13:43:33,clients1.google.fr
2013-12-18 13:43:34,jacquieetmicheltv.net
2013-12-18 13:43:34,clients1.google.fr
2013-12-18 13:43:34,www.google.fr
2013-12-18 13:43:35,www.squid-cache.org
2013-12-18 13:43:51,www.squid-cache.org
2013-12-18 13:43:51,www.google.fr
2013-12-18 13:43:51,jacquieetmicheltv.net
2013-12-18 13:43:54,www.google.fr
2013-12-18 13:43:54,clients1.google.fr
2013-12-18 13:43:54,www.google.com
2013-12-18 13:43:55,www.squid-cache.org
2013-12-18 13:43:55,www.google.fr
2013-12-18 13:43:55,www.jacquieetmichelvisio.net
2013-12-18 13:44:40,www.google.fr
2013-12-18 13:44:40,clients1.google.fr
2013-12-18 13:44:40,www.google.com
2013-12-18 13:44:41,www.google.fr
2013-12-18 13:44:42,apis.google.com
2013-12-18 13:44:43,api.bing.com
2013-12-18 13:44:45,www.bing.com
2013-12-18 13:44:46,www.bing.com
2013-12-18 13:44:47,ajax.googleapis.com
2013-12-18 13:44:47,login.live.com
2013-12-18 13:44:47,www.bing.com
2013-12-18 13:44:47,apis.google.com
2013-12-18 13:44:48,www.blablaland.com
2013-12-18 13:44:48,i36.servimg.com
2013-12-18 13:44:48,www.lafauteaufoot.com
2013-12-18 13:44:48,illiweb.com
2013-12-18 13:44:48,footauvergne.forumactif.com
2013-12-18 13:44:49,illiweb.com
2013-12-18 13:44:49,footauvergne.forumactif.com
2013-12-18 13:44:49,www.lafauteaufoot.com
2013-12-18 13:44:49,images.topflood.com
2013-12-18 13:44:49,i60.servimg.com
2013-12-18 13:44:50,footauvergne.forumactif.com
2013-12-18 13:44:50,illiweb.com
2013-12-18 13:44:50,www.lafauteaufoot.com
2013-12-18 13:44:50,ajax.googleapis.com
2013-12-18 13:44:59,ajax.googleapis.com
2013-12-18 13:44:59,illiweb.com
2013-12-18 13:44:59,footauvergne.forumactif.com
2013-12-18 13:45:00,illiweb.com
2013-12-18 13:45:00,www.lafauteaufoot.com
2013-12-18 13:45:00,footauvergne.forumactif.com
2013-12-18 13:45:02,www.google.com
2013-12-18 13:45:07,ajax.googleapis.com
2013-12-18 13:45:07,footauvergne.forumactif.com
2013-12-18 13:45:08,www.lafauteaufoot.com
2013-12-18 13:45:08,www.facebook.com
2013-12-18 13:45:08,footauvergne.forumactif.com
2013-12-18 13:45:08,illiweb.com
2013-12-18 13:45:09,illiweb.com
2013-12-18 13:45:09,rp.gwallet.com
2013-12-18 13:45:27,www.lafauteaufoot.com
2013-12-18 13:45:27,ajax.googleapis.com
2013-12-18 13:45:27,illiweb.com
2013-12-18 13:45:27,footauvergne.forumactif.com
2013-12-18 13:45:28,illiweb.com
2013-12-18 13:45:28,footauvergne.forumactif.com
2013-12-18 13:45:28,ajax.googleapis.com
2013-12-18 13:45:29,www.lafauteaufoot.com
2013-12-18 13:45:29,illiweb.com
2013-12-18 13:45:30,adventori.com
2013-12-18 13:45:31,api.bing.com
2013-12-18 13:45:32,www.bing.com
2013-12-18 13:45:33,www.bing.com
2013-12-18 13:45:34,www.bing.com
2013-12-18 13:45:35,login.live.com
2013-12-18 13:45:35,www.bing.com
2013-12-18 13:45:35,www.eurosport.fr
2013-12-18 13:45:35,layout.eurosport.com
2013-12-18 13:45:36,layout.eurosport.fr
2013-12-18 13:45:36,i.eurosport.fr
2013-12-18 13:45:36,i.eurosport.com
2013-12-18 13:45:36,static1.webedia.fr
2013-12-18 13:45:36,layout.eurosport.com
2013-12-18 13:45:36,s.tf1.fr
2013-12-18 13:45:37,layout.eurosport.com
2013-12-18 13:45:37,apis.google.com
2013-12-18 13:45:38,layout.eurosport.com
2013-12-18 13:45:39,platform.twitter.com
2013-12-18 13:45:40,platform.twitter.com
2013-12-18 13:45:40,connect.facebook.net
2013-12-18 13:45:40,www.facebook.com
2013-12-18 13:45:41,static.ak.facebook.com
2013-12-18 13:45:41,apis.google.com
2013-12-18 13:45:41,s-static.ak.facebook.com
2013-12-18 13:45:41,layout.eurosport.fr
2013-12-18 13:45:43,www.google.com
2013-12-18 13:45:43,go.disqus.com
2013-12-18 13:45:43,eurosport-fr.disqus.com
2013-12-18 13:45:43,apis.google.com
2013-12-18 13:45:43,www.google.fr
2013-12-18 13:45:44,www.facebook.com
2013-12-18 13:45:44,apis.google.com
2013-12-18 13:45:44,accounts.google.com
2013-12-18 13:45:44,layout.eurosport.com
2013-12-18 13:45:44,eurosport-fr.disqus.com
2013-12-18 13:45:44,www.eurosport.fr
2013-12-18 13:45:45,layout.eurosport.fr
2013-12-18 13:45:45,i.eurosport.fr
2013-12-18 13:45:45,www.facebook.com
2013-12-18 13:45:45,layout.eurosport.com
2013-12-18 13:45:46,apis.google.com
2013-12-18 13:45:46,layout.eurosport.com
2013-12-18 13:45:46,tracking.eurosport.com
2013-12-18 13:45:46,s.tf1.fr
2013-12-18 13:45:46,i.eurosport.fr
2013-12-18 13:45:46,layout.eurosport.fr
2013-12-18 13:45:46,platform.twitter.com
2013-12-18 13:45:46,www.facebook.com
2013-12-18 13:45:46,connect.facebook.net
2013-12-18 13:45:47,www.facebook.com
2013-12-18 13:45:47,www.eurosport.fr
2013-12-18 13:45:47,apis.google.com
2013-12-18 13:45:47,accounts.google.com
2013-12-18 13:45:47,s-static.ak.facebook.com
2013-12-18 13:45:47,platform.twitter.com
2013-12-18 13:45:47,static.ak.facebook.com
2013-12-18 13:45:48,eurosport-fr.disqus.com
2013-12-18 13:45:48,go.disqus.com
2013-12-18 13:45:48,apis.google.com
2013-12-18 13:45:49,disqus.com
2013-12-18 13:45:49,layout.eurosport.fr
2013-12-18 13:45:50,eurosportbet.loa24.com
2013-12-18 13:45:50,eurosport-fr.disqus.com
2013-12-18 13:45:50,go.disqus.com
2013-12-18 13:45:50,apis.google.com
2013-12-18 13:45:51,www.google.com
2013-12-18 13:45:51,eurosportbet.loa24.com
2013-12-18 13:45:51,www.google.fr
2013-12-18 13:45:57,twitter.com
2013-12-18 13:45:57,www.facebook.com
2013-12-18 13:45:57,eurosportbet.loa24.com
2013-12-18 13:45:58,www.facebook.com
2013-12-18 13:45:58,i.eurosport.fr
2013-12-18 13:45:58,eurosportbet.loa24.com
2013-12-18 13:45:58,disqus.com
2013-12-18 13:45:59,twitter.com
2013-12-18 13:45:59,rbp.mxptint.net
2013-12-18 13:46:00,twitter.com
2013-12-18 13:46:00,slpubmedias.tf1.fr
2013-12-18 13:46:00,i.eurosport.fr
2013-12-18 13:46:00,disqus.com
2013-12-18 13:46:01,disqus.com
2013-12-18 13:46:01,platform.twitter.com
2013-12-18 13:46:01,twitter.com
2013-12-18 13:46:02,eurosportbet.loa24.com
2013-12-18 13:46:02,slpubmedias.tf1.fr
2013-12-18 13:46:02,disqus.com
2013-12-18 13:46:02,www.facebook.com
2013-12-18 13:46:02,twitter.com
2013-12-18 13:46:04,accounts.google.com
2013-12-18 13:46:06,www.annuairedeforums.com
2013-12-18 13:46:06,i.eurosport.fr
2013-12-18 13:46:06,footauvergne.forumactif.com
2013-12-18 13:46:21,www.facebook.com
2013-12-18 13:46:29,www.eurosport.fr
2013-12-18 13:46:29,layout.eurosport.com
2013-12-18 13:46:33,s.tf1.fr
2013-12-18 13:46:33,i.eurosport.fr
2013-12-18 13:46:33,i.eurosport.com
2013-12-18 13:46:33,static1.webedia.fr
2013-12-18 13:46:33,layout.eurosport.com
2013-12-18 13:46:33,layout.eurosport.fr
2013-12-18 13:46:34,i.eurosport.com
2013-12-18 13:46:34,layout.eurosport.com
2013-12-18 13:46:34,apis.google.com
2013-12-18 13:46:34,layout.eurosport.fr
2013-12-18 13:46:35,layout.eurosport.com
2013-12-18 13:46:36,connect.facebook.net
2013-12-18 13:46:36,platform.twitter.com
2013-12-18 13:46:37,www.facebook.com
2013-12-18 13:46:37,platform.twitter.com
2013-12-18 13:46:38,apis.google.com
2013-12-18 13:46:39,static.ak.facebook.com
2013-12-18 13:46:39,eurosport-fr.disqus.com
2013-12-18 13:46:39,layout.eurosport.fr
2013-12-18 13:46:39,go.disqus.com
2013-12-18 13:46:39,www.google.com
2013-12-18 13:46:39,accounts.google.com
2013-12-18 13:46:39,s-static.ak.facebook.com
2013-12-18 13:46:39,apis.google.com
2013-12-18 13:46:40,eurosport-fr.disqus.com
2013-12-18 13:46:40,www.google.fr
2013-12-18 13:46:40,apis.google.com
2013-12-18 13:46:41,twitter.com
2013-12-18 13:46:41,eurosportbet.loa24.com
2013-12-18 13:46:41,pool-eu-ie.creative-serving.com
2013-12-18 13:46:41,um.simpli.fi
2013-12-18 13:46:42,www.facebook.com
2013-12-18 13:46:43,eurosportbet.loa24.com
2013-12-18 13:46:45,www.facebook.com
2013-12-18 13:46:46,i.eurosport.fr
2013-12-18 13:46:47,i.eurosport.fr
2013-12-18 13:46:48,i.eurosport.fr
2013-12-18 13:46:48,platform.twitter.com
2013-12-18 13:46:49,twitter.com
2013-12-18 13:46:53,www.eurosport.fr
2013-12-18 13:46:53,layout.eurosport.com
2013-12-18 13:46:53,accounts.google.com
2013-12-18 13:46:56,www.facebook.com
2013-12-18 13:46:56,layout.eurosport.fr
2013-12-18 13:46:56,i.eurosport.fr
2013-12-18 13:46:56,layout.eurosport.com
2013-12-18 13:46:56,i.eurosport.com
2013-12-18 13:46:56,tracking.eurosport.com
2013-12-18 13:46:56,s.tf1.fr
2013-12-18 13:46:57,www.facebook.com
2013-12-18 13:46:57,layout.eurosport.fr
2013-12-18 13:46:57,platform.twitter.com
2013-12-18 13:46:57,apis.google.com
2013-12-18 13:46:57,connect.facebook.net
2013-12-18 13:46:58,s-static.ak.facebook.com
2013-12-18 13:46:58,accounts.google.com
2013-12-18 13:46:58,twitter.com
2013-12-18 13:46:58,www.eurosport.fr
2013-12-18 13:46:58,platform.twitter.com
2013-12-18 13:46:58,www.facebook.com
2013-12-18 13:46:58,apis.google.com
2013-12-18 13:46:58,static.ak.facebook.com
2013-12-18 13:47:00,layout.eurosport.fr
2013-12-18 13:47:00,eurosportbet.loa24.com
2013-12-18 13:47:00,eurosport-fr.disqus.com
2013-12-18 13:47:00,disqus.com
2013-12-18 13:47:00,www.google.fr
2013-12-18 13:47:00,apis.google.com
2013-12-18 13:47:00,www.google.com
2013-12-18 13:47:00,go.disqus.com
2013-12-18 13:47:01,disqus.com
2013-12-18 13:47:01,rbp.mxptint.net
2013-12-18 13:47:01,slpubmedias.tf1.fr
2013-12-18 13:47:02,ea.histoiredor.com
2013-12-18 13:47:02,slpubmedias.tf1.fr
2013-12-18 13:47:02,www.wat.tv
2013-12-18 13:47:03,disqus.com
2013-12-18 13:47:03,platform.twitter.com
2013-12-18 13:47:04,www.wat.tv
2013-12-18 13:47:04,slpubmedias.tf1.fr
2013-12-18 13:47:04,eurosportbet.loa24.com
2013-12-18 13:47:04,www.facebook.com
2013-12-18 13:47:04,twitter.com
2013-12-18 13:47:05,www.wat.tv
2013-12-18 13:47:05,twitter.com
2013-12-18 13:47:05,disqus.com
2013-12-18 13:47:06,www.wat.tv
2013-12-18 13:47:07,s.wat.tv
2013-12-18 13:47:07,www.wat.tv
2013-12-18 13:47:08,www.wat.tv
2013-12-18 13:47:08,s.wat.tv
2013-12-18 13:47:09,www.wat.tv
2013-12-18 13:47:12,accounts.google.com
2013-12-18 13:47:21,footauvergne.forumactif.com
2013-12-18 13:47:21,www.annuairedeforums.com
2013-12-18 13:47:28,adweb.eurosport.com
2013-12-18 13:47:28,www.facebook.com
2013-12-18 13:47:29,www.facebook.com
2013-12-18 13:47:31,i.eurosport.fr
2013-12-18 13:47:32,i.eurosport.fr
2013-12-18 13:48:20,www.facebook.com
2013-12-18 13:48:22,wak.wat.tv
2013-12-18 13:48:35,www.facebook.com
2013-12-18 13:48:36,www.facebook.com
2013-12-18 13:49:15,www.bing.com
2013-12-18 13:49:26,www.bing.com
2013-12-18 13:49:27,www.bing.com
2013-12-18 13:49:28,ts1.mm.bing.net
2013-12-18 13:49:28,www.bing.com
2013-12-18 13:49:29,www.spi0n.com
2013-12-18 13:49:29,www.bing.com
2013-12-18 13:49:29,api.adyoulike.com
2013-12-18 13:49:29,ajax.cloudflare.com
2013-12-18 13:49:30,maps.google.com
2013-12-18 13:49:30,93y7z60j4z.b.ad6media.fr
2013-12-18 13:49:30,a01.adoptima.com
2013-12-18 13:49:30,api.adyoulike.com
2013-12-18 13:49:30,www.facebook.com
2013-12-18 13:49:30,code.jquery.com
2013-12-18 13:49:30,jquery-ui.googlecode.com
2013-12-18 13:49:30,www.spi0n.com
2013-12-18 13:49:31,www.spi0n.com
2013-12-18 13:49:31,93y7z60j4z.b.ad6media.fr
2013-12-18 13:49:32,style.ad6.fr
2013-12-18 13:49:32,93y7z60j4z.b.ad6media.fr
2013-12-18 13:49:33,mediatag.gestionpub.com
2013-12-18 13:49:33,mediatag.adoptima.com
2013-12-18 13:49:33,banniere.reussissonsensemble.fr
2013-12-18 13:49:33,disqus.com
2013-12-18 13:49:33,spi0nx.disqus.com
2013-12-18 13:49:33,i.creativecommons.org
2013-12-18 13:49:33,go.disqus.com
2013-12-18 13:49:35,93y7z60j4z.b.ad6media.fr
2013-12-18 13:49:40,maps.googleapis.com
2013-12-18 13:49:47,login.live.com
2013-12-18 13:49:58,www.bing.com
2013-12-18 13:49:59,www.bing.com
2013-12-18 13:50:00,www.bing.com
2013-12-18 13:50:05,www.bing.com
2013-12-18 13:50:05,ts1.mm.bing.net
2013-12-18 13:50:05,www.spi0n.com
2013-12-18 13:50:06,www.spi0n.com
2013-12-18 13:50:06,api.adyoulike.com
2013-12-18 13:50:06,ajax.cloudflare.com
2013-12-18 13:50:06,code.jquery.com
2013-12-18 13:50:06,maps.google.com
2013-12-18 13:50:06,jquery-ui.googlecode.com
2013-12-18 13:50:06,www.facebook.com
2013-12-18 13:50:06,a01.adoptima.com
2013-12-18 13:50:06,93y7z60j4z.b.ad6media.fr
2013-12-18 13:50:07,www.spi0n.com
2013-12-18 13:50:08,i.creativecommons.org
2013-12-18 13:50:08,login.live.com
2013-12-18 13:50:08,disqus.com
2013-12-18 13:50:08,spi0nx.disqus.com
2013-12-18 13:50:08,go.disqus.com
2013-12-18 13:50:08,mediatag.gestionpub.com
2013-12-18 13:50:08,mediatag.adoptima.com
2013-12-18 13:50:08,banniere.reussissonsensemble.fr
2013-12-18 13:50:09,platform.twitter.com
2013-12-18 13:50:09,93y7z60j4z.b.ad6media.fr
2013-12-18 13:50:10,93y7z60j4z.b.ad6media.fr
2013-12-18 13:50:10,style.ad6.fr
2013-12-18 13:50:11,www.enviedeplus.com
2013-12-18 13:50:12,www.spi0n.com
2013-12-18 13:50:12,code.jquery.com
2013-12-18 13:50:12,jquery-ui.googlecode.com
2013-12-18 13:50:12,api.adyoulike.com
2013-12-18 13:50:12,maps.google.com
2013-12-18 13:50:13,ajax.cloudflare.com
2013-12-18 13:50:14,spi0nx.disqus.com
2013-12-18 13:50:14,www.spi0n.com
2013-12-18 13:50:14,www.dailymotion.com
2013-12-18 13:50:14,ohvglh3i1t.b.ad6media.fr
2013-12-18 13:50:14,a01.adoptima.com
2013-12-18 13:50:14,www.facebook.com
2013-12-18 13:50:14,go.disqus.com
2013-12-18 13:50:14,disqus.com
2013-12-18 13:50:14,ajax.googleapis.com
2013-12-18 13:50:14,ajax.cloudflare.com
2013-12-18 13:50:14,platform.twitter.com
2013-12-18 13:50:14,i.creativecommons.org
2013-12-18 13:50:14,mediatag.gestionpub.com
2013-12-18 13:50:14,banniere.reussissonsensemble.fr
2013-12-18 13:50:14,s.srvntrk.com
2013-12-18 13:50:14,mediatag.adoptima.com
2013-12-18 13:50:15,platform.twitter.com
2013-12-18 13:50:15,spi0nx.disqus.com
2013-12-18 13:50:15,s.srvntrk.com
2013-12-18 13:50:15,disqus.com
2013-12-18 13:50:15,mediatag.gestionpub.com
2013-12-18 13:50:16,s.srvntrk.com
2013-12-18 13:50:16,platform.twitter.com
2013-12-18 13:50:17,disqus.com
2013-12-18 13:50:17,api.adyoulike.com
2013-12-18 13:50:17,twitter.com
2013-12-18 13:50:17,s.srvntrk.com
2013-12-18 13:50:18,www.youtube.com
2013-12-18 13:50:18,s.ytimg.com
2013-12-18 13:50:19,i1.ytimg.com
2013-12-18 13:50:23,maps.googleapis.com
2013-12-18 13:50:27,www.spi0n.com
2013-12-18 13:50:27,api.adyoulike.com
2013-12-18 13:50:27,jquery-ui.googlecode.com
2013-12-18 13:50:27,code.jquery.com
2013-12-18 13:50:27,maps.google.com
2013-12-18 13:50:27,platform.twitter.com
2013-12-18 13:50:28,www.facebook.com
2013-12-18 13:50:28,www.spi0n.com
2013-12-18 13:50:28,ajax.cloudflare.com
2013-12-18 13:50:28,api.adyoulike.com
2013-12-18 13:50:29,www.spi0n.com
2013-12-18 13:50:29,a01.adoptima.com
2013-12-18 13:50:29,93y7z60j4z.b.ad6media.fr
2013-12-18 13:50:30,i.creativecommons.org
2013-12-18 13:50:30,disqus.com
2013-12-18 13:50:31,spi0nx.disqus.com
2013-12-18 13:50:31,mediatag.gestionpub.com
2013-12-18 13:50:31,go.disqus.com
2013-12-18 13:50:31,mediatag.adoptima.com
2013-12-18 13:50:31,banniere.reussissonsensemble.fr
2013-12-18 13:50:31,platform.twitter.com
2013-12-18 13:50:32,93y7z60j4z.b.ad6media.fr
2013-12-18 13:50:32,style.ad6.fr
2013-12-18 13:50:35,maps.googleapis.com
2013-12-18 13:50:35,93y7z60j4z.b.ad6media.fr
2013-12-18 13:52:41,www.spi0n.com
2013-12-18 13:52:41,api.adyoulike.com
2013-12-18 13:52:41,maps.google.com
2013-12-18 13:52:41,code.jquery.com
2013-12-18 13:52:41,ajax.cloudflare.com
2013-12-18 13:52:41,jquery-ui.googlecode.com
2013-12-18 13:52:42,www.spi0n.com
2013-12-18 13:52:42,www.facebook.com
2013-12-18 13:52:42,a01.adoptima.com
2013-12-18 13:52:42,api.adyoulike.com
2013-12-18 13:52:42,93y7z60j4z.b.ad6media.fr
2013-12-18 13:52:44,i.creativecommons.org
2013-12-18 13:52:44,mediatag.gestionpub.com
2013-12-18 13:52:44,disqus.com
2013-12-18 13:52:44,banniere.reussissonsensemble.fr
2013-12-18 13:52:44,mediatag.adoptima.com
2013-12-18 13:52:44,go.disqus.com
2013-12-18 13:52:44,spi0nx.disqus.com
2013-12-18 13:52:45,mediatag.gestionpub.com
2013-12-18 13:52:46,ajax.cloudflare.com
2013-12-18 13:52:46,api.adyoulike.com
2013-12-18 13:52:46,jquery-ui.googlecode.com
2013-12-18 13:52:46,maps.google.com
2013-12-18 13:52:46,www.spi0n.com
2013-12-18 13:52:46,platform.twitter.com
2013-12-18 13:52:46,code.jquery.com
2013-12-18 13:52:47,go.disqus.com
2013-12-18 13:52:47,mediatag.adoptima.com
2013-12-18 13:52:47,ajax.googleapis.com
2013-12-18 13:52:47,i.creativecommons.org
2013-12-18 13:52:47,s.srvntrk.com
2013-12-18 13:52:47,ajax.cloudflare.com
2013-12-18 13:52:47,banniere.reussissonsensemble.fr
2013-12-18 13:52:47,disqus.com
2013-12-18 13:52:47,www.facebook.com
2013-12-18 13:52:47,spi0nx.disqus.com
2013-12-18 13:52:47,a01.adoptima.com
2013-12-18 13:52:47,platform.twitter.com
2013-12-18 13:52:47,ohvglh3i1t.b.ad6media.fr
2013-12-18 13:52:47,www.dailymotion.com
2013-12-18 13:52:47,www.spi0n.com
2013-12-18 13:52:47,api.adyoulike.com
2013-12-18 13:52:47,mediatag.gestionpub.com
2013-12-18 13:52:48,www.dailymotion.com
2013-12-18 13:52:48,platform.twitter.com
2013-12-18 13:52:48,s.srvntrk.com
2013-12-18 13:52:48,disqus.com
2013-12-18 13:52:49,s.srvntrk.com
2013-12-18 13:52:50,disqus.com
2013-12-18 13:52:50,www.youtube.com
2013-12-18 13:52:51,s.ytimg.com
2013-12-18 13:52:52,i1.ytimg.com
2013-12-18 13:52:53,maps.googleapis.com
2013-12-18 13:52:57,www.spi0n.com
2013-12-18 13:53:13,twitter.com
2013-12-18 13:53:13,od2.visiblemeasures.com
2013-12-18 13:53:13,platform.twitter.com
2013-12-18 13:53:13,www.dailymotion.com
2013-12-18 13:53:13,audience.visiblemeasures.com
2013-12-18 13:53:14,www.dailymotion.com
2013-12-18 13:53:14,twitter.com
2013-12-18 13:53:15,www.dailymotion.com
2013-12-18 13:53:47,www.dailymotion.com
2013-12-18 13:53:48,www.dailymotion.com
2013-12-18 13:53:48,audience.visiblemeasures.com
2013-12-18 13:53:48,od2.visiblemeasures.com
2013-12-18 13:53:48,logger-02.vty.dailymotion.com
2013-12-18 13:53:49,www.dailymotion.com
2013-12-18 13:55:45,od2.visiblemeasures.com
2013-12-18 13:56:52,www.dailymotion.com
2013-12-18 13:57:42,od2.visiblemeasures.com
2013-12-18 13:58:40,od2.visiblemeasures.com
2013-12-18 13:58:48,www.dailymotion.com
2013-12-18 13:58:49,www.dailymotion.com
2013-12-18 13:59:11,www.dailymotion.com
2013-12-18 14:00:01,od2.visiblemeasures.com
2013-12-18 14:01:58,od2.visiblemeasures.com
2013-12-18 14:03:53,od2.visiblemeasures.com
2013-12-18 14:04:09,www.dailymotion.com
2013-12-18 14:04:10,www.dailymotion.com
2013-12-18 14:04:33,www.dailymotion.com
2013-12-18 14:04:54,www.dailymotion.com
2013-12-18 14:06:13,od2.visiblemeasures.com
2013-12-18 15:06:33,www.bing.com
2013-12-18 15:06:34,www.bing.com
2013-12-18 15:06:36,www.bing.com
2013-12-18 15:06:41,www.bing.com
2013-12-18 15:06:42,www.bing.com
2013-12-18 15:06:51,www.bing.com
2013-12-18 15:06:52,www.bing.com
2013-12-18 15:06:53,www.bing.com
2013-12-18 15:06:54,html5shim.googlecode.com
2013-12-18 15:06:57,www.facebook.com
2013-12-18 15:07:00,s0.wp.com
2013-12-18 15:07:04,promo.ezstatic.com
2013-12-18 15:07:04,promo.easy-dating.org
2013-12-18 15:07:04,se9yq67w6h.s.ad6media.fr
2013-12-18 15:07:06,wt0v4r59pv.s.ad6media.fr
2013-12-18 15:07:07,fpdownload2.macromedia.com
2013-12-18 15:07:07,wt0v4r59pv.s.ad6media.fr
2013-12-18 15:07:08,login.live.com
2013-12-18 15:07:09,wt0v4r59pv.s.ad6media.fr
2013-12-18 15:07:10,www.facebook.com
2013-12-18 15:08:01,promo.easy-dating.org
2013-12-18 15:08:01,www.facebook.com
2013-12-18 15:08:02,se9yq67w6h.s.ad6media.fr
2013-12-18 15:08:09,promo.ezstatic.com
2013-12-18 15:08:09,wt0v4r59pv.s.ad6media.fr
2013-12-18 15:08:09,se9yq67w6h.s.ad6media.fr
2013-12-18 15:08:09,promo.easy-dating.org
2013-12-18 15:08:09,www.facebook.com
2013-12-18 15:08:57,www.eurolive.com
2013-12-18 15:08:58,www.eurolive.com
2013-12-18 15:08:58,www.squid-cache.org
2013-12-18 15:08:59,www.facebook.com
2013-12-18 15:09:00,wt0v4r59pv.s.ad6media.fr
2013-12-18 15:09:00,se9yq67w6h.s.ad6media.fr
2013-12-18 15:09:06,html5shim.googlecode.com
2013-12-18 15:09:07,www.facebook.com
2013-12-18 15:09:07,promo.easy-dating.org
2013-12-18 15:09:07,promo.ezstatic.com
2013-12-18 15:09:08,se9yq67w6h.s.ad6media.fr
2013-12-18 15:09:12,www.facebook.com
2013-12-18 15:09:12,promo.easy-dating.org
2013-12-18 15:09:13,wt0v4r59pv.s.ad6media.fr
2013-12-18 15:09:13,se9yq67w6h.s.ad6media.fr
2013-12-18 15:11:21,promo.easy-dating.org
2013-12-18 15:11:21,www.facebook.com
2013-12-18 15:11:21,promo.ezstatic.com
2013-12-18 15:11:21,se9yq67w6h.s.ad6media.fr
2013-12-18 15:11:26,www.facebook.com
2013-12-18 15:11:28,se9yq67w6h.s.ad6media.fr
2013-12-18 15:11:28,wt0v4r59pv.s.ad6media.fr
2014-02-28 08:27:24,search.mywebs.pro
2014-02-28 08:27:25,search.mywebs.pro
2014-02-28 08:27:27,search.mywebs.pro
2014-02-28 08:27:31,www.bing.com
2014-02-28 08:27:32,www.bing.com
2014-02-28 08:27:33,www.bing.com
2014-02-28 08:27:33,cms.abmr.net
2014-02-28 08:27:34,www.bing.com
2014-02-28 08:27:35,www.bing.com
2014-02-28 08:27:45,login.live.com
2014-02-28 08:27:46,www.bing.com
2014-02-28 08:27:47,login.live.com
2014-02-28 08:27:47,eu.battle.net
2014-02-28 08:27:48,eu.battle.net
2014-02-28 08:27:49,bnetcmsus-a.akamaihd.net
2014-02-28 08:27:49,webresultado.com
2014-02-28 08:27:49,eu.battle.net
2014-02-28 08:27:50,media.blizzard.com
2014-02-28 08:27:50,eu.battle.net
2014-02-28 08:27:53,eu.battle.net
2014-02-28 08:27:54,eu.battle.net
2014-02-28 08:27:54,bnetcmseu-a.akamaihd.net
2014-02-28 08:27:56,bnetcmsus-a.akamaihd.net
2014-02-28 08:27:56,eu.battle.net
2014-02-28 08:27:57,eu.battle.net
2014-02-28 08:28:01,eu.battle.net
2014-02-28 08:28:05,eu.battle.net
2014-02-28 08:28:06,eu.battle.net
2014-02-28 08:28:07,eu.battle.net
2014-02-28 08:28:07,media.blizzard.com
2014-02-28 08:28:08,media.blizzard.com
2014-02-28 08:28:08,eu.battle.net
2014-02-28 08:28:14,eu.battle.net
2014-02-28 08:28:17,media.blizzard.com
2014-02-28 08:28:17,eu.battle.net
2014-02-28 08:28:21,eu.battle.net
2014-02-28 08:28:22,eu.battle.net
2014-02-28 08:28:22,media.blizzard.com
2014-02-28 08:28:23,eu.battle.net
2014-02-28 08:28:23,media.blizzard.com
2014-02-28 08:28:24,eu.battle.net
2014-02-28 08:28:25,eu.battle.net
2014-02-28 08:28:26,eu.battle.net
2014-02-28 08:28:27,eu.battle.net
2014-02-28 08:28:27,media.blizzard.com
2014-02-28 08:28:39,eu.battle.net
2014-02-28 08:28:40,eu.battle.net
2014-02-28 08:28:41,eu.battle.net
2014-02-28 08:28:42,eu.battle.net
2014-02-28 08:28:42,media.blizzard.com
2014-02-28 08:28:43,eu.battle.net
2014-02-28 08:28:44,eu.battle.net
2014-02-28 08:28:50,eu.battle.net
2014-02-28 08:28:51,eu.battle.net
2014-02-28 08:28:51,media.blizzard.com
2014-02-28 08:28:52,eu.battle.net
2014-02-28 08:29:13,eu.battle.net
2014-02-28 08:29:13,media.blizzard.com
2014-02-28 08:29:14,eu.battle.net
2014-02-28 08:29:16,media.blizzard.com
2014-02-28 08:29:16,eu.battle.net
2014-02-28 08:29:17,media.blizzard.com
2014-02-28 08:29:17,eu.battle.net
2014-02-28 08:29:24,eu.battle.net
2014-02-28 08:29:29,media.blizzard.com
2014-02-28 08:29:29,eu.battle.net
2014-02-28 08:29:30,media.blizzard.com
2014-02-28 08:29:30,eu.battle.net
2014-02-28 08:29:37,eu.battle.net
2014-02-28 08:29:37,media.blizzard.com
2014-02-28 08:29:38,eu.battle.net
2014-02-28 08:29:38,media.blizzard.com
2014-02-28 08:29:39,eu.battle.net
2014-02-28 08:29:44,eu.battle.net
2014-02-28 08:29:45,eu.battle.net
2014-02-28 08:29:49,eu.battle.net
2014-02-28 08:29:50,eu.battle.net
2014-02-28 08:29:52,eu.battle.net
2014-02-28 08:29:52,media.blizzard.com
2014-02-28 08:29:56,eu.battle.net
2014-02-28 08:29:57,eu.battle.net
2014-02-28 08:29:59,eu.battle.net
2014-02-28 08:29:59,media.blizzard.com
2014-02-28 08:30:01,media.blizzard.com
2014-02-28 08:30:01,eu.battle.net
2014-02-28 08:30:03,eu.battle.net
2014-02-28 08:30:03,media.blizzard.com
2014-02-28 08:30:04,eu.battle.net
2014-02-28 08:30:05,media.blizzard.com
2014-02-28 08:30:05,eu.battle.net
2014-02-28 08:30:23,eu.battle.net
2014-02-28 08:30:31,eu.battle.net
2014-02-28 08:30:31,bnetcmsus-a.akamaihd.net
2014-02-28 08:30:32,eu.battle.net
2014-02-28 08:30:34,eu.battle.net
2014-02-28 08:30:35,eu.battle.net
2014-02-28 08:30:36,eu.battle.net
2014-02-28 08:30:37,media.blizzard.com
2014-02-28 08:30:38,eu.battle.net
2014-02-28 08:30:40,eu.battle.net
2014-02-28 08:30:41,eu.battle.net
2014-02-28 08:30:41,media.blizzard.com
2014-02-28 08:30:42,eu.battle.net
2014-02-28 08:30:43,eu.battle.net
2014-02-28 08:30:43,media.blizzard.com
2014-02-28 08:30:55,eu.battle.net
2014-02-28 08:30:57,eu.battle.net
2014-02-28 08:30:57,media.blizzard.com
2014-02-28 08:30:58,eu.battle.net
2014-02-28 08:30:58,media.blizzard.com
2014-02-28 08:31:07,eu.battle.net
2014-02-28 08:31:08,eu.battle.net
2014-02-28 08:31:09,eu.battle.net
2014-02-28 08:31:10,media.blizzard.com
2014-02-28 08:31:10,eu.battle.net
2014-02-28 08:31:24,eu.battle.net
2014-02-28 08:31:26,eu.battle.net
2014-02-28 08:31:27,eu.battle.net
2014-02-28 08:31:27,media.blizzard.com
2014-02-28 08:31:36,eu.battle.net
2014-02-28 08:31:39,media.blizzard.com
2014-02-28 08:31:39,eu.battle.net
2014-02-28 08:31:40,eu.battle.net
2014-02-28 08:31:40,media.blizzard.com
2014-02-28 08:31:41,eu.battle.net
2014-02-28 08:31:41,media.blizzard.com
2014-02-28 08:31:48,eu.battle.net
2014-02-28 08:31:52,media.blizzard.com
2014-02-28 08:31:52,eu.battle.net
2014-02-28 08:31:58,eu.battle.net
2014-02-28 08:31:59,eu.battle.net
2014-02-28 08:32:01,media.blizzard.com
2014-02-28 08:32:01,eu.battle.net
2014-02-28 08:32:02,eu.battle.net
2014-02-28 08:32:03,eu.battle.net
2014-02-28 08:32:27,eu.battle.net
2014-02-28 08:32:34,eu.battle.net
2014-02-28 08:32:35,eu.battle.net
2014-02-28 08:32:36,eu.battle.net
2014-02-28 08:32:37,media.blizzard.com
2014-02-28 08:32:37,eu.battle.net
2014-02-28 08:35:15,search.mywebs.pro
2014-02-28 08:35:16,search.mywebs.pro
2014-02-28 08:35:17,search.mywebs.pro
2014-02-28 08:35:19,eu.battle.net
2014-02-28 08:35:21,eu.battle.net
2014-02-28 08:36:18,eu.battle.net
2014-02-28 08:36:19,media.blizzard.com
2014-02-28 08:36:24,eu.battle.net
2014-02-28 08:36:25,eu.battle.net
2014-02-28 08:36:26,eu.battle.net
2014-02-28 08:36:27,eu.battle.net
2014-02-28 08:36:30,eu.battle.net
2014-02-28 08:36:31,media.blizzard.com
2014-02-28 08:36:31,eu.battle.net
2014-02-28 08:36:36,search.mywebs.pro
2014-02-28 08:36:37,search.mywebs.pro
2014-02-28 08:36:44,eu.battle.net
2014-02-28 08:36:44,media.blizzard.com
2014-02-28 08:37:43,search.mywebs.pro
2014-02-28 08:37:44,search.mywebs.pro
2014-02-28 08:37:45,search.mywebs.pro
2014-02-28 08:37:46,eu.battle.net
2014-02-28 08:37:47,eu.battle.net
2014-02-28 08:37:49,eu.battle.net
2014-02-28 08:37:52,eu.battle.net
2014-02-28 08:38:01,eu.battle.net
2014-02-28 08:38:02,eu.battle.net
2014-02-28 08:38:03,eu.battle.net
2014-02-28 08:38:04,eu.battle.net
2014-02-28 08:38:05,eu.battle.net
2014-02-28 08:38:06,eu.battle.net
2014-02-28 08:38:08,eu.battle.net
2014-02-28 08:38:09,eu.battle.net
2014-02-28 08:38:10,eu.battle.net
2014-02-28 08:38:11,eu.battle.net
2014-02-28 08:38:11,media.blizzard.com
2014-02-28 08:38:24,eu.battle.net
2014-02-28 08:38:25,eu.battle.net
2014-02-28 08:38:27,eu.battle.net
2014-02-28 08:38:28,eu.battle.net
2014-02-28 08:38:29,eu.battle.net
2014-02-28 08:38:34,eu.battle.net
2014-02-28 08:38:35,eu.battle.net
2014-02-28 08:38:36,eu.battle.net
2014-02-28 08:38:38,eu.battle.net
2014-02-28 08:38:40,eu.battle.net
2014-02-28 08:38:43,eu.battle.net
2014-02-28 08:38:45,eu.battle.net
2014-02-28 08:38:46,eu.battle.net
2014-02-28 08:38:48,eu.battle.net
2014-02-28 08:38:49,eu.battle.net
2014-02-28 08:38:53,eu.battle.net
2014-02-28 08:38:54,eu.battle.net
2014-02-28 08:38:55,eu.battle.net
2014-02-28 08:38:56,eu.battle.net
2014-02-28 08:38:59,eu.battle.net
2014-02-28 08:39:00,eu.battle.net
2014-02-28 08:39:01,eu.battle.net
2014-02-28 08:39:02,eu.battle.net
2014-02-28 08:39:03,eu.battle.net
2014-02-28 08:39:06,eu.battle.net
2014-02-28 08:39:11,eu.battle.net
2014-02-28 08:39:12,media.blizzard.com
2014-02-28 08:39:12,eu.battle.net
2014-02-28 08:39:12,bnetcmsus-a.akamaihd.net
2014-02-28 08:39:13,eu.battle.net
2014-02-28 08:39:15,eu.battle.net
2014-02-28 08:39:16,eu.battle.net
2014-02-28 08:39:16,media.blizzard.com
2014-02-28 08:39:20,eu.battle.net
2014-02-28 08:39:21,eu.battle.net
2014-02-28 08:39:21,media.blizzard.com
2014-02-28 08:44:32,search.mywebs.pro
2014-02-28 08:44:33,search.mywebs.pro
2014-02-28 08:44:36,eu.battle.net
2014-02-28 08:44:38,eu.battle.net
2014-02-28 08:44:39,eu.battle.net
2014-02-28 08:44:42,eu.battle.net
2014-02-28 08:44:43,eu.battle.net
2014-02-28 08:44:58,eu.battle.net
2014-02-28 08:45:14,tools.google.com
2014-02-28 08:45:14,eu.battle.net
2014-02-28 08:45:15,eu.battle.net
2014-02-28 08:45:16,eu.battle.net
2014-02-28 08:45:17,eu.battle.net
2014-02-28 08:45:19,eu.battle.net
2014-02-28 08:45:20,eu.battle.net
2014-02-28 08:45:20,media.blizzard.com
2014-02-28 08:45:29,clients1.google.com
2014-02-28 08:45:39,eu.battle.net
2014-02-28 08:45:39,media.blizzard.com
2014-02-28 08:45:44,www.google.com
2014-02-28 08:45:44,developer.android.com
2014-02-28 08:45:44,clients2.google.com
2014-02-28 08:45:44,apis.google.com
2014-02-28 08:45:44,clients4.google.com
2014-02-28 08:45:44,translate.googleapis.com
2014-02-28 08:45:44,clients3.google.com
2014-02-28 08:46:01,www.google.com
2014-02-28 08:46:01,www.google.fr
2014-02-28 08:46:02,apis.google.com
2014-02-28 08:46:02,eu.battle.net
2014-02-28 08:46:41,eu.battle.net
2014-02-28 08:46:51,eu.battle.net
2014-02-28 08:48:12,eu.battle.net
2014-02-28 08:48:59,eu.battle.net
2014-02-28 08:49:00,bnetcmseu-a.akamaihd.net
2014-02-28 08:49:00,eu.battle.net
2014-02-28 08:49:04,eu.battle.net
2014-02-28 08:49:10,eu.battle.net
2014-02-28 08:49:42,eu.battle.net
2014-02-28 08:50:00,eu.battle.net
2014-02-28 08:50:00,media.blizzard.com
2014-02-28 08:50:01,www.google.fr
2014-02-28 08:50:01,translate.googleapis.com
2014-02-28 08:50:01,clients4.google.com
2014-02-28 08:50:02,eu.battle.net
2014-02-28 08:50:02,media.blizzard.com
2014-02-28 08:50:04,www.google.com
2014-02-28 08:50:25,eu.battle.net
2014-02-28 08:50:28,eu.battle.net
2014-02-28 08:50:29,media.blizzard.com
2014-02-28 08:50:29,eu.battle.net
2014-02-28 08:50:30,eu.battle.net
2014-02-28 08:50:31,eu.battle.net
2014-02-28 08:50:31,media.blizzard.com
2014-02-28 08:50:32,eu.battle.net
2014-02-28 08:50:32,media.blizzard.com
2014-02-28 08:50:33,media.blizzard.com
2014-02-28 08:50:46,eu.battle.net
2014-02-28 08:50:47,eu.battle.net
2014-02-28 08:51:20,eu.battle.net
2014-02-28 08:51:38,eu.battle.net
2014-02-28 08:51:44,eu.battle.net
2014-02-28 08:51:45,eu.battle.net
2014-02-28 08:51:46,eu.battle.net
2014-02-28 08:51:54,eu.battle.net
2014-02-28 08:51:55,media.blizzard.com
2014-02-28 08:51:55,eu.battle.net
2014-02-28 08:51:56,eu.battle.net
2014-02-28 08:51:57,eu.battle.net
2014-02-28 08:51:57,media.blizzard.com
2014-02-28 08:51:59,clients2.google.com
2014-02-28 08:52:03,tools.google.com
2014-02-28 08:52:07,eu.battle.net
2014-02-28 08:52:08,eu.battle.net
2014-02-28 08:52:40,safebrowsing.google.com
2014-02-28 08:52:41,safebrowsing-cache.google.com
2014-02-28 08:52:49,eu.battle.net
2014-02-28 08:53:30,eu.battle.net
2014-02-28 08:55:18,www.google.fr
2014-02-28 08:55:18,www.google.com
2014-02-28 08:55:26,footauvergne.forumactif.com
2014-02-28 08:55:26,illiweb.com
2014-02-28 08:55:26,i60.servimg.com
2014-02-28 08:55:26,www.blablaland.com
2014-02-28 08:55:26,www.lafauteaufoot.com
2014-02-28 08:55:26,ajax.googleapis.com
2014-02-28 08:55:26,i36.servimg.com
2014-02-28 08:55:27,images.topflood.com
2014-02-28 08:55:28,rp.gwallet.com
2014-02-28 08:55:28,adventori.com
2014-02-28 08:55:29,www.eficiens-serving2.com
2014-02-28 08:55:30,www.illiweb.com
2014-02-28 08:55:30,www.google.com
2014-02-28 08:55:40,illiweb.com
2014-02-28 08:55:40,footauvergne.forumactif.com
2014-02-28 08:55:40,www.lafauteaufoot.com
2014-02-28 08:55:46,footauvergne.forumactif.com
2014-02-28 08:55:46,illiweb.com
2014-02-28 08:55:47,banniere.reussissonsensemble.fr
2014-02-28 08:55:47,affiliation.service-voyages.com
2014-02-28 08:55:47,n19.hal9000.redintelligence.net
2014-02-28 08:55:47,hal9000.redintelligence.net
2014-02-28 08:55:48,banniere.reussissonsensemble.fr
2014-02-28 08:55:54,illiweb.com
2014-02-28 08:55:54,footauvergne.forumactif.com
2014-02-28 08:55:55,r27.imgfast.net
2014-02-28 08:55:55,adventori.com
2014-02-28 08:55:57,footauvergne.forumactif.com
2014-02-28 08:55:58,hal9000.redintelligence.net
2014-02-28 08:55:58,ea.numericable.fr
2014-02-28 08:55:58,ad.publicidees.com
2014-02-28 08:55:58,banniere.reussissonsensemble.fr
2014-02-28 08:56:01,hal9000.redintelligence.net
2014-02-28 08:56:02,footauvergne.forumactif.com
2014-02-28 08:56:06,footauvergne.forumactif.com
2014-02-28 08:56:11,footauvergne.forumactif.com
2014-02-28 08:56:11,illiweb.com
2014-02-28 08:56:11,r27.imgfast.net
2014-02-28 08:56:43,www.google.fr
2014-02-28 08:56:44,ajax.googleapis.com
2014-02-28 08:56:44,code.jquery.com
2014-02-28 08:56:44,www.hobbyking.com
2014-02-28 08:56:45,s-static.ak.facebook.com
2014-02-28 08:56:45,www.google.com
2014-02-28 08:56:45,connect.facebook.net
2014-02-28 08:56:45,static.ak.facebook.com
2014-02-28 08:56:45,footauvergne.forumactif.com
2014-02-28 08:56:45,www.hobbyking.com
2014-02-28 08:56:45,www.google.fr
2014-02-28 08:56:46,www.hobbyking.com
2014-02-28 08:57:33,www.hobbyking.com
2014-02-28 08:57:34,www.google.fr
2014-02-28 08:57:34,www.google.com
2014-02-28 08:57:34,www.hobbyking.com
2014-02-28 08:57:34,s-static.ak.facebook.com
2014-02-28 08:57:34,static.ak.facebook.com
2014-02-28 08:57:37,www.hobbyking.com
2014-02-28 08:57:58,www.hobbyking.com
2014-02-28 08:57:59,s-static.ak.facebook.com
2014-02-28 08:57:59,static.ak.facebook.com
2014-02-28 08:57:59,www.hobbyking.com
2014-02-28 08:58:00,www.google.fr
2014-02-28 08:58:00,www.google.com
2014-02-28 08:58:00,www.hobbyking.com
2014-02-28 08:58:01,www.hobbyking.com
2014-02-28 08:58:16,www.google.com
2014-02-28 08:58:16,www.hobbyking.com
2014-02-28 08:58:16,static.ak.facebook.com
2014-02-28 08:58:16,www.google.fr
2014-02-28 08:58:16,s-static.ak.facebook.com
2014-02-28 08:58:27,www.hobbyking.com
2014-02-28 08:58:27,static.ak.facebook.com
2014-02-28 08:58:27,s-static.ak.facebook.com
2014-02-28 08:58:28,www.hobbyking.com
2014-02-28 08:58:28,www.google.com
2014-02-28 08:58:28,www.google.fr
2014-02-28 08:58:42,www.hobbyking.com
2014-02-28 08:58:42,static.ak.facebook.com
2014-02-28 08:58:42,s-static.ak.facebook.com
2014-02-28 08:58:43,www.hobbyking.com
2014-02-28 08:58:43,ajax.googleapis.com
2014-02-28 08:58:44,www.facebook.com
2014-02-28 08:58:44,www.hobbyking.com
2014-02-28 08:58:44,www.google.com
2014-02-28 08:58:44,www.google.fr
2014-02-28 08:58:45,www.hobbyking.com
2014-02-28 08:58:47,www.hobbyking.com
2014-02-28 08:58:48,www.hobbyking.com
2014-02-28 08:58:50,www.hobbyking.com
2014-02-28 08:58:51,static.ak.facebook.com
2014-02-28 08:58:51,www.google.fr
2014-02-28 08:58:51,www.google.com
2014-02-28 08:58:51,s-static.ak.facebook.com
2014-02-28 08:58:52,www.google.fr
2014-02-28 08:58:57,www.hobbyking.com
2014-02-28 08:58:57,www.facebook.com
2014-02-28 08:58:57,www.google.com
2014-02-28 08:58:57,static.ak.facebook.com
2014-02-28 08:58:57,s-static.ak.facebook.com
2014-02-28 08:58:58,www.google.com
2014-02-28 08:58:58,www.google.fr
2014-02-28 08:58:58,www.hobbyking.com
2014-02-28 08:58:59,www.hobbyking.com
2014-02-28 08:59:00,www.hobbyking.com
2014-02-28 08:59:02,www.hobbyking.com
2014-02-28 08:59:04,www.hobbyking.com
2014-02-28 08:59:18,translate.googleapis.com
2014-02-28 08:59:18,apis.google.com
2014-02-28 08:59:18,clients4.google.com
2014-02-28 08:59:21,www.google.com
2014-02-28 08:59:22,www.google.com
2014-02-28 08:59:22,static.ak.facebook.com
2014-02-28 08:59:22,www.google.fr
2014-02-28 08:59:22,s-static.ak.facebook.com
2014-02-28 08:59:27,s-static.ak.facebook.com
2014-02-28 08:59:27,static.ak.facebook.com
2014-02-28 08:59:27,www.hobbyking.com
2014-02-28 08:59:28,www.hobbyking.com
2014-02-28 08:59:28,www.facebook.com
2014-02-28 08:59:28,www.google.com
2014-02-28 08:59:28,www.google.fr
2014-02-28 08:59:29,www.hobbyking.com
2014-02-28 08:59:47,www.hobbyking.com
2014-02-28 08:59:50,s-static.ak.facebook.com
2014-02-28 08:59:50,www.google.fr
2014-02-28 08:59:50,static.ak.facebook.com
2014-02-28 08:59:50,www.google.com
2014-02-28 09:00:03,s-static.ak.facebook.com
2014-02-28 09:00:03,static.ak.facebook.com
2014-02-28 09:00:03,www.hobbyking.com
2014-02-28 09:00:04,www.hobbyking.com
2014-02-28 09:00:05,www.google.fr
2014-02-28 09:00:05,www.google.com
2014-02-28 09:00:05,www.hobbyking.com
2014-02-28 09:00:22,static.ak.facebook.com
2014-02-28 09:00:22,www.google.fr
2014-02-28 09:00:22,www.hobbyking.com
2014-02-28 09:00:22,www.google.com
2014-02-28 09:00:22,s-static.ak.facebook.com
2014-02-28 09:00:42,www.google.fr
2014-02-28 09:00:44,chatserver.comm100.com
2014-02-28 09:00:44,safebrowsing-cache.google.com
2014-02-28 09:00:44,safebrowsing.google.com
2014-02-28 09:03:59,www.google.fr
2014-02-28 09:03:59,www.google.com
2014-02-28 09:04:06,deliv.leboncoin.fr
2014-02-28 09:04:06,static.leboncoin.fr
2014-02-28 09:04:06,www.leboncoin.fr
2014-02-28 09:04:07,www.leboncoin.fr
2014-02-28 09:04:07,static.leboncoin.fr
2014-02-28 09:04:07,deliv.leboncoin.fr
2014-02-28 09:04:08,deliv.leboncoin.fr
2014-02-28 09:04:08,193.164.196.40
2014-02-28 09:04:08,193.164.197.50
2014-02-28 09:04:08,193.164.197.30
2014-02-28 09:04:08,193.164.197.60
2014-02-28 09:04:08,193.164.196.30
2014-02-28 09:04:08,193.164.197.40
2014-02-28 09:04:08,adventori.com
2014-02-28 09:04:09,www.facebook.com
2014-02-28 09:04:09,www.google.fr
2014-02-28 09:04:13,compteperso.leboncoin.fr
2014-02-28 09:04:14,193.164.196.40
2014-02-28 09:04:14,193.164.197.30
2014-02-28 09:04:14,193.164.197.40
2014-02-28 09:04:14,deliv.leboncoin.fr
2014-02-28 09:04:14,www.leboncoin.fr
2014-02-28 09:04:14,193.164.197.50
2014-02-28 09:04:14,193.164.196.50
2014-02-28 09:04:15,adventori.com
2014-02-28 09:04:21,193.164.196.50
2014-02-28 09:04:21,www.leboncoin.fr
2014-02-28 09:04:21,deliv.leboncoin.fr
2014-02-28 09:04:21,193.164.197.30
2014-02-28 09:04:21,193.164.196.40
2014-02-28 09:04:21,193.164.196.60
2014-02-28 09:04:21,www.google.com
2014-02-28 09:04:21,adventori.com
2014-02-28 09:04:21,193.164.197.50
2014-02-28 09:04:21,193.164.196.30
2014-02-28 09:04:31,www.google.com
2014-02-28 09:04:31,193.164.196.30
2014-02-28 09:04:31,193.164.197.60
2014-02-28 09:04:31,deliv.leboncoin.fr
2014-02-28 09:04:31,193.164.197.50
2014-02-28 09:04:31,193.164.197.30
2014-02-28 09:04:31,193.164.196.40
2014-02-28 09:04:31,www.leboncoin.fr
2014-02-28 09:04:31,193.164.196.60
2014-02-28 09:04:31,adventori.com
2014-02-28 09:04:32,um.simpli.fi
2014-02-28 09:04:32,adventori.com
2014-02-28 09:04:33,apnx-match.dotomi.com
2014-02-28 09:04:36,193.164.197.40
2014-02-28 09:04:39,www.leboncoin.fr
2014-02-28 09:04:39,static.leboncoin.fr
2014-02-28 09:04:39,193.164.197.60
2014-02-28 09:04:39,193.164.196.40
2014-02-28 09:04:39,deliv.leboncoin.fr
2014-02-28 09:04:39,193.164.196.60
2014-02-28 09:04:39,adventori.com
2014-02-28 09:04:42,193.164.196.40
2014-02-28 09:04:45,pixel2368.everesttech.net
2014-02-28 09:04:46,deliv.leboncoin.fr
2014-02-28 09:04:46,adventori.com
2014-02-28 09:04:48,193.164.197.30
2014-02-28 09:04:54,deliv.leboncoin.fr
2014-02-28 09:04:54,www.leboncoin.fr
2014-02-28 09:04:54,static.leboncoin.fr
2014-02-28 09:04:54,193.164.196.60
2014-02-28 09:04:54,193.164.197.30
2014-02-28 09:04:55,adventori.com
2014-02-28 09:05:00,deliv.leboncoin.fr
2014-02-28 09:05:01,mm.eulerian.net
2014-02-28 09:05:01,193.164.197.40
2014-02-28 09:05:01,193.164.196.50
2014-02-28 09:05:01,193.164.196.60
2014-02-28 09:05:01,193.164.196.30
2014-02-28 09:05:02,193.164.196.30
2014-02-28 09:05:03,193.164.196.40
2014-02-28 09:05:05,www.leboncoin.fr
2014-02-28 09:05:05,static.leboncoin.fr
2014-02-28 09:05:05,193.164.196.40
2014-02-28 09:05:05,193.164.197.30
2014-02-28 09:05:05,193.164.197.40
2014-02-28 09:05:05,deliv.leboncoin.fr
2014-02-28 09:05:06,deliv.leboncoin.fr
2014-02-28 09:05:06,www.leboncoin.fr
2014-02-28 09:05:06,adventori.com
2014-02-28 09:05:07,193.164.196.40
2014-02-28 09:05:08,193.164.197.30
2014-02-28 09:05:11,193.164.197.30
2014-02-28 09:05:11,193.164.196.40
2014-02-28 09:05:11,193.164.196.30
2014-02-28 09:05:11,193.164.197.50
2014-02-28 09:05:11,deliv.leboncoin.fr
2014-02-28 09:05:14,193.164.197.60
2014-02-28 09:05:15,193.164.197.50
2014-02-28 09:05:16,193.164.197.40
2014-02-28 09:05:17,www.leboncoin.fr
2014-02-28 09:05:18,static.leboncoin.fr
2014-02-28 09:05:18,193.164.197.50
2014-02-28 09:05:18,193.164.196.40
2014-02-28 09:05:18,deliv.leboncoin.fr
2014-02-28 09:05:19,adventori.com
2014-02-28 09:05:20,193.164.196.40
2014-02-28 09:05:23,193.164.197.50
2014-02-28 09:05:25,adventori.com
2014-02-28 09:05:25,deliv.leboncoin.fr
2014-02-28 09:05:26,193.164.196.60
2014-02-28 09:05:26,193.164.197.60
2014-02-28 09:05:26,193.164.196.50
2014-02-28 09:05:26,193.164.197.50
2014-02-28 09:05:26,193.164.197.30
2014-02-28 09:05:26,193.164.197.40
2014-02-28 09:05:28,www.leboncoin.fr
2014-02-28 09:05:28,193.164.197.60
2014-02-28 09:05:28,static.leboncoin.fr
2014-02-28 09:05:28,193.164.196.60
2014-02-28 09:05:28,193.164.197.50
2014-02-28 09:05:28,deliv.leboncoin.fr
2014-02-28 09:05:28,adventori.com
2014-02-28 09:05:30,193.164.196.60
2014-02-28 09:05:31,193.164.197.60
2014-02-28 09:05:32,deliv.leboncoin.fr
2014-02-28 09:05:38,www.leboncoin.fr
2014-02-28 09:05:38,static.leboncoin.fr
2014-02-28 09:05:38,193.164.197.40
2014-02-28 09:05:38,193.164.196.40
2014-02-28 09:05:38,193.164.196.60
2014-02-28 09:05:38,deliv.leboncoin.fr
2014-02-28 09:05:39,deliv.leboncoin.fr
2014-02-28 09:05:39,adventori.com
2014-02-28 09:05:40,deliv.leboncoin.fr
2014-02-28 09:05:41,adventori.com
2014-02-28 09:05:41,deliv.leboncoin.fr
2014-02-28 09:05:43,www.leboncoin.fr
2014-02-28 09:05:43,static.leboncoin.fr
2014-02-28 09:05:44,193.164.196.40
2014-02-28 09:05:44,193.164.196.30
2014-02-28 09:05:44,193.164.196.60
2014-02-28 09:05:44,deliv.leboncoin.fr
2014-02-28 09:05:44,static.leboncoin.fr
2014-02-28 09:05:44,adventori.com
2014-02-28 09:05:46,adventori.com
2014-02-28 09:05:46,www.google.com
2014-02-28 09:05:46,deliv.leboncoin.fr
2014-02-28 09:05:50,www.google.fr
2014-02-28 09:05:57,www.google.com
2014-02-28 09:05:57,www.google.fr
2014-02-28 09:05:57,clients4.google.com
2014-02-28 09:05:57,translate.googleapis.com
2014-02-28 09:10:05,www.google.com
2014-02-28 09:10:05,www.google.fr
2014-02-28 09:10:15,www.google.fr
2014-02-28 09:11:06,www.materiel.net
2014-02-28 09:11:06,media.materiel.net
2014-02-28 09:11:07,www.materiel.net
2014-02-28 09:11:11,www.materiel.net
2014-02-28 09:11:14,www.jeuxvideo.com
2014-02-28 09:11:14,image.jeuxvideo.com
2014-02-28 09:11:15,image.jeuxvideo.com
2014-02-28 09:11:15,www.jeuxvideo.com
2014-02-28 09:11:16,apis.google.com
2014-02-28 09:11:16,www.jeuxvideo.com
2014-02-28 09:11:17,d3l3lkinz3f56t.cloudfront.net
2014-02-28 09:12:09,wtpn.twenga.fr
2014-02-28 09:12:09,forum-images.hardware.fr
2014-02-28 09:12:09,forum.hardware.fr
2014-02-28 09:12:10,script.affilizr.com
2014-02-28 09:12:11,fr.primary.affinitad.com
2014-02-28 09:12:11,wtpn.twenga.fr
2014-02-28 09:12:11,rbx-cdn-tpn.c4tw.net
2014-02-28 09:12:11,i10.twenga.com
2014-02-28 09:12:11,i11.twenga.com
2014-02-28 09:12:11,forum.hardware.fr
2014-02-28 09:12:20,media.ldlc.com
2014-02-28 09:12:20,ajax.googleapis.com
2014-02-28 09:12:20,www.google.com
2014-02-28 09:12:20,www.ldlc.com
2014-02-28 09:12:21,www.ldlc.com
2014-02-28 09:12:21,www.google.com
2014-02-28 09:12:21,clients1.google.com
2014-02-28 09:12:21,media.ldlc.com
2014-02-28 09:12:30,affiliation.groupe-ldlc.com
2014-02-28 09:12:41,images-na.ssl-images-amazon.com
2014-02-28 09:12:41,apis.google.com
2014-02-28 09:12:41,www.google.com
2014-02-28 09:12:41,www.google.fr
2014-02-28 09:12:41,www.ldlc.com
2014-02-28 09:12:42,www.ldlc.com
2014-02-28 09:12:42,media.ldlc.com
2014-02-28 09:12:42,clients1.google.com
2014-02-28 09:12:43,media.ldlc.com
2014-02-28 09:12:51,affiliation.groupe-ldlc.com
2014-02-28 09:13:02,www.ldlc.com
2014-02-28 09:13:02,media.ldlc.com
2014-02-28 09:13:12,www.ldlc.com
2014-02-28 09:13:12,media.ldlc.com
2014-02-28 09:13:20,www.ldlc.com
2014-02-28 09:13:21,www.ldlc.com
2014-02-28 09:13:22,www.ldlc.com
2014-02-28 09:13:23,www.ldlc.com
2014-02-28 09:13:29,media.ldlc.com
2014-02-28 09:13:29,www.ldlc.com
2014-02-28 09:13:30,clients1.google.com
2014-02-28 09:13:39,affiliation.groupe-ldlc.com
2014-02-28 09:13:41,www.ldlc.com
2014-02-28 09:13:44,www.ldlc.com
2014-02-28 09:13:45,www.ldlc.com
2014-02-28 09:13:46,www.ldlc.com
2014-02-28 09:14:05,translate.googleapis.com
2014-02-28 09:14:05,clients4.google.com
2014-02-28 09:14:34,www.assembler-pc.fr
2014-02-28 09:14:38,www.google.fr
2014-02-28 09:14:57,www.assembler-pc.fr
2014-02-28 09:14:58,www.materiel.net
2014-02-28 09:14:58,media.ldlc.com
2014-02-28 09:14:58,www.assembler-pc.fr
2014-02-28 09:15:07,safebrowsing-cache.google.com
2014-02-28 09:15:16,accounts.google.com
2014-02-28 09:16:01,www.facebook.com
2014-02-28 09:16:01,static.ccm2.net
2014-02-28 09:16:01,www.commentcamarche.net
2014-02-28 09:16:01,ba.commentcamarche.net
2014-02-28 09:16:02,clients2.google.com
2014-02-28 09:16:02,platform.twitter.com
2014-02-28 09:16:02,eulerian.canal-plus.com
2014-02-28 09:16:02,static.ccm2.net
2014-02-28 09:16:02,ba.commentcamarche.net
2014-02-28 09:16:02,r.ccm2.net
2014-02-28 09:16:02,connect.facebook.net
2014-02-28 09:16:03,static.ccm2.net
2014-02-28 09:16:03,static.ccmbg.com
2014-02-28 09:16:03,platform.twitter.com
2014-02-28 09:16:03,broadcast.piximedia.fr
2014-02-28 09:16:03,static.ak.facebook.com
2014-02-28 09:16:03,loadr.exelator.com
2014-02-28 09:16:03,www.facebook.com
2014-02-28 09:16:03,s-static.ak.facebook.com
2014-02-28 09:16:03,twitter.com
2014-02-28 09:16:04,broadcast.piximedia.fr
2014-02-28 09:16:05,broadcast.piximedia.fr
2014-02-28 09:16:07,tools.google.com
2014-02-28 09:16:07,r4---sn-gxo5uxg-jqbe.c.pack.google.com
2014-02-28 09:16:07,cache.pack.google.com
2014-02-28 09:16:10,safebrowsing.google.com
2014-02-28 09:16:19,www.topachat.com
2014-02-28 09:16:20,www.topachat.com
2014-02-28 09:16:22,www.topachat.com
2014-02-28 09:16:23,www.topachat.com
2014-02-28 09:16:25,twitter.com
2014-02-28 09:16:27,www.topachat.com
2014-02-28 09:16:27,www.commentcamarche.net
2014-02-28 09:16:32,tracking.veoxa.com
2014-02-28 09:16:32,courses.carrefour.fr
2014-02-28 09:16:33,medserv.carrefour.com
2014-02-28 09:16:33,courses.carrefour.fr
2014-02-28 09:16:33,ee89ce.r.axf8.net
2014-02-28 09:16:33,www.youtube.com
2014-02-28 09:16:33,s.ytimg.com
2014-02-28 09:16:34,www.google.com
2014-02-28 09:16:34,s.ytimg.com
2014-02-28 09:16:34,i1.ytimg.com
2014-02-28 09:16:34,courses.carrefour.fr
2014-02-28 09:16:36,courses.carrefour.fr
2014-02-28 09:16:50,static.glowbl.com
2014-02-28 09:16:50,s1.static69.com
2014-02-28 09:16:50,www.topachat.com
2014-02-28 09:16:51,www.facebook.com
2014-02-28 09:16:51,static.glowbl.com
2014-02-28 09:16:51,platform.twitter.com
2014-02-28 09:16:51,www.topachat.com
2014-02-28 09:16:51,s-static.ak.facebook.com
2014-02-28 09:16:51,static.ak.facebook.com
2014-02-28 09:16:55,www.topachat.com
2014-02-28 09:16:55,twitter.com
2014-02-28 09:17:06,m.bestofmedia.com
2014-02-28 09:17:06,ajax.googleapis.com
2014-02-28 09:17:07,m.bestofmedia.com
2014-02-28 09:17:07,ajax.googleapis.com
2014-02-28 09:17:10,twitter.com
2014-02-28 09:17:13,media.bestofmicro.com
2014-02-28 09:17:13,www.beead.fr
2014-02-28 09:17:13,m.bestofmedia.com
2014-02-28 09:17:14,as.beead.net
2014-02-28 09:17:14,m.bestofmedia.com
2014-02-28 09:17:14,match.rtbidder.net
2014-02-28 09:17:14,static.ak.facebook.com
2014-02-28 09:17:14,s-static.ak.facebook.com
2014-02-28 09:17:14,www.facebook.com
2014-02-28 09:17:16,m.bestofmedia.com
2014-02-28 09:17:17,static.ebz.io
2014-02-28 09:17:18,www.materiel.net
2014-02-28 09:17:18,media.materiel.net
2014-02-28 09:17:19,media.materiel.net
2014-02-28 09:17:19,www.materiel.net
2014-02-28 09:17:25,www.materiel.net
2014-02-28 09:17:25,media.materiel.net
2014-02-28 09:17:29,media.materiel.net
2014-02-28 09:17:29,www.materiel.net
2014-02-28 09:17:35,media.bestofmicro.com
2014-02-28 09:17:56,www.materiel.net
2014-02-28 09:17:56,media.materiel.net
2014-02-28 09:19:08,www.materiel.net
2014-02-28 09:19:08,media.materiel.net
2014-02-28 09:19:09,www.materiel.net
2014-02-28 09:19:09,media.materiel.net
2014-02-28 09:19:16,media.materiel.net
2014-02-28 09:19:17,www.materiel.net
2014-02-28 09:19:18,media.materiel.net
2014-02-28 09:19:18,www.materiel.net
2014-02-28 09:19:21,www.materiel.net
2014-02-28 09:19:21,media.materiel.net
2014-02-28 09:19:30,www.materiel.net
2014-02-28 09:19:46,media.materiel.net
2014-02-28 09:19:46,www.materiel.net
2014-02-28 09:19:47,media.materiel.net
2014-02-28 09:19:52,www.materiel.net
2014-02-28 09:19:56,www.materiel.net
2014-02-28 09:19:56,media.materiel.net
2014-02-28 09:20:02,ajax.googleapis.com
2014-02-28 09:20:04,www.materiel.net
2014-02-28 09:20:10,www.materiel.net
2014-02-28 09:20:10,media.materiel.net
2014-02-28 09:20:14,media.materiel.net
2014-02-28 09:20:15,media.materiel.net
2014-02-28 09:20:17,media.materiel.net
2014-02-28 09:20:18,media.materiel.net
2014-02-28 09:20:19,media.materiel.net
2014-02-28 09:20:20,media.materiel.net
2014-02-28 09:20:21,media.materiel.net
2014-02-28 09:20:28,clients2.google.com
2014-02-28 09:20:28,clients1.google.com
2014-02-28 09:20:28,www.google.fr
2014-02-28 09:20:28,apis.google.com
2014-02-28 09:20:28,accounts.google.com
2014-02-28 09:20:28,cdns.gigya.com
2014-02-28 09:23:04,www.google.fr
2014-02-28 09:23:04,www.google.com
2014-02-28 09:25:29,www.google.com
2014-02-28 09:25:29,clients4.google.com
2014-02-28 09:25:29,www.google.fr
2014-02-28 09:25:29,translate.googleapis.com
2014-02-28 10:01:16,www.google.com
2014-02-28 10:01:17,www.google.fr
2014-02-28 10:01:27,fr-fr.facebook.com
2014-02-28 10:01:33,fr-fr.facebook.com
2014-02-28 10:01:39,fr-fr.facebook.com
2014-02-28 10:01:44,www.facebook.com
2014-02-28 10:01:54,www.google.fr
2014-02-28 10:01:54,www.google.com
2014-02-28 10:01:54,translate.googleapis.com
2014-02-28 10:01:54,clients4.google.com
2014-02-28 10:02:17,www.google.fr
2014-02-28 10:02:17,www.google.com
2014-02-28 10:02:26,ajax.googleapis.com
2014-02-28 10:02:26,img1.lesnumeriques.com
2014-02-28 10:02:26,code.jquery.com
2014-02-28 10:02:26,www.lesnumeriques.com
2014-02-28 10:02:27,code.jquery.com
2014-02-28 10:02:27,d3js.org
2014-02-28 10:02:27,img1.lesnumeriques.com
2014-02-28 10:02:28,www.lesnumeriques.com
2014-02-28 10:02:28,connect.facebook.net
2014-02-28 10:02:28,d3js.org
2014-02-28 10:02:28,img1.lesnumeriques.com
2014-02-28 10:02:29,s-static.ak.facebook.com
2014-02-28 10:02:29,www.facebook.com
2014-02-28 10:02:29,platform.twitter.com
2014-02-28 10:02:29,static.ak.facebook.com
2014-02-28 10:02:30,www.lesnumeriques.com
2014-02-28 10:02:36,static.ak.facebook.com
2014-02-28 10:02:36,s-static.ak.facebook.com
2014-02-28 10:02:36,www.lesnumeriques.com
2014-02-28 10:02:36,img1.lesnumeriques.com
2014-02-28 10:02:36,www.facebook.com
2014-02-28 10:02:36,www.youtube.com
2014-02-28 10:02:40,i1.ytimg.com
2014-02-28 10:02:40,img1.lesnumeriques.com
2014-02-28 10:02:40,hal9000.redintelligence.net
2014-02-28 10:02:43,hal9000.redintelligence.net
2014-02-28 10:02:44,boutique-online.orange.fr
2014-02-28 10:02:44,a.nonstoppartner.net
2014-02-28 10:02:44,www.lesnumeriques.com
2014-02-28 10:02:44,pixel.alephd.com
2014-02-28 10:02:44,n33.hal9000.redintelligence.net
2014-02-28 10:02:44,um.simpli.fi
2014-02-28 10:03:07,twitter.com
2014-02-28 10:03:09,twitter.com
2014-02-28 10:03:34,www.facebook.com
2014-02-28 10:04:38,www.youtube.com
2014-02-28 10:04:40,www.youtube.com
2014-02-28 10:04:43,r3---sn-gxo5uxg-jqbe.googlevideo.com
2014-02-28 10:04:43,s.ytimg.com
2014-02-28 10:04:43,s.youtube.com
2014-02-28 10:04:43,www.youtube.com
2014-02-28 10:04:44,i1.ytimg.com
2014-02-28 10:04:44,r3---sn-gxo5uxg-jqbe.googlevideo.com
2014-02-28 10:04:48,i1.ytimg.com
2014-02-28 10:04:48,s.youtube.com
2014-02-28 10:04:48,r3---sn-gxo5uxg-jqbe.googlevideo.com
2014-02-28 10:04:58,s.youtube.com
2014-02-28 10:05:09,i1.ytimg.com
2014-02-28 10:05:10,s.youtube.com
2014-02-28 10:05:11,r3---sn-gxo5uxg-jqbe.googlevideo.com
2014-02-28 10:05:12,s.youtube.com
2014-02-28 10:05:12,r3---sn-gxo5uxg-jqbe.googlevideo.com
2014-02-28 10:05:13,r3---sn-gxo5uxg-jqbe.googlevideo.com
2014-02-28 10:05:15,s.youtube.com
2014-02-28 10:05:19,s.youtube.com
2014-02-28 10:05:20,www.youtube.com
2014-02-28 10:05:20,r3---sn-gxo5uxg-jqbe.googlevideo.com
2014-02-28 10:05:22,s.youtube.com
2014-02-28 10:05:25,i1.ytimg.com
2014-02-28 10:05:27,r3---sn-gxo5uxg-jqbe.googlevideo.com
2014-02-28 10:05:30,r3---sn-gxo5uxg-jqbe.googlevideo.com
2014-02-28 10:05:32,s.youtube.com
2014-02-28 10:05:33,r3---sn-gxo5uxg-jqbe.googlevideo.com
2014-02-28 10:05:35,r3---sn-gxo5uxg-jqbe.googlevideo.com
2014-02-28 10:05:40,s.youtube.com
2014-02-28 10:05:43,r3---sn-gxo5uxg-jqbe.googlevideo.com
2014-02-28 10:05:49,r3---sn-gxo5uxg-jqbe.googlevideo.com
2014-02-28 10:05:58,r3---sn-gxo5uxg-jqbe.googlevideo.com
2014-02-28 10:05:59,s.youtube.com
2014-02-28 10:06:10,s.youtube.com
2014-02-28 10:06:15,r3---sn-gxo5uxg-jqbe.googlevideo.com
2014-02-28 10:06:16,r3---sn-gxo5uxg-jqbe.googlevideo.com
2014-02-28 10:06:17,clients4.google.com
2014-02-28 10:06:17,translate.googleapis.com
2014-02-28 10:06:20,www.google.com
2014-02-28 10:06:26,www.google.fr
2014-02-28 10:06:36,accounts.google.com
2014-02-28 10:06:36,apis.google.com
2014-02-28 10:06:41,r3---sn-gxo5uxg-jqbe.googlevideo.com
2014-02-28 10:06:41,s.youtube.com
2014-02-28 10:06:42,img1.lesnumeriques.com
2014-02-28 10:06:43,www.lesnumeriques.com
2014-02-28 10:06:46,www.lesnumeriques.com
2014-02-28 10:06:46,s.youtube.com
2014-02-28 10:06:47,r3---sn-gxo5uxg-jqbe.googlevideo.com
2014-02-28 10:06:51,s.youtube.com
2014-02-28 10:06:51,r3---sn-gxo5uxg-jqbe.googlevideo.com
2014-02-28 10:06:53,hal9000.redintelligence.net
2014-02-28 10:06:54,hal9000.redintelligence.net
2014-02-28 10:06:57,pixel.alephd.com
2014-02-28 10:06:58,banniere.reussissonsensemble.fr
2014-02-28 10:06:59,banniere.reussissonsensemble.fr
2014-02-28 10:06:59,tag.yakarouler.com
2014-02-28 10:07:00,www.lesnumeriques.com
2014-02-28 10:07:03,banniere.reussissonsensemble.fr
2014-02-28 10:07:03,s.youtube.com
2014-02-28 10:07:05,www.lesnumeriques.com
2014-02-28 10:07:10,www.lesnumeriques.com
2014-02-28 10:07:19,s.youtube.com
2014-02-28 10:07:37,www.lesnumeriques.com
2014-02-28 10:07:59,www.lesnumeriques.com
2014-02-28 10:08:05,s-static.ak.facebook.com
2014-02-28 10:08:05,static.ak.facebook.com
2014-02-28 10:08:15,clients2.google.com
2014-02-28 10:08:32,www.google.com
2014-02-28 10:09:22,www.lesnumeriques.com
2014-02-28 10:09:27,www.lesnumeriques.com
2014-02-28 10:09:29,tools.google.com
2014-02-28 10:09:29,code.jquery.com
2014-02-28 10:09:29,www.lesnumeriques.com
2014-02-28 10:09:29,img1.lesnumeriques.com
2014-02-28 10:09:29,ajax.googleapis.com
2014-02-28 10:09:29,d3js.org
2014-02-28 10:09:30,img1.lesnumeriques.com
2014-02-28 10:09:31,d3js.org
2014-02-28 10:09:42,img1.lesnumeriques.com
2014-02-28 10:09:42,d3js.org
2014-02-28 10:09:44,img1.lesnumeriques.com
2014-02-28 10:09:48,img1.lesnumeriques.com
2014-02-28 10:09:49,img1.lesnumeriques.com
2014-02-28 10:09:50,img1.lesnumeriques.com
2014-02-28 10:09:51,img1.lesnumeriques.com
2014-02-28 10:09:53,img1.lesnumeriques.com
2014-02-28 10:09:54,img1.lesnumeriques.com
2014-02-28 10:09:58,img1.lesnumeriques.com
2014-02-28 10:10:01,www.facebook.com
2014-02-28 10:10:01,img1.lesnumeriques.com
2014-02-28 10:10:02,img1.lesnumeriques.com
2014-02-28 10:10:04,img1.lesnumeriques.com
2014-02-28 10:10:05,platform.twitter.com
2014-02-28 10:10:05,img1.lesnumeriques.com
2014-02-28 10:10:05,www.lesnumeriques.com
2014-02-28 10:10:05,connect.facebook.net
2014-02-28 10:10:07,img1.lesnumeriques.com
2014-02-28 10:10:21,twitter.com
2014-02-28 10:10:22,static.ak.facebook.com
2014-02-28 10:10:22,s-static.ak.facebook.com
2014-02-28 10:10:36,www.facebook.com
2014-02-28 10:10:48,safebrowsing.google.com
2014-02-28 10:10:52,safebrowsing-cache.google.com
2014-02-28 10:10:52,twitter.com
2014-02-28 10:14:13,apis.google.com
2014-02-28 10:22:00,clients3.google.com
2014-02-28 10:22:00,translate.googleapis.com
2014-02-28 10:22:00,clients4.google.com
2014-02-28 10:22:03,www.google.com
2014-02-28 10:23:58,clients2.google.com
2014-02-28 10:24:02,www.google.com
2014-02-28 10:24:09,tools.google.com
2014-02-28 10:24:43,fr-fr.facebook.com
2014-02-28 10:24:48,www.google.fr
2014-02-28 10:24:51,s.ytimg.com
2014-02-28 10:24:52,www.google.com
2014-02-28 10:24:52,eu.battle.net
2014-02-28 10:24:52,battle.net
2014-02-28 10:24:53,www.google.fr
2014-02-28 10:25:00,eu.battle.net
2014-02-28 10:25:01,eu.battle.net
2014-02-28 10:25:03,eu.battle.net
2014-02-28 10:25:04,www.google.fr
2014-02-28 10:25:05,battle.net
2014-02-28 10:25:05,clients1.google.com
2014-02-28 10:25:07,www.google.com
2014-02-28 10:25:07,www.google.fr
2014-02-28 10:25:11,eu.blizzard.com
2014-02-28 10:25:12,eu.blizzard.com
2014-02-28 10:25:13,eu.blizzard.com
2014-02-28 10:25:14,eu.blizzard.com
2014-02-28 10:25:15,eu.battle.net
2014-02-28 10:25:16,eu.battle.net
2014-02-28 10:25:16,media.blizzard.com
2014-02-28 10:25:17,media.blizzard.com
2014-02-28 10:25:17,eu.battle.net
2014-02-28 10:25:24,eu.blizzard.com
2014-02-28 10:25:25,safebrowsing-cache.google.com
2014-02-28 10:25:25,safebrowsing.google.com
2014-02-28 10:25:25,eu.blizzard.com
2014-02-28 10:25:30,eu.battle.net
2014-02-28 10:25:30,bnetcmseu-a.akamaihd.net
2014-02-28 10:25:34,eu.battle.net
2014-02-28 10:25:37,eu.battle.net
2014-02-28 10:25:38,eu.battle.net
2014-02-28 10:25:49,eu.battle.net
2014-02-28 10:25:50,eu.battle.net
2014-02-28 10:25:59,eu.battle.net
2014-02-28 10:26:08,eu.battle.net
2014-02-28 10:26:14,eu.battle.net
2014-02-28 10:26:27,eu.battle.net
2014-02-28 10:26:40,eu.battle.net
2014-02-28 10:26:42,eu.battle.net
2014-02-28 10:28:19,eu.battle.net
2014-02-28 10:28:20,media.blizzard.com
2014-02-28 10:28:20,eu.battle.net
2014-02-28 10:28:22,eu.battle.net
2014-02-28 10:28:22,media.blizzard.com
2014-02-28 10:28:28,eu.battle.net
2014-02-28 10:28:29,eu.battle.net
2014-02-28 10:28:29,media.blizzard.com
2014-02-28 10:28:31,eu.battle.net
2014-02-28 10:28:31,media.blizzard.com
2014-02-28 10:28:32,eu.battle.net
2014-02-28 10:28:33,eu.battle.net
2014-02-28 10:28:34,eu.battle.net
2014-02-28 10:28:36,eu.battle.net
2014-02-28 10:28:37,media.blizzard.com
2014-02-28 10:28:37,eu.battle.net
2014-02-28 10:28:41,eu.battle.net
2014-02-28 10:28:42,apis.google.com
2014-02-28 10:28:44,eu.battle.net
2014-02-28 10:28:44,media.blizzard.com
2014-02-28 10:28:45,eu.battle.net
2014-02-28 10:28:46,eu.battle.net
2014-02-28 10:28:46,media.blizzard.com
2014-02-28 10:28:51,i1.ytimg.com
2014-02-28 10:28:51,s.ytimg.com
2014-02-28 10:28:51,www.google.com
2014-02-28 10:28:52,eu.battle.net
2014-02-28 10:28:53,eu.battle.net
2014-02-28 10:28:54,eu.battle.net
2014-02-28 10:29:01,eu.battle.net
2014-02-28 10:29:03,www.google.fr
2014-02-28 10:29:04,eu.battle.net
2014-02-28 10:29:04,media.blizzard.com
2014-02-28 10:29:05,www.youtube.com
2014-02-28 10:29:05,eu.battle.net
2014-02-28 10:29:06,eu.battle.net
2014-02-28 10:29:07,media.blizzard.com
2014-02-28 10:29:07,eu.battle.net
2014-02-28 10:29:12,eu.battle.net
2014-02-28 10:29:13,eu.battle.net
2014-02-28 10:29:13,media.blizzard.com
2014-02-28 10:29:14,eu.battle.net
2014-02-28 10:29:14,media.blizzard.com
2014-02-28 10:29:15,eu.battle.net
2014-02-28 10:29:16,eu.battle.net
2014-02-28 10:29:18,eu.battle.net
2014-02-28 10:29:19,eu.battle.net
2014-02-28 10:29:20,eu.battle.net
2014-02-28 10:29:20,media.blizzard.com
2014-02-28 10:29:24,eu.battle.net
2014-02-28 10:29:26,eu.battle.net
2014-02-28 10:29:27,eu.battle.net
2014-02-28 10:29:28,media.blizzard.com
2014-02-28 10:29:28,eu.battle.net
2014-02-28 10:29:29,eu.battle.net
2014-02-28 10:29:30,safebrowsing.google.com
2014-02-28 10:29:34,eu.battle.net
2014-02-28 10:29:35,media.blizzard.com
2014-02-28 10:29:41,media.blizzard.com
2014-02-28 10:29:43,eu.battle.net
2014-02-28 10:29:43,media.blizzard.com
2014-02-28 10:29:44,media.blizzard.com
2014-02-28 10:29:44,eu.battle.net
2014-02-28 10:29:51,media.blizzard.com
2014-02-28 10:29:53,media.blizzard.com
2014-02-28 10:29:55,eu.battle.net
2014-02-28 10:29:56,eu.battle.net
2014-02-28 10:29:57,media.blizzard.com
2014-02-28 10:29:57,eu.battle.net
2014-02-28 10:30:05,media.blizzard.com
2014-02-28 10:30:08,eu.battle.net
2014-02-28 10:30:13,eu.battle.net
2014-02-28 10:30:14,eu.battle.net
2014-02-28 10:30:15,eu.battle.net
2014-02-28 10:30:17,eu.battle.net
2014-02-28 10:30:17,media.blizzard.com
2014-02-28 10:30:19,eu.battle.net
2014-02-28 10:30:20,eu.battle.net
2014-02-28 10:30:21,eu.battle.net
2014-02-28 10:30:22,eu.battle.net
2014-02-28 10:30:23,eu.battle.net
2014-02-28 10:30:23,media.blizzard.com
2014-02-28 10:30:25,eu.battle.net
2014-02-28 10:30:25,media.blizzard.com
2014-02-28 10:30:26,eu.battle.net
2014-02-28 10:30:31,eu.battle.net
2014-02-28 10:30:33,eu.battle.net
2014-02-28 10:30:34,eu.battle.net
2014-02-28 10:30:35,cache.pack.google.com
2014-02-28 10:30:35,r4---sn-gxo5uxg-jqbe.c.pack.google.com
2014-02-28 10:30:38,eu.battle.net
2014-02-28 10:30:39,eu.battle.net
2014-02-28 10:30:41,eu.battle.net
2014-02-28 10:30:42,media.blizzard.com
2014-02-28 10:30:43,eu.battle.net
2014-02-28 10:30:43,media.blizzard.com
2014-02-28 10:30:45,eu.battle.net
2014-02-28 10:30:50,eu.battle.net
2014-02-28 10:30:51,eu.battle.net
2014-02-28 10:30:51,media.blizzard.com
2014-02-28 10:30:56,eu.battle.net
2014-02-28 10:30:56,media.blizzard.com
2014-02-28 10:30:58,eu.battle.net
2014-02-28 10:30:58,media.blizzard.com
2014-02-28 10:30:59,eu.battle.net
2014-02-28 10:30:59,media.blizzard.com
2014-02-28 10:31:02,eu.battle.net
2014-02-28 10:31:03,eu.battle.net
2014-02-28 10:31:14,eu.battle.net
2014-02-28 10:31:17,eu.battle.net
2014-02-28 10:31:26,eu.battle.net
2014-02-28 10:31:26,media.blizzard.com
2014-02-28 10:31:27,eu.battle.net
2014-02-28 10:31:28,eu.battle.net
2014-02-28 10:31:28,media.blizzard.com
2014-02-28 10:31:32,media.blizzard.com
2014-02-28 10:31:33,eu.battle.net
2014-02-28 10:31:36,eu.battle.net
2014-02-28 10:31:37,eu.battle.net
2014-02-28 10:31:38,eu.battle.net
2014-02-28 10:31:39,eu.battle.net
2014-02-28 10:31:45,media.blizzard.com
2014-02-28 10:31:45,eu.battle.net
2014-02-28 10:31:46,media.blizzard.com
2014-02-28 10:31:46,eu.battle.net
2014-02-28 10:31:47,eu.battle.net
2014-02-28 10:31:54,eu.battle.net
2014-02-28 10:31:55,eu.battle.net
2014-02-28 10:31:55,media.blizzard.com
2014-02-28 10:31:58,eu.battle.net
2014-02-28 10:31:58,media.blizzard.com
2014-02-28 10:31:59,eu.battle.net
2014-02-28 10:32:02,eu.battle.net
2014-02-28 10:32:03,media.blizzard.com
2014-02-28 10:32:03,eu.battle.net
2014-02-28 10:32:09,eu.battle.net
2014-02-28 10:32:10,eu.battle.net
2014-02-28 10:32:11,eu.battle.net
2014-02-28 10:32:11,media.blizzard.com
2014-02-28 10:32:12,media.blizzard.com
2014-02-28 10:32:12,eu.battle.net
2014-02-28 10:32:16,eu.battle.net
2014-02-28 10:32:17,eu.battle.net
2014-02-28 10:32:18,eu.battle.net
2014-02-28 10:32:18,media.blizzard.com
2014-02-28 10:32:19,eu.battle.net
2014-02-28 10:32:22,eu.battle.net
2014-02-28 10:32:29,media.blizzard.com
2014-02-28 10:32:29,eu.battle.net
2014-02-28 10:32:30,media.blizzard.com
2014-02-28 10:32:37,eu.battle.net
2014-02-28 10:32:38,eu.battle.net
2014-02-28 10:32:39,eu.battle.net
2014-02-28 10:32:41,eu.battle.net
2014-02-28 10:32:42,eu.battle.net
2014-02-28 10:32:43,eu.battle.net
2014-02-28 10:32:43,media.blizzard.com
2014-02-28 10:32:49,media.blizzard.com
2014-02-28 10:32:55,eu.battle.net
2014-02-28 10:32:56,eu.battle.net
2014-02-28 10:32:59,eu.battle.net
2014-02-28 10:33:00,eu.battle.net
2014-02-28 10:33:01,eu.battle.net
2014-02-28 10:33:02,media.blizzard.com
2014-02-28 10:33:02,eu.battle.net
2014-02-28 10:33:07,eu.battle.net
2014-02-28 10:33:18,eu.battle.net
2014-02-28 10:33:19,eu.battle.net
2014-02-28 10:33:19,media.blizzard.com
2014-02-28 10:33:20,media.blizzard.com
2014-02-28 10:33:20,eu.battle.net
2014-02-28 10:33:28,eu.battle.net
2014-02-28 10:33:34,eu.battle.net
2014-02-28 10:33:43,eu.battle.net
2014-02-28 10:33:43,media.blizzard.com
2014-02-28 10:33:44,eu.battle.net
2014-02-28 10:33:46,eu.battle.net
2014-02-28 10:33:54,eu.battle.net
2014-02-28 10:33:55,eu.battle.net
2014-02-28 10:33:56,eu.battle.net
2014-02-28 10:33:57,eu.battle.net
2014-02-28 10:33:58,eu.battle.net
2014-02-28 10:34:00,eu.battle.net
2014-02-28 10:34:04,eu.battle.net
2014-02-28 10:34:06,eu.battle.net
2014-02-28 10:34:07,eu.battle.net
2014-02-28 10:34:10,eu.battle.net
2014-02-28 10:34:11,eu.battle.net
2014-02-28 10:34:14,eu.battle.net
2014-02-28 10:34:18,eu.battle.net
2014-02-28 10:34:23,eu.battle.net
2014-02-28 10:34:38,eu.battle.net
2014-02-28 10:34:39,eu.battle.net
2014-02-28 10:34:54,eu.battle.net
2014-02-28 10:35:16,eu.battle.net
2014-02-28 10:35:21,eu.battle.net
2014-02-28 10:35:22,eu.battle.net
2014-02-28 10:35:29,eu.battle.net
2014-02-28 10:35:36,eu.battle.net
2014-02-28 10:35:37,eu.battle.net
2014-02-28 10:35:38,eu.battle.net
2014-02-28 10:35:39,eu.battle.net
2014-02-28 10:36:18,www.materiel.net
2014-02-28 10:36:18,media.materiel.net
2014-02-28 10:36:33,eu.battle.net
2014-02-28 10:37:02,eu.battle.net
2014-02-28 10:37:12,eu.battle.net
2014-02-28 10:37:13,eu.battle.net
2014-02-28 10:37:21,eu.battle.net
2014-02-28 10:37:24,eu.battle.net
2014-02-28 10:37:25,eu.battle.net
2014-02-28 10:37:25,media.blizzard.com
2014-02-28 10:37:31,eu.battle.net
2014-02-28 10:37:32,eu.battle.net
2014-02-28 10:37:34,eu.battle.net
2014-02-28 10:37:36,eu.battle.net
2014-02-28 10:37:41,eu.battle.net
2014-02-28 10:37:41,media.blizzard.com
2014-02-28 10:37:59,eu.battle.net
2014-02-28 10:38:00,eu.battle.net
2014-02-28 10:38:00,media.blizzard.com
2014-02-28 10:38:06,eu.battle.net
2014-02-28 10:38:06,media.blizzard.com
2014-02-28 10:38:18,eu.battle.net
2014-02-28 10:38:18,media.blizzard.com
2014-02-28 10:38:18,safebrowsing.google.com
2014-02-28 10:38:37,eu.battle.net
2014-02-28 10:38:44,eu.battle.net
2014-02-28 10:38:45,eu.battle.net
2014-02-28 10:38:47,eu.battle.net
2014-02-28 10:38:48,eu.battle.net
2014-02-28 10:38:49,eu.battle.net
2014-02-28 10:38:51,eu.battle.net
2014-02-28 10:38:53,eu.battle.net
2014-02-28 10:39:03,eu.battle.net
2014-02-28 10:39:11,eu.battle.net
2014-02-28 10:39:12,eu.battle.net
2014-02-28 10:39:15,eu.battle.net
2014-02-28 10:39:17,eu.battle.net
2014-02-28 10:39:19,eu.battle.net
2014-02-28 10:39:20,eu.battle.net
2014-02-28 10:39:21,eu.battle.net
2014-02-28 10:39:31,eu.battle.net
2014-02-28 10:39:40,eu.battle.net
2014-02-28 10:39:43,eu.battle.net
2014-02-28 10:39:44,eu.battle.net
2014-02-28 10:39:44,media.blizzard.com
2014-02-28 10:39:49,eu.battle.net
2014-02-28 10:39:59,eu.battle.net
2014-02-28 10:40:00,eu.battle.net
2014-02-28 10:40:01,eu.battle.net
2014-02-28 10:40:03,eu.battle.net
2014-02-28 10:40:03,media.blizzard.com
2014-02-28 10:40:06,eu.battle.net
2014-02-28 10:40:06,media.blizzard.com
2014-02-28 10:40:08,media.blizzard.com
2014-02-28 10:40:08,eu.battle.net
2014-02-28 10:40:09,eu.battle.net
2014-02-28 10:40:21,www.google.fr
2014-02-28 10:40:31,media.blizzard.com
2014-02-28 10:40:31,eu.battle.net
2014-02-28 10:40:38,eu.battle.net
2014-02-28 10:40:39,eu.battle.net
2014-02-28 10:40:40,eu.battle.net
2014-02-28 10:40:41,eu.battle.net
2014-02-28 10:40:46,eu.battle.net
2014-02-28 10:40:47,eu.battle.net
2014-02-28 10:40:50,eu.battle.net
2014-02-28 10:40:51,eu.battle.net
2014-02-28 10:40:52,eu.battle.net
2014-02-28 10:40:55,eu.battle.net
2014-02-28 10:40:57,media.blizzard.com
2014-02-28 10:41:03,media.blizzard.com
2014-02-28 10:41:03,eu.battle.net
2014-02-28 10:41:06,eu.battle.net
2014-02-28 10:41:08,eu.battle.net
2014-02-28 10:41:08,media.blizzard.com
2014-02-28 10:41:14,eu.battle.net
2014-02-28 10:41:14,media.blizzard.com
2014-02-28 10:41:25,eu.battle.net
2014-02-28 10:41:26,media.blizzard.com
2014-02-28 10:41:26,bnetcmsus-a.akamaihd.net
2014-02-28 10:41:29,eu.battle.net
2014-02-28 10:41:36,eu.battle.net
2014-02-28 10:41:37,eu.battle.net
2014-02-28 10:41:38,eu.battle.net
2014-02-28 10:41:40,eu.battle.net
2014-02-28 10:41:40,media.blizzard.com
2014-02-28 10:41:41,eu.battle.net
2014-02-28 10:41:41,media.blizzard.com
2014-02-28 10:41:43,eu.battle.net
2014-02-28 10:41:43,media.blizzard.com
2014-02-28 10:41:45,eu.battle.net
2014-02-28 10:42:02,media.blizzard.com
2014-02-28 10:42:02,eu.battle.net
2014-02-28 10:42:04,eu.battle.net
2014-02-28 10:42:05,eu.battle.net
2014-02-28 10:42:06,eu.battle.net
2014-02-28 10:42:07,eu.battle.net
2014-02-28 10:42:09,eu.battle.net
2014-02-28 10:42:11,eu.battle.net
2014-02-28 10:42:12,eu.battle.net
2014-02-28 10:42:31,eu.battle.net
2014-02-28 10:43:34,eu.battle.net
2014-02-28 10:43:39,eu.battle.net
2014-02-28 10:43:53,eu.battle.net
2014-02-28 10:43:54,eu.battle.net
2014-02-28 10:43:54,media.blizzard.com
2014-02-28 10:44:14,www.google.fr
2014-02-28 10:44:16,battle.net
2014-02-28 10:44:17,www.google.com
2014-02-28 10:44:17,www.google.fr
2014-02-28 10:44:17,www.facebook.com
2014-02-28 10:44:24,bnetcmsus-a.akamaihd.net
2014-02-28 10:44:24,eu.battle.net
2014-02-28 10:44:24,media.blizzard.com
2014-02-28 10:44:25,eu.battle.net
2014-02-28 10:44:26,eu.battle.net
2014-02-28 10:44:30,platform.twitter.com
2014-02-28 10:44:30,www.facebook.com
2014-02-28 10:44:30,eu.battle.net
2014-02-28 10:44:30,bnetcmsus-a.akamaihd.net
2014-02-28 10:44:31,eu.battle.net
2014-02-28 10:44:32,eu.battle.net
2014-02-28 10:44:33,eu.battle.net
2014-02-28 10:44:39,eu.battle.net
2014-02-28 10:44:40,eu.battle.net
2014-02-28 10:44:40,www.facebook.com
2014-02-28 10:44:40,bnetcmsus-a.akamaihd.net
2014-02-28 10:44:41,bnetcmsus-a.akamaihd.net
2014-02-28 10:44:41,eu.battle.net
2014-02-28 10:44:42,bnetcmseu-a.akamaihd.net
2014-02-28 10:44:42,eu.battle.net
2014-02-28 10:44:43,eu.battle.net
2014-02-28 10:44:46,eu.battle.net
2014-02-28 10:44:50,eu.battle.net
2014-02-28 10:44:51,media.blizzard.com
2014-02-28 10:44:51,eu.battle.net
2014-02-28 10:44:51,bnetcmsus-a.akamaihd.net
2014-02-28 10:44:53,twitter.com
2014-02-28 10:45:15,eu.battle.net
2014-02-28 10:45:15,media.blizzard.com
2014-02-28 10:45:21,media.blizzard.com
2014-02-28 10:45:24,media.blizzard.com
2014-02-28 10:45:45,media.blizzard.com
2014-02-28 10:45:47,media.blizzard.com
2014-02-28 10:45:48,media.blizzard.com
2014-02-28 10:45:49,media.blizzard.com
2014-02-28 10:45:50,media.blizzard.com
2014-02-28 10:45:51,media.blizzard.com
2014-02-28 10:45:54,media.blizzard.com
2014-02-28 10:45:55,media.blizzard.com
2014-02-28 10:45:56,media.blizzard.com
2014-02-28 10:45:57,media.blizzard.com
2014-02-28 10:45:58,media.blizzard.com
2014-02-28 10:45:59,media.blizzard.com
2014-02-28 10:46:00,media.blizzard.com
2014-02-28 10:46:01,media.blizzard.com
2014-02-28 10:46:02,media.blizzard.com
2014-02-28 10:46:03,media.blizzard.com
2014-02-28 10:46:04,media.blizzard.com
2014-02-28 10:46:05,media.blizzard.com
2014-02-28 10:46:24,r1---sn-gxo5uxg-jqbe.googlevideo.com
2014-02-28 10:46:25,r1---sn-gxo5uxg-jqbe.googlevideo.com
2014-02-28 10:46:41,r1---sn-gxo5uxg-jqbe.googlevideo.com
2014-02-28 10:46:43,r1---sn-gxo5uxg-jqbe.googlevideo.com
2014-02-28 10:46:54,r1---sn-gxo5uxg-jqbe.googlevideo.com
2014-02-28 10:46:58,r1---sn-gxo5uxg-jqbe.googlevideo.com
2014-02-28 10:47:10,r1---sn-gxo5uxg-jqbe.googlevideo.com
2014-02-28 10:47:19,r1---sn-gxo5uxg-jqbe.googlevideo.com
2014-02-28 10:47:25,r1---sn-gxo5uxg-jqbe.googlevideo.com
2014-02-28 10:47:37,r1---sn-gxo5uxg-jqbe.googlevideo.com
2014-02-28 10:47:40,r1---sn-gxo5uxg-jqbe.googlevideo.com
2014-02-28 10:47:55,r1---sn-gxo5uxg-jqbe.googlevideo.com
2014-02-28 10:48:13,www.google.fr
2014-02-28 10:48:16,clients1.google.com
2014-02-28 10:48:29,r2---sn-gxo5uxg-jqbe.googlevideo.com
2014-02-28 10:48:30,r2---sn-gxo5uxg-jqbe.googlevideo.com
2014-02-28 10:49:36,bnetcmsus-a.akamaihd.net
2014-02-28 10:49:41,s.ytimg.com
2014-02-28 10:49:41,www.youtube.com
2014-02-28 10:49:41,i1.ytimg.com
2014-02-28 10:49:42,safebrowsing.google.com
2014-02-28 10:49:42,bnetcmsus-a.akamaihd.net
2014-02-28 10:49:42,s.youtube.com
2014-02-28 10:49:52,www.google.com
2014-02-28 10:49:52,www.google.fr
2014-02-28 10:49:57,www.google.fr
2014-02-28 10:49:57,img.clubic.com
2014-02-28 10:49:57,www.clubic.com
2014-02-28 10:49:58,www.google.fr
2014-02-28 10:49:58,img.clubic.com
2014-02-28 10:49:58,emailretargeting.com
2014-02-28 10:49:58,www.beead.fr
2014-02-28 10:49:58,www.clubic.com
2014-02-28 10:49:58,dc1w54.wysistat.com
2014-02-28 10:49:59,ea.pixmania.fr
2014-02-28 10:49:59,www.clubic.com
2014-02-28 10:49:59,pixel.alephd.com
2014-02-28 10:49:59,widget.achetezfacile.com
2014-02-28 10:49:59,player.mediabong.com
2014-02-28 10:49:59,ajax.googleapis.com
2014-02-28 10:49:59,platform.twitter.com
2014-02-28 10:49:59,i.htfacile.fr
2014-02-28 10:50:02,www.google.fr
2014-02-28 10:50:11,twitter.com
2014-02-28 10:50:24,www.google.fr
2014-02-28 10:50:25,apis.google.com
2014-02-28 10:50:25,static.ak.facebook.com
2014-02-28 10:50:25,s.discoazul.fr
2014-02-28 10:50:25,connect.facebook.net
2014-02-28 10:50:25,www.discoazul.fr
2014-02-28 10:50:25,www.discoazul.com
2014-02-28 10:50:25,s-static.ak.facebook.com
2014-02-28 10:50:26,www.discoazul.com
2014-02-28 10:50:26,www.discoazul.fr
2014-02-28 10:50:26,twitter.com
2014-02-28 10:50:26,www.facebook.com
2014-02-28 10:50:26,www.discoazul.pt
2014-02-28 10:50:26,s.discoazul.fr
2014-02-28 10:50:27,www.google.fr
2014-02-28 10:50:32,s-static.ak.facebook.com
2014-02-28 10:50:32,www.discoazul.fr
2014-02-28 10:50:32,static.ak.facebook.com
2014-02-28 10:50:32,www.facebook.com
2014-02-28 10:50:32,s.discoazul.fr
2014-02-28 10:50:33,s.discoazul.fr
2014-02-28 10:50:33,www.discoazul.fr
2014-02-28 10:50:36,s.discoazul.fr
2014-02-28 10:50:37,s.discoazul.fr
2014-02-28 10:50:46,www.trustedshops.com
2014-02-28 10:50:47,s.discoazul.fr
2014-02-28 10:50:49,www.trustedshops.com
2014-02-28 10:51:03,twitter.com
2014-02-28 10:51:34,www.google.fr
2014-02-28 10:51:35,userapi.com
2014-02-28 10:51:35,yandex.st
2014-02-28 10:51:35,forum.norma4.net.ua
2014-02-28 10:51:35,ajax.googleapis.com
2014-02-28 10:51:36,forum.norma4.net.ua
2014-02-28 10:51:36,vk.com
2014-02-28 10:51:36,yandex.st
2014-02-28 10:51:48,media.ldlc.com
2014-02-28 10:51:48,www.ldlc.com
2014-02-28 10:51:48,ajax.googleapis.com
2014-02-28 10:51:48,www.google.com
2014-02-28 10:51:48,clients1.google.com
2014-02-28 10:51:49,www.ldlc.com
2014-02-28 10:51:50,affiliation.groupe-ldlc.com
2014-02-28 10:51:50,clients1.google.com
2014-02-28 10:51:50,media.ldlc.com
2014-02-28 10:51:50,www.ldlc.com
2014-02-28 10:51:57,media.ldlc.com
2014-02-28 10:51:57,www.ldlc.com
2014-02-28 10:51:57,clients1.google.com
2014-02-28 10:51:59,media.ldlc.com
2014-02-28 10:51:59,affiliation.groupe-ldlc.com
2014-02-28 10:51:59,clients1.google.com
2014-02-28 10:51:59,www.ldlc.com
2014-02-28 10:52:01,media.ldlc.com
2014-02-28 10:52:02,www.ldlc.com
2014-02-28 10:52:03,affiliation.groupe-ldlc.com
2014-02-28 10:52:03,www.ldlc.com
2014-02-28 10:52:03,clients1.google.com
2014-02-28 10:52:03,media.ldlc.com
2014-02-28 10:52:05,clients1.google.com
2014-02-28 10:52:05,affiliation.groupe-ldlc.com
2014-02-28 10:52:05,www.ldlc.com
2014-02-28 10:52:05,media.ldlc.com
2014-02-28 10:52:07,affiliation.groupe-ldlc.com
2014-02-28 10:52:07,www.ldlc.com
2014-02-28 10:52:07,media.ldlc.com
2014-02-28 10:52:07,clients1.google.com
2014-02-28 10:52:09,www.ldlc.com
2014-02-28 10:52:09,media.ldlc.com
2014-02-28 10:52:10,media.ldlc.com
2014-02-28 10:52:10,www.ldlc.com
2014-02-28 10:52:10,s.ytimg.com
2014-02-28 10:52:10,www.youtube.com
2014-02-28 10:52:10,clients1.google.com
2014-02-28 10:52:10,i1.ytimg.com
2014-02-28 10:52:10,www.google.com
2014-02-28 10:52:11,i1.ytimg.com
2014-02-28 10:52:11,media.ldlc.com
2014-02-28 10:52:13,media.ldlc.com
2014-02-28 10:52:14,media.ldlc.com
2014-02-28 10:52:18,media.ldlc.com
2014-02-28 10:52:19,id.google.fr
2014-02-28 10:52:19,affiliation.groupe-ldlc.com
2014-02-28 10:52:19,media.ldlc.com
2014-02-28 10:52:19,pbs.twimg.com
2014-02-28 10:52:22,media.ldlc.com
2014-02-28 10:52:28,affiliation.groupe-ldlc.com
2014-02-28 10:52:29,media.ldlc.com
2014-02-28 10:52:29,www.ldlc.com
2014-02-28 10:52:30,media.ldlc.com
2014-02-28 10:52:30,clients1.google.com
2014-02-28 10:52:31,media.ldlc.com
2014-02-28 10:52:33,media.ldlc.com
2014-02-28 10:52:35,media.ldlc.com
2014-02-28 10:52:37,affiliation.groupe-ldlc.com
2014-02-28 10:52:37,www.google.fr
2014-02-28 10:52:37,www.google.com
2014-02-28 10:52:37,pbs.twimg.com
2014-02-28 10:52:41,media.ldlc.com
2014-02-28 10:52:41,www.ldlc.com
2014-02-28 10:52:42,media.ldlc.com
2014-02-28 10:52:42,www.ldlc.com
2014-02-28 10:52:42,clients1.google.com
2014-02-28 10:52:45,media.ldlc.com
2014-02-28 10:52:50,affiliation.groupe-ldlc.com
2014-02-28 10:52:52,media.ldlc.com
2014-02-28 10:53:11,www.ldlc.com
2014-02-28 10:53:11,media.ldlc.com
2014-02-28 10:53:12,clients1.google.com
2014-02-28 10:53:12,www.youtube.com
2014-02-28 10:53:12,www.ldlc.com
2014-02-28 10:53:12,affiliation.groupe-ldlc.com
2014-02-28 10:53:12,media.ldlc.com
2014-02-28 10:53:13,media.ldlc.com
2014-02-28 10:53:13,i1.ytimg.com
2014-02-28 10:53:16,media.ldlc.com
2014-02-28 10:53:21,affiliation.groupe-ldlc.com
2014-02-28 10:53:26,media.ldlc.com
2014-02-28 10:53:34,media.ldlc.com
2014-02-28 10:53:34,clients1.google.com
2014-02-28 10:53:34,www.ldlc.com
2014-02-28 10:53:43,affiliation.groupe-ldlc.com
2014-02-28 10:53:52,clients4.google.com
2014-02-28 10:53:52,translate.googleapis.com
2014-02-28 10:54:21,media.ldlc.com
2014-02-28 10:54:21,www.ldlc.com
2014-02-28 10:54:22,clients1.google.com
2014-02-28 10:54:22,www.ldlc.com
2014-02-28 10:54:22,www.youtube.com
2014-02-28 10:54:23,i1.ytimg.com
2014-02-28 10:54:24,media.ldlc.com
2014-02-28 10:54:31,affiliation.groupe-ldlc.com
2014-02-28 10:54:37,www.ldlc.com
2014-02-28 10:54:37,clients1.google.com
2014-02-28 10:54:37,media.ldlc.com
2014-02-28 10:54:49,affiliation.groupe-ldlc.com
2014-02-28 10:54:49,clients1.google.com
2014-02-28 10:54:49,www.ldlc.com
2014-02-28 10:54:49,media.ldlc.com
2014-02-28 10:54:50,media.ldlc.com
2014-02-28 10:54:54,media.ldlc.com
2014-02-28 10:54:55,media.ldlc.com
2014-02-28 10:54:58,affiliation.groupe-ldlc.com
2014-02-28 10:55:04,media.ldlc.com
2014-02-28 10:55:27,affiliation.groupe-ldlc.com
2014-02-28 10:55:29,s.ytimg.com
2014-02-28 10:55:30,www.youtube.com
2014-02-28 10:55:30,s.ytimg.com
2014-02-28 10:55:30,i1.ytimg.com
2014-02-28 10:55:31,s.ytimg.com
2014-02-28 10:55:31,clients1.google.com
2014-02-28 10:55:32,clients1.google.com
2014-02-28 10:55:33,clients1.google.com
2014-02-28 10:55:34,clients1.google.com
2014-02-28 10:55:35,www.google.com
2014-02-28 10:55:35,i1.ytimg.com
2014-02-28 10:55:35,www.youtube.com
2014-02-28 10:55:35,s.ytimg.com
2014-02-28 10:55:38,www.youtube.com
2014-02-28 10:55:38,s.ytimg.com
2014-02-28 10:55:38,r2---sn-gxo5uxg-jqbe.googlevideo.com
2014-02-28 10:55:38,www.youtube-nocookie.com
2014-02-28 10:55:38,i1.ytimg.com
2014-02-28 10:55:38,www.google.com
2014-02-28 10:55:39,i1.ytimg.com
2014-02-28 10:55:39,www.google.com
2014-02-28 10:55:39,s.ytimg.com
2014-02-28 10:55:39,s.youtube.com
2014-02-28 10:55:40,www.youtube.com
2014-02-28 10:55:40,r2---sn-gxo5uxg-jqbe.googlevideo.com
2014-02-28 10:55:40,r5---sn-25g7sn7y.googlevideo.com
2014-02-28 10:55:40,s.youtube.com
2014-02-28 10:55:40,yt3.ggpht.com
2014-02-28 10:55:40,clients1.google.com
2014-02-28 10:55:40,apis.google.com
2014-02-28 10:55:40,www.google.fr
2014-02-28 10:55:42,i1.ytimg.com
2014-02-28 10:55:42,s.youtube.com
2014-02-28 10:55:43,r5---sn-25g7sn7y.googlevideo.com
2014-02-28 10:55:43,r2---sn-gxo5uxg-jqbe.googlevideo.com
2014-02-28 10:55:43,www.youtube.com
2014-02-28 10:55:45,safebrowsing-cache.google.com
2014-02-28 10:55:45,s.ytimg.com
2014-02-28 10:55:45,clients1.google.fr
2014-02-28 10:55:45,s.youtube.com
2014-02-28 10:55:48,clients2.google.com
2014-02-28 10:55:49,www.ldlc.com
2014-02-28 10:55:49,media.ldlc.com
2014-02-28 10:55:50,s.youtube.com
2014-02-28 10:55:52,i1.ytimg.com
2014-02-28 10:55:52,s.youtube.com
2014-02-28 10:55:52,r5---sn-25g7sn7y.googlevideo.com
2014-02-28 10:55:52,r2---sn-gxo5uxg-jqbe.googlevideo.com
2014-02-28 10:55:53,www.youtube.com
2014-02-28 10:55:59,affiliation.groupe-ldlc.com
2014-02-28 10:55:59,r2---sn-gxo5uxg-jqbe.googlevideo.com
2014-02-28 10:55:59,r5---sn-25g7sn7y.googlevideo.com
2014-02-28 10:56:00,s.youtube.com
2014-02-28 10:56:00,r2---sn-gxo5uxg-jqbe.googlevideo.com
2014-02-28 10:56:00,r5---sn-25g7sn7y.googlevideo.com
2014-02-28 10:56:01,r5---sn-25g7sn7y.googlevideo.com
2014-02-28 10:56:01,r2---sn-gxo5uxg-jqbe.googlevideo.com
2014-02-28 10:56:02,s.youtube.com
2014-02-28 10:56:07,r5---sn-25g7sn7y.googlevideo.com
2014-02-28 10:56:07,r2---sn-gxo5uxg-jqbe.googlevideo.com
2014-02-28 10:56:08,r5---sn-25g7sn7y.googlevideo.com
2014-02-28 10:56:10,accounts.google.com
2014-02-28 10:56:10,s.youtube.com
2014-02-28 10:56:14,r2---sn-gxo5uxg-jqbe.googlevideo.com
2014-02-28 10:56:14,r5---sn-25g7sn7y.googlevideo.com
2014-02-28 10:56:15,r2---sn-gxo5uxg-jqbe.googlevideo.com
2014-02-28 10:56:15,r5---sn-25g7sn7y.googlevideo.com
2014-02-28 10:56:16,r5---sn-25g7sn7y.googlevideo.com
2014-02-28 10:56:16,r2---sn-gxo5uxg-jqbe.googlevideo.com
2014-02-28 10:56:16,s.youtube.com
2014-02-28 10:56:17,r2---sn-gxo5uxg-jqbe.googlevideo.com
2014-02-28 10:56:17,r5---sn-25g7sn7y.googlevideo.com
2014-02-28 10:56:18,i1.ytimg.com
2014-02-28 10:56:18,r2---sn-gxo5uxg-jqbe.googlevideo.com
2014-02-28 10:56:18,r5---sn-25g7sn7y.googlevideo.com
2014-02-28 10:56:19,r2---sn-gxo5uxg-jqbe.googlevideo.com
2014-02-28 10:56:19,r5---sn-25g7sn7y.googlevideo.com
2014-02-28 10:56:20,r2---sn-gxo5uxg-jqbe.googlevideo.com
2014-02-28 10:56:20,r5---sn-25g7sn7y.googlevideo.com
2014-02-28 10:56:20,s.youtube.com
2014-02-28 10:56:26,i1.ytimg.com
2014-02-28 10:56:34,r2---sn-gxo5uxg-jqbe.googlevideo.com
2014-02-28 10:56:34,r5---sn-25g7sn7y.googlevideo.com
2014-02-28 10:56:35,s.youtube.com
2014-02-28 10:56:35,i1.ytimg.com
2014-02-28 10:56:39,s.youtube.com
2014-02-28 10:56:39,r6---sn-25g7sn7y.googlevideo.com
2014-02-28 10:56:39,s.ytimg.com
2014-02-28 10:56:39,i1.ytimg.com
2014-02-28 10:56:39,www.youtube.com
2014-02-28 10:56:39,r3---sn-gxo5uxg-jqbe.googlevideo.com
2014-02-28 10:56:40,r6---sn-25g7sn7y.googlevideo.com
2014-02-28 10:56:40,s.youtube.com
2014-02-28 10:56:40,www.youtube.com
2014-02-28 10:56:41,apis.google.com
2014-02-28 10:56:41,s.ytimg.com
2014-02-28 10:56:41,chart.googleapis.com
2014-02-28 10:56:41,plus.googleapis.com
2014-02-28 10:56:41,i1.ytimg.com
2014-02-28 10:56:41,www.youtube.com
2014-02-28 10:56:41,safebrowsing.google.com
2014-02-28 10:56:41,yt3.ggpht.com
2014-02-28 10:57:48,www.google.fr
2014-02-28 10:57:48,www.google.com
2014-02-28 10:57:52,www.youtube.com
2014-02-28 10:57:52,i1.ytimg.com
2014-02-28 10:57:53,i1.ytimg.com
2014-02-28 10:57:53,s.ytimg.com
2014-02-28 10:57:53,clients1.google.com
2014-02-28 10:57:53,www.youtube.com
2014-02-28 10:57:54,clients1.google.com
2014-02-28 10:57:55,clients1.google.com
2014-02-28 10:57:58,www.google.fr
2014-02-28 10:57:58,clients1.google.com
2014-02-28 10:57:59,clients1.google.com
2014-02-28 10:58:00,www.google.com
2014-02-28 10:58:00,clients1.google.com
2014-02-28 10:58:00,www.youtube.com
2014-02-28 10:58:00,i1.ytimg.com
2014-02-28 10:58:03,www.youtube.com
2014-02-28 10:58:03,i1.ytimg.com
2014-02-28 10:58:08,clients1.google.com
2014-02-28 10:58:20,i1.ytimg.com
2014-02-28 10:58:21,i1.ytimg.com
2014-02-28 10:58:21,s.ytimg.com
2014-02-28 10:58:21,www.youtube-nocookie.com
2014-02-28 10:58:21,r1---sn-gxo5uxg-jqbe.googlevideo.com
2014-02-28 10:58:21,www.youtube.com
2014-02-28 10:58:22,s.youtube.com
2014-02-28 10:58:22,www.youtube.com
2014-02-28 10:58:22,r1---sn-gxo5uxg-jqbe.googlevideo.com
2014-02-28 10:58:22,r8---sn-25g7sn7r.googlevideo.com
2014-02-28 10:58:23,r8---sn-25g7sn7r.googlevideo.com
2014-02-28 10:58:23,r1---sn-gxo5uxg-jqbe.googlevideo.com
2014-02-28 10:58:24,s.youtube.com
2014-02-28 10:58:24,i1.ytimg.com
2014-02-28 10:58:25,www.youtube.com
2014-02-28 10:58:27,r1---sn-gxo5uxg-jqbe.googlevideo.com
2014-02-28 10:58:27,r8---sn-25g7sn7r.googlevideo.com
2014-02-28 10:58:27,www.google.com
2014-02-28 10:58:27,www.google.fr
2014-02-28 10:58:27,i1.ytimg.com
2014-02-28 10:58:27,translate.googleapis.com
2014-02-28 10:58:27,clients4.google.com
2014-02-28 10:58:27,plus.googleapis.com
2014-02-28 10:58:27,yt3.ggpht.com
2014-02-28 10:58:52,www.google.fr
2014-02-28 10:58:52,www.google.com
2014-02-28 10:58:54,www.google.fr
2014-02-28 10:58:54,www.youtube.com
2014-02-28 10:58:54,i1.ytimg.com
2014-02-28 10:58:55,www.youtube.com
2014-02-28 10:58:56,r1---sn-gxo5uxg-jqbe.googlevideo.com
2014-02-28 10:58:56,www.youtube-nocookie.com
2014-02-28 10:58:56,i1.ytimg.com
2014-02-28 10:58:56,www.youtube.com
2014-02-28 10:58:56,s.youtube.com
2014-02-28 10:58:57,r1---sn-gxo5uxg-jqbe.googlevideo.com
2014-02-28 10:58:57,s.youtube.com
2014-02-28 10:58:58,www.youtube.com
2014-02-28 10:59:00,r1---sn-gxo5uxg-jqbe.googlevideo.com
2014-02-28 10:59:01,i1.ytimg.com
2014-02-28 10:59:01,s.youtube.com
2014-02-28 10:59:02,s.youtube.com
2014-02-28 10:59:03,r1---sn-gxo5uxg-jqbe.googlevideo.com
2014-02-28 10:59:06,s.youtube.com
2014-02-28 10:59:06,r1---sn-gxo5uxg-jqbe.googlevideo.com
2014-02-28 10:59:07,r1---sn-gxo5uxg-jqbe.googlevideo.com
2014-02-28 10:59:08,r1---sn-gxo5uxg-jqbe.googlevideo.com
2014-02-28 10:59:09,i1.ytimg.com
2014-02-28 10:59:11,s.youtube.com
2014-02-28 10:59:11,r1---sn-gxo5uxg-jqbe.googlevideo.com
2014-02-28 10:59:13,r1---sn-gxo5uxg-jqbe.googlevideo.com
2014-02-28 10:59:14,i1.ytimg.com
2014-02-28 10:59:14,s.youtube.com
2014-02-28 10:59:14,www.youtube.com
2014-02-28 10:59:15,s.youtube.com
2014-02-28 10:59:17,www.youtube.com
2014-02-28 10:59:17,i1.ytimg.com
2014-02-28 10:59:17,r3---sn-gxo5uxg-jqbe.googlevideo.com
2014-02-28 10:59:17,www.youtube-nocookie.com
2014-02-28 10:59:17,s.youtube.com
2014-02-28 10:59:18,i1.ytimg.com
2014-02-28 10:59:18,s.youtube.com
2014-02-28 10:59:18,r3---sn-gxo5uxg-jqbe.googlevideo.com
2014-02-28 10:59:20,s.youtube.com
2014-02-28 10:59:22,s.youtube.com
2014-02-28 10:59:23,r3---sn-gxo5uxg-jqbe.googlevideo.com
2014-02-28 10:59:23,www.youtube.com
2014-02-28 10:59:27,s.youtube.com
2014-02-28 10:59:30,r3---sn-gxo5uxg-jqbe.googlevideo.com
2014-02-28 10:59:30,s.youtube.com
2014-02-28 10:59:31,r3---sn-gxo5uxg-jqbe.googlevideo.com
2014-02-28 10:59:33,r3---sn-gxo5uxg-jqbe.googlevideo.com
2014-02-28 10:59:34,r3---sn-gxo5uxg-jqbe.googlevideo.com
2014-02-28 10:59:35,r3---sn-gxo5uxg-jqbe.googlevideo.com
2014-02-28 10:59:35,i1.ytimg.com
2014-02-28 10:59:37,r3---sn-gxo5uxg-jqbe.googlevideo.com
2014-02-28 10:59:37,s.youtube.com
2014-02-28 10:59:39,r3---sn-gxo5uxg-jqbe.googlevideo.com
2014-02-28 10:59:40,s.youtube.com
2014-02-28 10:59:41,i1.ytimg.com
2014-02-28 10:59:41,r3---sn-gxo5uxg-jqbe.googlevideo.com
2014-02-28 10:59:44,i1.ytimg.com
2014-02-28 10:59:45,r3---sn-gxo5uxg-jqbe.googlevideo.com
2014-02-28 10:59:47,i1.ytimg.com
2014-02-28 10:59:47,s.youtube.com
2014-02-28 10:59:52,i1.ytimg.com
2014-02-28 10:59:55,www.youtube.com
2014-02-28 10:59:55,r2---sn-gxo5uxg-jqbe.googlevideo.com
2014-02-28 10:59:55,s.youtube.com
2014-02-28 10:59:56,i1.ytimg.com
2014-02-28 10:59:56,www.youtube.com
2014-02-28 10:59:56,s.youtube.com
2014-02-28 10:59:58,i1.ytimg.com
2014-02-28 11:00:00,www.youtube.com
2014-02-28 11:00:02,r2---sn-gxo5uxg-jqbe.googlevideo.com
2014-02-28 11:00:03,s.youtube.com
2014-02-28 11:00:03,i1.ytimg.com
2014-02-28 11:00:03,r6---sn-cg07luee.googlevideo.com
2014-02-28 11:00:04,r6---sn-cg07luee.googlevideo.com
2014-02-28 11:00:05,s.youtube.com
2014-02-28 11:00:06,r6---sn-cg07luee.googlevideo.com
2014-02-28 11:00:09,r6---sn-cg07luee.googlevideo.com
2014-02-28 11:00:12,r6---sn-cg07luee.googlevideo.com
2014-02-28 11:00:14,r6---sn-cg07luee.googlevideo.com
2014-02-28 11:00:15,s.youtube.com
2014-02-28 11:00:17,r6---sn-cg07luee.googlevideo.com
2014-02-28 11:00:19,r6---sn-cg07luee.googlevideo.com
2014-02-28 11:00:22,r6---sn-cg07luee.googlevideo.com
2014-02-28 11:00:23,i1.ytimg.com
2014-02-28 11:00:25,s.youtube.com
2014-02-28 11:00:26,clients1.google.com
2014-02-28 11:00:28,www.google.com
2014-02-28 11:00:28,yt3.ggpht.com
2014-02-28 11:00:28,plus.googleapis.com
2014-02-28 11:00:28,i1.ytimg.com
2014-02-28 11:00:28,clients4.google.com
2014-02-28 11:00:28,translate.googleapis.com
2014-04-14 13:32:43,armmf.adobe.com
2014-04-14 13:33:14,search.mywebs.pro
2014-04-14 13:33:16,search.mywebs.pro
2014-04-14 13:34:21,webresultado.com
2014-04-14 13:34:25,173.192.5.118
2014-04-14 13:34:26,173.192.5.118
2014-04-14 13:37:57,173.192.5.118
2014-04-14 13:38:00,173.192.5.118
2014-04-14 13:40:10,173.192.5.118
2014-04-14 13:40:12,173.192.5.118
2014-04-14 13:41:33,173.192.5.118
2014-04-14 13:41:35,173.192.5.118
2014-04-14 13:41:37,173.192.5.118
2014-04-14 13:42:44,173.192.5.118
2014-04-14 13:42:45,173.192.5.118
2014-04-17 15:34:09,armmf.adobe.com
2014-04-17 15:47:23,search.mywebs.pro
2014-04-17 15:47:24,search.mywebs.pro
2014-04-17 15:47:37,www.google.com
2014-04-17 15:47:37,search.mywebs.pro
2014-04-17 15:47:37,sp.fr.ask.com
2014-04-17 15:47:37,fr.ask.com
2014-04-17 15:47:38,fr.ask.com
2014-04-17 15:47:38,sp.fr.ask.com
2014-04-17 15:47:38,www.google.com
2014-04-17 15:47:50,fr.ask.com
2014-04-17 15:47:51,www.google.com
2014-04-17 15:47:51,fr.ask.com
2014-04-17 15:47:52,www.google.com
2014-04-17 15:47:52,fr.ask.com
2014-04-17 15:48:03,www.google.fr
2014-04-17 15:48:04,webresultado.com
2014-04-17 15:48:04,www.google.com
2014-04-17 15:48:04,apis.google.com
2014-04-17 15:48:04,www.google.fr
2014-04-17 15:48:49,www.google.fr
2014-04-17 15:48:49,www.google.com
2014-04-17 15:48:52,www.developpez.net
2014-04-17 15:48:52,apis.google.com
2014-04-17 15:48:52,www.google.fr
2014-04-17 15:48:53,www.developpez.net
2014-04-17 15:48:53,www.google.com
2014-04-17 15:48:53,ajax.googleapis.com
2014-04-17 15:48:54,sync.uuidcshmg.com
2014-04-17 15:48:54,www.developpez.net
2014-04-17 15:48:55,www.facebook.com
2014-04-17 15:48:58,dps.bing.com
2014-04-17 15:49:09,www.google.fr
2014-04-17 15:49:38,www.developpez.net
2014-04-17 15:49:40,www.developpez.net
