timestamp,site
2014-01-17 13:13:08,www.google.fr
2014-01-17 13:13:22,www.google.fr
2014-01-17 13:13:25,apis.google.com
2014-01-17 13:13:27,www.google.com
2014-01-17 13:14:04,ajax.microsoft.com
2014-01-17 13:14:04,windows.microsoft.com
2014-01-17 13:14:04,go.microsoft.com
2014-01-17 13:14:04,res1.windows.microsoft.com
2014-01-17 13:14:05,res1.windows.microsoft.com
2014-01-17 13:14:05,js.microsoft.com
2014-01-17 13:14:05,res2.windows.microsoft.com
2014-01-17 13:14:05,windows.microsoft.com
2014-01-17 13:14:09,www.bing.com
2014-01-17 13:14:11,www.bing.com
2014-01-17 13:14:12,www.bing.com
2014-01-17 13:14:13,www.bing.com
2014-01-17 13:14:13,cms.abmr.net
2014-01-17 13:14:13,login.live.com
2014-01-17 13:15:19,ieonline.microsoft.com
2014-01-17 13:17:25,www.google.fr
2014-01-17 13:17:25,apis.google.com
2014-01-17 13:17:27,www.google.com
2014-01-17 13:18:04,www.google.fr
2014-02-22 08:15:24,www.bing.com
2014-02-22 08:15:25,www.bing.com
2014-02-22 08:15:26,www.bing.com
2014-02-22 08:15:30,cms.abmr.net
2014-02-22 08:15:30,www.bing.com
2014-02-22 08:15:30,login.live.com
2014-02-22 08:15:49,player.vimeo.com
2014-02-22 08:15:59,fpdownload2.macromedia.com
2014-02-22 08:28:03,www.bing.com
2014-02-22 08:28:05,login.live.com
2014-02-22 08:28:05,ssl.bing.com
2014-02-22 08:28:05,www.bing.com
2014-02-22 08:28:08,www.bing.com
2014-02-22 08:28:08,ssl.bing.com
2014-02-22 08:36:53,www.bing.com
2014-02-22 08:36:55,login.live.com
2014-02-22 08:36:56,www.bing.com
2014-02-22 08:36:56,ssl.bing.com
2014-02-22 08:37:03,www.bing.com
2014-02-22 08:37:32,www.bing.com
2014-02-22 08:38:01,www.bing.com
2014-02-22 08:38:02,www.bing.com
2014-02-22 08:38:04,www.bing.com
2014-02-22 08:38:04,login.live.com
2014-02-22 08:38:04,ssl.bing.com
2014-02-22 08:38:12,www.bing.com
2014-02-22 08:38:39,www.bing.com
2014-02-22 08:38:41,login.live.com
2014-02-22 08:38:41,www.bing.com
2014-02-22 08:38:49,www.bing.com
2014-02-22 08:38:58,www.bing.com
2014-02-22 08:39:00,www.bing.com
2014-02-22 08:39:00,login.live.com
2014-02-22 08:39:08,www.bing.com
2014-02-22 08:39:27,www.bing.com
2014-02-22 08:39:28,cyclisme-dopage.com
2014-02-22 08:39:28,ssl.bing.com
2014-02-22 08:39:29,cyclismedopage.disqus.com
2014-02-22 08:39:29,rcm-fr.amazon.fr
2014-02-22 08:39:29,www.dailymotion.com
2014-02-22 08:39:29,cyclisme-dopage.com
2014-02-22 08:39:29,go.disqus.com
2014-02-22 08:39:34,ecx.images-amazon.com
2014-02-22 08:39:34,disqus.com
2014-02-22 08:39:37,cyclisme-dopage.com
2014-02-22 08:39:38,disqus.com
2014-02-22 08:39:39,disqus.com
2014-02-22 08:39:40,disqus.com
2014-02-22 08:39:41,disqus.com
2014-02-22 08:40:15,www.bing.com
2014-02-22 08:40:19,rcm-fr.amazon.fr
2014-02-22 08:40:19,www.bing.com
2014-02-22 08:40:19,www.cyclisme-dopage.com
2014-02-22 08:40:19,www.youtube.com
2014-02-22 08:40:19,ecx.images-amazon.com
2014-02-22 08:40:20,www.cyclisme-dopage.com
2014-02-22 08:40:20,s.ytimg.com
2014-02-22 08:40:21,s.ytimg.com
2014-02-22 08:40:22,i1.ytimg.com
2014-02-22 08:40:27,www.bing.com
2014-02-22 08:40:29,www.francetop.net
2014-02-22 08:40:29,www.bing.com
2014-02-22 08:40:30,www.francetop.net
2014-02-22 08:40:30,outrouver.francetop.net
2014-02-22 08:40:30,feeds.feedburner.com
2014-02-22 08:40:30,www.feedburner.com
2014-02-22 08:40:31,www.francetop.net
2014-02-22 08:40:31,www.feedburner.com
2014-02-22 08:40:31,www.google.com
2014-02-22 08:40:35,www.google.com
2014-02-22 08:40:42,www.google.com
2014-02-22 08:40:56,www.google.com
2014-02-22 08:41:02,www.bing.com
2014-02-22 08:41:03,www.bing.com
2014-02-22 08:41:05,login.live.com
2014-02-22 08:41:05,www.bing.com
2014-02-22 08:41:14,common.sensagent.eu
2014-02-22 08:41:14,www.bing.com
2014-02-22 08:41:14,dictionnaire.sensagent.com
2014-02-22 08:41:14,ssl.bing.com
2014-02-22 08:41:14,ajax.googleapis.com
2014-02-22 08:41:17,common.sensagent.eu
2014-02-22 08:41:18,www.sensagent.com
2014-02-22 08:41:18,bin.sensegates.com
2014-02-22 08:41:18,common.sensagent.eu
2014-02-22 08:41:18,common-fr.sensagent.com
2014-02-22 08:41:18,common-en.sensagent.com
2014-02-22 08:41:19,thumbs4.ebaystatic.com
2014-02-22 08:41:19,thumbs2.ebaystatic.com
2014-02-22 08:41:19,thumbs3.ebaystatic.com
2014-02-22 08:41:20,thumbs4.ebaystatic.com
2014-02-22 08:41:20,www.sensagent.com
2014-02-22 08:41:20,thumbs1.ebaystatic.com
2014-02-22 08:41:20,www.bing.com
2014-02-22 08:41:29,www.bing.com
2014-02-22 08:41:30,www.bing.com
2014-02-22 08:41:32,fr.wikipedia.org
2014-02-22 08:41:32,login.wikimedia.org
2014-02-22 08:41:32,bits.wikimedia.org
2014-02-22 08:41:32,ssl.bing.com
2014-02-22 08:41:32,www.bing.com
2014-02-22 08:41:32,login.live.com
2014-02-22 08:41:33,bits.wikimedia.org
2014-02-22 08:41:33,meta.wikimedia.org
2014-02-22 08:41:33,fr.wikipedia.org
2014-02-22 08:41:37,www.bing.com
2014-02-22 08:41:39,www.bing.com
2014-02-22 08:41:39,www.sport.fr
2014-02-22 08:41:39,www.audienceinsights.net
2014-02-22 08:41:40,www.sport.fr
2014-02-22 08:41:49,www.sport.fr
2014-02-22 08:41:50,www.sport.fr
2014-02-22 08:41:50,www.audienceinsights.net
2014-02-22 08:41:50,hal9000.redintelligence.net
2014-02-22 08:41:51,www.sport.fr
2014-02-22 08:41:51,hal9000.redintelligence.net
2014-02-22 08:41:52,banniere.reussissonsensemble.fr
2014-02-22 08:41:52,www.sport.fr
2014-02-22 08:41:52,www.uaredesign.com
2014-02-22 08:41:52,www.bouquetnantais.com
2014-02-22 08:41:53,static.ak.facebook.com
2014-02-22 08:41:53,connect.facebook.net
2014-02-22 08:41:53,platform.twitter.com
2014-02-22 08:41:53,www.sport.fr
2014-02-22 08:41:53,apis.google.com
2014-02-22 08:41:53,s-static.ak.facebook.com
2014-02-22 08:41:54,sc.tynt.com
2014-02-22 08:41:54,www.facebook.com
2014-02-22 08:41:54,www.conforama.fr
2014-02-22 08:41:54,api.dailymotion.com
2014-02-22 08:41:54,apis.google.com
2014-02-22 08:41:55,platform.twitter.com
2014-02-22 08:41:55,www.dailymotion.com
2014-02-22 08:41:55,www.sport.fr
2014-02-22 08:41:55,apis.google.com
2014-02-22 08:41:55,www.facebook.com
2014-02-22 08:41:55,twitter.com
2014-02-22 08:41:55,accounts.google.com
2014-02-22 08:41:56,www.facebook.com
2014-02-22 08:41:57,twitter.com
2014-02-22 08:41:57,www.dailymotion.com
2014-02-22 08:41:58,twitter.com
2014-02-22 08:41:58,audience.visiblemeasures.com
2014-02-22 08:41:58,www.dailymotion.com
2014-02-22 08:41:58,de.tynt.com
2014-02-22 08:41:59,od2.visiblemeasures.com
2014-02-22 08:41:59,n.dyntrk.com
2014-02-22 08:41:59,www.dailymotion.com
2014-02-22 08:42:00,www.audienceinsights.net
2014-02-22 08:42:01,www.sport.fr
2014-02-22 08:42:01,c1.adform.net
2014-02-22 08:42:01,wtpn.twenga.fr
2014-02-22 08:42:01,rbx-cdn-tpn.c4tw.net
2014-02-22 08:42:02,rbx-cdn-tpn.c4tw.net
2014-02-22 08:42:02,i10.twenga.com
2014-02-22 08:42:02,i11.twenga.com
2014-02-22 08:42:02,tag.atvnetworks.tv
2014-02-22 08:42:02,synd.travelplus.tv
2014-02-22 08:42:02,match.rtbidder.net
2014-02-22 08:42:03,www.bing.com
2014-02-22 08:42:05,login.live.com
2014-02-22 08:42:05,www.bing.com
2014-02-22 08:42:12,fr.wikipedia.org
2014-02-22 08:42:13,bits.wikimedia.org
2014-02-22 08:42:13,meta.wikimedia.org
2014-02-22 08:43:06,bits.wikimedia.org
2014-02-22 08:43:08,ssl.bing.com
2014-02-22 08:45:22,www.bing.com
2014-02-22 08:45:32,www.bing.com
2014-02-22 08:45:36,www.bing.com
2014-02-22 08:45:38,login.live.com
2014-02-22 08:45:38,www.bing.com
2014-02-22 08:45:46,www.bing.com
2014-02-22 08:46:41,ssl.bing.com
2014-02-22 08:57:36,www.bing.com
2014-02-22 08:58:04,www.bing.com
2014-02-22 08:59:00,fr.wikipedia.org
2014-02-22 08:59:00,bits.wikimedia.org
2014-02-22 08:59:00,www.bing.com
2014-02-22 08:59:01,bits.wikimedia.org
2014-02-22 08:59:01,fr.wikipedia.org
2014-02-22 08:59:01,meta.wikimedia.org
2014-02-22 09:04:04,www.bing.com
2014-02-22 09:04:06,ssl.bing.com
2014-02-22 09:04:06,login.live.com
2014-02-22 09:04:06,www.bing.com
2014-02-22 09:04:14,www.bing.com
2014-02-22 09:04:25,www.bing.com
2014-02-22 09:04:28,www.bing.com
2014-02-22 09:04:28,login.live.com
2014-02-22 09:04:34,www.bing.com
2014-02-22 09:04:34,www.sport.fr
2014-02-22 09:04:34,ssl.bing.com
2014-02-22 09:04:35,rbp.mxptint.net
2014-02-22 09:04:35,www.audienceinsights.net
2014-02-22 09:04:35,www.sport.fr
2014-02-22 09:04:36,www.facebook.com
2014-02-22 09:04:37,www.sport.fr
2014-02-22 09:04:38,rp.gwallet.com
2014-02-22 09:04:38,www.sport.fr
2014-02-22 09:04:38,pixel2368.everesttech.net
2014-02-22 09:04:38,um.simpli.fi
2014-02-22 09:04:39,apis.google.com
2014-02-22 09:04:39,pixel2368.everesttech.net
2014-02-22 09:04:39,sc.tynt.com
2014-02-22 09:04:39,connect.facebook.net
2014-02-22 09:04:39,www.sport.fr
2014-02-22 09:04:40,s-static.ak.facebook.com
2014-02-22 09:04:40,platform.twitter.com
2014-02-22 09:04:40,static.ak.facebook.com
2014-02-22 09:04:40,www.facebook.com
2014-02-22 09:04:40,apis.google.com
2014-02-22 09:04:40,accounts.google.com
2014-02-22 09:04:41,www.audienceinsights.net
2014-02-22 09:04:41,de.tynt.com
2014-02-22 09:04:41,twitter.com
2014-02-22 09:04:41,www.facebook.com
2014-02-22 09:04:41,www.sport.fr
2014-02-22 09:04:41,platform.twitter.com
2014-02-22 09:04:42,www.conforama.fr
2014-02-22 09:04:42,rubicon-match.dotomi.com
2014-02-22 09:04:43,dtm.eastbay.com
2014-02-22 09:04:43,rubicon-match.dotomi.com
2014-02-22 09:04:44,www.facebook.com
2014-02-22 09:05:14,www.sport.fr
2014-02-22 09:05:14,www.audienceinsights.net
2014-02-22 09:05:15,images.orangepublicite.fr
2014-02-22 09:05:15,pr.ybp.yahoo.com
2014-02-22 09:05:15,www.facebook.com
2014-02-22 09:05:48,www.sport.fr
2014-02-22 09:05:49,www.audienceinsights.net
2014-02-22 09:05:50,ad.publicidees.com
2014-02-22 09:05:54,apnx-match.dotomi.com
2014-02-22 09:05:54,dtm.eastbay.com
2014-02-22 09:06:21,www.sport.fr
2014-02-22 09:06:22,www.sport.fr
2014-02-22 09:06:22,www.audienceinsights.net
2014-02-22 09:06:56,www.sport.fr
2014-02-22 09:06:56,www.audienceinsights.net
2014-02-22 09:06:57,tracker.the-other-store.net
2014-02-22 09:06:58,medext.the-oz.com
2014-02-22 09:06:58,images.orangepublicite.fr
2014-02-22 09:07:01,adventori.com
2014-02-22 09:07:28,www.sport.fr
2014-02-22 09:07:29,www.audienceinsights.net
2014-02-22 09:07:30,images.orangepublicite.fr
2014-02-22 09:07:33,um.simpli.fi
2014-02-22 09:08:00,www.sport.fr
2014-02-22 09:08:01,www.facebook.com
2014-02-22 09:08:01,www.audienceinsights.net
2014-02-22 09:08:01,www.sport.fr
2014-02-22 09:08:04,adventori.com
2014-02-22 09:08:05,www.sport.fr
2014-02-22 09:08:12,www.sport.fr
2014-02-22 09:08:33,www.sport.fr
2014-02-22 09:08:34,ajax.googleapis.com
2014-02-22 09:08:34,www.minceur123.com
2014-02-22 09:08:34,www.audienceinsights.net
2014-02-22 09:08:35,www.minceur123.com
2014-02-22 09:08:35,tag.atvnetworks.tv
2014-02-22 09:08:35,synd.travelplus.tv
2014-02-22 09:08:36,software.hiro.tv
2014-02-22 09:08:36,hiroservers.appspot.com
2014-02-22 09:08:37,hiroservers.appspot.com
2014-02-22 09:08:38,vast.bp3852517.btrll.com
2014-02-22 09:08:38,www.sport.fr
2014-02-22 09:08:39,ce.lijit.com
2014-02-22 09:08:42,vast.bp3854908.btrll.com
2014-02-22 09:08:45,www.sport.fr
2014-02-22 09:08:58,synd.travelplus.tv
2014-02-22 09:10:40,www.audienceinsights.net
2014-02-22 09:10:41,tracker.the-other-store.net
2014-02-22 09:10:43,apis.google.com
2014-02-22 09:10:44,apis.google.com
2014-02-22 09:10:44,accounts.google.com
2014-02-22 09:10:44,www.facebook.com
2014-02-22 09:10:44,static.ak.facebook.com
2014-02-22 09:10:44,platform.twitter.com
2014-02-22 09:10:44,s-static.ak.facebook.com
2014-02-22 09:10:44,twitter.com
2014-02-22 09:10:44,www.sport.fr
2014-02-22 09:10:45,twitter.com
2014-02-22 09:10:45,accounts.google.com
2014-02-22 09:10:45,www.facebook.com
2014-02-22 09:10:45,www.sport.fr
2014-02-22 09:10:45,www.audienceinsights.net
2014-02-22 09:10:46,tracker.the-other-store.net
2014-02-22 09:10:46,medext.the-oz.com
2014-02-22 09:10:47,tracking.veoxa.com
2014-02-22 09:10:47,static.veoxa.com
2014-02-22 09:10:49,www.sport.fr
2014-02-22 09:10:49,admaym.com
2014-02-22 09:10:50,www.sport.fr
2014-02-22 09:10:56,www.sport.fr
2014-02-22 09:11:11,www.bing.com
2014-02-22 09:11:12,www.bing.com
2014-02-22 09:11:14,www.bing.com
2014-02-22 09:11:14,login.live.com
2014-02-22 09:11:17,www.sport.fr
2014-02-22 09:11:18,www.audienceinsights.net
2014-02-22 09:11:18,www.sport.fr
2014-02-22 09:11:19,www.google.com
2014-02-22 09:11:19,www.google.fr
2014-02-22 09:11:22,www.bing.com
2014-02-22 09:11:43,ssl.bing.com
2014-02-22 09:11:43,www.bing.com
2014-02-22 09:11:45,login.live.com
2014-02-22 09:11:45,www.bing.com
2014-02-22 09:11:47,www.bing.com
2014-02-22 09:11:47,www.cyclisme-dopage.com
2014-02-22 09:11:47,www.youtube.com
2014-02-22 09:11:47,ssl.bing.com
2014-02-22 09:11:48,www.cyclisme-dopage.com
2014-02-22 09:11:49,www.cyclisme-dopage.com
2014-02-22 09:11:49,cyclismedopage.disqus.com
2014-02-22 09:11:49,go.disqus.com
2014-02-22 09:11:49,rcm-fr.amazon.fr
2014-02-22 09:11:50,www.sport.fr
2014-02-22 09:11:50,disqus.com
2014-02-22 09:11:51,www.sport.fr
2014-02-22 09:11:51,ecx.images-amazon.com
2014-02-22 09:11:51,www.audienceinsights.net
2014-02-22 09:11:52,www.google.com
2014-02-22 09:11:52,www.google.fr
2014-02-22 09:12:09,disqus.com
2014-02-22 09:12:10,disqus.com
2014-02-22 09:12:11,www.bing.com
2014-02-22 09:12:20,www.bing.com
2014-02-22 09:12:20,www.20minutes.fr
2014-02-22 09:12:20,cache.20minutes.fr
2014-02-22 09:12:21,static.ak.facebook.com
2014-02-22 09:12:21,cache.20minutes.fr
2014-02-22 09:12:21,platform.twitter.com
2014-02-22 09:12:21,connect.facebook.net
2014-02-22 09:12:22,www.20minutes.fr
2014-02-22 09:12:22,www.facebook.com
2014-02-22 09:12:22,s-static.ak.facebook.com
2014-02-22 09:12:24,www.sport.fr
2014-02-22 09:12:24,i1-js-14-3-01-10005-257052803-i.init.cedexis-radar.net
2014-02-22 09:12:24,www.audienceinsights.net
2014-02-22 09:12:25,www.google.fr
2014-02-22 09:12:25,origin-www.20minutes.fr
2014-02-22 09:12:25,www.google.com
2014-02-22 09:12:26,tracker.the-other-store.net
2014-02-22 09:12:26,hal9000.redintelligence.net
2014-02-22 09:12:26,origin-www.20minutes.fr
2014-02-22 09:12:27,medext.the-oz.com
2014-02-22 09:12:27,ad.publicidees.com
2014-02-22 09:12:27,n19.hal9000.redintelligence.net
2014-02-22 09:12:27,hal9000.redintelligence.net
2014-02-22 09:12:27,banniere.reussissonsensemble.fr
2014-02-22 09:12:28,www.shirtinator.fr
2014-02-22 09:12:28,banniere.reussissonsensemble.fr
2014-02-22 09:12:29,promotion.shirtinator.net
2014-02-22 09:12:29,hal9000.redintelligence.net
2014-02-22 09:12:35,hal9000.redintelligence.net
2014-02-22 09:12:35,www.bing.com
2014-02-22 09:12:35,n18.hal9000.redintelligence.net
2014-02-22 09:12:35,banniere.reussissonsensemble.fr
2014-02-22 09:12:36,ad.publicidees.com
2014-02-22 09:12:36,www.bing.com
2014-02-22 09:12:36,n9.hal9000.redintelligence.net
2014-02-22 09:12:36,banniere.reussissonsensemble.fr
2014-02-22 09:12:36,ts1.mm.bing.net
2014-02-22 09:12:44,www.bing.com
2014-02-22 09:12:46,www.bing.com
2014-02-22 09:12:46,login.live.com
2014-02-22 09:12:54,www.bing.com
2014-02-22 09:13:07,www.sport.fr
2014-02-22 09:13:08,www.audienceinsights.net
2014-02-22 09:13:08,www.glucoburner.com
2014-02-22 09:13:09,connect.facebook.net
2014-02-22 09:13:09,www.glucoburner.com
2014-02-22 09:13:09,www.facebook.com
2014-02-22 09:13:24,www.bing.com
2014-02-22 09:13:25,www.bing.com
2014-02-22 09:13:27,login.live.com
2014-02-22 09:13:27,www.bing.com
2014-02-22 09:13:32,cache.20minutes.fr
2014-02-22 09:13:32,player.mediabong.com
2014-02-22 09:13:32,www.20minutes.fr
2014-02-22 09:13:32,ssl.bing.com
2014-02-22 09:13:32,www.bing.com
2014-02-22 09:13:33,cache.20minutes.fr
2014-02-22 09:13:33,korriban.mediabong.com
2014-02-22 09:13:33,static.mediabong.com
2014-02-22 09:13:34,cache.20minutes.fr
2014-02-22 09:13:35,www.facebook.com
2014-02-22 09:13:35,platform.twitter.com
2014-02-22 09:13:35,redir.adbutter.net
2014-02-22 09:13:35,cache.20minutes.fr
2014-02-22 09:13:35,ajax.googleapis.com
2014-02-22 09:13:35,tc.airfrance.com
2014-02-22 09:13:36,redir.adbutter.net
2014-02-22 09:13:36,korriban.mediabong.com
2014-02-22 09:13:36,files.player.mediabong.com
2014-02-22 09:13:37,measure.20mn.fr
2014-02-22 09:13:37,video.mediabong.com
2014-02-22 09:13:39,www.bing.com
2014-02-22 09:13:40,www.sport.fr
2014-02-22 09:13:41,www.facebook.com
2014-02-22 09:13:41,www.glucoburner.com
2014-02-22 09:13:41,www.audienceinsights.net
2014-02-22 09:13:49,www.bing.com
2014-02-22 09:14:12,www.bing.com
2014-02-22 09:14:12,www.lepoint.fr
2014-02-22 09:14:12,ajax.googleapis.com
2014-02-22 09:14:12,www.sport.fr
2014-02-22 09:14:12,listener.ezakus.net
2014-02-22 09:14:13,www.audienceinsights.net
2014-02-22 09:14:13,static.videostep.com
2014-02-22 09:14:13,kweb.videostep.com
2014-02-22 09:14:13,ajax.googleapis.com
2014-02-22 09:14:13,videosfr.s3.amazonaws.com
2014-02-22 09:14:13,www.sport.fr
2014-02-22 09:14:13,www.lepoint.fr
2014-02-22 09:14:13,player.mediabong.com
2014-02-22 09:14:14,www.montiragetarot.com
2014-02-22 09:14:14,u.videostep.com
2014-02-22 09:14:14,www.lepoint.fr
2014-02-22 09:14:14,apps.direction-v.com
2014-02-22 09:14:15,www.montiragetarot.com
2014-02-22 09:14:15,u.videostep.com
2014-02-22 09:14:15,s.videostep.com
2014-02-22 09:14:16,www.lepoint.fr
2014-02-22 09:14:16,i1-js-14-3-01-10334-871210340-i.init.cedexis-radar.net
2014-02-22 09:14:16,player.mediabong.com
2014-02-22 09:14:17,ovh-rbx.bench.cedexis.com
2014-02-22 09:14:18,eu-ams1.joyent.bench.cedexis.com
2014-02-22 09:14:18,limelight.cedexis.com
2014-02-22 09:14:19,www.lepoint.fr
2014-02-22 09:14:20,s.videostep.com
2014-02-22 09:14:30,s.videostep.com
2014-02-22 09:14:35,www.bing.com
2014-02-22 09:14:36,ts2.mm.bing.net
2014-02-22 09:14:36,ts1.mm.bing.net
2014-02-22 09:14:36,www.bing.com
2014-02-22 09:14:40,ts2.mm.bing.net
2014-02-22 09:14:44,www.bing.com
2014-02-22 09:14:45,www.bing.com
2014-02-22 09:14:46,www.sport.fr
2014-02-22 09:14:47,login.live.com
2014-02-22 09:14:47,www.bing.com
2014-02-22 09:14:47,www.audienceinsights.net
2014-02-22 09:14:55,www.bing.com
2014-02-22 09:15:18,www.sport.fr
2014-02-22 09:15:19,www.audienceinsights.net
2014-02-22 09:15:20,medext.the-oz.com
2014-02-22 09:15:20,tracker.the-other-store.net
2014-02-22 09:15:50,ssl.bing.com
2014-02-22 09:15:51,www.sport.fr
2014-02-22 09:15:51,www.audienceinsights.net
2014-02-22 09:15:54,static.lexpress.fr
2014-02-22 09:15:54,www.bing.com
2014-02-22 09:15:54,html5shiv.googlecode.com
2014-02-22 09:15:54,www.lexpress.fr
2014-02-22 09:15:55,www.lexpress.fr
2014-02-22 09:15:55,player.mediabong.com
2014-02-22 09:15:55,platform.twitter.com
2014-02-22 09:15:55,www.facebook.com
2014-02-22 09:15:55,static.lexpress.fr
2014-02-22 09:15:56,codeorigin.jquery.com
2014-02-22 09:15:56,code.jquery.com
2014-02-22 09:15:56,pixel.alephd.com
2014-02-22 09:15:56,endor.mediabong.com
2014-02-22 09:15:56,static.lexpress.fr
2014-02-22 09:15:56,static.mediabong.com
2014-02-22 09:15:56,cimg.leguide.com
2014-02-22 09:15:56,cshoppingbox.partner.leguide.com
2014-02-22 09:15:56,twitter.com
2014-02-22 09:15:57,www.lexpress.fr
2014-02-22 09:15:57,platform.twitter.com
2014-02-22 09:15:57,admin.brightcove.com
2014-02-22 09:15:57,communaute.lexpress.fr
2014-02-22 09:15:57,ajax.googleapis.com
2014-02-22 09:15:57,player.mediabong.com
2014-02-22 09:15:57,cimg.leguide.com
2014-02-22 09:15:57,static.lexpress.fr
2014-02-22 09:15:57,endor.mediabong.com
2014-02-22 09:15:57,cdnjs.cloudflare.com
2014-02-22 09:15:57,static.mediabong.com
2014-02-22 09:15:57,pixel.alephd.com
2014-02-22 09:15:58,static.lexpress.fr
2014-02-22 09:15:58,photo.lacentrale.fr
2014-02-22 09:15:58,endor.mediabong.com
2014-02-22 09:15:58,foglio.basilic.io
2014-02-22 09:15:58,y.one.impact-ad.jp
2014-02-22 09:15:58,www.lexpress.fr
2014-02-22 09:15:59,video.mediabong.com
2014-02-22 09:15:59,static.ak.facebook.com
2014-02-22 09:15:59,s-static.ak.facebook.com
2014-02-22 09:15:59,www.facebook.com
2014-02-22 09:15:59,endor.mediabong.com
2014-02-22 09:16:00,www.facebook.com
2014-02-22 09:16:01,i1-js-14-3-01-10608-918327288-i.init.cedexis-radar.net
2014-02-22 09:16:01,rp.gwallet.com
2014-02-22 09:16:02,rp.gwallet.com
2014-02-22 09:16:02,aubervilliers.veepee.bench.cedexis.com
2014-02-22 09:16:03,ovh-rbx.bench.cedexis.com
2014-02-22 09:16:04,limelight.cedexis.com
2014-02-22 09:16:05,limelight.cedexis.com
2014-02-22 09:16:05,codeorigin.jquery.com
2014-02-22 09:16:05,code.jquery.com
2014-02-22 09:16:05,cimg.leguide.com
2014-02-22 09:16:08,cimg.leguide.com
2014-02-22 09:16:08,code.jquery.com
2014-02-22 09:16:08,codeorigin.jquery.com
2014-02-22 09:16:10,code.jquery.com
2014-02-22 09:16:10,cimg.leguide.com
2014-02-22 09:16:10,codeorigin.jquery.com
2014-02-22 09:16:11,codeorigin.jquery.com
2014-02-22 09:16:11,code.jquery.com
2014-02-22 09:16:11,cimg.leguide.com
2014-02-22 09:16:12,codeorigin.jquery.com
2014-02-22 09:16:12,code.jquery.com
2014-02-22 09:16:12,cimg.leguide.com
2014-02-22 09:16:14,cimg.leguide.com
2014-02-22 09:16:14,code.jquery.com
2014-02-22 09:16:14,codeorigin.jquery.com
2014-02-22 09:16:15,cimg.leguide.com
2014-02-22 09:16:15,codeorigin.jquery.com
2014-02-22 09:16:15,code.jquery.com
2014-02-22 09:16:19,codeorigin.jquery.com
2014-02-22 09:16:19,code.jquery.com
2014-02-22 09:16:19,cimg.leguide.com
2014-02-22 09:16:23,www.sport.fr
2014-02-22 09:16:24,www.sport.fr
2014-02-22 09:16:25,www.audienceinsights.net
2014-02-22 09:16:28,www.bing.com
2014-02-22 09:16:30,ssl.bing.com
2014-02-22 09:16:30,login.live.com
2014-02-22 09:16:31,www.bing.com
2014-02-22 09:16:33,ts1.mm.bing.net
2014-02-22 09:16:38,www.bing.com
2014-02-22 09:16:47,www.bing.com
2014-02-22 09:16:49,www.bing.com
2014-02-22 09:16:49,login.live.com
2014-02-22 09:16:52,go.disqus.com
2014-02-22 09:16:52,www.dailymotion.com
2014-02-22 09:16:52,cyclismedopage.disqus.com
2014-02-22 09:16:52,www.cyclisme-dopage.com
2014-02-22 09:16:52,www.bing.com
2014-02-22 09:16:52,ssl.bing.com
2014-02-22 09:16:53,rcm-fr.amazon.fr
2014-02-22 09:16:53,ecx.images-amazon.com
2014-02-22 09:16:53,disqus.com
2014-02-22 09:16:54,disqus.com
2014-02-22 09:16:55,disqus.com
2014-02-22 09:17:04,www.bing.com
2014-02-22 09:17:14,www.bing.com
2014-02-22 09:30:54,www.lexpress.fr
2014-02-22 09:30:55,html5shiv.googlecode.com
2014-02-22 09:30:55,www.facebook.com
2014-02-22 09:30:55,player.mediabong.com
2014-02-22 09:30:55,static.lexpress.fr
2014-02-22 09:30:56,codeorigin.jquery.com
2014-02-22 09:30:56,cimg.leguide.com
2014-02-22 09:30:56,twitter.com
2014-02-22 09:30:56,code.jquery.com
2014-02-22 09:30:56,s374.meetrics.net
2014-02-22 09:30:56,pixel.alephd.com
2014-02-22 09:30:57,cs.specificclick.net
2014-02-22 09:30:57,player.mediabong.com
2014-02-22 09:30:57,www.lexpress.fr
2014-02-22 09:30:57,cimg.leguide.com
2014-02-22 09:30:57,static.lexpress.fr
2014-02-22 09:30:57,connect.facebook.net
2014-02-22 09:30:57,platform.twitter.com
2014-02-22 09:30:58,s-static.ak.facebook.com
2014-02-22 09:30:58,files.player.mediabong.com
2014-02-22 09:30:58,www.facebook.com
2014-02-22 09:30:58,foglio.basilic.io
2014-02-22 09:30:58,static.ak.facebook.com
2014-02-22 09:30:58,photo.lacentrale.fr
2014-02-22 09:30:58,videosfr.s3.amazonaws.com
2014-02-22 09:30:59,s.kau.li
2014-02-22 09:30:59,www.facebook.com
2014-02-22 09:31:01,i1-js-14-3-01-10608-575748297-i.init.cedexis-radar.net
2014-02-22 09:31:01,radar.cedexis.swiftserve.com
2014-02-22 09:31:02,radar.cedexis.swiftserve.com
2014-02-22 09:31:03,transact-can.cedexis.com
2014-02-22 09:31:09,probe.cedexis.org
2014-02-22 09:31:10,cedexis-test01.insnw.net
2014-02-22 09:31:10,probe.cedexis.org
2014-02-22 09:31:11,cedexis-test01.insnw.net
2014-03-29 08:02:25,armmf.adobe.com
2014-03-29 08:02:27,armmf.adobe.com
2014-03-29 08:36:04,api.bing.com
2014-03-29 08:36:05,api.bing.com
2014-03-29 08:36:11,www.bing.com
2014-03-29 08:36:12,www.bing.com
2014-03-29 08:36:13,www.bing.com
2014-03-29 08:36:13,cms.abmr.net
2014-03-29 08:36:14,www.bing.com
2014-03-29 08:36:15,ts4.mm.bing.net
2014-03-29 08:36:15,ts3.mm.bing.net
2014-03-29 08:36:15,www.bing.com
2014-03-29 08:36:15,ts1.mm.bing.net
2014-03-29 08:36:15,ts2.mm.bing.net
2014-03-29 08:36:16,ts1.mm.bing.net
2014-03-29 08:36:16,ts3.mm.bing.net
2014-03-29 08:36:16,ts4.mm.bing.net
2014-03-29 08:36:16,ts2.mm.bing.net
2014-03-29 08:36:16,www.bing.com
2014-03-29 08:36:17,ts1.mm.bing.net
2014-03-29 08:36:17,ts3.mm.bing.net
2014-03-29 08:36:17,ts4.mm.bing.net
2014-03-29 08:36:17,www.bing.com
2014-03-29 08:36:17,ts2.mm.bing.net
2014-03-29 08:36:18,ts1.mm.bing.net
2014-03-29 08:36:18,ts3.mm.bing.net
2014-03-29 08:36:18,ts4.mm.bing.net
2014-03-29 08:36:18,ts2.mm.bing.net
2014-03-29 08:36:18,www.bing.com
2014-03-29 08:36:19,ts2.mm.bing.net
2014-03-29 08:36:19,ts3.mm.bing.net
2014-03-29 08:36:19,ts4.mm.bing.net
2014-03-29 08:36:19,www.bing.com
2014-03-29 08:36:19,ts1.mm.bing.net
2014-03-29 08:36:20,ts4.mm.bing.net
2014-03-29 08:36:20,ts1.mm.bing.net
2014-03-29 08:36:20,ts2.mm.bing.net
2014-03-29 08:36:20,api.bing.com
2014-03-29 08:36:20,ts3.mm.bing.net
2014-03-29 08:36:20,www.bing.com
2014-03-29 08:36:21,ts4.mm.bing.net
2014-03-29 08:36:21,www.bing.com
2014-03-29 08:36:21,ts1.mm.bing.net
2014-03-29 08:36:22,login.live.com
2014-03-29 08:36:22,ts4.mm.bing.net
2014-03-29 08:36:22,ts2.mm.bing.net
2014-03-29 08:36:22,www.bing.com
2014-03-29 08:36:23,www.bing.com
2014-03-29 08:36:23,ts1.mm.bing.net
2014-03-29 08:36:24,ssl.bing.com
2014-03-29 08:36:24,ts1.mm.bing.net
2014-03-29 08:36:24,www.bing.com
2014-03-29 08:36:25,www.bing.com
2014-03-29 08:36:25,ts1.mm.bing.net
2014-03-29 08:36:27,www.bing.com
2014-03-29 08:36:30,www.bing.com
2014-03-29 08:36:35,www.bing.com
2014-03-29 08:36:35,ts1.mm.bing.net
2014-03-29 08:36:36,ts1.mm.bing.net
2014-03-29 08:36:37,ts1.mm.bing.net
2014-03-29 08:36:37,www.bing.com
2014-03-29 08:36:39,www.bing.com
2014-03-29 08:36:42,www.bing.com
2014-03-29 08:36:46,www.bing.com
2014-03-29 08:36:46,ts4.mm.bing.net
2014-03-29 08:36:47,img.over-blog.com
2014-03-29 08:36:47,a398.idata.over-blog.com
2014-03-29 08:36:47,www.rts.ch
2014-03-29 08:36:47,tpe08-09-dopage.e-monsite.com
2014-03-29 08:36:47,www.bing.com
2014-03-29 08:36:48,www.humanite.fr
2014-03-29 08:36:48,www.courrierinternational.com
2014-03-29 08:36:48,ts1.mm.bing.net
2014-03-29 08:36:48,www.directmatin.fr
2014-03-29 08:36:48,cdn-lejdd.ladmedia.fr
2014-03-29 08:36:48,s.wat.tv
2014-03-29 08:36:48,www.nutri-site.com
2014-03-29 08:36:48,nsa32.casimages.com
2014-03-29 08:36:51,www.bing.com
2014-03-29 08:36:52,ts1.mm.bing.net
2014-03-29 08:36:53,ts1.mm.bing.net
2014-03-29 08:36:54,ts1.mm.bing.net
2014-03-29 08:37:03,www.bing.com
2014-03-29 08:37:03,ts1.mm.bing.net
2014-03-29 08:37:04,www.bing.com
2014-03-29 08:37:05,www.bing.com
2014-03-29 08:37:05,ts4.mm.bing.net
2014-03-29 08:37:05,ts2.mm.bing.net
2014-03-29 08:37:06,ts4.mm.bing.net
2014-03-29 08:37:06,ts2.mm.bing.net
2014-03-29 08:37:06,ts1.mm.bing.net
2014-03-29 08:37:06,ts3.mm.bing.net
2014-03-29 08:37:07,ts1.mm.bing.net
2014-03-29 08:37:07,ts2.mm.bing.net
2014-03-29 08:37:07,ts3.mm.bing.net
2014-03-29 08:37:07,ts4.mm.bing.net
2014-03-29 08:37:08,ts4.mm.bing.net
2014-03-29 08:37:12,ts1.mm.bing.net
2014-03-29 08:37:12,www.bing.com
2014-03-29 08:37:14,www.bing.com
2014-03-29 08:37:16,www.bing.com
2014-03-29 08:37:16,ts1.mm.bing.net
2014-03-29 08:37:17,ts1.mm.bing.net
2014-03-29 08:37:18,www.bing.com
2014-03-29 08:37:18,ts2.mm.bing.net
2014-03-29 08:37:18,www.monquotidien.fr
2014-03-29 08:37:19,www.ouest-france.fr
2014-03-29 08:37:19,volatile.parigot.free.fr
2014-03-29 08:37:20,www.jaibobola.fr
2014-03-29 08:37:20,www.franceinfo.fr
2014-03-29 08:37:20,www.slate.fr
2014-03-29 08:37:20,cyclisme-dopage.com
2014-03-29 08:37:20,ds2.ds.static.rtbf.be
2014-03-29 08:37:20,ts1.mm.bing.net
2014-03-29 08:37:20,tpeacmdopagesportif.e-monsite.com
2014-03-29 08:37:21,img53.imageshack.us
2014-03-29 08:37:21,www.lacliniqueducheval.fr
2014-03-29 08:37:22,www.bing.com
2014-03-29 08:37:22,imageshack.us
2014-03-29 08:37:22,ts1.mm.bing.net
2014-03-29 08:37:22,ts4.mm.bing.net
2014-03-29 08:37:23,www.bing.com
2014-03-29 08:37:24,ts1.mm.bing.net
2014-03-29 08:37:26,ts1.mm.bing.net
2014-03-29 08:37:27,www.bing.com
2014-03-29 08:37:27,ts1.mm.bing.net
2014-03-29 08:37:28,www.bing.com
2014-03-29 08:37:28,ts1.mm.bing.net
2014-03-29 08:37:30,www.bing.com
2014-03-29 08:37:32,www.bing.com
2014-03-29 08:37:35,www.bing.com
2014-03-29 08:37:40,ts1.mm.bing.net
2014-03-29 08:37:40,www.bing.com
2014-03-29 08:37:41,ts1.mm.bing.net
2014-03-29 08:37:41,www.bing.com
2014-03-29 08:37:42,www.bing.com
2014-03-29 08:37:49,ts1.mm.bing.net
2014-03-29 08:37:49,ts4.mm.bing.net
2014-03-29 08:37:49,ts3.mm.bing.net
2014-03-29 08:37:49,ts2.mm.bing.net
2014-03-29 08:37:49,www.bing.com
2014-03-29 08:37:50,ts4.mm.bing.net
2014-03-29 08:37:50,ts1.mm.bing.net
2014-03-29 08:37:50,ts2.mm.bing.net
2014-03-29 08:37:50,www.bing.com
2014-03-29 08:37:50,ts3.mm.bing.net
2014-03-29 08:37:51,www.bing.com
2014-03-29 08:37:51,ts3.mm.bing.net
2014-03-29 08:37:51,ts4.mm.bing.net
2014-03-29 08:37:51,ts1.mm.bing.net
2014-03-29 08:37:52,ts1.mm.bing.net
2014-03-29 08:37:52,www.bing.com
2014-03-29 08:37:53,www.bing.com
2014-03-29 08:37:56,www.bing.com
2014-03-29 08:37:57,perlbal.hi-pi.com
2014-03-29 08:37:57,ts1.mm.bing.net
2014-03-29 08:37:57,www.cluster21.com
2014-03-29 08:37:57,www.isostar.com
2014-03-29 08:37:57,www.bing.com
2014-03-29 08:37:58,lenid.hautetfort.com
2014-03-29 08:37:58,www.comite-ski-savoie.fr
2014-03-29 08:37:58,www.chevalmag.com
2014-03-29 08:37:58,www.douarnenez-boxe.com
2014-03-29 08:37:58,tpe-sport-et-nutrition-1ere-s.e-monsite.com
2014-03-29 08:37:59,www.lebuteur.com
2014-03-29 08:37:59,ts1.mm.bing.net
2014-03-29 08:38:00,www.crise-economique.net
2014-03-29 08:38:01,ts1.mm.bing.net
2014-03-29 08:38:04,ts1.mm.bing.net
2014-03-29 08:38:15,www.bing.com
2014-03-29 08:38:16,www.bing.com
2014-03-29 08:38:17,ts1.mm.bing.net
2014-03-29 08:38:18,www.bing.com
2014-03-29 08:38:20,www.bing.com
2014-03-29 08:38:20,ts1.mm.bing.net
2014-03-29 08:38:22,ts1.mm.bing.net
2014-03-29 08:38:22,images1.wikia.nocookie.net
2014-03-29 08:38:22,le-dopage-dans-le-sport.e-monsite.com
2014-03-29 08:38:22,www.capital.fr
2014-03-29 08:38:22,www.morningbull.ch
2014-03-29 08:38:25,ts1.mm.bing.net
2014-03-29 08:38:26,ts1.mm.bing.net
2014-03-29 08:38:26,www.bing.com
2014-03-29 08:38:27,www.bing.com
2014-03-29 08:38:29,www.bing.com
2014-03-29 08:38:29,ts1.mm.bing.net
2014-03-29 08:38:30,ts1.mm.bing.net
2014-03-29 08:38:30,www.bing.com
2014-03-29 08:38:31,ts1.mm.bing.net
2014-03-29 08:38:31,www.bing.com
2014-03-29 08:38:31,ts2.mm.bing.net
2014-03-29 08:38:31,ts4.mm.bing.net
2014-03-29 08:38:31,ts3.mm.bing.net
2014-03-29 08:38:32,ts4.mm.bing.net
2014-03-29 08:38:32,ts1.mm.bing.net
2014-03-29 08:38:32,ts2.mm.bing.net
2014-03-29 08:38:32,ts3.mm.bing.net
2014-03-29 08:38:32,www.bing.com
2014-03-29 08:38:33,ts1.mm.bing.net
2014-03-29 08:38:33,ts4.mm.bing.net
2014-03-29 08:38:33,ts2.mm.bing.net
2014-03-29 08:38:34,www.bing.com
2014-03-29 08:38:37,www.bing.com
2014-03-29 08:38:38,ts1.mm.bing.net
2014-03-29 08:38:38,www.bing.com
2014-03-29 08:38:39,ts1.mm.bing.net
2014-03-29 08:38:40,ts1.mm.bing.net
2014-03-29 08:38:40,www.bing.com
2014-03-29 08:38:41,ts1.mm.bing.net
2014-03-29 08:38:41,ts3.mm.bing.net
2014-03-29 08:38:41,ts4.mm.bing.net
2014-03-29 08:38:41,ts2.mm.bing.net
2014-03-29 08:38:41,www.bing.com
2014-03-29 08:38:42,ts2.mm.bing.net
2014-03-29 08:38:42,ts4.mm.bing.net
2014-03-29 08:38:42,ts1.mm.bing.net
2014-03-29 08:38:42,www.bing.com
2014-03-29 08:38:42,ts3.mm.bing.net
2014-03-29 08:38:43,ts1.mm.bing.net
2014-03-29 08:38:44,ts1.mm.bing.net
2014-03-29 08:38:45,ts1.mm.bing.net
2014-03-29 08:38:45,www.bing.com
2014-03-29 08:38:46,www.bing.com
2014-03-29 08:38:47,www.bing.com
2014-03-29 08:38:49,api.bing.com
2014-03-29 08:38:50,www.bing.com
2014-03-29 08:38:51,ts3.mm.bing.net
2014-03-29 08:38:51,www.bing.com
2014-03-29 08:38:51,ts1.mm.bing.net
2014-03-29 08:38:51,ts4.mm.bing.net
2014-03-29 08:38:51,ts2.mm.bing.net
2014-03-29 08:38:52,ts3.mm.bing.net
2014-03-29 08:38:52,ts2.mm.bing.net
2014-03-29 08:38:52,ts4.mm.bing.net
2014-03-29 08:38:52,ts1.mm.bing.net
2014-03-29 08:38:52,www.bing.com
2014-03-29 08:38:53,ts1.mm.bing.net
2014-03-29 08:38:53,ts4.mm.bing.net
2014-03-29 08:38:53,ts2.mm.bing.net
2014-03-29 08:38:53,ts3.mm.bing.net
2014-03-29 08:38:54,www.bing.com
2014-03-29 08:38:54,ts3.mm.bing.net
2014-03-29 08:38:54,ts1.mm.bing.net
2014-03-29 08:38:54,ts4.mm.bing.net
2014-03-29 08:38:54,ts2.mm.bing.net
2014-03-29 08:38:55,ts1.mm.bing.net
2014-03-29 08:38:55,ts3.mm.bing.net
2014-03-29 08:38:55,ts2.mm.bing.net
2014-03-29 08:38:55,www.bing.com
2014-03-29 08:38:55,ts4.mm.bing.net
2014-03-29 08:38:55,login.live.com
2014-03-29 08:38:55,ssl.bing.com
2014-03-29 08:38:55,api.bing.com
2014-03-29 08:38:56,ts1.mm.bing.net
2014-03-29 08:38:56,ts2.mm.bing.net
2014-03-29 08:38:56,ts3.mm.bing.net
2014-03-29 08:38:56,ts4.mm.bing.net
2014-03-29 08:38:57,www.bing.com
2014-03-29 08:38:57,ts2.mm.bing.net
2014-03-29 08:38:57,ts4.mm.bing.net
2014-03-29 08:38:57,ts1.mm.bing.net
2014-03-29 08:39:01,www.bing.com
2014-03-29 08:39:01,ts1.mm.bing.net
2014-03-29 08:39:02,www.bing.com
2014-03-29 08:39:02,ts1.mm.bing.net
2014-03-29 08:39:03,www.bing.com
2014-03-29 08:39:03,ts1.mm.bing.net
2014-03-29 08:39:04,www.bing.com
2014-03-29 08:39:06,www.bing.com
2014-03-29 08:39:09,www.bing.com
2014-03-29 08:39:19,www.bing.com
2014-03-29 08:39:19,ts1.mm.bing.net
2014-03-29 08:39:20,www.bing.com
2014-03-29 08:39:20,ts1.mm.bing.net
2014-03-29 08:39:22,www.bing.com
2014-03-29 08:39:23,www.bing.com
2014-03-29 08:39:24,www.bing.com
2014-03-29 08:39:25,www.bing.com
2014-03-29 08:39:25,ts1.mm.bing.net
2014-03-29 08:39:26,www.bing.com
2014-03-29 08:39:27,www.bing.com
2014-03-29 08:39:28,www.bing.com
2014-03-29 08:39:28,ts1.mm.bing.net
2014-03-29 08:39:29,www.bing.com
2014-03-29 08:39:30,www.bing.com
2014-03-29 08:39:31,www.bing.com
2014-03-29 08:39:33,www.bing.com
2014-03-29 08:39:34,www.bing.com
2014-03-29 08:39:35,www.bing.com
2014-03-29 08:39:35,ts1.mm.bing.net
2014-03-29 08:39:37,www.bing.com
2014-03-29 08:39:37,images.jedessine.com
2014-03-29 08:39:37,ts1.mm.bing.net
2014-03-29 08:39:38,ts1.mm.bing.net
2014-03-29 08:39:38,4.bp.blogspot.com
2014-03-29 08:39:38,sante.lefigaro.fr
2014-03-29 08:39:39,www.sudinfo.be
2014-03-29 08:39:39,www.avironfrance.asso.fr
2014-03-29 08:39:39,ts1.mm.bing.net
2014-03-29 08:39:39,data4.blog.de
2014-03-29 08:39:39,ts2.mm.bing.net
2014-03-29 08:39:39,www.bing.com
2014-03-29 08:39:39,p5.storage.canalblog.com
2014-03-29 08:39:40,i224.photobucket.com
2014-03-29 08:39:41,ts1.mm.bing.net
2014-03-29 08:39:42,www.bing.com
2014-03-29 08:39:51,www.bing.com
2014-03-29 08:39:51,ts1.mm.bing.net
2014-03-29 08:39:52,ts1.mm.bing.net
2014-03-29 08:39:52,www.bing.com
2014-03-29 08:39:53,ts3.mm.bing.net
2014-03-29 08:39:53,ts1.mm.bing.net
2014-03-29 08:39:53,ts2.mm.bing.net
2014-03-29 08:39:53,www.bing.com
2014-03-29 08:39:53,ts4.mm.bing.net
2014-03-29 08:39:54,ts4.mm.bing.net
2014-03-29 08:39:54,ts1.mm.bing.net
2014-03-29 08:39:54,www.bing.com
2014-03-29 08:39:54,ts3.mm.bing.net
2014-03-29 08:39:54,ts2.mm.bing.net
2014-03-29 08:39:56,ts1.mm.bing.net
2014-03-29 08:39:56,www.bing.com
2014-03-29 08:39:57,ts1.mm.bing.net
2014-03-29 08:39:57,www.bing.com
2014-03-29 08:39:58,www.bing.com
2014-03-29 08:39:59,www.bing.com
2014-03-29 08:39:59,ts1.mm.bing.net
2014-03-29 08:40:01,www.bing.com
2014-03-29 08:40:04,www.bing.com
2014-03-29 08:40:05,ts1.mm.bing.net
2014-03-29 08:40:06,www.bing.com
2014-03-29 08:40:06,ts1.mm.bing.net
2014-03-29 08:40:06,ts2.mm.bing.net
2014-03-29 08:40:06,ts3.mm.bing.net
2014-03-29 08:40:06,ts4.mm.bing.net
2014-03-29 08:40:07,ts4.mm.bing.net
2014-03-29 08:40:07,ts1.mm.bing.net
2014-03-29 08:40:07,ts3.mm.bing.net
2014-03-29 08:40:07,www.bing.com
2014-03-29 08:40:07,ts2.mm.bing.net
2014-03-29 08:40:08,ts1.mm.bing.net
2014-03-29 08:40:08,ts4.mm.bing.net
2014-03-29 08:40:08,ts3.mm.bing.net
2014-03-29 08:40:08,www.bing.com
2014-03-29 08:40:09,www.bing.com
2014-03-29 08:40:11,ts1.mm.bing.net
2014-03-29 08:40:11,www.bing.com
2014-03-29 08:40:12,www.bing.com
2014-03-29 08:40:12,ts1.mm.bing.net
2014-03-29 08:40:14,www.bing.com
2014-03-29 08:40:16,www.bing.com
2014-03-29 08:40:17,www.bing.com
2014-03-29 08:40:22,ts1.mm.bing.net
2014-03-29 08:40:23,www.bing.com
2014-03-29 08:40:24,www.bing.com
2014-03-29 08:40:25,ts1.mm.bing.net
2014-03-29 08:40:25,www.bing.com
2014-03-29 08:40:25,ts2.mm.bing.net
2014-03-29 08:40:25,ts4.mm.bing.net
2014-03-29 08:40:25,ts3.mm.bing.net
2014-03-29 08:40:26,ts4.mm.bing.net
2014-03-29 08:40:26,ts3.mm.bing.net
2014-03-29 08:40:26,ts1.mm.bing.net
2014-03-29 08:40:26,www.bing.com
2014-03-29 08:40:26,ts2.mm.bing.net
2014-03-29 08:40:27,ts4.mm.bing.net
2014-03-29 08:40:27,ts3.mm.bing.net
2014-03-29 08:40:27,ts1.mm.bing.net
2014-03-29 08:40:27,www.bing.com
2014-03-29 08:40:27,ts2.mm.bing.net
2014-03-29 08:40:28,ts1.mm.bing.net
2014-03-29 08:40:28,www.bing.com
2014-03-29 08:40:29,ts1.mm.bing.net
2014-03-29 08:40:29,www.bing.com
2014-03-29 08:40:31,www.bing.com
2014-03-29 08:40:32,www.bing.com
2014-03-29 08:40:34,www.bing.com
2014-03-29 08:40:40,www.bing.com
2014-03-29 08:40:40,ts1.mm.bing.net
2014-03-29 08:40:41,www.bing.com
2014-03-29 08:40:41,ts1.mm.bing.net
2014-03-29 08:40:42,ts1.mm.bing.net
2014-03-29 08:40:43,ts1.mm.bing.net
2014-03-29 08:40:45,www.bing.com
2014-03-29 08:40:46,ts2.mm.bing.net
2014-03-29 08:40:46,ts4.mm.bing.net
2014-03-29 08:40:46,www.bing.com
2014-03-29 08:40:46,ts1.mm.bing.net
2014-03-29 08:40:46,ts3.mm.bing.net
2014-03-29 08:40:47,ts1.mm.bing.net
2014-03-29 08:40:47,ts3.mm.bing.net
2014-03-29 08:40:47,ts4.mm.bing.net
2014-03-29 08:40:47,www.bing.com
2014-03-29 08:40:47,ts2.mm.bing.net
2014-03-29 08:40:48,ts1.mm.bing.net
2014-03-29 08:40:48,www.bing.com
2014-03-29 08:40:48,ts4.mm.bing.net
2014-03-29 08:40:48,ts2.mm.bing.net
2014-03-29 08:40:48,ts3.mm.bing.net
2014-03-29 08:40:49,ts3.mm.bing.net
2014-03-29 08:40:49,ts1.mm.bing.net
2014-03-29 08:40:49,ts4.mm.bing.net
2014-03-29 08:40:49,ts2.mm.bing.net
2014-03-29 08:40:50,ts4.mm.bing.net
2014-03-29 08:40:50,ts1.mm.bing.net
2014-03-29 08:40:50,ts2.mm.bing.net
2014-03-29 08:40:50,www.bing.com
2014-03-29 08:40:50,ts3.mm.bing.net
2014-03-29 08:40:50,ssl.bing.com
2014-03-29 08:40:50,login.live.com
2014-03-29 08:40:51,ts3.mm.bing.net
2014-03-29 08:40:51,ts2.mm.bing.net
2014-03-29 08:40:51,api.bing.com
2014-03-29 08:40:51,ts1.mm.bing.net
2014-03-29 08:40:51,ts4.mm.bing.net
2014-03-29 08:40:52,ts1.mm.bing.net
2014-03-29 08:40:52,ts4.mm.bing.net
2014-03-29 08:40:52,ts3.mm.bing.net
2014-03-29 08:40:52,ts2.mm.bing.net
2014-03-29 08:40:54,ts1.mm.bing.net
2014-03-29 08:40:54,www.bing.com
2014-03-29 08:40:56,www.bing.com
2014-03-29 08:40:59,www.bing.com
2014-03-29 08:41:17,www.bing.com
2014-03-29 08:41:17,ts1.mm.bing.net
2014-03-29 08:41:18,ts1.mm.bing.net
2014-03-29 08:41:18,www.bing.com
2014-03-29 08:41:19,www.bing.com
2014-03-29 08:41:20,www.bing.com
2014-03-29 08:41:23,api.bing.com
2014-03-29 08:41:24,api.bing.com
2014-03-29 08:41:25,api.bing.com
2014-03-29 08:41:25,www.bing.com
2014-03-29 08:41:26,api.bing.com
2014-03-29 08:41:27,api.bing.com
2014-03-29 08:41:28,api.bing.com
2014-03-29 08:41:29,api.bing.com
2014-03-29 08:41:30,api.bing.com
2014-03-29 08:41:31,api.bing.com
2014-03-29 08:41:32,api.bing.com
2014-03-29 08:41:33,www.bing.com
2014-03-29 08:41:33,ts2.mm.bing.net
2014-03-29 08:41:33,ts1.mm.bing.net
2014-03-29 08:41:33,ts3.mm.bing.net
2014-03-29 08:41:33,ts4.mm.bing.net
2014-03-29 08:41:34,ts3.mm.bing.net
2014-03-29 08:41:34,ts2.mm.bing.net
2014-03-29 08:41:34,ts4.mm.bing.net
2014-03-29 08:41:34,ts1.mm.bing.net
2014-03-29 08:41:34,www.bing.com
2014-03-29 08:41:35,ts1.mm.bing.net
2014-03-29 08:41:35,ts4.mm.bing.net
2014-03-29 08:41:35,ts3.mm.bing.net
2014-03-29 08:41:35,ts2.mm.bing.net
2014-03-29 08:41:35,www.bing.com
2014-03-29 08:41:36,ts4.mm.bing.net
2014-03-29 08:41:36,ts3.mm.bing.net
2014-03-29 08:41:36,ts1.mm.bing.net
2014-03-29 08:41:36,ts2.mm.bing.net
2014-03-29 08:41:37,www.bing.com
2014-03-29 08:41:37,ts2.mm.bing.net
2014-03-29 08:41:37,ts3.mm.bing.net
2014-03-29 08:41:37,ts4.mm.bing.net
2014-03-29 08:41:37,login.live.com
2014-03-29 08:41:37,ssl.bing.com
2014-03-29 08:41:37,ts1.mm.bing.net
2014-03-29 08:41:38,ts3.mm.bing.net
2014-03-29 08:41:38,ts4.mm.bing.net
2014-03-29 08:41:38,ts2.mm.bing.net
2014-03-29 08:41:38,ts1.mm.bing.net
2014-03-29 08:41:39,api.bing.com
2014-03-29 08:41:39,www.bing.com
2014-03-29 08:41:39,ts2.mm.bing.net
2014-03-29 08:41:39,ts3.mm.bing.net
2014-03-29 08:41:39,ts4.mm.bing.net
2014-03-29 08:41:39,ts1.mm.bing.net
2014-03-29 08:41:40,www.bing.com
2014-03-29 08:41:41,www.bing.com
2014-03-29 08:41:41,ts4.mm.bing.net
2014-03-29 08:41:42,ts1.mm.bing.net
2014-03-29 08:41:42,www.leblogauto.com
2014-03-29 08:41:42,tpedopage.files.wordpress.com
2014-03-29 08:41:43,alencontre.org
2014-03-29 08:41:43,www.medecinedusportconseils.com
2014-03-29 08:41:43,www.directmatin.fr
2014-03-29 08:41:43,3.bp.blogspot.com
2014-03-29 08:41:43,ww2.ac-poitiers.fr
2014-03-29 08:41:43,ts1.mm.bing.net
2014-03-29 08:41:43,sportlifefr.files.wordpress.com
2014-03-29 08:41:43,img.maxisciences.com
2014-03-29 08:41:44,ts1.mm.bing.net
2014-03-29 08:41:44,www.bing.com
2014-03-29 08:41:44,img268.imageshack.us
2014-03-29 08:41:44,imageshack.us
2014-03-29 08:41:44,ts4.mm.bing.net
2014-03-29 08:41:44,impactmagazine.fr
2014-03-29 08:41:45,ts3.mm.bing.net
2014-03-29 08:41:45,www.bing.com
2014-03-29 08:41:46,www.bing.com
2014-03-29 08:41:55,www.bing.com
2014-03-29 08:41:55,ts1.mm.bing.net
2014-03-29 08:41:56,www.bing.com
2014-03-29 08:41:56,ts1.mm.bing.net
2014-03-29 08:41:57,www.bing.com
2014-03-29 08:41:58,www.bing.com
2014-03-29 08:41:58,ts1.mm.bing.net
2014-03-29 08:42:00,www.bing.com
2014-03-29 08:42:03,www.bing.com
2014-03-29 08:42:08,www.bing.com
2014-03-29 08:42:09,ts1.mm.bing.net
2014-03-29 08:42:09,www.bing.com
2014-03-29 08:42:11,www.bing.com
2014-03-29 08:42:14,www.bing.com
2014-03-29 08:42:16,www.bing.com
2014-03-29 08:42:17,www.bing.com
2014-03-29 08:42:18,ts1.mm.bing.net
2014-03-29 08:42:19,www.bing.com
2014-03-29 08:42:22,www.bing.com
2014-03-29 08:42:27,www.bing.com
2014-03-29 08:42:27,ts1.mm.bing.net
2014-03-29 08:42:28,ts1.mm.bing.net
2014-03-29 08:42:28,www.bing.com
2014-03-29 08:42:29,ts1.mm.bing.net
2014-03-29 08:42:30,ts1.mm.bing.net
2014-03-29 08:42:30,www.bing.com
2014-03-29 08:42:32,www.bing.com
2014-03-29 08:42:35,www.bing.com
2014-03-29 08:42:37,ts1.mm.bing.net
2014-03-29 08:42:37,ts4.mm.bing.net
2014-03-29 08:42:37,ts2.mm.bing.net
2014-03-29 08:42:37,ts3.mm.bing.net
2014-03-29 08:42:37,www.bing.com
2014-03-29 08:42:38,ts2.mm.bing.net
2014-03-29 08:42:38,www.bing.com
2014-03-29 08:42:38,ts1.mm.bing.net
2014-03-29 08:42:38,ts3.mm.bing.net
2014-03-29 08:42:38,ts4.mm.bing.net
2014-03-29 08:42:39,ts3.mm.bing.net
2014-03-29 08:42:39,ts1.mm.bing.net
2014-03-29 08:42:39,ts2.mm.bing.net
2014-03-29 08:42:39,ts4.mm.bing.net
2014-03-29 08:42:40,www.bing.com
2014-03-29 08:42:40,ts1.mm.bing.net
2014-03-29 08:42:42,www.bing.com
2014-03-29 08:42:43,www.bing.com
2014-03-29 08:42:43,ts1.mm.bing.net
2014-03-29 08:42:45,ts1.mm.bing.net
2014-03-29 08:42:46,www.bing.com
2014-03-29 08:42:46,ts1.mm.bing.net
2014-03-29 08:42:46,ts4.mm.bing.net
2014-03-29 08:42:46,ts2.mm.bing.net
2014-03-29 08:42:47,ts4.mm.bing.net
2014-03-29 08:42:47,ts2.mm.bing.net
2014-03-29 08:42:47,ts1.mm.bing.net
2014-03-29 08:42:47,www.bing.com
2014-03-29 08:42:47,ts3.mm.bing.net
2014-03-29 08:42:48,ts3.mm.bing.net
2014-03-29 08:42:48,ts1.mm.bing.net
2014-03-29 08:42:48,ts4.mm.bing.net
2014-03-29 08:42:48,ts2.mm.bing.net
2014-03-29 08:42:49,ts1.mm.bing.net
2014-03-29 08:42:49,www.bing.com
2014-03-29 08:42:50,ts1.mm.bing.net
2014-03-29 08:42:50,www.bing.com
2014-03-29 08:42:52,www.bing.com
2014-03-29 08:42:55,www.bing.com
2014-03-29 08:42:58,www.bing.com
2014-03-29 08:42:58,ts1.mm.bing.net
2014-03-29 08:42:59,www.bing.com
2014-03-29 08:43:00,ts4.mm.bing.net
2014-03-29 08:43:00,www.courir74.com
2014-03-29 08:43:00,ts1.mm.bing.net
2014-03-29 08:43:00,www.lepoint.fr
2014-03-29 08:43:00,www.bing.com
2014-03-29 08:43:01,ts1.mm.bing.net
2014-03-29 08:43:01,2.bp.blogspot.com
2014-03-29 08:43:01,www.francetvsport.fr
2014-03-29 08:43:01,www.arretsurimages.net
2014-03-29 08:43:01,www.tv5.org
2014-03-29 08:43:01,www.rue89.com
2014-03-29 08:43:02,ts1.mm.bing.net
2014-03-29 08:43:06,rue89.nouvelobs.com
2014-03-29 08:43:18,www.bing.com
2014-03-29 08:43:18,ts1.mm.bing.net
2014-03-29 08:43:19,www.bing.com
2014-03-29 08:43:20,ts1.mm.bing.net
2014-03-29 08:43:20,www.bing.com
2014-03-29 08:43:21,ts1.mm.bing.net
2014-03-29 08:43:21,www.bing.com
2014-03-29 08:43:21,ts3.mm.bing.net
2014-03-29 08:43:21,ts2.mm.bing.net
2014-03-29 08:43:21,ts4.mm.bing.net
2014-03-29 08:43:22,ts2.mm.bing.net
2014-03-29 08:43:22,ts3.mm.bing.net
2014-03-29 08:43:22,ts1.mm.bing.net
2014-03-29 08:43:22,ts4.mm.bing.net
2014-03-29 08:43:22,www.bing.com
2014-03-29 08:43:23,ts1.mm.bing.net
2014-03-29 08:43:24,ts1.mm.bing.net
2014-03-29 08:43:25,www.bing.com
2014-03-29 08:43:26,www.bing.com
2014-03-29 08:43:33,www.bing.com
2014-03-29 08:45:02,www.bing.com
2014-03-29 08:49:25,www.bing.com
2014-03-29 08:54:51,www.bing.com
2014-03-29 08:54:54,api.bing.com
2014-03-29 08:55:04,www.bing.com
2014-03-29 08:55:07,login.live.com
2014-03-29 08:55:07,www.bing.com
2014-03-29 08:55:15,www.bing.com
2014-03-29 08:55:17,www.bing.com
2014-03-29 08:55:18,fr-fr.facebook.com
2014-03-29 08:55:18,ssl.bing.com
2014-03-29 08:55:18,fbstatic-a.akamaihd.net
2014-03-29 08:55:19,fbstatic-a.akamaihd.net
2014-03-29 08:55:27,fbstatic-a.akamaihd.net
2014-03-29 08:55:37,www.facebook.com
2014-03-29 08:55:37,fbstatic-a.akamaihd.net
2014-03-29 08:55:39,fbcdn-sphotos-f-a.akamaihd.net
2014-03-29 08:55:39,fr-fr.facebook.com
2014-03-29 08:55:39,www.facebook.com
2014-03-29 08:55:39,fbcdn-sphotos-c-a.akamaihd.net
2014-03-29 08:55:39,fbstatic-a.akamaihd.net
2014-03-29 08:55:40,fbcdn-photos-f-a.akamaihd.net
2014-03-29 08:55:40,fbcdn-photos-a-a.akamaihd.net
2014-03-29 08:55:40,fbcdn-photos-e-a.akamaihd.net
2014-03-29 08:55:40,fbcdn-photos-h-a.akamaihd.net
2014-03-29 08:55:40,fbcdn-photos-c-a.akamaihd.net
2014-03-29 08:55:40,fbcdn-sphotos-c-a.akamaihd.net
2014-03-29 08:55:40,www.facebook.com
2014-03-29 08:55:40,fbcdn-sphotos-f-a.akamaihd.net
2014-03-29 08:55:40,fbcdn-photos-b-a.akamaihd.net
2014-03-29 08:55:40,fbstatic-a.akamaihd.net
2014-03-29 08:55:41,fbcdn-photos-b-a.akamaihd.net
2014-03-29 08:55:41,fbstatic-a.akamaihd.net
2014-03-29 08:55:41,fbcdn-creative-a.akamaihd.net
2014-03-29 08:55:41,fbexternal-a.akamaihd.net
2014-03-29 08:55:41,fbcdn-sphotos-c-a.akamaihd.net
2014-03-29 08:55:41,fbcdn-photos-f-a.akamaihd.net
2014-03-29 08:55:41,fbcdn-photos-a-a.akamaihd.net
2014-03-29 08:55:41,fbcdn-photos-c-a.akamaihd.net
2014-03-29 08:55:41,fbcdn-photos-h-a.akamaihd.net
2014-03-29 08:55:41,fbcdn-photos-e-a.akamaihd.net
2014-03-29 08:55:41,www.facebook.com
2014-03-29 08:55:43,fbcdn-creative-a.akamaihd.net
2014-03-29 08:55:43,fbstatic-a.akamaihd.net
2014-03-29 08:55:43,fbcdn-sphotos-b-a.akamaihd.net
2014-03-29 08:55:43,www.facebook.com
2014-03-29 08:55:43,fbexternal-a.akamaihd.net
2014-03-29 08:55:44,www.facebook.com
2014-03-29 08:55:45,fbstatic-a.akamaihd.net
2014-03-29 08:55:45,fbcdn-sphotos-b-a.akamaihd.net
2014-03-29 08:55:54,www.facebook.com
2014-03-29 08:55:54,fbcdn-photos-b-a.akamaihd.net
2014-03-29 08:55:54,fbstatic-a.akamaihd.net
2014-03-29 08:55:54,fbcdn-photos-d-a.akamaihd.net
2014-03-29 08:55:54,fbcdn-photos-g-a.akamaihd.net
2014-03-29 08:55:55,fbcdn-photos-d-a.akamaihd.net
2014-03-29 08:55:55,fbcdn-photos-g-a.akamaihd.net
2014-03-29 08:55:55,www.facebook.com
2014-03-29 08:55:56,www.facebook.com
2014-03-29 08:55:56,fbstatic-a.akamaihd.net
2014-03-29 08:55:58,fbcdn-photos-a-a.akamaihd.net
2014-03-29 08:56:03,fbcdn-photos-f-a.akamaihd.net
2014-03-29 08:56:04,fbstatic-a.akamaihd.net
2014-03-29 08:56:04,www.facebook.com
2014-03-29 08:56:04,fbcdn-sphotos-d-a.akamaihd.net
2014-03-29 08:56:04,fbexternal-a.akamaihd.net
2014-03-29 08:56:04,fbcdn-photos-f-a.akamaihd.net
2014-03-29 08:56:04,fbcdn-sphotos-f-a.akamaihd.net
2014-03-29 08:56:05,fbexternal-a.akamaihd.net
2014-03-29 08:56:05,fbcdn-sphotos-d-a.akamaihd.net
2014-03-29 08:56:05,fbstatic-a.akamaihd.net
2014-03-29 08:56:06,fbstatic-a.akamaihd.net
2014-03-29 08:56:19,fbstatic-a.akamaihd.net
2014-03-29 08:56:47,fbcdn-sphotos-b-a.akamaihd.net
2014-03-29 08:56:47,fbstatic-a.akamaihd.net
2014-03-29 08:56:47,www.facebook.com
2014-03-29 08:56:47,fbexternal-a.akamaihd.net
2014-03-29 08:56:47,fbcdn-creative-a.akamaihd.net
2014-03-29 08:56:48,fbcdn-creative-a.akamaihd.net
2014-03-29 08:56:48,fbstatic-a.akamaihd.net
2014-03-29 08:56:54,www.facebook.com
2014-03-29 08:56:54,fbexternal-a.akamaihd.net
2014-03-29 08:56:55,fbexternal-a.akamaihd.net
2014-03-29 08:56:55,fbcdn-sphotos-e-a.akamaihd.net
2014-03-29 08:56:55,www.facebook.com
2014-03-29 08:56:56,fbexternal-a.akamaihd.net
2014-03-29 08:56:56,fbstatic-a.akamaihd.net
2014-03-29 08:56:56,fbcdn-sphotos-c-a.akamaihd.net
2014-03-29 08:57:39,www.facebook.com
2014-03-29 08:57:39,fbcdn-creative-a.akamaihd.net
2014-03-29 08:57:39,fbexternal-a.akamaihd.net
2014-03-29 08:57:39,fbstatic-a.akamaihd.net
2014-03-29 08:57:40,fbcdn-creative-a.akamaihd.net
2014-03-29 08:57:49,www.bing.com
2014-03-29 08:57:50,www.bing.com
2014-03-29 08:59:00,www.facebook.com
2014-03-29 08:59:30,www.facebook.com
2014-03-29 09:01:30,www.facebook.com
2014-03-29 09:02:51,api.bing.com
2014-03-29 09:02:52,api.bing.com
2014-03-29 09:02:53,api.bing.com
2014-03-29 09:02:54,api.bing.com
2014-03-29 09:02:55,www.bing.com
2014-03-29 09:02:57,login.live.com
2014-03-29 09:02:58,www.bing.com
2014-03-29 09:03:05,www.bing.com
2014-03-29 09:03:15,ssl.bing.com
2014-03-29 09:03:15,www.bing.com
2014-03-29 09:03:16,www.iledelareunion.net
2014-03-29 09:03:16,www.google.com
2014-03-29 09:03:17,www.google.com
2014-03-29 09:03:17,fpdownload2.macromedia.com
2014-03-29 09:03:17,www.iledelareunion.net
2014-03-29 09:04:50,www.iledelareunion.net
2014-03-29 09:04:50,www.illicotravel.com
2014-03-29 09:04:51,apis.google.com
2014-03-29 09:04:51,www.iledelareunion.net
2014-03-29 09:04:51,www.illicotravel.org
2014-03-29 09:04:51,www.illicotravel.com
2014-03-29 09:04:52,www.illicotravel.com
2014-03-29 09:04:52,apis.google.com
2014-03-29 09:06:07,www.illicotravel.org
2014-03-29 09:06:18,www.illicotravel.com
2014-03-29 09:07:41,www.facebook.com
2014-03-29 09:09:44,www.illicotravel.org
2014-03-29 09:12:18,www.facebook.com
2014-03-29 09:12:18,fbexternal-a.akamaihd.net
2014-03-29 09:12:19,fbcdn-creative-a.akamaihd.net
2014-03-29 09:12:29,www.facebook.com
2014-03-29 09:12:29,fbstatic-a.akamaihd.net
2014-03-29 09:12:29,fbexternal-a.akamaihd.net
2014-03-29 09:12:29,fbcdn-sphotos-d-a.akamaihd.net
2014-03-29 09:12:30,fbcdn-sphotos-f-a.akamaihd.net
2014-03-29 09:12:30,fbstatic-a.akamaihd.net
2014-03-29 09:12:30,fbcdn-creative-a.akamaihd.net
2014-03-29 09:13:38,www.facebook.com
2014-03-29 09:13:48,www.facebook.com
2014-03-29 09:13:48,fbstatic-a.akamaihd.net
2014-03-29 09:13:51,www.bing.com
2014-03-29 09:13:53,login.live.com
2014-03-29 09:13:53,www.bing.com
2014-03-29 09:14:01,www.bing.com
2014-03-29 09:14:02,www.bing.com
2014-03-29 09:14:06,www.pagesjaunes.fr
2014-03-29 09:14:06,dev.virtualearth.net
2014-03-29 09:14:06,www.bing.com
2014-03-29 09:14:06,logc258.at.pagesjaunes.fr
2014-03-29 09:14:08,ssl.bing.com
2014-03-29 09:14:08,login.live.com
2014-03-29 09:14:08,www.bing.com
2014-03-29 09:14:08,www.pole-emploi.fr
2014-03-29 09:14:09,www.pole-emploi.fr
2014-03-29 09:14:10,www.pole-emploi.fr
2014-03-29 09:14:10,www.adobe.com
2014-03-29 09:14:10,wwwimages.adobe.com
2014-03-29 09:14:12,www.pole-emploi.fr
2014-03-29 09:14:46,offre.pole-emploi.fr
2014-03-29 09:14:46,candidat.pole-emploi.fr
2014-03-29 09:14:47,candidat.pole-emploi.fr
2014-03-29 09:14:48,candidat.pole-emploi.fr
2014-03-29 09:15:20,candidat.pole-emploi.fr
2014-03-29 09:15:39,www.pole-emploi.fr
2014-03-29 09:15:44,candidat.pole-emploi.fr
2014-03-29 09:15:44,offre.pole-emploi.fr
2014-03-29 09:15:45,candidat.pole-emploi.fr
2014-03-29 09:15:51,candidat.pole-emploi.fr
2014-03-29 09:15:52,candidat.pole-emploi.fr
2014-03-29 09:16:43,candidat.pole-emploi.fr
2014-03-29 09:16:44,candidat.pole-emploi.fr
2014-03-29 09:17:06,candidat.pole-emploi.fr
2014-03-29 09:18:09,candidat.pole-emploi.fr
2014-03-29 09:18:26,candidat.pole-emploi.fr
2014-03-29 09:18:41,candidat.pole-emploi.fr
2014-03-29 09:18:59,candidat.pole-emploi.fr
2014-03-29 09:19:38,candidat.pole-emploi.fr
2014-03-29 09:19:44,candidat.pole-emploi.fr
2014-03-29 09:19:58,www.bing.com
2014-03-29 09:20:00,www.bing.com
2014-03-29 09:34:07,candidat.pole-emploi.fr
2014-03-29 09:34:10,candidat.pole-emploi.fr
2014-03-29 09:34:19,offre.pole-emploi.fr
2014-03-29 09:34:19,candidat.pole-emploi.fr
2014-03-29 09:34:41,www.pole-emploi.fr
2014-03-29 09:34:55,candidat.pole-emploi.fr
2014-03-29 09:34:55,offre.pole-emploi.fr
2014-03-29 09:34:56,candidat.pole-emploi.fr
2014-03-29 09:35:03,candidat.pole-emploi.fr
2014-03-29 09:35:35,candidat.pole-emploi.fr
2014-03-29 09:35:54,candidat.pole-emploi.fr
2014-03-29 09:36:33,candidat.pole-emploi.fr
2014-03-29 09:36:42,candidat.pole-emploi.fr
2014-03-29 09:36:49,candidat.pole-emploi.fr
2014-03-29 09:37:08,candidat.pole-emploi.fr
2014-03-29 09:37:30,candidat.pole-emploi.fr
2014-03-29 09:37:31,candidat.pole-emploi.fr
2014-03-29 09:37:37,candidat.pole-emploi.fr
2014-03-29 09:37:45,candidat.pole-emploi.fr
2014-03-29 09:37:46,candidat.pole-emploi.fr
2014-03-29 09:38:23,candidat.pole-emploi.fr
2014-03-29 09:38:44,candidat.pole-emploi.fr
2014-03-29 09:39:06,candidat.pole-emploi.fr
2014-03-29 09:39:12,candidat.pole-emploi.fr
2014-03-29 09:39:30,candidat.pole-emploi.fr
2014-03-29 09:39:51,candidat.pole-emploi.fr
2014-03-29 09:39:58,candidat.pole-emploi.fr
2014-03-29 09:40:15,candidat.pole-emploi.fr
2014-03-29 09:40:49,candidat.pole-emploi.fr
2014-03-29 09:40:58,candidat.pole-emploi.fr
2014-03-29 09:41:13,candidat.pole-emploi.fr
2014-03-29 09:41:14,candidat.pole-emploi.fr
2014-03-29 09:41:23,candidat.pole-emploi.fr
2014-03-29 09:41:36,candidat.pole-emploi.fr
2014-03-29 09:41:43,candidat.pole-emploi.fr
2014-03-29 09:41:45,candidat.pole-emploi.fr
2014-03-29 09:41:59,candidat.pole-emploi.fr
2014-03-29 09:42:17,candidat.pole-emploi.fr
2014-03-29 09:42:20,candidat.pole-emploi.fr
2014-03-29 09:42:36,www.bing.com
2014-03-29 09:42:37,www.bing.com
2014-03-29 09:42:39,www.bing.com
2014-03-29 09:42:39,login.live.com
2014-03-29 09:42:42,www.bing.com
2014-03-29 09:42:43,ssl.bing.com
2014-03-29 09:42:43,platform.twitter.com
2014-03-29 09:42:43,ajax.googleapis.com
2014-03-29 09:42:43,www.lejsl.com
2014-03-29 09:42:43,s-www.lejsl.com
2014-03-29 09:42:44,www.facebook.com
2014-03-29 09:42:44,www.lejsl.com
2014-03-29 09:42:44,s-www.lejsl.com
2014-03-29 09:42:44,www.iookaz.com
2014-03-29 09:42:44,apis.google.com
2014-03-29 09:42:45,apis.google.com
2014-03-29 09:42:45,www.iookaz.com
2014-03-29 09:42:45,s-www.lejsl.com
2014-03-29 09:42:45,www.lejsl.com
2014-03-29 09:42:46,www.lejsl.com
2014-03-29 09:42:46,accounts.google.com
2014-03-29 09:42:46,platform.twitter.com
2014-03-29 09:42:46,apis.google.com
2014-03-29 09:42:47,www.bing.com
2014-03-29 09:42:47,accounts.google.com
2014-03-29 09:42:47,twitter.com
2014-03-29 09:42:47,apis.google.com
2014-03-29 09:42:51,www.bing.com
2014-03-29 09:42:52,twitter.com
2014-03-29 09:42:52,www.google.com
2014-03-29 09:42:52,www.facebook.com
2014-03-29 09:42:52,static.careerjet.net
2014-03-29 09:42:52,www.optioncarriere.com
2014-03-29 09:43:14,www.optioncarriere.com
2014-03-29 09:43:15,static.qapa.fr
2014-03-29 09:43:16,ajax.googleapis.com
2014-03-29 09:43:16,www.google.com
2014-03-29 09:43:16,static.qapa.fr
2014-03-29 09:43:16,www.qapa.fr
2014-03-29 09:43:17,static.qapa.fr
2014-03-29 09:43:18,www.qapa.fr
2014-03-29 09:43:19,b.tile.openstreetmap.org
2014-03-29 09:43:19,c.tile.openstreetmap.org
2014-03-29 09:43:19,a.tile.openstreetmap.org
2014-03-29 09:43:25,maps.googleapis.com
2014-03-29 09:43:25,static.qapa.fr
2014-03-29 09:43:25,www.qapa.fr
2014-03-29 09:43:30,maps.googleapis.com
2014-03-29 09:44:10,www.google.com
2014-03-29 09:44:10,www.optioncarriere.com
2014-03-29 09:44:10,static.careerjet.net
2014-03-29 09:44:10,apis.google.com
2014-03-29 09:44:10,accounts.google.com
2014-03-29 09:44:28,www.optioncarriere.com
2014-03-29 09:44:28,www.google.com
2014-03-29 09:44:28,www.facebook.com
2014-03-29 09:44:29,www.google.com
2014-03-29 09:44:45,www.estjob.com
2014-03-29 09:44:45,ressources.regionsjob.com
2014-03-29 09:44:45,secure.regionsjob.com
2014-03-29 09:44:45,www.optioncarriere.com
2014-03-29 09:44:45,apis.google.com
2014-03-29 09:44:46,www.google.fr
2014-03-29 09:44:46,www.estjob.com
2014-03-29 09:44:46,secure.regionsjob.com
2014-03-29 09:44:46,ressources.regionsjob.com
2014-03-29 09:44:46,www.google.com
2014-03-29 09:44:46,www.regionsjob.com
2014-03-29 09:44:46,www.facebook.com
2014-03-29 09:44:47,www.google.fr
2014-03-29 09:44:47,www.google.com
2014-03-29 09:45:12,www.estjob.com
2014-03-29 09:45:15,apis.google.com
2014-03-29 09:45:15,www.google.com
2014-03-29 09:45:15,www.facebook.com
2014-03-29 09:45:28,www.optioncarriere.com
2014-03-29 09:45:28,www.facebook.com
2014-03-29 09:45:28,apis.google.com
2014-03-29 09:45:28,www.google.com
2014-03-29 09:45:43,apis.google.com
