timestamp,site
2013-04-12 13:20:25,api.bing.com
2013-04-12 13:20:26,www.google.fr
2013-04-12 13:20:28,www.google.fr
2013-04-12 13:20:32,apis.google.com
2013-04-12 13:20:35,www.google.com
2013-04-12 13:21:09,www.bing.com
2013-04-12 13:21:18,ieonline.microsoft.com
2013-04-12 13:21:22,www.google.fr
2013-04-12 13:21:22,www.google.com
2013-04-12 13:21:22,apis.google.com
2013-04-12 13:21:24,www.larecherche.fr
2013-04-12 13:21:24,www.google.fr
2013-04-12 13:21:25,www.larecherche.fr
2013-04-12 13:21:27,cm.eyedemand.com
2013-04-12 13:21:27,www.larecherche.fr
2013-04-12 13:21:27,www.dailymotion.com
2013-04-12 13:21:28,www.larecherche.fr
2013-04-12 13:21:28,www.dailymotion.com
2013-04-12 13:21:28,platform.twitter.com
2013-04-12 13:21:28,www.facebook.com
2013-04-12 13:21:30,windows.microsoft.com
2013-04-12 13:21:30,www.dailymotion.com
2013-04-12 13:21:30,js.microsoft.com
2013-04-12 13:21:30,ajax.microsoft.com
2013-04-12 13:21:30,go.microsoft.com
2013-04-12 13:21:30,res2.windows.microsoft.com
2013-04-12 13:21:30,res1.windows.microsoft.com
2013-04-12 13:21:31,res1.windows.microsoft.com
2013-04-12 13:21:31,js.microsoft.com
2013-04-12 13:21:31,res2.windows.microsoft.com
2013-04-12 13:21:31,windows.microsoft.com
2013-04-12 13:21:31,www.facebook.com
2013-04-12 13:21:32,www.facebook.com
2013-04-12 13:21:32,js.microsoft.com
2013-04-12 13:21:33,res1.windows.microsoft.com
2013-04-12 13:21:34,res2.windows.microsoft.com
2013-04-12 13:21:35,platform.twitter.com
2013-04-12 13:21:35,www.dailymotion.com
2013-04-12 13:21:35,www.larecherche.fr
2013-04-12 13:21:37,windows.microsoft.com
2013-04-12 13:21:40,pbs.twimg.com
2013-04-12 13:21:40,b.ermisvc.com
2013-04-12 13:21:41,twitter.com
2013-04-12 13:22:08,syndication.twitter.com
2013-04-12 13:22:12,twitter.com
2013-04-12 13:22:39,syndication.twitter.com
2013-04-12 13:22:59,go.microsoft.com
2013-04-12 13:22:59,ieonline.microsoft.com
2013-04-12 13:24:06,pbs.twimg.com
2013-04-12 13:24:06,platform.twitter.com
2013-04-12 13:24:07,syndication.twitter.com
2013-04-12 13:25:07,syndication.twitter.com
2013-04-12 13:26:07,syndication.twitter.com
2013-04-12 13:27:07,syndication.twitter.com
2013-04-12 13:28:37,syndication.twitter.com
2013-04-12 13:30:07,syndication.twitter.com
2013-04-12 13:31:37,syndication.twitter.com
2013-04-12 13:33:07,syndication.twitter.com
2013-04-12 13:34:37,syndication.twitter.com
2013-04-12 13:36:07,syndication.twitter.com
2013-04-12 13:37:37,syndication.twitter.com
2013-04-12 13:39:07,syndication.twitter.com
2013-04-12 13:40:37,syndication.twitter.com
2013-04-12 13:42:07,syndication.twitter.com
2013-04-12 13:43:37,syndication.twitter.com
2013-04-12 13:45:07,syndication.twitter.com
2013-04-12 13:46:37,syndication.twitter.com
2013-04-12 13:47:14,www.google.fr
2013-04-12 13:47:18,clients1.google.fr
2013-04-12 13:47:21,www.google.fr
2013-04-12 13:47:21,clients1.google.fr
2013-04-12 13:47:48,clients1.google.fr
2013-04-12 13:47:48,www.google.fr
2013-04-12 13:48:08,www.google.fr
2013-04-12 13:48:09,www.google.fr
2013-04-12 13:48:11,www.larecherche.fr
2013-04-12 13:48:12,www.dailymotion.com
2013-04-12 13:48:12,www.facebook.com
2013-04-12 13:48:12,platform.twitter.com
2013-04-12 13:48:12,www.google.fr
2013-04-12 13:48:13,www.dailymotion.com
2013-04-12 13:48:44,twitter.com
2013-04-12 13:49:47,platform.twitter.com
2013-04-12 13:50:41,api.bing.com
2013-04-12 13:50:42,api.bing.com
2013-04-12 13:50:43,api.bing.com
2013-04-12 13:50:44,api.bing.com
2013-04-12 13:50:45,api.bing.com
2013-04-12 13:50:48,api.bing.com
2013-04-12 13:50:50,www.bing.com
2013-04-12 13:50:51,www.bing.com
2013-04-12 13:50:53,www.bing.com
2013-04-12 13:50:53,cms.abmr.net
2013-04-12 13:52:51,www.bing.com
2013-04-12 13:52:52,www.bing.com
2013-04-12 13:52:53,login.live.com
2013-04-12 13:52:54,www.bing.com
2013-04-12 13:52:54,ssl.bing.com
2013-04-12 13:54:15,www.bing.com
2013-04-12 13:54:15,ssl.bing.com
2013-04-12 13:55:01,www.bing.com
2013-04-12 13:55:02,www.bing.com
2013-04-12 13:55:05,www.bing.com
2013-04-12 13:55:06,www.bing.com
2013-04-12 13:55:20,philippe.boeuf.pagesperso-orange.fr
2013-04-12 13:55:20,www.bing.com
2013-04-12 13:55:21,philippe.boeuf.pagesperso-orange.fr
2013-04-12 13:55:32,www.bing.com
2013-04-12 13:56:06,www.bing.com
2013-04-12 13:56:27,www.bing.com
2013-04-12 13:56:50,www.bing.com
2013-04-12 13:56:58,www.bing.com
2013-04-12 13:57:00,i0.wp.com
2013-04-12 13:57:00,login.live.com
2013-04-12 13:57:00,0.gravatar.com
2013-04-12 13:57:00,2.gravatar.com
2013-04-12 13:57:00,1.gravatar.com
2013-04-12 13:57:00,s1.wp.com
2013-04-12 13:57:00,entreleslignesentrelesmots.wordpress.com
2013-04-12 13:57:00,s2.wp.com
2013-04-12 13:57:01,s2.wp.com
2013-04-12 13:57:01,0.gravatar.com
2013-04-12 13:57:01,s1.wp.com
2013-04-12 13:57:01,i0.poll.fm
2013-04-12 13:57:01,widgets.wp.com
2013-04-12 13:57:01,api.facebook.com
2013-04-12 13:57:01,polldaddy.com
2013-04-12 13:57:02,i0.poll.fm
2013-04-12 13:57:02,www.linkedin.com
2013-04-12 13:57:02,entreleslignesentrelesmots.wordpress.com
2013-04-12 13:57:02,s0.wp.com
2013-04-12 13:57:02,public-api.wordpress.com
2013-04-12 13:57:03,widgets.wp.com
2013-04-12 13:57:03,s1.wp.com
2013-04-12 13:57:03,s0.wp.com
2013-04-12 13:57:04,accounts.google.com
2013-04-12 13:57:05,s1.wp.com
2013-04-12 13:57:05,apis.google.com
2013-04-12 13:57:05,widgets.wp.com
2013-04-12 13:57:05,1.gravatar.com
2013-04-12 13:57:05,s0.wp.com
2013-04-12 13:57:06,s0.wp.com
2013-04-12 13:58:11,www.bing.com
2013-04-12 13:58:11,accounts.google.com
2013-04-12 13:58:11,public-api.wordpress.com
2013-04-12 13:58:13,www.bing.com
2013-04-12 13:58:14,ajax.googleapis.com
2013-04-12 13:58:14,culturellementgeek.disqus.com
2013-04-12 13:58:14,apis.google.com
2013-04-12 13:58:14,www.culturellement-geek.com
2013-04-12 13:58:15,go.disqus.com
2013-04-12 13:58:15,www.culturellement-geek.com
2013-04-12 13:58:15,disqus.com
2013-04-12 13:58:16,www.culturellement-geek.com
2013-04-12 13:58:16,apis.google.com
2013-04-12 13:58:16,connect.facebook.net
2013-04-12 13:58:16,platform.twitter.com
2013-04-12 13:58:16,disqus.com
2013-04-12 13:58:17,accounts.google.com
2013-04-12 13:58:17,s-static.ak.facebook.com
2013-04-12 13:58:17,platform.twitter.com
2013-04-12 13:58:17,static.ak.facebook.com
2013-04-12 13:58:17,www.facebook.com
2013-04-12 13:58:17,apis.google.com
2013-04-12 13:58:18,apis.google.com
2013-04-12 13:58:19,platform.twitter.com
2013-04-12 13:58:20,platform.twitter.com
2013-04-12 13:58:21,www.google.com
2013-04-12 13:58:22,www.culturellement-geek.com
2013-04-12 13:58:22,www.facebook.com
2013-04-12 13:58:23,disqus.com
2013-04-12 13:58:23,platform.twitter.com
2013-04-12 13:58:23,twitter.com
2013-04-12 13:58:24,disqus.com
2013-04-12 13:58:49,www.google.com
2013-04-12 13:58:56,www.bing.com
2013-04-12 13:59:13,www.bing.com
2013-04-12 13:59:14,www.google.fr
2013-04-12 13:59:14,www.bing.com
2013-04-12 13:59:15,www.bing.com
2013-04-12 13:59:50,www.google.fr
2013-04-12 13:59:51,www.research.ucsb.edu
2013-04-12 13:59:51,www.google.fr
2013-04-12 13:59:52,www.research.ucsb.edu
2013-04-12 13:59:53,www.research.ucsb.edu
2013-04-12 14:00:30,platform.linkedin.com
2013-04-12 14:00:30,www.scientificamerican.com
2013-04-12 14:00:30,www.reddit.com
2013-04-12 14:00:30,assets.pinterest.com
2013-04-12 14:00:30,platform.tumblr.com
2013-04-12 14:00:30,connect.facebook.net
2013-04-12 14:00:30,nexus.ensighten.com
2013-04-12 14:00:30,pbs.twimg.com
2013-04-12 14:00:30,www.stumbleupon.com
2013-04-12 14:00:30,platform.twitter.com
2013-04-12 14:00:31,bit.ly
2013-04-12 14:00:32,nexus.ensighten.com
2013-04-12 14:00:32,platform.linkedin.com
2013-04-12 14:00:32,www.scientificamerican.com
2013-04-12 14:00:32,www.reddit.com
2013-04-12 14:00:32,platform.stumbleupon.com
2013-04-12 14:00:32,www.facebook.com
2013-04-12 14:00:33,nexus.ensighten.com
2013-04-12 14:00:33,static.ak.facebook.com
2013-04-12 14:00:33,www.scientificamerican.com
2013-04-12 14:00:33,accounts.google.com
2013-04-12 14:00:33,platform.tumblr.com
2013-04-12 14:00:33,apis.google.com
2013-04-12 14:00:33,s-static.ak.facebook.com
2013-04-12 14:00:33,www.linkedin.com
2013-04-12 14:00:34,www.scientificamerican.com
2013-04-12 14:00:34,apis.google.com
2013-04-12 14:00:34,www.reddit.com
2013-04-12 14:00:35,www.reddit.com
2013-04-12 14:00:35,www.scientificamerican.com
2013-04-12 14:00:37,www.facebook.com
2013-04-12 14:00:37,www.linkedin.com
2013-04-12 14:00:37,cdns.gigya.com
2013-04-12 14:00:38,www.scientificamerican.com
2013-04-12 14:00:39,badge.stumbleupon.com
2013-04-12 14:00:39,twitter.com
2013-04-12 14:01:04,cdns.gigya.com
2013-04-12 14:04:13,www.linkedin.com
2013-04-12 14:04:21,www.scientificamerican.com
2013-04-12 14:04:21,platform.twitter.com
2013-04-12 14:04:21,platform.tumblr.com
2013-04-12 14:04:21,www.reddit.com
2013-04-12 14:04:22,assets.pinterest.com
2013-04-12 14:04:22,platform.linkedin.com
2013-04-12 14:04:22,bit.ly
2013-04-12 14:04:22,www.facebook.com
2013-04-12 14:04:22,pbs.twimg.com
2013-04-12 14:04:22,www.scientificamerican.com
2013-04-12 14:04:22,www.reddit.com
2013-04-12 14:04:23,apis.google.com
2013-04-12 14:04:23,s-static.ak.facebook.com
2013-04-12 14:04:23,platform.tumblr.com
2013-04-12 14:04:23,www.linkedin.com
2013-04-12 14:04:23,nexus.ensighten.com
2013-04-12 14:04:23,www.facebook.com
2013-04-12 14:04:23,www.scientificamerican.com
2013-04-12 14:04:23,www.reddit.com
2013-04-12 14:04:23,static.ak.facebook.com
2013-04-12 14:04:24,www.scientificamerican.com
2013-04-12 14:04:24,www.reddit.com
2013-04-12 14:04:25,apis.google.com
2013-04-12 14:04:25,www.reddit.com
2013-04-12 14:04:26,www.facebook.com
2013-04-12 14:04:26,www.linkedin.com
2013-04-12 14:04:26,apis.google.com
2013-04-12 14:04:27,twitter.com
2013-04-12 14:04:27,ajax.googleapis.com
2013-04-12 14:04:27,www.scientificamerican.com
2013-04-12 14:04:28,www.youtube.com
2013-04-12 14:04:28,www.scientificamerican.com
2013-04-12 14:04:28,s.ytimg.com
2013-04-12 14:04:29,www.scientificamerican.com
2013-04-12 14:04:30,s.ytimg.com
2013-04-12 14:04:30,www.youtube.com
2013-04-12 14:04:31,s.ytimg.com
2013-04-12 14:04:32,s.ytimg.com
2013-04-12 14:04:33,s.ytimg.com
2013-04-12 14:04:35,i1.ytimg.com
2013-04-12 14:04:35,s.ytimg.com
2013-04-12 14:04:36,i1.ytimg.com
2013-04-12 14:04:37,i1.ytimg.com
2013-04-12 14:49:25,www.facebook.com
2013-04-12 15:34:26,www.facebook.com
2013-04-12 15:40:53,www.linkedin.com
2013-04-12 22:29:03,armmf.adobe.com
2013-04-12 22:29:05,armmf.adobe.com
2013-04-12 22:29:07,armdl.adobe.com
2013-04-12 22:33:51,javadl-esd-secure.oracle.com
2013-04-12 22:36:45,javadl-esd-secure.oracle.com
2013-04-12 22:37:01,dl.javafx.com
2013-04-12 22:41:14,api.bing.com
2013-04-12 22:41:15,api.bing.com
2013-04-12 22:43:57,ieonline.microsoft.com
2013-04-12 22:46:18,api.bing.com
2013-04-12 22:46:19,api.bing.com
2013-04-12 22:46:20,api.bing.com
2013-04-12 22:46:21,skydrive.com
2013-04-12 22:46:21,api.bing.com
2013-04-12 22:46:23,login.live.com
2013-04-12 22:46:25,login.live.com
2013-04-12 22:46:25,secure.shared.live.com
2013-04-12 22:46:26,windowslive.tt.omtrdc.net
2013-04-12 22:46:39,windowslive.tt.omtrdc.net
2013-04-12 22:47:05,login.live.com
2013-04-12 22:47:06,secure.shared.live.com
2013-04-12 22:47:07,p.sfx.ms
2013-04-12 22:47:08,p.sfx.ms
2013-04-12 22:47:11,skydrive.live.com
2013-04-12 22:47:13,windowslive.tt.omtrdc.net
2013-04-12 22:47:13,p.sfx.ms
2013-04-12 22:47:13,c.live.com
2013-04-12 22:47:13,cid-910a28d8717f25e6.users.storage.live.com
2013-04-12 22:47:15,skydrive.live.com
2013-04-12 22:47:15,people.directory.live.com
2013-04-12 22:47:15,p.sfx.ms
2013-04-12 22:47:16,go.trouter.io
2013-04-12 22:47:17,p.sfx.ms
2013-04-12 22:47:17,secure.shared.live.com
2013-04-12 22:47:20,ecn.dev.virtualearth.net
2013-04-12 22:48:18,skydrive.live.com
2013-04-12 22:48:19,skydrive.live.com
2013-04-12 22:48:21,skydrive.live.com
2013-04-12 22:48:48,g.live.com
2013-04-12 22:48:49,js.microsoft.com
2013-04-12 22:48:49,windows.microsoft.com
2013-04-12 22:48:49,res1.windows.microsoft.com
2013-04-12 22:48:49,res2.windows.microsoft.com
2013-04-12 22:48:49,ajax.microsoft.com
2013-04-12 22:48:49,apps.live.com
2013-04-12 22:48:50,login.live.com
2013-04-12 22:48:50,www.facebook.com
2013-04-12 22:48:50,windows.microsoft.com
2013-04-12 22:48:50,js.microsoft.com
2013-04-12 22:48:50,res2.windows.microsoft.com
2013-04-12 22:48:50,res1.windows.microsoft.com
2013-04-12 22:48:51,login.live.com
2013-04-12 22:48:52,windows.microsoft.com
2013-04-12 22:49:43,p.sfx.ms
2013-04-12 22:49:54,redir.windows.microsoft.com
2013-04-12 22:50:12,p.sfx.ms
2013-04-12 22:50:58,go.trouter.io
2013-04-12 22:50:58,login.live.com
2013-04-12 22:51:02,c.live.com
2013-04-12 22:51:03,p.sfx.ms
2013-04-12 22:51:03,cid-910a28d8717f25e6.users.storage.live.com
2013-04-12 22:51:03,login.live.com
2013-04-12 22:51:04,login.live.com
2013-04-12 22:51:15,windowslive.tt.omtrdc.net
2013-04-12 22:51:59,redir.windows.microsoft.com
2013-04-12 22:52:04,skydrive.live.com
2013-10-12 14:31:38,fpdownload2.macromedia.com
2013-10-12 14:32:08,api.bing.com
2013-10-12 14:32:10,www.bing.com
2013-10-12 14:32:11,www.bing.com
2013-10-12 14:32:17,cms.abmr.net
2013-10-12 14:32:17,www.bing.com
2013-10-12 14:32:24,www.bing.com
2013-10-12 14:32:25,www.bing.com
2013-10-12 14:32:26,login.live.com
2013-10-12 14:32:26,drive.google.com
2013-10-12 14:32:27,www.google.com
2013-10-12 14:32:33,accounts.google.com
2013-10-12 14:32:36,accounts.youtube.com
2013-10-12 14:33:05,accounts.google.fr
2013-10-12 14:33:07,accounts.google.fr
2013-10-12 14:33:08,www.google.com
2013-10-12 14:33:09,accounts.youtube.com
2013-10-12 14:33:09,accounts.google.fr
2013-10-12 14:33:09,accounts.google.com
2013-10-12 14:33:10,drive.google.com
2013-10-12 14:33:11,drive.google.com
2013-10-12 14:33:11,apis.google.com
2013-10-12 14:33:12,plus.google.com
2013-10-12 14:33:12,0.drive.google.com
2013-10-12 14:33:14,0.drive.google.com
2013-10-12 14:33:17,apis.google.com
2013-10-12 14:33:17,plus.google.com
2013-10-12 14:33:17,drive.google.com
2013-10-12 14:33:17,docs.google.com
2013-10-12 14:33:18,drive.google.com
2013-10-12 14:33:18,www.google.com
2013-10-12 14:33:19,docs.google.com
2013-10-12 14:33:32,docs.google.com
2013-10-12 14:33:36,docs.google.com
2013-10-12 14:33:38,docs.google.com
2013-10-12 14:33:39,docs.google.com
2013-10-12 14:34:10,gg.google.com
2013-10-12 14:34:10,docs.google.com
2013-10-12 14:34:40,ieonline.microsoft.com
2013-10-12 14:35:12,drive.google.com
2013-10-12 14:37:19,apis.google.com
2013-10-12 14:37:19,plus.google.com
2013-10-12 14:37:19,docs.google.com
2013-10-12 14:37:38,www.google.com
2013-10-12 14:37:39,docs.google.com
2013-10-12 14:37:39,accounts.google.com
2013-10-12 14:38:10,gg.google.com
2013-10-12 14:38:55,drive.google.com
2013-10-12 14:39:04,office14client.microsoft.com
2013-10-12 14:39:05,office.microsoft.com
2013-10-12 14:39:08,office.microsoft.com
2013-10-12 14:39:16,0.drive.google.com
2013-10-12 14:39:17,drive.google.com
2013-11-21 10:25:50,armmf.adobe.com
2013-11-21 10:25:52,armmf.adobe.com
2013-11-21 10:25:54,armdl.adobe.com
2013-11-21 10:28:04,fpdownload2.macromedia.com
2013-11-21 10:28:07,go.microsoft.com
2013-11-21 10:28:08,js.microsoft.com
2013-11-21 10:28:08,ajax.microsoft.com
2013-11-21 10:28:08,windows.microsoft.com
2013-11-21 10:28:08,res1.windows.microsoft.com
2013-11-21 10:28:08,res2.windows.microsoft.com
2013-11-21 10:28:09,windows.microsoft.com
2013-11-21 10:28:09,res1.windows.microsoft.com
2013-11-21 10:28:09,js.microsoft.com
2013-11-21 10:28:12,www.bing.com
2013-11-21 10:28:24,www.bing.com
2013-11-21 10:28:25,www.bing.com
2013-11-21 10:28:26,www.bing.com
2013-11-21 10:29:01,www.google.fr
2013-11-21 10:29:03,apis.google.com
2013-11-21 10:29:03,www.google.com
2013-11-21 10:30:35,javadl-esd-secure.oracle.com
2013-11-21 10:31:03,www.google.fr
2013-11-21 10:31:03,www.google.com
2013-11-21 10:31:03,apis.google.com
2013-11-21 10:31:05,go.microsoft.com
2013-11-21 10:31:05,ieonline.microsoft.com
2013-11-21 10:31:53,javadl-esd-secure.oracle.com
2013-11-21 10:48:48,office14client.microsoft.com
2013-11-21 10:48:48,office.microsoft.com
2013-11-21 10:48:49,office.microsoft.com
2013-11-21 10:48:50,office.microsoft.com
2013-11-21 10:49:20,fpdownload2.macromedia.com
2013-11-21 10:49:22,go.microsoft.com
2013-11-21 10:49:23,js.microsoft.com
2013-11-21 10:49:23,windows.microsoft.com
2013-11-21 10:49:23,res1.windows.microsoft.com
2013-11-21 10:49:23,res2.windows.microsoft.com
2013-11-21 10:49:23,ajax.microsoft.com
2013-11-21 11:20:39,office14client.microsoft.com
2013-11-21 11:20:39,office.microsoft.com
2013-11-21 11:41:56,office14client.microsoft.com
2013-11-21 11:41:56,office.microsoft.com
2013-11-21 11:41:57,office.microsoft.com
2013-11-21 11:42:07,office.microsoft.com
2013-11-21 11:42:21,office.microsoft.com
2013-11-21 11:42:22,office.microsoft.com
2013-11-28 10:32:46,armmf.adobe.com
2013-11-28 10:37:32,javadl-esd-secure.oracle.com
2013-11-28 10:39:41,accounts.google.com
2013-11-28 10:39:41,mail.google.com
2013-11-28 10:39:41,www.google.com
2013-11-28 10:39:42,www.google.com
2013-11-28 10:39:42,apis.google.com
2013-11-28 10:39:43,mail.google.com
2013-11-28 10:39:43,www.google.com
2013-11-28 10:39:46,accounts.youtube.com
2013-11-28 10:39:46,apis.google.com
2013-11-28 10:39:55,apis.google.com
2013-11-28 10:39:56,accounts.google.fr
2013-11-28 10:39:58,accounts.google.com
2013-11-28 10:39:58,accounts.youtube.com
2013-11-28 10:39:58,www.google.com
2013-11-28 10:39:58,mail.google.com
2013-11-28 10:39:58,clients2.google.com
2013-11-28 10:39:58,accounts.google.fr
2013-11-28 10:39:59,plus.google.com
2013-11-28 10:40:01,mail.google.com
2013-11-28 10:40:01,chatenabled.mail.google.com
2013-11-28 10:40:01,clients2.google.com
2013-11-28 10:40:03,plus.google.com
2013-11-28 10:40:03,mail.google.com
2013-11-28 10:40:07,chatenabled.mail.google.com
2013-11-28 10:40:13,apis.google.com
2013-11-28 10:41:03,apis.google.com
2013-11-28 10:41:36,apis.google.com
2013-11-28 10:41:42,mail.google.com
2013-11-28 10:41:43,www.google.com
2013-11-28 10:41:43,mail.google.com
2013-11-28 10:41:43,plus.google.com
2013-11-28 10:41:50,mail.google.com
2013-11-28 10:41:50,accounts.youtube.com
2013-11-28 10:41:50,accounts.google.com
2013-11-28 10:41:50,accounts.google.fr
2013-11-28 10:41:50,www.google.com
2013-11-28 10:42:05,ieonline.microsoft.com
2013-11-28 10:42:05,go.microsoft.com
2013-11-28 11:54:44,javadl-esd-secure.oracle.com
2013-12-13 10:33:03,go.microsoft.com
2013-12-13 10:33:03,windows.microsoft.com
2013-12-13 10:33:03,res1.windows.microsoft.com
2013-12-13 10:33:03,res2.windows.microsoft.com
2013-12-13 10:33:03,ajax.microsoft.com
2013-12-13 10:33:03,js.microsoft.com
2013-12-13 10:33:04,res1.windows.microsoft.com
2013-12-13 10:33:04,windows.microsoft.com
2013-12-13 10:33:04,js.microsoft.com
2013-12-13 10:33:04,res2.windows.microsoft.com
2013-12-13 10:33:15,www.bing.com
2013-12-13 10:33:16,www.bing.com
2013-12-13 10:33:17,www.bing.com
2013-12-13 10:33:17,cms.abmr.net
2013-12-13 10:33:27,login.live.com
2013-12-13 10:33:27,www.bing.com
2013-12-13 10:33:35,www.bing.com
2013-12-13 10:33:36,www.letudiant.fr
2013-12-13 10:33:37,www.letudiant.fr
2013-12-13 10:33:38,www.letudiant.fr
2013-12-13 10:33:38,medias.letudiant.fr
2013-12-13 10:33:38,www.bing.com
2013-12-13 10:33:39,www.onisep.fr
2013-12-13 10:33:39,login.live.com
2013-12-13 10:33:40,www.letudiant.fr
2013-12-13 10:33:40,connect.facebook.net
2013-12-13 10:33:40,www.onisep.fr
2013-12-13 10:33:40,apis.google.com
2013-12-13 10:33:40,oniseptv.onisep.fr
2013-12-13 10:33:40,static.ak.facebook.com
2013-12-13 10:33:40,www.facebook.com
2013-12-13 10:33:40,s-static.ak.facebook.com
2013-12-13 10:33:40,platform.twitter.com
2013-12-13 10:33:41,ssl.bing.com
2013-12-13 10:33:41,www.onisep.fr
2013-12-13 10:33:41,oniseptv.onisep.fr
2013-12-13 10:33:41,www.facebook.com
2013-12-13 10:33:41,static.addinto.com
2013-12-13 10:33:45,i1-js-14-3-01-10077-981133551-i.init.cedexis-radar.net
2013-12-13 10:33:47,ec2-eu-west-1a.cedexis.com
2013-12-13 10:33:48,cloudfront.cedexis.com
2013-12-13 10:33:49,cloudfront.cedexis.com
2013-12-13 10:33:52,apis.google.com
2013-12-13 10:33:59,www.bing.com
2013-12-13 10:34:00,cms.abmr.net
2013-12-13 10:34:02,platform.twitter.com
2013-12-13 10:34:02,www.bing.com
2013-12-13 10:34:04,www.bing.com
2013-12-13 10:34:07,www.bing.com
2013-12-13 10:34:09,login.live.com
2013-12-13 10:34:09,www.bing.com
2013-12-13 10:34:10,login.live.com
2013-12-13 10:34:11,www.onisep.fr
2013-12-13 10:34:11,apis.google.com
2013-12-13 10:34:12,www.google.com
2013-12-13 10:34:12,www.onisep.fr
2013-12-13 10:34:13,www.onisep.fr
2013-12-13 10:34:16,www.onisep.fr
2013-12-13 10:34:39,www.bing.com
2013-12-13 10:34:44,www.bing.com
2013-12-13 10:34:45,www.bing.com
2013-12-13 10:34:51,login.live.com
2013-12-13 10:34:52,login.live.com
2013-12-13 10:34:52,www.bing.com
2013-12-13 10:34:59,www.bing.com
2013-12-13 10:35:03,login.live.com
2013-12-13 10:35:04,login.live.com
2013-12-13 10:35:06,ssl.bing.com
2013-12-13 10:35:06,www.bing.com
2013-12-13 10:35:12,www.bing.com
2013-12-13 10:35:13,ssl.bing.com
2013-12-13 10:35:13,www.letudiant.fr
2013-12-13 10:35:14,static.ak.facebook.com
2013-12-13 10:35:14,www.facebook.com
2013-12-13 10:35:14,s-static.ak.facebook.com
2013-12-13 10:35:14,platform.twitter.com
2013-12-13 10:35:15,www.facebook.com
2013-12-13 10:35:18,ssl.bing.com
2013-12-13 10:35:18,www.bing.com
2013-12-13 10:35:20,www.bing.com
2013-12-13 10:35:22,www.bing.com
2013-12-13 10:35:26,apis.google.com
2013-12-13 10:35:43,www.bing.com
2013-12-13 10:35:44,www.meteojob.com
2013-12-13 10:35:44,ajax.googleapis.com
2013-12-13 10:35:45,images1.meteojob.com
2013-12-13 10:35:45,www.facebook.com
2013-12-13 10:35:45,www.meteojob.com
2013-12-13 10:35:46,s-static.ak.facebook.com
2013-12-13 10:35:46,style2.ad6.fr
2013-12-13 10:35:46,tx3n9nb4gs.s.ad6media.fr
2013-12-13 10:35:46,images1.meteojob.com
2013-12-13 10:35:46,static.ak.facebook.com
2013-12-13 10:35:46,images3.meteojob.com
2013-12-13 10:35:46,www.meteojob.com
2013-12-13 10:35:47,www.meteojob.com
2013-12-13 10:35:49,www.bing.com
2013-12-13 10:35:51,www.bing.com
2013-12-13 10:35:56,www.bing.com
2013-12-13 10:35:58,apis.google.com
2013-12-13 10:36:00,www.bing.com
2013-12-13 10:36:01,media.education.gouv.fr
2013-12-13 10:36:01,cache.media.education.gouv.fr
2013-12-13 10:36:01,ssl.bing.com
2013-12-13 10:36:01,www.education.gouv.fr
2013-12-13 10:36:02,www.education.gouv.fr
2013-12-13 10:36:02,cache.media.education.gouv.fr
2013-12-13 10:36:05,login.live.com
2013-12-13 10:36:11,www.bing.com
2013-12-13 10:36:13,login.live.com
2013-12-13 10:36:13,www.bing.com
2013-12-13 10:36:19,www.bing.com
2013-12-13 10:36:22,www.bing.com
2013-12-13 10:36:22,login.live.com
2013-12-13 10:36:26,www.metiers.internet.gouv.fr
2013-12-13 10:36:26,www.bing.com
2013-12-13 10:36:34,www.bing.com
2013-12-13 10:36:44,www.bing.com
2013-12-13 10:36:45,login.live.com
2013-12-13 10:36:46,www.metiers.internet.gouv.fr
2013-12-13 10:36:46,www.bing.com
2013-12-13 10:36:46,login.live.com
2013-12-13 10:37:26,ssl.bing.com
2013-12-13 10:38:46,www.bing.com
2013-12-13 10:38:51,www.bing.com
2013-12-13 10:38:52,www.facebook.com
2013-12-13 10:38:52,www.commentcamarche.net
2013-12-13 10:38:52,static.ccm2.net
2013-12-13 10:38:52,ba.commentcamarche.net
2013-12-13 10:38:52,static.commentcamarche.net
2013-12-13 10:38:53,connect.facebook.net
2013-12-13 10:38:53,s-static.ak.facebook.com
2013-12-13 10:38:53,www.facebook.com
2013-12-13 10:38:53,platform.twitter.com
2013-12-13 10:38:53,ba.commentcamarche.net
2013-12-13 10:38:53,static.ccm2.net
2013-12-13 10:38:53,r.ccm2.net
2013-12-13 10:38:53,static.ccmbg.com
2013-12-13 10:38:53,static.ak.facebook.com
2013-12-13 10:38:58,login.live.com
2013-12-13 10:39:03,twitter.com
2013-12-13 10:39:04,ajax.googleapis.com
2013-12-13 10:39:04,apis.google.com
2013-12-13 10:39:05,twitter.com
2013-12-13 10:39:05,www.facebook.com
2013-12-13 10:39:05,ba.commentcamarche.net
2013-12-13 10:39:05,apis.google.com
2013-12-13 10:39:05,ajax.googleapis.com
2013-12-13 10:39:07,accounts.google.com
2013-12-13 10:39:10,www.commentcamarche.net
2013-12-13 10:39:19,static.ccm2.net
2013-12-13 10:39:20,accounts.google.com
2013-12-13 10:39:20,www.facebook.com
2013-12-13 10:39:24,www.bing.com
2013-12-13 10:39:31,www.bing.com
2013-12-13 10:39:33,login.live.com
2013-12-13 10:39:43,www.bing.com
2013-12-13 10:39:45,www.google.fr
2013-12-13 10:39:45,login.live.com
2013-12-13 10:39:45,www.bing.com
2013-12-13 10:39:55,www.bing.com
2013-12-13 10:39:57,www.google.fr
2013-12-13 10:39:59,www.bing.com
2013-12-13 10:39:59,www.google.fr
2013-12-13 10:40:02,www.google.com
2013-12-13 10:40:05,clients1.google.fr
2013-12-13 10:40:05,apis.google.com
2013-12-13 10:40:05,www.google.com
2013-12-13 10:40:05,www.google.fr
2013-12-13 10:40:06,login.live.com
2013-12-13 10:40:11,www.google.fr
2013-12-13 10:40:16,img.clubic.com
2013-12-13 10:40:16,www.clubic.com
2013-12-13 10:40:16,www.google.fr
2013-12-13 10:40:17,player.m6web.fr
2013-12-13 10:40:17,dc1w54.wysistat.com
2013-12-13 10:40:17,img.clubic.com
2013-12-13 10:40:17,www.clubic.com
2013-12-13 10:40:17,pixel.alephd.com
2013-12-13 10:40:17,widget.achetezfacile.com
2013-12-13 10:40:18,www.clubic.com
2013-12-13 10:40:18,choices.truste.com
2013-12-13 10:40:18,player.m6web.fr
2013-12-13 10:40:18,i.htfacile.fr
2013-12-13 10:40:18,pixel.alephd.com
2013-12-13 10:40:18,widget.achetezfacile.com
2013-12-13 10:40:19,www.google.fr
2013-12-13 10:40:19,www.clubic.com
2013-12-13 10:40:19,player.m6web.fr
2013-12-13 10:40:19,img.clubic.com
2013-12-13 10:40:19,choices.truste.com
2013-12-13 10:40:20,choices.truste.com
2013-12-13 10:40:28,www.google.fr
2013-12-13 10:40:28,static.commentcamarche.net
2013-12-13 10:40:30,www.commentcamarche.net
2013-12-13 10:40:35,clients1.google.fr
2013-12-13 10:40:36,www.google.fr
2013-12-13 10:40:46,www.roue-libre.be
2013-12-13 10:40:46,www.google.fr
2013-12-13 10:40:47,www.google.fr
2013-12-13 10:40:47,www.roue-libre.be
2013-12-13 10:41:22,www.google.fr
2013-12-13 10:41:22,clients1.google.fr
2013-12-13 10:41:25,www.google.fr
2013-12-13 10:41:27,www.google.fr
2013-12-13 10:41:47,www.google.fr
2013-12-13 10:41:48,www.secuobs.com
2013-12-13 10:41:49,www.secuobs.com
2013-12-13 10:43:05,www.google.fr
2013-12-13 10:43:21,www.google.fr
2013-12-13 10:43:21,clients1.google.fr
2013-12-13 10:43:38,www.google.fr
2013-12-13 10:43:40,www.informaticinfo.com
2013-12-13 10:43:44,www.google.fr
2013-12-13 10:43:52,www.clubic.com
2013-12-13 10:43:52,img.clubic.com
2013-12-13 10:43:52,www.google.fr
2013-12-13 10:43:53,img.clubic.com
2013-12-13 10:43:53,www.clubic.com
2013-12-13 10:43:53,dc1w54.wysistat.com
2013-12-13 10:43:53,google.ezakus.net
2013-12-13 10:43:55,img.clubic.com
2013-12-13 10:43:56,www.clubic.com
2013-12-13 10:43:57,www.clubic.com
2013-12-13 10:43:57,www.google.fr
2013-12-13 10:43:57,widget.achetezfacile.com
2013-12-13 10:43:57,i.htfacile.fr
2013-12-13 10:43:57,ea.pixmania.fr
2013-12-13 10:43:58,ea.pixmania.fr
2013-12-13 10:43:59,platform.twitter.com
2013-12-13 10:44:00,platform.twitter.com
2013-12-13 10:44:02,static.ak.facebook.com
2013-12-13 10:44:02,s-static.ak.facebook.com
2013-12-13 10:44:03,www.facebook.com
2013-12-13 10:44:04,webperf.m6web.fr
2013-12-13 10:44:04,apis.google.com
2013-12-13 10:44:06,i1-js-14-3-01-12434-214017841-i.init.cedexis-radar.net
2013-12-13 10:44:06,www.facebook.com
2013-12-13 10:44:06,twitter.com
2013-12-13 10:44:07,www.facebook.com
2013-12-13 10:44:07,twitter.com
2013-12-13 10:45:24,www.google.fr
2013-12-13 10:45:24,www.secuobs.com
2013-12-13 10:47:17,www.roue-libre.be
2013-12-13 10:47:17,www.google.fr
2013-12-13 10:58:10,www.google.fr
2014-01-22 10:07:45,fpdownload2.macromedia.com
2014-01-22 10:07:45,go.microsoft.com
2014-01-22 10:07:45,windows.microsoft.com
2014-01-22 10:07:45,res2.windows.microsoft.com
2014-01-22 10:07:45,res1.windows.microsoft.com
2014-01-22 10:07:46,res2.windows.microsoft.com
2014-01-22 10:07:46,windows.microsoft.com
2014-01-22 10:07:46,res1.windows.microsoft.com
2014-01-22 10:07:46,js.microsoft.com
2014-01-22 10:07:46,ajax.microsoft.com
2014-01-22 10:07:56,www.bing.com
2014-01-22 10:07:57,www.bing.com
2014-01-22 10:07:58,www.bing.com
2014-01-22 10:07:58,cms.abmr.net
2014-01-22 10:09:17,go.microsoft.com
2014-01-22 10:09:17,ieonline.microsoft.com
2014-02-04 14:16:02,ieonline.microsoft.com
2014-02-19 17:48:09,player.vimeo.com
2014-02-19 17:48:48,player.vimeo.com
2014-02-19 18:07:50,www.bing.com
2014-02-19 18:07:51,www.bing.com
2014-02-19 18:07:52,cms.abmr.net
2014-02-19 18:07:52,www.bing.com
2014-02-19 18:08:00,www.bing.com
2014-02-19 18:08:01,www.mediaterre.org
2014-02-19 18:08:02,www.mediaterre.org
2014-02-19 18:08:03,www.google.com
2014-02-19 18:08:03,www.mediaterre.org
2014-02-19 18:08:04,login.live.com
2014-02-19 18:08:07,www.bing.com
2014-02-19 18:08:08,www.bing.com
2014-02-19 18:08:08,cms.abmr.net
2014-02-19 18:08:09,login.live.com
2014-02-19 18:08:17,www.bing.com
2014-02-19 18:08:23,www.bing.com
2014-02-19 18:08:23,ssl.bing.com
2014-02-19 18:08:26,www.bing.com
2014-02-19 18:09:13,pis.foxitsoftware.com
2014-02-19 18:09:17,ad.foxitsoftware.com
2014-02-19 18:13:29,ssl.bing.com
2014-03-03 12:01:05,ieonline.microsoft.com
2014-03-19 13:55:15,ieonline.microsoft.com
2014-03-26 14:04:32,ieonline.microsoft.com
2014-03-26 14:04:39,www.bing.com
2014-03-26 14:04:40,www.bing.com
2014-03-26 14:04:41,www.bing.com
2014-03-26 14:04:41,cms.abmr.net
2014-03-26 14:04:45,www.bing.com
2014-03-26 14:04:45,www.duclert.org
2014-03-26 14:04:46,www.duclert.org
2014-03-26 14:04:51,login.live.com
2014-03-26 14:34:47,www.bing.com
2014-03-26 14:34:50,www.bing.com
2014-03-26 14:34:50,www.ilemaths.net
2014-03-26 14:34:50,latex.ilemaths.net
2014-03-26 14:34:51,www.ilemaths.net
2014-03-26 14:34:52,www.google.com
2014-03-26 14:34:58,login.live.com
2014-03-26 14:38:04,www.bing.com
2014-03-26 14:38:06,login.live.com
2014-03-26 14:38:06,fr.wikipedia.org
2014-03-26 14:38:06,meta.wikimedia.org
2014-03-26 14:38:06,login.wikimedia.org
2014-03-26 14:38:06,bits.wikimedia.org
2014-03-26 14:38:06,www.bing.com
2014-03-26 14:38:22,www.bing.com
2014-03-26 14:38:24,login.live.com
2014-03-26 14:38:24,apis.google.com
2014-03-26 14:38:24,www.facebook.com
2014-03-26 14:38:24,www.bing.com
2014-03-26 14:38:24,www.bibmath.net
2014-03-26 14:38:25,apis.google.com
2014-03-26 14:38:27,accounts.google.com
2014-03-26 14:38:30,www.bibmath.net
2014-03-26 14:40:30,accounts.google.com
2014-03-26 15:19:02,www.bing.com
2014-03-26 15:19:03,www.bing.com
2014-03-26 15:19:06,www.bing.com
2014-03-26 15:19:13,login.live.com
2014-03-26 15:19:15,login.live.com
2014-03-26 15:19:16,www.bing.com
2014-03-26 15:19:20,www.bing.com
2014-03-26 15:21:21,ssl.bing.com
2014-03-26 15:24:33,www.bing.com
2014-03-26 15:24:34,www.bing.com
2014-03-26 15:24:40,www.bing.com
2014-03-26 15:24:42,www.bing.com
2014-03-26 15:24:44,login.live.com
2014-03-26 15:24:47,login.live.com
2014-03-26 15:24:50,www.bing.com
2014-03-26 15:24:57,www.google.com
2014-03-26 15:24:58,www.google.com
2014-03-26 15:25:00,www.google.fr
2014-03-26 15:25:01,apis.google.com
2014-03-26 15:25:45,www.google.com
2014-03-26 15:25:45,apis.google.com
2014-03-26 15:25:45,drive.google.com
2014-03-26 15:25:45,www.google.fr
2014-03-26 15:25:51,www.google.fr
2014-03-26 15:25:51,www.google.com
2014-03-26 15:25:53,accounts.google.com
2014-03-26 15:26:17,clients1.google.com
2014-03-26 15:26:17,gtglobal-ocsp.geotrust.com
2014-03-26 15:26:19,clients1.google.com
2014-03-26 15:26:19,drive.google.com
2014-03-26 15:26:19,www.google.fr
2014-03-26 15:26:20,clients1.google.com
2014-03-26 15:26:36,clients1.google.com
2014-03-26 15:27:54,www.google.fr
2014-03-26 15:27:55,clients2.google.com
2014-03-26 15:27:55,apis.google.com
2014-03-26 15:27:55,plus.google.com
2014-03-26 15:27:55,0.drive.google.com
2014-03-26 15:27:55,drive.google.com
2014-03-26 15:27:55,accounts.google.fr
2014-03-26 15:27:55,accounts.youtube.com
2014-03-26 15:27:55,accounts.google.com
2014-03-26 15:27:55,www.google.fr
2014-03-26 15:27:55,www.google.com
2014-03-26 15:27:55,gg.google.com
2014-03-26 15:27:55,docs.google.com
2014-04-16 13:40:17,www.bing.com
2014-04-16 13:40:18,www.bing.com
2014-04-16 13:40:18,cms.abmr.net
2014-04-16 13:40:20,www.bing.com
2014-04-16 13:40:21,www.bing.com
2014-04-16 13:40:22,www.bing.com
2014-04-16 13:40:23,www.bing.com
2014-04-16 13:40:24,www.bing.com
2014-04-16 13:40:25,www.bing.com
2014-04-16 13:40:26,www.bing.com
2014-04-16 13:40:27,www.bing.com
2014-04-16 13:40:28,www.bing.com
2014-04-16 13:40:29,www.bing.com
2014-04-16 13:40:30,www.bing.com
2014-04-16 13:40:39,www.bing.com
2014-04-16 13:40:45,drive.google.com
2014-04-16 13:40:46,drive.google.com
2014-04-16 13:40:47,drive.google.com
2014-04-16 13:40:49,www.google.com
2014-04-16 13:40:52,accounts.google.com
2014-04-16 13:41:02,accounts.youtube.com
2014-04-16 13:41:51,accounts.google.fr
2014-04-16 13:41:53,accounts.google.fr
2014-04-16 13:41:53,drive.google.com
2014-04-16 13:41:54,accounts.google.com
2014-04-16 13:41:54,www.google.com
2014-04-16 13:41:54,accounts.youtube.com
2014-04-16 13:41:55,accounts.google.fr
2014-04-16 13:41:55,drive.google.com
2014-04-16 13:41:55,apis.google.com
2014-04-16 13:41:56,apis.google.com
2014-04-16 13:41:56,drive.google.com
2014-04-16 13:41:57,0.drive.google.com
2014-04-16 13:41:57,apis.google.com
2014-04-16 13:41:58,0.drive.google.com
2014-04-16 13:42:01,docs.google.com
2014-04-16 13:42:01,plus.google.com
2014-04-16 13:42:01,drive.google.com
2014-04-16 13:42:02,docs.google.com
2014-04-16 13:42:05,docs.google.com
2014-04-16 13:42:46,docs.google.com
2014-04-16 13:42:48,apis.google.com
2014-04-16 13:42:50,0.docs.google.com
2014-04-16 13:42:53,www.google.com
2014-04-16 13:42:55,gg.google.com
2014-04-16 13:43:04,accounts.google.com
2014-04-16 13:43:05,docs.google.com
2014-04-16 13:43:25,ieonline.microsoft.com
2014-04-16 13:43:55,drive.google.com
2014-04-16 13:46:02,plus.google.com
2014-04-16 13:46:02,apis.google.com
2014-04-16 13:46:48,docs.google.com
2014-04-16 13:46:51,apis.google.com
2014-04-16 13:46:53,www.google.com
2014-04-16 13:46:55,gg.google.com
2014-04-16 13:47:04,accounts.google.com
2014-04-16 13:47:06,docs.google.com
2014-04-16 13:47:56,drive.google.com
2014-04-16 13:50:13,docs.google.com
2014-04-16 13:50:13,0.docs.google.com
2014-04-16 13:53:56,drive.google.com
2014-04-16 13:56:03,plus.google.com
2014-04-16 13:56:14,plus.google.com
2014-04-16 13:59:57,drive.google.com
2014-04-16 14:01:07,www.bing.com
2014-04-16 14:01:10,www.bing.com
2014-04-16 14:01:10,www.duclert.org
2014-04-16 14:01:11,www.duclert.org
2014-04-16 14:01:16,www.bing.com
2014-04-16 14:01:24,www.bing.com
2014-04-16 14:01:24,www.les-mathematiques.net
2014-04-16 14:01:25,www.les-mathematiques.net
2014-04-16 14:01:36,www.bing.com
2014-04-16 14:01:56,drive.google.com
2014-04-16 14:05:57,drive.google.com
2014-04-16 14:09:58,0.drive.google.com
2014-04-16 14:10:03,0.drive.google.com
2014-04-16 14:11:57,drive.google.com
2014-04-16 14:36:38,0.drive.google.com
2014-04-16 14:36:39,clients2.google.com
2014-04-16 14:36:41,clients2.google.com
2014-04-16 14:36:48,drive.google.com
2014-04-16 14:36:50,0.drive.google.com
2014-04-16 14:36:50,drive.google.com
2014-04-16 14:36:50,1.drive.google.com
2014-04-16 14:36:51,1.drive.google.com
2014-04-16 14:36:55,apis.google.com
2014-04-16 14:36:55,drive.google.com
2014-04-16 14:40:52,drive.google.com
2014-04-16 14:40:55,docs.google.com
2014-04-16 14:40:55,plus.google.com
2014-04-16 14:41:10,drive.google.com
2014-04-16 14:41:50,gg.google.com
2014-04-16 14:44:50,drive.google.com
2014-04-16 14:48:50,drive.google.com
2014-04-16 14:51:08,plus.google.com
2014-04-16 14:56:50,drive.google.com
2014-04-16 15:03:05,1.drive.google.com
2014-04-16 15:04:50,drive.google.com
2014-04-16 15:11:08,plus.google.com
2014-04-16 15:14:50,drive.google.com
2014-04-16 15:18:00,drive.google.com
2014-04-16 15:22:50,drive.google.com
2014-04-16 15:30:50,drive.google.com
2014-04-16 15:31:09,plus.google.com
2014-04-16 15:34:07,1.drive.google.com
2014-04-16 15:35:06,accounts.google.com
2014-04-16 15:35:08,1.drive.google.com
2014-04-16 15:35:11,www.google.fr
2014-04-16 15:35:13,accounts.google.fr
2014-04-16 15:35:13,www.google.fr
2014-04-16 15:35:14,www.google.com
2014-04-16 15:35:15,www.google.com
2014-04-16 15:35:22,accounts.youtube.com
2014-04-16 15:35:22,accounts.google.com
2014-04-16 15:35:22,www.google.com
2014-04-16 15:35:22,drive.google.com
2014-04-16 15:35:22,accounts.google.fr
2014-04-16 15:35:22,docs.google.com
