timestamp,site
2013-11-28 13:34:53,www.google.fr
2013-11-28 13:34:53,apis.google.com
2013-11-28 13:34:56,www.google.com
2013-11-28 13:35:05,apis.google.com
2013-11-28 13:35:05,www.google.com
2013-11-28 13:35:05,www.google.fr
2013-11-28 13:35:50,ieonline.microsoft.com
2013-11-28 14:01:10,www.google.fr
2013-11-28 14:01:11,apis.google.com
2013-11-28 14:01:13,www.google.com
2013-11-28 14:01:27,www.google.fr
2013-11-28 14:01:27,www.google.com
2013-11-28 14:01:27,apis.google.com
2013-11-28 14:01:42,bits.wikimedia.org
2013-11-28 14:01:42,fr.wikipedia.org
2013-11-28 14:02:42,bits.wikimedia.org
2013-11-28 14:02:42,fr.wikipedia.org
2014-02-28 10:07:24,go.microsoft.com
2014-02-28 10:07:25,js.microsoft.com
2014-02-28 10:07:25,ajax.microsoft.com
2014-02-28 10:07:25,res1.windows.microsoft.com
2014-02-28 10:07:25,res2.windows.microsoft.com
2014-02-28 10:07:25,windows.microsoft.com
2014-02-28 10:07:26,js.microsoft.com
2014-02-28 10:07:26,windows.microsoft.com
2014-02-28 10:07:26,res1.windows.microsoft.com
2014-02-28 10:07:29,www.google.com
2014-02-28 10:08:40,ieonline.microsoft.com
2014-02-28 10:09:00,static.wix.com
2014-02-28 10:09:00,static.parastorage.com
2014-02-28 10:09:00,vuxonxtremride.wix.com
2014-02-28 10:09:01,static.wix.com
2014-02-28 10:09:01,static.parastorage.com
2014-02-28 10:09:01,ns.allo-heberge.com
2014-02-28 10:09:13,frog.wix.com
2014-02-28 10:09:16,static.parastorage.com
2014-02-28 10:09:16,vuxonxtremride.wix.com
2014-02-28 10:09:21,static.parastorage.com
2014-02-28 10:09:21,vuxonxtremride.wix.com
2014-02-28 10:13:47,www.google.fr
2014-02-28 10:13:59,www.google.fr
2014-02-28 10:14:01,apis.google.com
2014-02-28 10:14:03,www.google.com
2014-02-28 10:14:04,www.google.fr
2014-02-28 10:14:07,apis.google.com
2014-02-28 10:14:07,blast.ncbi.nlm.nih.gov
2014-02-28 10:14:07,www.ncbi.nlm.nih.gov
2014-02-28 10:14:07,www.google.com
2014-02-28 10:14:07,www.google.fr
2014-02-28 10:14:08,www.ncbi.nlm.nih.gov
2014-02-28 10:14:08,blast.ncbi.nlm.nih.gov
2014-02-28 10:15:37,blast.ncbi.nlm.nih.gov
2014-02-28 10:16:13,blast.ncbi.nlm.nih.gov
2014-02-28 10:16:13,www.ncbi.nlm.nih.gov
2014-02-28 10:16:14,blast.ncbi.nlm.nih.gov
2014-02-28 10:16:14,www.ncbi.nlm.nih.gov
2014-02-28 10:16:15,blast.ncbi.nlm.nih.gov
2014-02-28 10:16:15,www.ncbi.nlm.nih.gov
2014-02-28 10:16:25,blast.ncbi.nlm.nih.gov
2014-02-28 10:16:32,blast.ncbi.nlm.nih.gov
2014-02-28 10:16:34,blast.ncbi.nlm.nih.gov
2014-02-28 10:16:35,blast.ncbi.nlm.nih.gov
2014-02-28 10:16:57,www.google.fr
2014-02-28 10:17:04,www.google.fr
2014-02-28 10:17:07,www.google.fr
2014-02-28 10:17:09,www.google.fr
2014-02-28 10:17:11,apis.google.com
2014-02-28 10:17:12,www.google.com
2014-02-28 10:18:28,blast.ncbi.nlm.nih.gov
2014-02-28 10:18:31,blast.ncbi.nlm.nih.gov
2014-02-28 10:18:36,blast.ncbi.nlm.nih.gov
2014-02-28 10:18:37,blast.ncbi.nlm.nih.gov
2014-02-28 10:18:39,blast.ncbi.nlm.nih.gov
2014-02-28 10:18:41,blast.ncbi.nlm.nih.gov
2014-02-28 10:18:42,www.ncbi.nlm.nih.gov
2014-02-28 10:20:09,www.ncbi.nlm.nih.gov
2014-02-28 10:20:10,www.ncbi.nlm.nih.gov
2014-02-28 10:20:11,www.ncbi.nlm.nih.gov
2014-02-28 10:20:12,www.ncbi.nlm.nih.gov
2014-02-28 10:20:15,www.ncbi.nlm.nih.gov
2014-02-28 10:20:16,www.ncbi.nlm.nih.gov
2014-02-28 10:20:22,www.ncbi.nlm.nih.gov
2014-02-28 10:20:27,www.ncbi.nlm.nih.gov
2014-02-28 10:20:28,www.ncbi.nlm.nih.gov
2014-02-28 10:20:29,www.ncbi.nlm.nih.gov
2014-02-28 10:20:30,www.ncbi.nlm.nih.gov
2014-02-28 10:20:31,www.ncbi.nlm.nih.gov
2014-02-28 10:20:33,www.ncbi.nlm.nih.gov
2014-02-28 10:20:34,www.ncbi.nlm.nih.gov
2014-02-28 10:20:35,www.ncbi.nlm.nih.gov
2014-02-28 10:20:54,apis.google.com
2014-02-28 10:20:54,www.google.com
2014-02-28 10:20:54,www.google.fr
2014-02-28 10:21:03,blast.ncbi.nlm.nih.gov
2014-02-28 10:21:25,blast.ncbi.nlm.nih.gov
2014-02-28 10:21:28,blast.ncbi.nlm.nih.gov
2014-02-28 10:21:30,blast.ncbi.nlm.nih.gov
2014-02-28 10:21:31,www.ncbi.nlm.nih.gov
2014-02-28 10:21:32,blast.ncbi.nlm.nih.gov
2014-02-28 10:21:34,www.ncbi.nlm.nih.gov
2014-02-28 10:21:35,blast.ncbi.nlm.nih.gov
2014-02-28 10:21:37,www.ncbi.nlm.nih.gov
2014-02-28 10:21:37,blast.ncbi.nlm.nih.gov
2014-02-28 10:21:39,www.ncbi.nlm.nih.gov
2014-02-28 10:21:40,blast.ncbi.nlm.nih.gov
2014-02-28 10:21:42,www.ncbi.nlm.nih.gov
2014-02-28 10:21:47,blast.ncbi.nlm.nih.gov
2014-02-28 10:21:49,www.ncbi.nlm.nih.gov
2014-02-28 10:21:50,www.ncbi.nlm.nih.gov
2014-02-28 10:21:58,www.ncbi.nlm.nih.gov
2014-02-28 10:22:00,blast.ncbi.nlm.nih.gov
2014-02-28 10:22:03,www.ncbi.nlm.nih.gov
2014-02-28 10:22:04,www.ncbi.nlm.nih.gov
2014-02-28 10:22:10,www.ncbi.nlm.nih.gov
2014-02-28 10:22:11,www.ncbi.nlm.nih.gov
2014-02-28 10:22:17,www.ncbi.nlm.nih.gov
2014-02-28 10:22:18,blast.ncbi.nlm.nih.gov
2014-02-28 10:22:18,www.ncbi.nlm.nih.gov
2014-02-28 10:22:19,www.ncbi.nlm.nih.gov
2014-02-28 10:22:20,www.ncbi.nlm.nih.gov
2014-02-28 10:22:21,www.ncbi.nlm.nih.gov
2014-02-28 10:22:22,www.ncbi.nlm.nih.gov
2014-02-28 10:22:23,www.ncbi.nlm.nih.gov
2014-02-28 10:22:25,www.ncbi.nlm.nih.gov
2014-02-28 10:22:26,www.ncbi.nlm.nih.gov
2014-02-28 10:22:40,blast.ncbi.nlm.nih.gov
2014-02-28 10:22:42,www.ncbi.nlm.nih.gov
2014-02-28 10:22:43,www.ncbi.nlm.nih.gov
2014-02-28 10:22:44,www.ncbi.nlm.nih.gov
2014-02-28 10:22:45,www.ncbi.nlm.nih.gov
2014-02-28 10:22:46,www.ncbi.nlm.nih.gov
2014-02-28 10:23:08,blast.ncbi.nlm.nih.gov
2014-02-28 10:23:09,www.ncbi.nlm.nih.gov
2014-02-28 10:23:38,blast.ncbi.nlm.nih.gov
2014-02-28 10:23:40,www.ncbi.nlm.nih.gov
2014-02-28 10:24:09,blast.ncbi.nlm.nih.gov
2014-02-28 10:24:14,www.ncbi.nlm.nih.gov
2014-02-28 10:24:39,blast.ncbi.nlm.nih.gov
2014-02-28 10:24:41,www.ncbi.nlm.nih.gov
2014-02-28 10:25:00,blast.ncbi.nlm.nih.gov
2014-02-28 10:25:01,blast.ncbi.nlm.nih.gov
2014-02-28 10:25:15,blast.ncbi.nlm.nih.gov
2014-02-28 10:25:21,www.ncbi.nlm.nih.gov
2014-02-28 10:25:30,www.ncbi.nlm.nih.gov
2014-02-28 10:25:38,www.ncbi.nlm.nih.gov
2014-02-28 10:25:39,www.ncbi.nlm.nih.gov
2014-02-28 10:25:40,www.ncbi.nlm.nih.gov
2014-02-28 10:25:41,www.ncbi.nlm.nih.gov
2014-02-28 10:25:43,www.ncbi.nlm.nih.gov
2014-02-28 10:25:44,www.ncbi.nlm.nih.gov
2014-02-28 10:25:45,blast.ncbi.nlm.nih.gov
2014-02-28 10:25:45,www.ncbi.nlm.nih.gov
2014-02-28 10:25:46,www.ncbi.nlm.nih.gov
2014-02-28 10:25:46,blast.ncbi.nlm.nih.gov
2014-02-28 10:26:01,www.ncbi.nlm.nih.gov
2014-02-28 10:26:02,blast.ncbi.nlm.nih.gov
2014-02-28 10:26:02,www.ncbi.nlm.nih.gov
2014-02-28 10:26:03,www.ncbi.nlm.nih.gov
2014-02-28 10:26:03,blast.ncbi.nlm.nih.gov
2014-02-28 10:26:04,blast.ncbi.nlm.nih.gov
2014-02-28 10:26:05,blast.ncbi.nlm.nih.gov
2014-02-28 10:26:06,blast.ncbi.nlm.nih.gov
2014-02-28 10:26:13,blast.ncbi.nlm.nih.gov
2014-02-28 10:26:18,blast.ncbi.nlm.nih.gov
2014-02-28 10:26:20,blast.ncbi.nlm.nih.gov
2014-02-28 10:26:21,www.ncbi.nlm.nih.gov
2014-02-28 10:26:22,blast.ncbi.nlm.nih.gov
2014-02-28 10:26:24,www.ncbi.nlm.nih.gov
2014-02-28 10:26:25,blast.ncbi.nlm.nih.gov
2014-02-28 10:26:27,blast.ncbi.nlm.nih.gov
2014-02-28 10:26:27,www.ncbi.nlm.nih.gov
2014-02-28 10:26:29,www.ncbi.nlm.nih.gov
2014-02-28 10:26:30,blast.ncbi.nlm.nih.gov
2014-02-28 10:26:31,www.ncbi.nlm.nih.gov
2014-02-28 10:26:37,blast.ncbi.nlm.nih.gov
2014-02-28 10:26:39,www.ncbi.nlm.nih.gov
2014-02-28 10:26:50,blast.ncbi.nlm.nih.gov
2014-02-28 10:26:50,www.ncbi.nlm.nih.gov
2014-02-28 10:26:51,blast.ncbi.nlm.nih.gov
2014-02-28 10:26:51,www.ncbi.nlm.nih.gov
2014-02-28 10:26:52,blast.ncbi.nlm.nih.gov
2014-02-28 10:26:54,blast.ncbi.nlm.nih.gov
2014-02-28 10:26:55,blast.ncbi.nlm.nih.gov
2014-02-28 10:26:57,blast.ncbi.nlm.nih.gov
2014-02-28 10:26:58,blast.ncbi.nlm.nih.gov
2014-02-28 10:29:17,blast.ncbi.nlm.nih.gov
2014-02-28 10:29:19,blast.ncbi.nlm.nih.gov
2014-02-28 10:29:20,blast.ncbi.nlm.nih.gov
2014-02-28 10:29:23,blast.ncbi.nlm.nih.gov
2014-02-28 10:29:53,blast.ncbi.nlm.nih.gov
2014-02-28 10:38:25,blast.ncbi.nlm.nih.gov
2014-02-28 10:38:28,blast.ncbi.nlm.nih.gov
2014-02-28 10:40:14,www.ncbi.nlm.nih.gov
2014-02-28 10:40:26,www.ncbi.nlm.nih.gov
2014-02-28 10:40:30,www.ncbi.nlm.nih.gov
2014-02-28 10:40:31,www.ncbi.nlm.nih.gov
2014-02-28 10:40:32,www.ncbi.nlm.nih.gov
2014-02-28 10:40:33,www.ncbi.nlm.nih.gov
2014-02-28 10:40:34,www.ncbi.nlm.nih.gov
2014-02-28 10:40:37,www.ncbi.nlm.nih.gov
2014-02-28 10:40:39,www.ncbi.nlm.nih.gov
2014-02-28 10:40:42,www.ncbi.nlm.nih.gov
2014-02-28 10:40:43,www.ncbi.nlm.nih.gov
2014-02-28 10:40:47,www.ncbi.nlm.nih.gov
2014-02-28 10:40:48,www.ncbi.nlm.nih.gov
2014-02-28 10:40:48,static.pubmed.gov
2014-02-28 10:40:49,www.ncbi.nlm.nih.gov
2014-02-28 10:40:49,static.pubmed.gov
2014-02-28 10:40:50,static.pubmed.gov
2014-02-28 10:40:50,www.ncbi.nlm.nih.gov
2014-02-28 10:40:51,static.pubmed.gov
2014-02-28 10:40:53,static.pubmed.gov
2014-02-28 10:43:15,blast.ncbi.nlm.nih.gov
2014-02-28 10:43:19,blast.ncbi.nlm.nih.gov
2014-02-28 10:43:22,blast.ncbi.nlm.nih.gov
2014-02-28 10:43:23,blast.ncbi.nlm.nih.gov
2014-02-28 10:43:50,blast.ncbi.nlm.nih.gov
2014-02-28 10:43:54,blast.ncbi.nlm.nih.gov
2014-02-28 10:43:56,blast.ncbi.nlm.nih.gov
2014-02-28 10:43:57,www.ncbi.nlm.nih.gov
2014-02-28 10:43:58,blast.ncbi.nlm.nih.gov
2014-02-28 10:44:00,www.ncbi.nlm.nih.gov
2014-02-28 10:44:01,blast.ncbi.nlm.nih.gov
2014-02-28 10:44:02,www.ncbi.nlm.nih.gov
2014-02-28 10:44:03,blast.ncbi.nlm.nih.gov
2014-02-28 10:44:05,www.ncbi.nlm.nih.gov
2014-02-28 10:44:06,blast.ncbi.nlm.nih.gov
2014-02-28 10:44:08,www.ncbi.nlm.nih.gov
2014-02-28 10:44:13,blast.ncbi.nlm.nih.gov
2014-02-28 10:44:15,www.ncbi.nlm.nih.gov
2014-02-28 10:44:26,blast.ncbi.nlm.nih.gov
2014-02-28 10:44:27,blast.ncbi.nlm.nih.gov
2014-02-28 10:44:28,www.ncbi.nlm.nih.gov
2014-02-28 10:44:29,blast.ncbi.nlm.nih.gov
2014-02-28 10:45:31,www.ncbi.nlm.nih.gov
2014-02-28 10:45:31,blast.ncbi.nlm.nih.gov
2014-02-28 10:45:31,static.pubmed.gov
2014-02-28 10:45:32,www.ncbi.nlm.nih.gov
2014-02-28 10:45:32,static.pubmed.gov
2014-02-28 10:45:35,www.ncbi.nlm.nih.gov
2014-02-28 10:45:35,blast.ncbi.nlm.nih.gov
2014-02-28 10:45:36,blast.ncbi.nlm.nih.gov
2014-02-28 10:45:37,blast.ncbi.nlm.nih.gov
2014-02-28 10:45:39,blast.ncbi.nlm.nih.gov
2014-02-28 10:45:40,blast.ncbi.nlm.nih.gov
2014-02-28 10:46:01,blast.ncbi.nlm.nih.gov
2014-02-28 10:46:05,blast.ncbi.nlm.nih.gov
2014-02-28 10:46:06,blast.ncbi.nlm.nih.gov
2014-02-28 10:46:08,www.ncbi.nlm.nih.gov
2014-02-28 10:46:09,blast.ncbi.nlm.nih.gov
2014-02-28 10:46:10,www.ncbi.nlm.nih.gov
2014-02-28 10:46:11,blast.ncbi.nlm.nih.gov
2014-02-28 10:46:13,www.ncbi.nlm.nih.gov
2014-02-28 10:46:14,blast.ncbi.nlm.nih.gov
2014-02-28 10:46:15,www.ncbi.nlm.nih.gov
2014-02-28 10:46:16,blast.ncbi.nlm.nih.gov
2014-02-28 10:46:18,www.ncbi.nlm.nih.gov
2014-02-28 10:46:24,blast.ncbi.nlm.nih.gov
2014-02-28 10:46:26,www.ncbi.nlm.nih.gov
2014-02-28 10:46:37,blast.ncbi.nlm.nih.gov
2014-02-28 10:46:38,blast.ncbi.nlm.nih.gov
2014-02-28 10:46:39,www.ncbi.nlm.nih.gov
2014-02-28 10:46:39,blast.ncbi.nlm.nih.gov
2014-02-28 10:46:40,blast.ncbi.nlm.nih.gov
2014-02-28 10:46:43,blast.ncbi.nlm.nih.gov
2014-02-28 10:46:45,blast.ncbi.nlm.nih.gov
2014-02-28 10:46:47,www.ncbi.nlm.nih.gov
2014-02-28 10:46:48,www.ncbi.nlm.nih.gov
2014-02-28 10:47:09,www.ncbi.nlm.nih.gov
2014-02-28 10:47:10,www.ncbi.nlm.nih.gov
2014-02-28 10:47:14,www.ncbi.nlm.nih.gov
2014-02-28 10:47:15,www.ncbi.nlm.nih.gov
2014-02-28 10:47:19,www.ncbi.nlm.nih.gov
2014-02-28 10:47:21,www.ncbi.nlm.nih.gov
2014-02-28 10:47:33,www.ncbi.nlm.nih.gov
2014-02-28 10:47:34,www.ncbi.nlm.nih.gov
2014-02-28 10:47:35,www.ncbi.nlm.nih.gov
2014-02-28 10:47:36,www.ncbi.nlm.nih.gov
2014-02-28 10:47:39,www.ncbi.nlm.nih.gov
2014-02-28 10:47:54,blast.ncbi.nlm.nih.gov
2014-02-28 10:47:54,www.ncbi.nlm.nih.gov
2014-02-28 10:47:59,blast.ncbi.nlm.nih.gov
2014-02-28 10:48:00,blast.ncbi.nlm.nih.gov
2014-02-28 10:48:01,blast.ncbi.nlm.nih.gov
2014-02-28 10:48:02,blast.ncbi.nlm.nih.gov
2014-02-28 10:48:17,blast.ncbi.nlm.nih.gov
2014-02-28 10:48:19,blast.ncbi.nlm.nih.gov
2014-02-28 10:48:23,blast.ncbi.nlm.nih.gov
2014-02-28 10:48:38,blast.ncbi.nlm.nih.gov
2014-02-28 10:48:47,blast.ncbi.nlm.nih.gov
2014-02-28 10:48:49,blast.ncbi.nlm.nih.gov
2014-02-28 10:49:26,blast.ncbi.nlm.nih.gov
2014-02-28 10:49:28,blast.ncbi.nlm.nih.gov
2014-02-28 10:49:53,blast.ncbi.nlm.nih.gov
2014-02-28 10:49:54,blast.ncbi.nlm.nih.gov
2014-02-28 10:50:14,blast.ncbi.nlm.nih.gov
2014-02-28 10:50:32,blast.ncbi.nlm.nih.gov
2014-02-28 10:50:43,blast.ncbi.nlm.nih.gov
2014-02-28 10:50:44,static.pubmed.gov
2014-02-28 10:50:44,www.ncbi.nlm.nih.gov
2014-02-28 10:50:45,www.ncbi.nlm.nih.gov
2014-02-28 10:50:46,static.pubmed.gov
2014-02-28 10:51:06,static.pubmed.gov
2014-02-28 10:51:06,www.ncbi.nlm.nih.gov
2014-02-28 10:51:07,www.ncbi.nlm.nih.gov
2014-02-28 10:51:07,static.pubmed.gov
2014-02-28 10:51:08,static.pubmed.gov
2014-02-28 10:51:08,www.ncbi.nlm.nih.gov
2014-02-28 10:51:10,www.ncbi.nlm.nih.gov
2014-02-28 10:51:11,www.ncbi.nlm.nih.gov
2014-02-28 10:51:18,www.ncbi.nlm.nih.gov
2014-02-28 10:51:39,blast.ncbi.nlm.nih.gov
2014-02-28 10:51:40,www.ncbi.nlm.nih.gov
2014-02-28 10:51:42,www.ncbi.nlm.nih.gov
2014-02-28 10:51:42,static.pubmed.gov
2014-02-28 10:51:43,static.pubmed.gov
2014-02-28 10:51:43,www.ncbi.nlm.nih.gov
2014-02-28 10:51:58,www.ncbi.nlm.nih.gov
2014-02-28 10:52:10,www.ncbi.nlm.nih.gov
2014-02-28 10:52:13,www.ncbi.nlm.nih.gov
2014-02-28 10:52:17,static.pubmed.gov
2014-02-28 10:52:17,www.ncbi.nlm.nih.gov
2014-02-28 10:52:28,www.ncbi.nlm.nih.gov
2014-02-28 10:52:33,www.ncbi.nlm.nih.gov
2014-02-28 10:52:35,www.ncbi.nlm.nih.gov
2014-02-28 10:52:36,www.ncbi.nlm.nih.gov
2014-02-28 10:52:40,www.ncbi.nlm.nih.gov
2014-02-28 10:52:45,www.ncbi.nlm.nih.gov
2014-02-28 10:52:47,www.ncbi.nlm.nih.gov
2014-02-28 10:52:48,www.ncbi.nlm.nih.gov
2014-02-28 10:52:56,www.ncbi.nlm.nih.gov
2014-02-28 10:52:57,www.ncbi.nlm.nih.gov
2014-02-28 10:53:18,www.ncbi.nlm.nih.gov
2014-02-28 10:53:23,www.ncbi.nlm.nih.gov
2014-02-28 10:53:24,www.ncbi.nlm.nih.gov
2014-02-28 10:53:25,www.ncbi.nlm.nih.gov
2014-02-28 10:53:30,www.ncbi.nlm.nih.gov
2014-02-28 10:53:35,www.ncbi.nlm.nih.gov
2014-02-28 10:53:36,www.ncbi.nlm.nih.gov
2014-02-28 10:53:37,www.ncbi.nlm.nih.gov
2014-02-28 10:53:38,static.pubmed.gov
2014-02-28 10:53:38,www.ncbi.nlm.nih.gov
2014-02-28 10:53:39,www.ncbi.nlm.nih.gov
2014-02-28 10:53:43,www.ncbi.nlm.nih.gov
2014-02-28 10:53:44,www.ncbi.nlm.nih.gov
2014-02-28 10:53:46,www.ncbi.nlm.nih.gov
2014-02-28 10:53:51,www.ncbi.nlm.nih.gov
2014-02-28 10:53:53,www.ncbi.nlm.nih.gov
2014-02-28 10:53:55,www.ncbi.nlm.nih.gov
2014-02-28 10:53:56,www.ncbi.nlm.nih.gov
2014-02-28 10:55:34,www.ncbi.nlm.nih.gov
2014-02-28 10:55:35,static.pubmed.gov
2014-02-28 10:55:35,www.ncbi.nlm.nih.gov
2014-02-28 10:55:36,www.ncbi.nlm.nih.gov
2014-02-28 10:55:39,www.ncbi.nlm.nih.gov
2014-02-28 10:55:40,www.ncbi.nlm.nih.gov
2014-02-28 10:55:41,www.ncbi.nlm.nih.gov
2014-02-28 10:55:44,www.ncbi.nlm.nih.gov
2014-02-28 10:56:01,www.ncbi.nlm.nih.gov
2014-02-28 10:56:28,www.google.fr
2014-02-28 10:56:40,www.google.fr
2014-02-28 10:56:41,apis.google.com
2014-02-28 10:56:43,www.google.com
2014-02-28 10:56:53,www.google.fr
2014-02-28 10:56:53,www.squid-cache.org
2014-02-28 10:57:45,www.google.com
2014-02-28 10:57:45,apis.google.com
2014-02-28 10:59:39,www.google.fr
2014-02-28 10:59:46,www.google.fr
2014-02-28 10:59:49,www.phylogeny.fr
2014-02-28 10:59:49,www.google.fr
2014-02-28 11:00:06,www.phylogeny.fr
2014-02-28 11:01:20,www.phylogeny.fr
2014-02-28 11:01:22,www.phylogeny.fr
2014-02-28 11:01:23,www.phylogeny.fr
2014-02-28 11:01:26,www.phylogeny.fr
2014-02-28 11:01:34,www.phylogeny.fr
2014-02-28 11:01:38,www.phylogeny.fr
2014-02-28 11:02:06,www.phylogeny.fr
2014-02-28 11:02:57,www.phylogeny.fr
2014-02-28 11:04:10,www.phylogeny.fr
2014-02-28 11:04:14,www.phylogeny.fr
2014-02-28 11:04:15,www.phylogeny.fr
2014-02-28 11:04:21,www.phylogeny.fr
2014-02-28 11:04:22,www.phylogeny.fr
2014-02-28 11:04:36,www.phylogeny.fr
2014-02-28 11:04:40,www.phylogeny.fr
2014-02-28 11:04:41,www.phylogeny.fr
2014-02-28 11:04:51,www.phylogeny.fr
2014-02-28 11:04:52,www.phylogeny.fr
2014-02-28 11:04:56,www.phylogeny.fr
2014-02-28 11:05:02,www.phylogeny.fr
2014-02-28 11:05:06,www.phylogeny.fr
2014-02-28 11:05:07,www.phylogeny.fr
2014-02-28 11:05:25,www.phylogeny.fr
2014-02-28 11:05:29,www.phylogeny.fr
2014-02-28 11:05:30,www.phylogeny.fr
2014-02-28 11:06:38,www.phylogeny.fr
2014-02-28 11:06:42,www.phylogeny.fr
2014-02-28 11:06:43,www.phylogeny.fr
2014-02-28 11:07:00,www.google.fr
2014-02-28 11:07:10,www.google.fr
2014-02-28 11:07:12,www.google.fr
2014-02-28 11:07:13,www.google.fr
2014-02-28 11:07:14,apis.google.com
2014-02-28 11:07:16,www.google.com
2014-02-28 11:07:19,www.mozilla.org
2014-02-28 11:07:19,www.google.com
2014-02-28 11:07:19,apis.google.com
2014-02-28 11:07:19,www.google.fr
2014-02-28 11:07:44,www.google.fr
2014-02-28 11:07:50,www.clubic.com
2014-02-28 11:07:50,www.google.fr
2014-02-28 11:07:50,emailretargeting.com
2014-02-28 11:07:50,img.clubic.com
2014-02-28 11:07:51,www.google.com
2014-02-28 11:07:51,dc1w54.wysistat.com
2014-02-28 11:07:51,www.clubic.com
2014-02-28 11:07:52,www.clubic.com
2014-02-28 11:07:52,www.facebook.com
2014-02-28 11:07:52,img.clubic.com
2014-02-28 11:07:52,www.google.com
2014-02-28 11:07:52,1.im6.fr
2014-02-28 11:07:52,pixel.alephd.com
2014-02-28 11:07:52,images.orangepublicite.fr
2014-02-28 11:07:52,player.m6web.fr
2014-02-28 11:07:52,fpdownload2.macromedia.com
2014-02-28 11:07:52,clubic.com
2014-02-28 11:07:52,2.im6.fr
2014-02-28 11:07:53,www.clubic.com
2014-02-28 11:07:53,loadr.exelator.com
2014-02-28 11:07:53,fr-m6.videoplaza.tv
2014-02-28 11:07:53,broadcast.piximedia.fr
2014-02-28 11:07:53,img.clubic.com
2014-02-28 11:07:53,player.m6web.fr
2014-02-28 11:07:54,google.ezakus.net
2014-02-28 11:07:54,videosfr.s3.amazonaws.com
2014-02-28 11:07:54,www.clubic.com
2014-02-28 11:07:54,vid1.turninc.com
2014-02-28 11:07:54,n.dyntrk.com
2014-02-28 11:07:54,broadcast.piximedia.fr
2014-02-28 11:07:54,1.im6.fr
2014-02-28 11:07:54,fr-m6.videoplaza.tv
2014-02-28 11:07:54,dc1w54.wysistat.com
2014-02-28 11:07:55,i.htfacile.fr
2014-02-28 11:07:55,ajax.googleapis.com
2014-02-28 11:07:55,widget.achetezfacile.com
2014-02-28 11:07:55,www.clubic.com
2014-02-28 11:07:55,pixel.alephd.com
2014-02-28 11:07:55,images.orangepublicite.fr
2014-02-28 11:07:56,apis.google.com
2014-02-28 11:07:56,connect.facebook.net
2014-02-28 11:07:56,pixel.alephd.com
2014-02-28 11:07:56,www.clubic.com
2014-02-28 11:07:56,platform.twitter.com
2014-02-28 11:07:57,s-static.ak.facebook.com
2014-02-28 11:07:57,apis.google.com
2014-02-28 11:07:57,webperf.m6web.fr
2014-02-28 11:07:57,www.facebook.com
2014-02-28 11:07:57,static.ak.facebook.com
2014-02-28 11:07:59,i1-js-14-3-01-12434-330405574-i.init.cedexis-radar.net
2014-02-28 11:08:06,twitter.com
2014-02-28 11:08:08,accounts.google.com
2014-02-28 11:08:26,twitter.com
2014-02-28 11:08:26,www.clubic.com
2014-02-28 11:08:27,listener.ezakus.net
2014-02-28 11:08:27,dc1w54.wysistat.com
2014-02-28 11:08:27,pixel.alephd.com
2014-02-28 11:08:27,img.m6.fr
2014-02-28 11:08:27,www.clubic.com
2014-02-28 11:08:27,images.orangepublicite.fr
2014-02-28 11:08:27,img.clubic.com
2014-02-28 11:08:28,img.clubic.com
2014-02-28 11:08:28,1.im6.fr
2014-02-28 11:08:28,www.toomai.fr
2014-02-28 11:08:28,widget.achetezfacile.com
2014-02-28 11:08:28,i.htfacile.fr
2014-02-28 11:08:28,pixel.alephd.com
2014-02-28 11:08:28,www.clubic.com
2014-02-28 11:08:29,static.ak.facebook.com
2014-02-28 11:08:29,webperf.m6web.fr
2014-02-28 11:08:29,platform.twitter.com
2014-02-28 11:08:29,www.facebook.com
2014-02-28 11:08:29,s-static.ak.facebook.com
2014-02-28 11:08:31,twitter.com
2014-02-28 11:08:31,i1-js-14-3-01-12434-118232799-i.init.cedexis-radar.net
2014-02-28 11:08:35,limelight.cedexis.com
2014-02-28 11:08:38,limelight.cedexis.com
2014-02-28 11:08:43,pbs.twimg.com
2014-02-28 11:08:43,platform.twitter.com
2014-02-28 11:08:47,www.phylogeny.fr
2014-02-28 11:08:50,www.phylogeny.fr
2014-02-28 11:08:51,www.phylogeny.fr
2014-02-28 11:08:54,www.phylogeny.fr
2014-02-28 11:08:55,www.phylogeny.fr
2014-02-28 11:08:59,www.phylogeny.fr
2014-02-28 11:09:08,twitter.com
2014-02-28 11:09:12,www.phylogeny.fr
2014-02-28 11:09:15,www.phylogeny.fr
2014-02-28 11:09:16,www.phylogeny.fr
2014-02-28 11:09:20,www.phylogeny.fr
2014-02-28 11:10:48,www.phylogeny.fr
2014-02-28 11:10:49,www.phylogeny.fr
2014-02-28 11:10:59,www.phylogeny.fr
2014-02-28 11:11:00,www.phylogeny.fr
2014-02-28 11:11:03,www.phylogeny.fr
2014-02-28 11:11:04,www.phylogeny.fr
2014-02-28 11:11:33,www.google.fr
2014-02-28 11:12:06,www.phylogeny.fr
2014-02-28 11:12:24,www.phylogeny.fr
2014-02-28 11:12:25,www.phylogeny.fr
2014-02-28 11:12:40,www.phylogeny.fr
2014-02-28 11:12:41,www.phylogeny.fr
2014-02-28 11:13:04,www.phylogeny.fr
2014-02-28 11:13:05,www.phylogeny.fr
2014-02-28 11:13:19,www.phylogeny.fr
2014-02-28 11:13:20,www.phylogeny.fr
2014-02-28 11:13:28,www.phylogeny.fr
2014-02-28 11:13:29,www.phylogeny.fr
2014-02-28 11:14:53,www.phylogeny.fr
2014-02-28 11:14:54,www.phylogeny.fr
2014-02-28 11:14:55,www.phylogeny.fr
2014-02-28 11:14:56,www.phylogeny.fr
2014-02-28 11:14:57,www.phylogeny.fr
2014-02-28 11:14:58,www.phylogeny.fr
2014-02-28 11:14:59,www.phylogeny.fr
2014-02-28 11:15:22,www.phylogeny.fr
2014-02-28 11:15:23,www.phylogeny.fr
2014-02-28 11:15:30,www.phylogeny.fr
2014-02-28 11:15:31,www.phylogeny.fr
2014-02-28 11:15:34,www.google.fr
2014-02-28 11:16:31,www.phylogeny.fr
2014-02-28 11:16:40,www.phylogeny.fr
2014-02-28 11:16:41,www.phylogeny.fr
2014-02-28 11:17:55,www.phylogeny.fr
2014-02-28 11:17:56,www.phylogeny.fr
2014-02-28 11:17:57,www.phylogeny.fr
2014-02-28 11:17:58,www.phylogeny.fr
2014-02-28 11:18:07,www.phylogeny.fr
2014-02-28 11:18:08,www.phylogeny.fr
2014-02-28 11:18:15,www.phylogeny.fr
2014-02-28 11:25:04,www.phylogeny.fr
2014-02-28 11:25:10,www.phylogeny.fr
2014-02-28 11:25:14,www.phylogeny.fr
2014-02-28 11:25:15,www.phylogeny.fr
2014-02-28 11:26:01,www.phylogeny.fr
2014-02-28 11:26:02,www.phylogeny.fr
2014-02-28 11:26:05,www.phylogeny.fr
2014-02-28 11:26:06,www.phylogeny.fr
2014-02-28 11:26:09,www.phylogeny.fr
2014-02-28 11:26:12,www.phylogeny.fr
2014-02-28 11:26:17,www.phylogeny.fr
2014-02-28 11:26:26,www.phylogeny.fr
2014-02-28 11:26:31,www.phylogeny.fr
2014-02-28 11:26:32,www.phylogeny.fr
2014-02-28 11:26:36,gtssl-ocsp.geotrust.com
2014-02-28 11:27:32,www.phylogeny.fr
2014-02-28 11:27:36,www.phylogeny.fr
2014-02-28 11:27:58,www.phylogeny.fr
2014-02-28 11:28:02,www.phylogeny.fr
2014-02-28 11:28:03,www.phylogeny.fr
2014-02-28 11:28:18,www.phylogeny.fr
2014-02-28 11:28:34,www.phylogeny.fr
2014-02-28 11:28:43,clients1.google.com
2014-02-28 11:28:43,gtglobal-ocsp.geotrust.com
2014-02-28 11:28:43,safebrowsing.clients.google.com
2014-02-28 11:28:43,safebrowsing-cache.google.com
2014-02-28 11:28:47,www.phylogeny.fr
2014-02-28 11:29:02,www.phylogeny.fr
2014-02-28 11:29:07,clients1.google.com
2014-02-28 11:29:10,www.google.fr
2014-02-28 11:29:11,www.google.fr
2014-02-28 11:29:11,www.meteofrance.com
2014-02-28 11:29:11,mfr.meteofrance.com
2014-02-28 11:29:12,mfr.meteofrance.com
2014-02-28 11:29:12,www.meteofrance.com
2014-02-28 11:29:13,mfr.meteofrance.com
2014-02-28 11:29:13,www.meteofrance.com
2014-02-28 11:29:14,rm.piximedia.fr
2014-02-28 11:29:14,broadcast.piximedia.fr
2014-02-28 11:29:14,pixel.alephd.com
2014-02-28 11:29:14,mfr.meteofrance.com
2014-02-28 11:29:14,www.meteofrance.com
2014-02-28 11:29:15,pixel.alephd.com
2014-02-28 11:29:15,mfr.meteofrance.com
2014-02-28 11:29:15,www.meteofrance.com
2014-02-28 11:29:16,www.facebook.com
2014-02-28 11:29:16,www.meteofrance.com
2014-02-28 11:29:16,broadcast.piximedia.fr
2014-02-28 11:29:17,www.meteofrance.com
2014-02-28 11:29:19,www.meteofrance.com
2014-02-28 11:29:19,mfr.meteofrance.com
2014-02-28 11:29:20,loadr.exelator.com
2014-02-28 11:29:20,broadcast.piximedia.fr
2014-02-28 11:29:20,mfr.meteofrance.com
2014-02-28 11:29:20,rm.piximedia.fr
2014-02-28 11:29:21,pixel.alephd.com
2014-02-28 11:29:21,mfr.meteofrance.com
2014-02-28 11:29:21,images.orangepublicite.fr
2014-02-28 11:29:21,ocsp.thawte.com
2014-02-28 11:29:21,www.facebook.com
2014-02-28 11:29:21,ce.lijit.com
2014-02-28 11:29:22,mfr.meteofrance.com
2014-02-28 11:29:22,y.one.impact-ad.jp
2014-02-28 11:29:23,i11.twenga.com
2014-02-28 11:29:23,i10.twenga.com
2014-02-28 11:29:23,wtpn.twenga.fr
2014-02-28 11:29:23,rbx-cdn-tpn.c4tw.net
2014-02-28 11:30:38,www.phylogeny.fr
2014-02-28 11:31:33,ocsp.thawte.com
2014-02-28 11:31:40,sb-ssl.google.com
2014-02-28 11:32:03,www.google.com
2014-02-28 11:32:04,apis.google.com
2014-02-28 11:32:04,www.google.fr
2014-02-28 11:32:53,www.phylogeny.fr
2014-02-28 11:32:59,www.phylogeny.fr
2014-02-28 11:33:00,www.phylogeny.fr
2014-02-28 11:33:02,www.phylogeny.fr
2014-02-28 11:33:05,www.phylogeny.fr
2014-02-28 11:33:07,www.phylogeny.fr
2014-02-28 11:33:10,www.phylogeny.fr
2014-02-28 11:33:12,www.phylogeny.fr
2014-02-28 11:33:15,www.phylogeny.fr
2014-02-28 11:33:17,www.phylogeny.fr
2014-02-28 11:33:20,www.phylogeny.fr
2014-02-28 11:33:22,www.phylogeny.fr
2014-02-28 11:33:25,www.phylogeny.fr
2014-02-28 11:33:27,www.phylogeny.fr
2014-02-28 11:33:30,www.phylogeny.fr
2014-02-28 11:33:32,www.phylogeny.fr
2014-02-28 11:33:33,ocsp.verisign.com
2014-02-28 11:33:34,www.phylogeny.fr
2014-02-28 11:33:37,www.phylogeny.fr
2014-02-28 11:33:39,www.phylogeny.fr
2014-02-28 11:33:42,www.phylogeny.fr
2014-02-28 11:33:44,www.phylogeny.fr
2014-02-28 11:33:46,www.phylogeny.fr
2014-02-28 11:33:49,www.phylogeny.fr
2014-02-28 11:33:52,www.phylogeny.fr
2014-02-28 11:33:54,www.phylogeny.fr
2014-02-28 11:33:57,www.phylogeny.fr
2014-02-28 11:33:59,www.phylogeny.fr
2014-02-28 11:34:02,www.phylogeny.fr
2014-02-28 11:34:05,www.phylogeny.fr
2014-02-28 11:34:07,www.phylogeny.fr
2014-02-28 11:34:10,www.phylogeny.fr
2014-02-28 11:34:13,www.phylogeny.fr
2014-02-28 11:34:15,www.phylogeny.fr
2014-02-28 11:34:18,www.phylogeny.fr
2014-02-28 11:34:20,www.phylogeny.fr
2014-02-28 11:34:23,www.phylogeny.fr
2014-02-28 11:34:25,www.phylogeny.fr
2014-02-28 11:34:28,www.phylogeny.fr
2014-02-28 11:34:30,www.phylogeny.fr
2014-02-28 11:34:33,www.phylogeny.fr
2014-02-28 11:34:35,www.phylogeny.fr
2014-02-28 11:34:38,www.phylogeny.fr
2014-02-28 11:34:40,www.phylogeny.fr
2014-02-28 11:34:42,www.phylogeny.fr
2014-02-28 11:34:45,www.phylogeny.fr
2014-02-28 11:34:47,www.phylogeny.fr
2014-02-28 11:34:50,www.phylogeny.fr
2014-02-28 11:34:53,www.phylogeny.fr
2014-02-28 11:34:55,www.phylogeny.fr
2014-02-28 11:34:58,www.phylogeny.fr
2014-02-28 11:35:00,www.phylogeny.fr
2014-02-28 11:35:03,www.phylogeny.fr
2014-02-28 11:35:06,www.phylogeny.fr
2014-02-28 11:35:09,www.phylogeny.fr
2014-02-28 11:35:12,www.phylogeny.fr
2014-02-28 11:35:14,www.phylogeny.fr
2014-02-28 11:35:16,www.phylogeny.fr
2014-02-28 11:35:19,www.phylogeny.fr
2014-02-28 11:35:22,www.phylogeny.fr
2014-02-28 11:35:24,www.phylogeny.fr
2014-02-28 11:35:27,www.phylogeny.fr
2014-02-28 11:35:29,www.phylogeny.fr
2014-02-28 11:35:32,www.phylogeny.fr
2014-02-28 11:35:33,ocsp.digicert.com
2014-02-28 11:35:34,www.phylogeny.fr
2014-02-28 11:35:37,www.phylogeny.fr
2014-02-28 11:35:39,www.phylogeny.fr
2014-02-28 11:35:42,www.phylogeny.fr
2014-02-28 11:35:45,www.phylogeny.fr
2014-02-28 11:35:47,www.phylogeny.fr
2014-02-28 11:35:50,www.phylogeny.fr
2014-02-28 11:35:51,www.phylogeny.fr
2014-02-28 11:35:54,www.phylogeny.fr
2014-02-28 11:35:56,www.phylogeny.fr
2014-02-28 11:35:59,www.phylogeny.fr
2014-02-28 11:36:02,www.phylogeny.fr
2014-02-28 11:36:04,www.phylogeny.fr
2014-02-28 11:36:06,www.phylogeny.fr
2014-02-28 11:36:09,www.phylogeny.fr
2014-02-28 11:36:11,www.phylogeny.fr
2014-02-28 11:36:14,www.phylogeny.fr
2014-02-28 11:36:16,www.phylogeny.fr
2014-02-28 11:36:18,www.phylogeny.fr
2014-02-28 11:36:21,www.phylogeny.fr
2014-02-28 11:36:23,www.phylogeny.fr
2014-02-28 11:36:26,www.phylogeny.fr
2014-02-28 11:36:28,www.phylogeny.fr
2014-02-28 11:36:31,www.phylogeny.fr
2014-02-28 11:36:33,www.phylogeny.fr
2014-02-28 11:36:36,www.phylogeny.fr
2014-02-28 11:36:39,www.phylogeny.fr
2014-02-28 11:36:42,www.phylogeny.fr
2014-02-28 11:36:45,www.phylogeny.fr
2014-02-28 11:36:47,www.phylogeny.fr
2014-02-28 11:36:50,www.phylogeny.fr
2014-02-28 11:36:53,www.phylogeny.fr
2014-02-28 11:36:56,www.phylogeny.fr
2014-02-28 11:36:59,www.phylogeny.fr
2014-02-28 11:37:01,www.phylogeny.fr
2014-02-28 11:37:04,www.phylogeny.fr
2014-02-28 11:37:06,www.phylogeny.fr
2014-02-28 11:37:09,www.phylogeny.fr
2014-02-28 11:37:11,www.phylogeny.fr
2014-02-28 11:37:14,www.phylogeny.fr
2014-02-28 11:37:16,www.phylogeny.fr
2014-02-28 11:37:18,www.phylogeny.fr
2014-02-28 11:37:21,www.phylogeny.fr
2014-02-28 11:37:23,www.phylogeny.fr
2014-02-28 11:37:26,www.phylogeny.fr
2014-02-28 11:37:28,www.phylogeny.fr
2014-02-28 11:37:30,www.phylogeny.fr
2014-02-28 11:37:33,www.phylogeny.fr
2014-02-28 11:37:35,www.phylogeny.fr
2014-02-28 11:37:38,www.phylogeny.fr
2014-02-28 11:37:40,www.phylogeny.fr
2014-02-28 11:37:43,www.phylogeny.fr
2014-02-28 11:37:45,www.phylogeny.fr
2014-02-28 11:37:47,www.phylogeny.fr
2014-02-28 11:37:50,www.phylogeny.fr
2014-02-28 11:37:52,www.phylogeny.fr
2014-02-28 11:37:55,www.phylogeny.fr
2014-02-28 11:37:57,www.phylogeny.fr
2014-02-28 11:38:00,www.phylogeny.fr
2014-02-28 11:38:02,www.phylogeny.fr
2014-02-28 11:38:04,www.phylogeny.fr
2014-02-28 11:38:07,www.phylogeny.fr
2014-02-28 11:38:09,www.phylogeny.fr
2014-02-28 11:38:12,www.phylogeny.fr
2014-02-28 11:38:14,www.phylogeny.fr
2014-02-28 11:38:16,www.phylogeny.fr
2014-02-28 11:38:19,www.phylogeny.fr
2014-02-28 11:38:21,www.phylogeny.fr
2014-02-28 11:38:24,www.phylogeny.fr
2014-02-28 11:38:27,www.phylogeny.fr
2014-02-28 11:38:30,www.phylogeny.fr
2014-02-28 11:38:33,www.phylogeny.fr
2014-02-28 11:38:36,www.phylogeny.fr
2014-02-28 11:38:38,www.phylogeny.fr
2014-02-28 11:38:40,www.phylogeny.fr
2014-02-28 11:38:43,www.phylogeny.fr
2014-02-28 11:38:46,www.phylogeny.fr
2014-02-28 11:38:48,www.phylogeny.fr
2014-02-28 11:38:51,www.phylogeny.fr
2014-02-28 11:38:53,www.phylogeny.fr
2014-02-28 11:38:56,www.phylogeny.fr
2014-02-28 11:38:58,www.phylogeny.fr
2014-02-28 11:39:00,www.phylogeny.fr
2014-02-28 11:39:03,www.phylogeny.fr
2014-02-28 11:39:06,www.phylogeny.fr
2014-02-28 11:39:08,www.phylogeny.fr
2014-02-28 11:39:11,www.phylogeny.fr
2014-02-28 11:39:13,www.phylogeny.fr
2014-02-28 11:39:15,www.phylogeny.fr
2014-02-28 11:39:18,www.phylogeny.fr
2014-02-28 11:39:21,www.phylogeny.fr
2014-02-28 11:39:23,www.phylogeny.fr
2014-02-28 11:39:27,www.phylogeny.fr
2014-02-28 11:39:31,www.phylogeny.fr
2014-02-28 11:39:33,www.phylogeny.fr
2014-02-28 11:39:36,www.phylogeny.fr
2014-02-28 11:39:38,www.phylogeny.fr
2014-02-28 11:39:41,www.phylogeny.fr
2014-02-28 11:39:43,www.phylogeny.fr
2014-02-28 11:39:46,www.phylogeny.fr
2014-02-28 11:39:48,www.phylogeny.fr
2014-02-28 11:39:51,www.phylogeny.fr
2014-02-28 11:39:53,www.phylogeny.fr
2014-02-28 11:39:56,www.phylogeny.fr
2014-02-28 11:39:58,www.phylogeny.fr
2014-02-28 11:40:01,www.phylogeny.fr
2014-02-28 11:40:03,www.phylogeny.fr
2014-02-28 11:40:05,www.google.fr
2014-02-28 11:40:06,www.phylogeny.fr
2014-02-28 11:40:08,www.phylogeny.fr
2014-02-28 11:40:11,www.bionj.org
2014-02-28 11:40:11,ajax.googleapis.com
2014-02-28 11:40:11,www.phylogeny.fr
2014-02-28 11:40:11,s0.wp.com
2014-02-28 11:40:11,s.gravatar.com
2014-02-28 11:40:12,s.gravatar.com
2014-02-28 11:40:12,www.bionj.org
2014-02-28 11:40:13,www.bionj.org
2014-02-28 11:40:13,www.phylogeny.fr
2014-02-28 11:40:16,www.phylogeny.fr
2014-02-28 11:40:18,www.phylogeny.fr
2014-02-28 11:40:21,www.phylogeny.fr
2014-02-28 11:40:23,www.phylogeny.fr
2014-02-28 11:40:28,www.phylogeny.fr
2014-02-28 11:40:40,www.phylogeny.fr
2014-02-28 11:40:46,www.phylogeny.fr
2014-02-28 11:40:47,www.phylogeny.fr
2014-02-28 11:40:59,www.phylogeny.fr
2014-02-28 11:41:00,www.phylogeny.fr
2014-02-28 11:41:05,www.phylogeny.fr
2014-02-28 11:41:06,www.phylogeny.fr
2014-02-28 11:41:17,www.phylogeny.fr
2014-02-28 11:41:19,www.phylogeny.fr
2014-02-28 11:41:47,www.phylogeny.fr
2014-02-28 11:41:57,www.phylogeny.fr
2014-02-28 11:41:58,www.phylogeny.fr
2014-02-28 11:42:06,www.phylogeny.fr
2014-02-28 11:42:13,www.phylogeny.fr
2014-02-28 11:42:14,www.phylogeny.fr
2014-02-28 11:42:23,www.phylogeny.fr
2014-02-28 11:42:50,www.phylogeny.fr
2014-02-28 11:42:59,www.google.com
2014-02-28 11:43:00,www.google.fr
2014-02-28 11:43:17,www.phylogeny.fr
2014-02-28 11:43:18,www.phylogeny.fr
2014-02-28 11:43:19,www.phylogeny.fr
2014-02-28 11:43:31,www.phylogeny.fr
2014-02-28 11:43:40,www.phylogeny.fr
2014-02-28 11:43:41,www.phylogeny.fr
2014-02-28 11:45:11,www.phylogeny.fr
2014-02-28 11:45:18,www.phylogeny.fr
2014-02-28 11:45:39,www.phylogeny.fr
2014-02-28 11:45:58,www.phylogeny.fr
2014-02-28 11:46:03,www.phylogeny.fr
2014-02-28 11:46:04,www.phylogeny.fr
2014-02-28 11:46:06,www.phylogeny.fr
2014-02-28 11:46:09,www.phylogeny.fr
2014-02-28 11:46:11,www.phylogeny.fr
2014-02-28 11:46:13,www.phylogeny.fr
2014-02-28 11:46:16,www.phylogeny.fr
2014-02-28 11:46:18,www.phylogeny.fr
2014-02-28 11:46:21,www.phylogeny.fr
2014-02-28 11:46:23,www.phylogeny.fr
2014-02-28 11:46:26,www.phylogeny.fr
2014-02-28 11:46:28,www.phylogeny.fr
2014-02-28 11:46:31,www.phylogeny.fr
2014-02-28 11:46:33,www.phylogeny.fr
2014-02-28 11:46:36,www.phylogeny.fr
2014-02-28 11:46:38,www.phylogeny.fr
2014-02-28 11:46:40,www.phylogeny.fr
2014-02-28 11:46:43,www.phylogeny.fr
2014-02-28 11:46:45,www.phylogeny.fr
2014-02-28 11:46:48,www.phylogeny.fr
2014-02-28 11:46:50,www.phylogeny.fr
2014-02-28 11:46:52,www.phylogeny.fr
2014-02-28 11:46:55,www.phylogeny.fr
2014-02-28 11:46:57,www.phylogeny.fr
2014-02-28 11:47:00,www.phylogeny.fr
2014-02-28 11:47:02,www.phylogeny.fr
2014-02-28 11:47:04,www.phylogeny.fr
2014-02-28 11:47:07,www.phylogeny.fr
2014-02-28 11:47:09,www.phylogeny.fr
2014-02-28 11:47:12,www.phylogeny.fr
2014-02-28 11:47:14,www.phylogeny.fr
2014-02-28 11:47:16,www.phylogeny.fr
2014-02-28 11:47:19,www.phylogeny.fr
2014-02-28 11:47:21,www.phylogeny.fr
2014-02-28 11:47:24,www.phylogeny.fr
2014-02-28 11:47:26,www.phylogeny.fr
2014-02-28 11:47:29,www.phylogeny.fr
2014-02-28 11:47:31,www.phylogeny.fr
2014-02-28 11:47:33,www.phylogeny.fr
2014-02-28 11:47:36,www.phylogeny.fr
2014-02-28 11:47:38,www.phylogeny.fr
2014-02-28 11:47:41,www.phylogeny.fr
2014-02-28 11:47:43,www.phylogeny.fr
2014-02-28 11:47:46,www.phylogeny.fr
2014-02-28 11:47:48,www.phylogeny.fr
2014-02-28 11:47:51,www.phylogeny.fr
2014-02-28 11:47:53,www.phylogeny.fr
2014-02-28 11:47:55,www.phylogeny.fr
2014-02-28 11:47:58,www.phylogeny.fr
2014-02-28 11:48:00,www.phylogeny.fr
2014-02-28 11:48:03,www.phylogeny.fr
2014-02-28 11:48:05,www.phylogeny.fr
2014-02-28 11:48:08,www.phylogeny.fr
2014-02-28 11:48:10,www.phylogeny.fr
2014-02-28 11:48:12,www.phylogeny.fr
2014-02-28 11:48:15,www.phylogeny.fr
2014-02-28 11:48:18,www.phylogeny.fr
2014-02-28 11:48:20,www.phylogeny.fr
2014-02-28 11:48:23,www.phylogeny.fr
2014-02-28 11:48:25,www.phylogeny.fr
2014-02-28 11:48:27,www.phylogeny.fr
2014-02-28 11:48:30,www.phylogeny.fr
2014-02-28 11:48:32,www.phylogeny.fr
2014-02-28 11:48:35,www.phylogeny.fr
2014-02-28 11:48:37,www.phylogeny.fr
2014-02-28 11:48:39,www.phylogeny.fr
2014-02-28 11:48:42,www.phylogeny.fr
2014-02-28 11:48:44,www.phylogeny.fr
2014-02-28 11:48:47,www.phylogeny.fr
2014-02-28 11:48:49,www.phylogeny.fr
2014-02-28 11:48:51,www.phylogeny.fr
2014-02-28 11:48:54,www.phylogeny.fr
2014-02-28 11:48:56,www.phylogeny.fr
2014-02-28 11:48:59,www.phylogeny.fr
2014-02-28 11:49:02,www.phylogeny.fr
2014-02-28 11:49:04,www.phylogeny.fr
2014-02-28 11:49:07,www.phylogeny.fr
2014-02-28 11:49:09,www.phylogeny.fr
2014-02-28 11:49:11,www.phylogeny.fr
2014-02-28 11:49:14,www.phylogeny.fr
2014-02-28 11:49:17,www.phylogeny.fr
2014-02-28 11:49:19,www.phylogeny.fr
2014-02-28 11:49:22,www.phylogeny.fr
2014-02-28 11:49:24,www.phylogeny.fr
2014-02-28 11:49:27,www.phylogeny.fr
2014-02-28 11:49:30,www.phylogeny.fr
2014-02-28 11:49:32,www.phylogeny.fr
2014-02-28 11:49:34,www.phylogeny.fr
2014-02-28 11:49:37,www.phylogeny.fr
2014-02-28 11:49:39,www.phylogeny.fr
2014-02-28 11:49:42,www.phylogeny.fr
2014-02-28 11:49:44,www.phylogeny.fr
2014-02-28 11:49:47,www.phylogeny.fr
2014-02-28 11:49:49,www.phylogeny.fr
2014-02-28 11:49:52,www.phylogeny.fr
2014-02-28 11:49:54,www.phylogeny.fr
2014-02-28 11:49:56,www.phylogeny.fr
2014-02-28 11:49:59,www.phylogeny.fr
2014-02-28 11:50:01,www.phylogeny.fr
2014-02-28 11:50:04,www.phylogeny.fr
2014-02-28 11:50:07,www.phylogeny.fr
2014-02-28 11:50:09,www.phylogeny.fr
2014-02-28 11:50:11,www.phylogeny.fr
2014-02-28 11:50:14,www.phylogeny.fr
2014-02-28 11:50:16,www.phylogeny.fr
2014-02-28 11:50:19,www.phylogeny.fr
2014-02-28 11:50:21,www.phylogeny.fr
2014-02-28 11:50:24,www.phylogeny.fr
2014-02-28 11:50:26,www.phylogeny.fr
2014-02-28 11:50:28,www.phylogeny.fr
2014-02-28 11:50:31,www.phylogeny.fr
2014-02-28 11:50:33,www.phylogeny.fr
2014-02-28 11:50:36,www.phylogeny.fr
2014-02-28 11:50:38,www.phylogeny.fr
2014-02-28 11:50:40,www.phylogeny.fr
2014-02-28 11:50:43,www.phylogeny.fr
2014-02-28 11:50:45,www.phylogeny.fr
2014-02-28 11:50:48,www.phylogeny.fr
2014-02-28 11:50:50,www.phylogeny.fr
2014-02-28 11:50:53,www.phylogeny.fr
2014-02-28 11:50:55,www.phylogeny.fr
2014-02-28 11:50:58,www.phylogeny.fr
2014-02-28 11:51:00,www.phylogeny.fr
2014-02-28 11:51:02,www.phylogeny.fr
2014-02-28 11:51:05,www.phylogeny.fr
2014-02-28 11:51:08,www.phylogeny.fr
2014-02-28 11:51:10,www.phylogeny.fr
2014-02-28 11:51:13,www.phylogeny.fr
2014-02-28 11:51:15,www.phylogeny.fr
2014-02-28 11:51:18,www.phylogeny.fr
2014-02-28 11:51:20,www.phylogeny.fr
2014-02-28 11:51:22,www.phylogeny.fr
2014-02-28 11:51:25,www.phylogeny.fr
2014-02-28 11:51:27,www.phylogeny.fr
2014-02-28 11:51:30,www.phylogeny.fr
2014-02-28 11:51:32,www.phylogeny.fr
2014-02-28 11:51:35,www.phylogeny.fr
2014-02-28 11:51:37,www.phylogeny.fr
2014-02-28 11:51:39,www.phylogeny.fr
2014-02-28 11:51:42,www.phylogeny.fr
2014-02-28 11:51:44,www.phylogeny.fr
2014-02-28 11:51:47,www.phylogeny.fr
2014-02-28 11:51:49,www.phylogeny.fr
2014-02-28 11:51:51,www.phylogeny.fr
2014-02-28 11:51:54,www.phylogeny.fr
2014-02-28 11:51:56,www.phylogeny.fr
2014-02-28 11:51:59,www.phylogeny.fr
2014-02-28 11:52:01,www.phylogeny.fr
2014-02-28 11:52:03,www.phylogeny.fr
2014-02-28 11:52:06,www.phylogeny.fr
2014-02-28 11:52:08,www.phylogeny.fr
2014-02-28 11:52:11,www.phylogeny.fr
2014-02-28 11:52:13,www.phylogeny.fr
2014-02-28 11:52:16,www.phylogeny.fr
2014-02-28 11:52:18,www.phylogeny.fr
2014-02-28 11:52:20,www.phylogeny.fr
2014-02-28 11:52:23,www.phylogeny.fr
2014-02-28 11:52:25,www.phylogeny.fr
2014-02-28 11:52:27,www.phylogeny.fr
2014-02-28 11:52:30,www.phylogeny.fr
2014-02-28 11:52:32,www.phylogeny.fr
2014-02-28 11:52:35,www.phylogeny.fr
2014-02-28 11:52:37,www.phylogeny.fr
2014-02-28 11:52:39,www.phylogeny.fr
2014-02-28 11:52:42,www.phylogeny.fr
2014-02-28 11:52:45,www.phylogeny.fr
2014-02-28 11:52:47,www.phylogeny.fr
2014-02-28 11:52:49,www.phylogeny.fr
2014-02-28 11:52:52,www.phylogeny.fr
2014-02-28 11:52:54,www.phylogeny.fr
2014-02-28 11:52:55,www.phylogeny.fr
2014-02-28 11:52:57,www.phylogeny.fr
2014-02-28 11:52:59,www.phylogeny.fr
2014-02-28 11:53:02,www.phylogeny.fr
2014-02-28 11:53:04,www.phylogeny.fr
2014-02-28 11:53:06,www.phylogeny.fr
2014-02-28 11:53:09,www.phylogeny.fr
2014-02-28 11:53:10,www.phylogeny.fr
2014-02-28 11:53:15,www.phylogeny.fr
2014-02-28 11:53:19,www.phylogeny.fr
2014-02-28 11:53:44,www.phylogeny.fr
2014-02-28 11:53:47,www.phylogeny.fr
2014-02-28 11:53:54,www.phylogeny.fr
2014-02-28 11:54:00,www.phylogeny.fr
2014-02-28 11:54:03,www.phylogeny.fr
2014-02-28 11:54:04,www.phylogeny.fr
2014-02-28 11:54:07,www.phylogeny.fr
2014-02-28 11:55:03,www.ncbi.nlm.nih.gov
2014-02-28 11:55:03,static.pubmed.gov
2014-02-28 11:55:41,static.pubmed.gov
2014-02-28 11:55:48,blast.ncbi.nlm.nih.gov
2014-02-28 11:55:49,blast.ncbi.nlm.nih.gov
2014-02-28 11:55:51,blast.ncbi.nlm.nih.gov
2014-02-28 11:55:56,blast.ncbi.nlm.nih.gov
2014-02-28 11:55:56,www.ncbi.nlm.nih.gov
2014-02-28 11:55:57,www.ncbi.nlm.nih.gov
2014-02-28 11:55:59,www.ncbi.nlm.nih.gov
2014-02-28 11:56:00,www.ncbi.nlm.nih.gov
2014-02-28 11:56:05,www.ncbi.nlm.nih.gov
2014-02-28 11:56:07,www.ncbi.nlm.nih.gov
2014-02-28 11:56:34,www.ncbi.nlm.nih.gov
2014-02-28 11:56:36,www.ncbi.nlm.nih.gov
2014-02-28 11:56:40,www.ncbi.nlm.nih.gov
2014-02-28 11:56:41,www.ncbi.nlm.nih.gov
2014-02-28 11:57:00,www.ncbi.nlm.nih.gov
2014-03-21 10:07:09,www.google.fr
2014-03-21 10:07:10,www.google.fr
2014-03-21 10:07:11,www.google.com
2014-03-21 10:07:11,apis.google.com
2014-03-21 10:07:23,www.google.com
2014-03-21 10:07:23,www.google.fr
2014-03-21 10:07:28,annotathon.org
2014-03-21 10:07:28,www.google.fr
2014-03-21 10:07:28,apis.google.com
2014-03-21 10:07:29,annotathon.org
2014-03-21 10:07:44,annotathon.org
2014-03-21 10:07:45,annotathon.org
2014-03-21 10:07:52,annotathon.org
2014-03-21 10:08:38,ieonline.microsoft.com
2014-03-21 10:08:38,go.microsoft.com
2014-03-21 10:09:24,annotathon.org
2014-03-21 10:09:43,annotathon.org
2014-03-21 10:09:48,annotathon.org
2014-03-21 10:10:10,annotathon.org
2014-03-21 10:10:11,annotathon.org
2014-03-21 10:10:11,annotathon.univ-mrs.fr
2014-03-21 10:10:12,annotathon.org
2014-03-21 10:10:42,annotathon.org
2014-03-21 10:11:12,annotathon.org
2014-03-21 10:11:42,annotathon.org
2014-03-21 10:12:12,annotathon.org
2014-03-21 10:12:42,annotathon.org
2014-03-21 10:13:12,annotathon.org
2014-03-21 10:13:42,annotathon.org
2014-03-21 10:13:55,www.google.fr
2014-03-21 10:13:57,www.google.fr
2014-03-21 10:14:07,www.google.fr
2014-03-21 10:14:08,www.ncbi.nlm.nih.gov
2014-03-21 10:14:08,www.google.fr
2014-03-21 10:14:12,annotathon.org
2014-03-21 10:14:31,www.ncbi.nlm.nih.gov
2014-03-21 10:14:42,annotathon.org
2014-03-21 10:15:12,annotathon.org
2014-03-21 10:15:27,www.ncbi.nlm.nih.gov
2014-03-21 10:15:29,www.ncbi.nlm.nih.gov
2014-03-21 10:15:30,www.ncbi.nlm.nih.gov
2014-03-21 10:15:31,www.ncbi.nlm.nih.gov
2014-03-21 10:15:32,www.ncbi.nlm.nih.gov
2014-03-21 10:15:33,www.ncbi.nlm.nih.gov
2014-03-21 10:15:34,www.ncbi.nlm.nih.gov
2014-03-21 10:15:35,www.ncbi.nlm.nih.gov
2014-03-21 10:15:39,www.ncbi.nlm.nih.gov
2014-03-21 10:15:40,www.ncbi.nlm.nih.gov
2014-03-21 10:15:41,www.ncbi.nlm.nih.gov
2014-03-21 10:15:42,www.ncbi.nlm.nih.gov
2014-03-21 10:15:42,annotathon.org
2014-03-21 10:15:44,www.ncbi.nlm.nih.gov
2014-03-21 10:15:48,www.ncbi.nlm.nih.gov
2014-03-21 10:15:50,www.ncbi.nlm.nih.gov
2014-03-21 10:15:52,www.ncbi.nlm.nih.gov
2014-03-21 10:15:53,www.ncbi.nlm.nih.gov
2014-03-21 10:15:54,www.ncbi.nlm.nih.gov
2014-03-21 10:16:12,annotathon.org
2014-03-21 10:16:33,www.ncbi.nlm.nih.gov
2014-03-21 10:16:34,www.ncbi.nlm.nih.gov
2014-03-21 10:16:35,www.ncbi.nlm.nih.gov
2014-03-21 10:16:36,www.ncbi.nlm.nih.gov
2014-03-21 10:16:37,www.ncbi.nlm.nih.gov
2014-03-21 10:16:39,www.ncbi.nlm.nih.gov
2014-03-21 10:16:41,www.ncbi.nlm.nih.gov
2014-03-21 10:16:42,annotathon.org
2014-03-21 10:16:42,www.ncbi.nlm.nih.gov
2014-03-21 10:16:43,www.ncbi.nlm.nih.gov
2014-03-21 10:16:44,www.ncbi.nlm.nih.gov
2014-03-21 10:16:45,www.ncbi.nlm.nih.gov
2014-03-21 10:16:55,www.ncbi.nlm.nih.gov
2014-03-21 10:16:58,www.ncbi.nlm.nih.gov
2014-03-21 10:17:00,www.ncbi.nlm.nih.gov
2014-03-21 10:17:01,www.ncbi.nlm.nih.gov
2014-03-21 10:17:02,www.ncbi.nlm.nih.gov
2014-03-21 10:17:12,annotathon.org
2014-03-21 10:17:29,www.ncbi.nlm.nih.gov
2014-03-21 10:17:42,annotathon.org
2014-03-21 10:18:02,annotathon.org
2014-03-21 10:18:32,annotathon.org
2014-03-21 10:19:02,annotathon.org
2014-03-21 10:19:32,annotathon.org
2014-03-21 10:20:02,annotathon.org
2014-03-21 10:20:32,annotathon.org
2014-03-21 10:20:50,www.ncbi.nlm.nih.gov
2014-03-21 10:21:02,annotathon.org
2014-03-21 10:21:32,annotathon.org
2014-03-21 10:22:02,www.ncbi.nlm.nih.gov
2014-03-21 10:22:02,annotathon.org
2014-03-21 10:22:04,www.ncbi.nlm.nih.gov
2014-03-21 10:22:32,annotathon.org
2014-03-21 10:23:02,annotathon.org
2014-03-21 10:23:07,www.ncbi.nlm.nih.gov
2014-03-21 10:23:13,www.ncbi.nlm.nih.gov
2014-03-21 10:23:15,www.ncbi.nlm.nih.gov
2014-03-21 10:23:20,www.ncbi.nlm.nih.gov
2014-03-21 10:23:21,www.ncbi.nlm.nih.gov
2014-03-21 10:23:22,www.ncbi.nlm.nih.gov
2014-03-21 10:23:23,www.ncbi.nlm.nih.gov
2014-03-21 10:23:29,www.ncbi.nlm.nih.gov
2014-03-21 10:23:30,www.ncbi.nlm.nih.gov
2014-03-21 10:23:32,www.ncbi.nlm.nih.gov
2014-03-21 10:23:32,annotathon.org
2014-03-21 10:23:33,www.ncbi.nlm.nih.gov
2014-03-21 10:23:34,www.ncbi.nlm.nih.gov
2014-03-21 10:23:35,www.ncbi.nlm.nih.gov
2014-03-21 10:23:37,www.ncbi.nlm.nih.gov
2014-03-21 10:23:39,www.ncbi.nlm.nih.gov
2014-03-21 10:23:41,www.ncbi.nlm.nih.gov
2014-03-21 10:23:42,www.ncbi.nlm.nih.gov
2014-03-21 10:24:01,www.google.fr
2014-03-21 10:24:02,annotathon.org
2014-03-21 10:24:02,www.google.fr
2014-03-21 10:24:20,www.google.fr
2014-03-21 10:24:27,www.bioinformatics.org
2014-03-21 10:24:28,www.bioinformatics.org
2014-03-21 10:24:32,annotathon.org
2014-03-21 10:24:55,www.ncbi.nlm.nih.gov
2014-03-21 10:24:59,www.ncbi.nlm.nih.gov
2014-03-21 10:25:03,annotathon.org
2014-03-21 10:25:04,www.ncbi.nlm.nih.gov
2014-03-21 10:25:12,www.ncbi.nlm.nih.gov
2014-03-21 10:25:13,www.ncbi.nlm.nih.gov
2014-03-21 10:25:24,www.ncbi.nlm.nih.gov
2014-03-21 10:25:25,www.ncbi.nlm.nih.gov
2014-03-21 10:25:33,www.ncbi.nlm.nih.gov
2014-03-21 10:25:33,annotathon.org
2014-03-21 10:25:38,www.ncbi.nlm.nih.gov
2014-03-21 10:25:39,www.ncbi.nlm.nih.gov
2014-03-21 10:25:42,www.google.fr
2014-03-21 10:25:42,www.ncbi.nlm.nih.gov
2014-03-21 10:25:46,www.ncbi.nlm.nih.gov
2014-03-21 10:25:47,www.ncbi.nlm.nih.gov
2014-03-21 10:25:49,www.ncbi.nlm.nih.gov
2014-03-21 10:25:50,www.ncbi.nlm.nih.gov
2014-03-21 10:25:54,www.ncbi.nlm.nih.gov
2014-03-21 10:26:03,annotathon.org
2014-03-21 10:26:22,www.ncbi.nlm.nih.gov
2014-03-21 10:26:33,annotathon.org
2014-03-21 10:26:35,www.ncbi.nlm.nih.gov
2014-03-21 10:26:36,www.ncbi.nlm.nih.gov
2014-03-21 10:26:57,www.ncbi.nlm.nih.gov
2014-03-21 10:26:58,www.ncbi.nlm.nih.gov
2014-03-21 10:27:03,annotathon.org
2014-03-21 10:27:07,www.ncbi.nlm.nih.gov
2014-03-21 10:27:07,blast.ncbi.nlm.nih.gov
2014-03-21 10:27:08,www.ncbi.nlm.nih.gov
2014-03-21 10:27:10,www.ncbi.nlm.nih.gov
2014-03-21 10:27:13,www.ncbi.nlm.nih.gov
2014-03-21 10:27:16,www.ncbi.nlm.nih.gov
2014-03-21 10:27:18,www.ncbi.nlm.nih.gov
2014-03-21 10:27:21,www.ncbi.nlm.nih.gov
2014-03-21 10:27:28,www.ncbi.nlm.nih.gov
2014-03-21 10:27:33,annotathon.org
2014-03-21 10:27:41,www.ncbi.nlm.nih.gov
2014-03-21 10:27:58,www.ncbi.nlm.nih.gov
2014-03-21 10:28:03,annotathon.org
2014-03-21 10:28:22,www.ncbi.nlm.nih.gov
2014-03-21 10:28:33,annotathon.org
2014-03-21 10:28:49,www.ncbi.nlm.nih.gov
2014-03-21 10:29:03,annotathon.org
2014-03-21 10:29:20,www.ncbi.nlm.nih.gov
2014-03-21 10:29:33,annotathon.org
2014-03-21 10:29:51,www.ncbi.nlm.nih.gov
2014-03-21 10:29:57,www.facebook.com
2014-03-21 10:30:03,annotathon.org
2014-03-21 10:30:21,www.ncbi.nlm.nih.gov
2014-03-21 10:30:33,annotathon.org
2014-03-21 10:30:52,www.ncbi.nlm.nih.gov
2014-03-21 10:31:03,annotathon.org
2014-03-21 10:31:22,www.ncbi.nlm.nih.gov
2014-03-21 10:31:33,annotathon.org
2014-03-21 10:31:53,www.ncbi.nlm.nih.gov
2014-03-21 10:32:03,annotathon.org
2014-03-21 10:32:23,www.ncbi.nlm.nih.gov
2014-03-21 10:32:33,annotathon.org
2014-03-21 10:32:54,www.ncbi.nlm.nih.gov
2014-03-21 10:33:03,annotathon.org
2014-03-21 10:33:24,www.ncbi.nlm.nih.gov
2014-03-21 10:33:33,annotathon.org
2014-03-21 10:33:55,www.ncbi.nlm.nih.gov
2014-03-21 10:34:03,annotathon.org
2014-03-21 10:34:26,www.ncbi.nlm.nih.gov
2014-03-21 10:34:33,annotathon.org
2014-03-21 10:34:56,www.ncbi.nlm.nih.gov
2014-03-21 10:35:03,annotathon.org
2014-03-21 10:35:27,www.ncbi.nlm.nih.gov
2014-03-21 10:35:33,annotathon.org
2014-03-21 10:35:57,www.ncbi.nlm.nih.gov
2014-03-21 10:36:03,annotathon.org
2014-03-21 10:36:28,www.ncbi.nlm.nih.gov
2014-03-21 10:36:33,annotathon.org
2014-03-21 10:36:59,www.ncbi.nlm.nih.gov
2014-03-21 10:37:03,annotathon.org
2014-03-21 10:37:29,www.ncbi.nlm.nih.gov
2014-03-21 10:37:33,annotathon.org
2014-03-21 10:38:00,www.ncbi.nlm.nih.gov
2014-03-21 10:38:03,annotathon.org
2014-03-21 10:38:31,www.ncbi.nlm.nih.gov
2014-03-21 10:38:33,annotathon.org
2014-03-21 10:39:01,www.ncbi.nlm.nih.gov
2014-03-21 10:39:03,annotathon.org
2014-03-21 10:39:32,www.ncbi.nlm.nih.gov
2014-03-21 10:39:33,www.ncbi.nlm.nih.gov
2014-03-21 10:39:33,annotathon.org
2014-03-21 10:39:43,www.ncbi.nlm.nih.gov
2014-03-21 10:40:03,annotathon.org
2014-03-21 10:40:30,www.ncbi.nlm.nih.gov
2014-03-21 10:40:33,annotathon.org
2014-03-21 10:41:03,annotathon.org
2014-03-21 10:41:33,annotathon.org
2014-03-21 10:41:34,www.ncbi.nlm.nih.gov
2014-03-21 10:42:03,annotathon.org
2014-03-21 10:42:33,annotathon.org
2014-03-21 10:42:34,www.ncbi.nlm.nih.gov
2014-03-21 10:42:46,www.ncbi.nlm.nih.gov
2014-03-21 10:42:46,static.pubmed.gov
2014-03-21 10:42:49,www.ncbi.nlm.nih.gov
2014-03-21 10:42:53,www.ncbi.nlm.nih.gov
2014-03-21 10:42:58,www.google.fr
2014-03-21 10:42:59,www.ncbi.nlm.nih.gov
2014-03-21 10:43:03,www.google.fr
2014-03-21 10:43:03,annotathon.org
2014-03-21 10:43:04,www.ncbi.nlm.nih.gov
2014-03-21 10:43:08,www.google.fr
2014-03-21 10:43:08,www.ncbi.nlm.nih.gov
2014-03-21 10:43:33,annotathon.org
2014-03-21 10:44:03,annotathon.org
2014-03-21 10:44:32,www.ncbi.nlm.nih.gov
2014-03-21 10:44:33,www.ncbi.nlm.nih.gov
2014-03-21 10:44:33,annotathon.org
2014-03-21 10:45:03,annotathon.org
2014-03-21 10:45:33,annotathon.org
2014-03-21 10:46:03,annotathon.org
2014-03-21 10:46:20,www.ncbi.nlm.nih.gov
2014-03-21 10:46:22,www.ncbi.nlm.nih.gov
2014-03-21 10:46:27,www.ncbi.nlm.nih.gov
2014-03-21 10:46:28,static.pubmed.gov
2014-03-21 10:46:28,www.ncbi.nlm.nih.gov
2014-03-21 10:46:29,static.pubmed.gov
2014-03-21 10:46:33,annotathon.org
2014-03-21 10:46:50,www.ncbi.nlm.nih.gov
2014-03-21 10:46:51,static.pubmed.gov
2014-03-21 10:46:51,www.ncbi.nlm.nih.gov
2014-03-21 10:46:52,static.pubmed.gov
2014-03-21 10:46:52,www.ncbi.nlm.nih.gov
2014-03-21 10:46:56,www.ncbi.nlm.nih.gov
2014-03-21 10:46:58,www.ncbi.nlm.nih.gov
2014-03-21 10:46:59,static.pubmed.gov
2014-03-21 10:46:59,www.ncbi.nlm.nih.gov
2014-03-21 10:47:02,www.ncbi.nlm.nih.gov
2014-03-21 10:47:03,annotathon.org
2014-03-21 10:47:04,www.ncbi.nlm.nih.gov
2014-03-21 10:47:05,www.ncbi.nlm.nih.gov
2014-03-21 10:47:06,www.ncbi.nlm.nih.gov
2014-03-21 10:47:33,annotathon.org
2014-03-21 10:48:03,annotathon.org
2014-03-21 10:48:12,www.ncbi.nlm.nih.gov
2014-03-21 10:48:33,annotathon.org
2014-03-21 10:49:03,annotathon.org
2014-03-21 10:49:33,annotathon.org
2014-03-21 10:50:03,annotathon.org
2014-03-21 10:50:33,annotathon.org
2014-03-21 10:51:03,annotathon.org
2014-03-21 10:51:33,annotathon.org
2014-03-21 10:52:03,annotathon.org
2014-03-21 10:52:33,annotathon.org
2014-03-21 10:53:03,annotathon.org
2014-03-21 10:53:33,annotathon.org
2014-03-21 10:54:00,www.ncbi.nlm.nih.gov
2014-03-21 10:54:03,annotathon.org
2014-03-21 10:54:04,www.ncbi.nlm.nih.gov
2014-03-21 10:54:10,www.ncbi.nlm.nih.gov
2014-03-21 10:54:13,www.ncbi.nlm.nih.gov
2014-03-21 10:54:15,www.ncbi.nlm.nih.gov
2014-03-21 10:54:18,www.ncbi.nlm.nih.gov
2014-03-21 10:54:20,www.ncbi.nlm.nih.gov
2014-03-21 10:54:23,www.ncbi.nlm.nih.gov
2014-03-21 10:54:25,www.ncbi.nlm.nih.gov
2014-03-21 10:54:33,annotathon.org
2014-03-21 10:54:33,www.ncbi.nlm.nih.gov
2014-03-21 10:54:45,www.ncbi.nlm.nih.gov
2014-03-21 10:55:03,annotathon.org
2014-03-21 10:55:03,www.ncbi.nlm.nih.gov
2014-03-21 10:55:19,static.pubmed.gov
2014-03-21 10:55:26,www.ncbi.nlm.nih.gov
2014-03-21 10:55:33,annotathon.org
2014-03-21 10:55:53,www.ncbi.nlm.nih.gov
2014-03-21 10:55:59,www.ncbi.nlm.nih.gov
2014-03-21 10:56:00,www.ncbi.nlm.nih.gov
2014-03-21 10:56:01,www.ncbi.nlm.nih.gov
2014-03-21 10:56:03,annotathon.org
2014-03-21 10:56:05,www.ncbi.nlm.nih.gov
2014-03-21 10:56:24,www.ncbi.nlm.nih.gov
2014-03-21 10:56:33,annotathon.org
2014-03-21 10:56:55,www.ncbi.nlm.nih.gov
2014-03-21 10:57:03,annotathon.org
2014-03-21 10:57:25,www.ncbi.nlm.nih.gov
2014-03-21 10:57:33,annotathon.org
2014-03-21 10:57:56,www.ncbi.nlm.nih.gov
2014-03-21 10:58:03,annotathon.org
2014-03-21 10:58:26,www.ncbi.nlm.nih.gov
2014-03-21 10:58:33,annotathon.org
2014-03-21 10:58:57,www.ncbi.nlm.nih.gov
2014-03-21 10:59:03,annotathon.org
2014-03-21 10:59:27,www.ncbi.nlm.nih.gov
2014-03-21 10:59:33,annotathon.org
2014-03-21 10:59:58,www.ncbi.nlm.nih.gov
2014-03-21 11:00:03,annotathon.org
2014-03-21 11:00:28,www.ncbi.nlm.nih.gov
2014-03-21 11:00:33,annotathon.org
2014-03-21 11:00:59,www.ncbi.nlm.nih.gov
2014-03-21 11:01:03,annotathon.org
2014-03-21 11:01:30,www.ncbi.nlm.nih.gov
2014-03-21 11:01:33,annotathon.org
2014-03-21 11:02:00,www.ncbi.nlm.nih.gov
2014-03-21 11:02:03,annotathon.org
2014-03-21 11:02:31,www.ncbi.nlm.nih.gov
2014-03-21 11:02:33,annotathon.org
2014-03-21 11:03:01,www.ncbi.nlm.nih.gov
2014-03-21 11:03:03,annotathon.org
2014-03-21 11:03:32,www.ncbi.nlm.nih.gov
2014-03-21 11:03:33,annotathon.org
2014-03-21 11:04:03,annotathon.org
2014-03-21 11:04:03,www.ncbi.nlm.nih.gov
2014-03-21 11:04:33,annotathon.org
2014-03-21 11:04:34,www.ncbi.nlm.nih.gov
2014-03-21 11:05:03,annotathon.org
2014-03-21 11:05:04,www.ncbi.nlm.nih.gov
2014-03-21 11:05:33,annotathon.org
2014-03-21 11:05:35,www.ncbi.nlm.nih.gov
2014-03-21 11:06:03,annotathon.org
2014-03-21 11:06:05,www.ncbi.nlm.nih.gov
2014-03-21 11:06:33,annotathon.org
2014-03-21 11:06:36,www.ncbi.nlm.nih.gov
2014-03-21 11:07:03,annotathon.org
2014-03-21 11:07:07,www.ncbi.nlm.nih.gov
2014-03-21 11:07:33,annotathon.org
2014-03-21 11:07:37,www.ncbi.nlm.nih.gov
2014-03-21 11:08:03,annotathon.org
2014-03-21 11:08:08,www.ncbi.nlm.nih.gov
2014-03-21 11:08:33,annotathon.org
2014-03-21 11:08:38,www.ncbi.nlm.nih.gov
2014-03-21 11:09:03,annotathon.org
2014-03-21 11:09:09,www.ncbi.nlm.nih.gov
2014-03-21 11:09:33,annotathon.org
2014-03-21 11:09:40,www.ncbi.nlm.nih.gov
2014-03-21 11:10:03,annotathon.org
2014-03-21 11:10:10,www.ncbi.nlm.nih.gov
2014-03-21 11:10:33,annotathon.org
2014-03-21 11:10:41,www.ncbi.nlm.nih.gov
2014-03-21 11:11:03,annotathon.org
2014-03-21 11:11:11,www.ncbi.nlm.nih.gov
2014-03-21 11:11:33,annotathon.org
2014-03-21 11:11:42,www.ncbi.nlm.nih.gov
2014-03-21 11:12:03,annotathon.org
2014-03-21 11:12:13,www.ncbi.nlm.nih.gov
2014-03-21 11:12:33,annotathon.org
2014-03-21 11:12:43,www.ncbi.nlm.nih.gov
2014-03-21 11:13:03,annotathon.org
2014-03-21 11:13:14,www.ncbi.nlm.nih.gov
2014-03-21 11:13:33,annotathon.org
2014-03-21 11:13:44,www.ncbi.nlm.nih.gov
2014-03-21 11:14:03,annotathon.org
2014-03-21 11:14:15,www.ncbi.nlm.nih.gov
2014-03-21 11:14:33,annotathon.org
2014-03-21 11:14:46,www.ncbi.nlm.nih.gov
2014-03-21 11:15:03,annotathon.org
2014-03-21 11:15:16,www.ncbi.nlm.nih.gov
2014-03-21 11:15:33,annotathon.org
2014-03-21 11:15:47,www.ncbi.nlm.nih.gov
2014-03-21 11:15:59,www.google.fr
2014-03-21 11:16:03,annotathon.org
2014-03-21 11:16:09,clients1.google.fr
2014-03-21 11:16:09,www.google.fr
2014-03-21 11:16:10,clients1.google.fr
2014-03-21 11:16:14,www.google.fr
2014-03-21 11:16:17,www.ncbi.nlm.nih.gov
2014-03-21 11:16:24,www.google.fr
2014-03-21 11:16:31,www.google.fr
2014-03-21 11:16:33,annotathon.org
2014-03-21 11:16:42,clients1.google.fr
2014-03-21 11:16:42,www.google.fr
2014-03-21 11:16:48,www.ncbi.nlm.nih.gov
2014-03-21 11:16:48,www.google.fr
2014-03-21 11:16:48,www.suchablog.com
2014-03-21 11:16:48,www.dailymotion.com
2014-03-21 11:16:48,platform.twitter.com
2014-03-21 11:16:49,1.gravatar.com
2014-03-21 11:16:49,platform.twitter.com
2014-03-21 11:16:49,www.facebook.com
2014-03-21 11:16:49,0.gravatar.com
2014-03-21 11:16:49,www.suchablog.com
2014-03-21 11:16:49,apis.google.com
2014-03-21 11:16:49,videosfr.s3.amazonaws.com
2014-03-21 11:16:50,twitter.com
2014-03-21 11:16:50,www.suchablog.com
2014-03-21 11:17:03,annotathon.org
2014-03-21 11:17:19,www.ncbi.nlm.nih.gov
2014-03-21 11:17:21,twitter.com
2014-03-21 11:17:33,annotathon.org
2014-03-21 11:17:49,www.ncbi.nlm.nih.gov
2014-03-21 11:18:03,annotathon.org
2014-03-21 11:18:20,www.ncbi.nlm.nih.gov
2014-03-21 11:18:33,annotathon.org
2014-03-21 11:18:51,www.ncbi.nlm.nih.gov
2014-03-21 11:19:03,annotathon.org
2014-03-21 11:19:21,www.ncbi.nlm.nih.gov
2014-03-21 11:19:28,annotathon.org
2014-03-21 11:19:32,annotathon.org
2014-03-21 11:19:37,annotathon.org
2014-03-21 11:19:52,www.ncbi.nlm.nih.gov
2014-03-21 11:19:53,annotathon.org
2014-03-21 11:19:54,annotathon.org
2014-03-21 11:19:57,annotathon.org
2014-03-21 11:19:59,annotathon.org
2014-03-21 11:20:03,annotathon.org
2014-03-21 11:20:14,annotathon.org
2014-03-21 11:20:22,www.ncbi.nlm.nih.gov
2014-03-21 11:20:44,annotathon.org
2014-03-21 11:20:53,www.ncbi.nlm.nih.gov
2014-03-21 11:21:14,annotathon.org
2014-03-21 11:21:44,annotathon.org
2014-03-21 11:22:14,annotathon.org
2014-03-21 11:22:43,www.ncbi.nlm.nih.gov
2014-03-21 11:22:44,annotathon.org
2014-03-21 11:23:11,www.google.fr
2014-03-21 11:23:14,annotathon.org
2014-03-21 11:23:17,www.ncbi.nlm.nih.gov
2014-03-21 11:23:17,www.google.fr
2014-03-21 11:23:32,www.ncbi.nlm.nih.gov
2014-03-21 11:23:32,www.google.fr
2014-03-21 11:23:33,www.ncbi.nlm.nih.gov
2014-03-21 11:23:34,www.ncbi.nlm.nih.gov
2014-03-21 11:23:35,www.ncbi.nlm.nih.gov
2014-03-21 11:23:40,www.ncbi.nlm.nih.gov
2014-03-21 11:23:41,www.ncbi.nlm.nih.gov
2014-03-21 11:23:42,www.ncbi.nlm.nih.gov
2014-03-21 11:23:44,annotathon.org
2014-03-21 11:23:44,www.ncbi.nlm.nih.gov
2014-03-21 11:23:45,www.ncbi.nlm.nih.gov
2014-03-21 11:23:47,www.ncbi.nlm.nih.gov
2014-03-21 11:23:49,www.ncbi.nlm.nih.gov
2014-03-21 11:23:50,www.ncbi.nlm.nih.gov
2014-03-21 11:23:51,www.ncbi.nlm.nih.gov
2014-03-21 11:23:52,www.ncbi.nlm.nih.gov
2014-03-21 11:23:54,www.ncbi.nlm.nih.gov
2014-03-21 11:24:00,www.ncbi.nlm.nih.gov
2014-03-21 11:24:01,www.ncbi.nlm.nih.gov
2014-03-21 11:24:12,www.ncbi.nlm.nih.gov
2014-03-21 11:24:14,annotathon.org
2014-03-21 11:24:14,www.ncbi.nlm.nih.gov
2014-03-21 11:24:19,www.google.fr
2014-03-21 11:24:29,clients1.google.fr
2014-03-21 11:24:29,www.google.fr
2014-03-21 11:24:30,www.ncbi.nlm.nih.gov
2014-03-21 11:24:30,www.google.fr
2014-03-21 11:24:30,clients1.google.fr
2014-03-21 11:24:32,www.ncbi.nlm.nih.gov
2014-03-21 11:24:44,annotathon.org
2014-03-21 11:24:53,www.ncbi.nlm.nih.gov
2014-03-21 11:24:54,www.ncbi.nlm.nih.gov
2014-03-21 11:25:14,annotathon.org
2014-03-21 11:25:20,www.ncbi.nlm.nih.gov
2014-03-21 11:25:22,www.ncbi.nlm.nih.gov
2014-03-21 11:25:44,annotathon.org
2014-03-21 11:25:51,www.ncbi.nlm.nih.gov
2014-03-21 11:25:53,www.ncbi.nlm.nih.gov
2014-03-21 11:25:59,www.google.fr
2014-03-21 11:26:14,annotathon.org
2014-03-21 11:26:21,www.ncbi.nlm.nih.gov
2014-03-21 11:26:23,www.ncbi.nlm.nih.gov
2014-03-21 11:26:44,annotathon.org
2014-03-21 11:26:52,www.ncbi.nlm.nih.gov
2014-03-21 11:26:54,www.ncbi.nlm.nih.gov
2014-03-21 11:27:14,annotathon.org
2014-03-21 11:27:23,www.ncbi.nlm.nih.gov
2014-03-21 11:27:24,www.ncbi.nlm.nih.gov
2014-03-21 11:27:44,annotathon.org
2014-03-21 11:27:53,www.ncbi.nlm.nih.gov
2014-03-21 11:27:55,www.ncbi.nlm.nih.gov
2014-03-21 11:28:14,annotathon.org
2014-03-21 11:28:24,www.ncbi.nlm.nih.gov
2014-03-21 11:28:26,www.ncbi.nlm.nih.gov
2014-03-21 11:28:44,annotathon.org
2014-03-21 11:28:55,www.ncbi.nlm.nih.gov
2014-03-21 11:28:56,www.ncbi.nlm.nih.gov
2014-03-21 11:29:14,annotathon.org
2014-03-21 11:29:25,www.ncbi.nlm.nih.gov
2014-03-21 11:29:26,www.ncbi.nlm.nih.gov
2014-03-21 11:29:44,annotathon.org
2014-03-21 11:29:56,www.ncbi.nlm.nih.gov
2014-03-21 11:29:58,www.ncbi.nlm.nih.gov
2014-03-21 11:30:14,annotathon.org
2014-03-21 11:30:26,www.ncbi.nlm.nih.gov
2014-03-21 11:30:28,www.ncbi.nlm.nih.gov
2014-03-21 11:30:44,annotathon.org
2014-03-21 11:30:57,www.ncbi.nlm.nih.gov
2014-03-21 11:30:59,www.ncbi.nlm.nih.gov
2014-03-21 11:31:14,annotathon.org
2014-03-21 11:31:27,www.ncbi.nlm.nih.gov
2014-03-21 11:31:29,www.ncbi.nlm.nih.gov
2014-03-21 11:31:44,annotathon.org
2014-03-21 11:31:58,www.ncbi.nlm.nih.gov
2014-03-21 11:32:00,www.ncbi.nlm.nih.gov
2014-03-21 11:32:14,annotathon.org
2014-03-21 11:32:29,www.ncbi.nlm.nih.gov
2014-03-21 11:32:30,www.ncbi.nlm.nih.gov
2014-03-21 11:32:44,annotathon.org
2014-03-21 11:32:59,www.ncbi.nlm.nih.gov
2014-03-21 11:33:01,www.ncbi.nlm.nih.gov
2014-03-21 11:33:14,annotathon.org
2014-03-21 11:33:30,www.ncbi.nlm.nih.gov
2014-03-21 11:33:32,www.ncbi.nlm.nih.gov
2014-03-21 11:33:44,annotathon.org
2014-03-21 11:34:00,www.ncbi.nlm.nih.gov
2014-03-21 11:34:02,www.ncbi.nlm.nih.gov
2014-03-21 11:34:14,annotathon.org
2014-03-21 11:34:31,www.ncbi.nlm.nih.gov
2014-03-21 11:34:33,www.ncbi.nlm.nih.gov
2014-03-21 11:34:44,annotathon.org
2014-03-21 11:35:02,www.ncbi.nlm.nih.gov
2014-03-21 11:35:03,www.ncbi.nlm.nih.gov
2014-03-21 11:35:14,annotathon.org
2014-03-21 11:35:32,www.ncbi.nlm.nih.gov
2014-03-21 11:35:34,www.ncbi.nlm.nih.gov
2014-03-21 11:35:44,annotathon.org
2014-03-21 11:36:03,www.ncbi.nlm.nih.gov
2014-03-21 11:36:04,www.ncbi.nlm.nih.gov
2014-03-21 11:36:09,www.google.fr
2014-03-21 11:36:10,www.google.fr
2014-03-21 11:36:14,annotathon.org
2014-03-21 11:36:18,clients1.google.fr
2014-03-21 11:36:18,www.google.fr
2014-03-21 11:36:19,clients1.google.fr
2014-03-21 11:36:19,www.google.fr
2014-03-21 11:36:33,www.ncbi.nlm.nih.gov
2014-03-21 11:36:35,www.ncbi.nlm.nih.gov
2014-03-21 11:36:44,annotathon.org
2014-03-21 11:37:04,www.ncbi.nlm.nih.gov
2014-03-21 11:37:05,www.ncbi.nlm.nih.gov
2014-03-21 11:37:14,annotathon.org
2014-03-21 11:37:32,www.google.fr
2014-03-21 11:37:35,www.ncbi.nlm.nih.gov
2014-03-21 11:37:36,www.ncbi.nlm.nih.gov
2014-03-21 11:37:44,annotathon.org
2014-03-21 11:38:06,www.ncbi.nlm.nih.gov
2014-03-21 11:38:08,www.ncbi.nlm.nih.gov
2014-03-21 11:38:14,annotathon.org
2014-03-21 11:38:36,www.ncbi.nlm.nih.gov
2014-03-21 11:38:38,www.ncbi.nlm.nih.gov
2014-03-21 11:38:44,annotathon.org
2014-03-21 11:39:07,www.ncbi.nlm.nih.gov
2014-03-21 11:39:09,www.ncbi.nlm.nih.gov
2014-03-21 11:39:14,annotathon.org
2014-03-21 11:39:38,www.ncbi.nlm.nih.gov
2014-03-21 11:39:39,www.ncbi.nlm.nih.gov
2014-03-21 11:39:44,annotathon.org
2014-03-21 11:40:08,www.ncbi.nlm.nih.gov
2014-03-21 11:40:10,www.ncbi.nlm.nih.gov
2014-03-21 11:40:14,annotathon.org
2014-03-21 11:40:39,www.ncbi.nlm.nih.gov
2014-03-21 11:40:40,www.ncbi.nlm.nih.gov
2014-03-21 11:40:44,annotathon.org
2014-03-21 11:41:09,www.ncbi.nlm.nih.gov
2014-03-21 11:41:11,www.ncbi.nlm.nih.gov
2014-03-21 11:41:14,annotathon.org
2014-03-21 11:41:40,www.ncbi.nlm.nih.gov
2014-03-21 11:41:42,www.ncbi.nlm.nih.gov
2014-03-21 11:41:44,annotathon.org
2014-03-21 11:42:11,www.ncbi.nlm.nih.gov
2014-03-21 11:42:12,www.ncbi.nlm.nih.gov
2014-03-21 11:42:14,annotathon.org
2014-03-21 11:42:41,www.ncbi.nlm.nih.gov
2014-03-21 11:42:43,www.ncbi.nlm.nih.gov
2014-03-21 11:42:44,annotathon.org
2014-03-21 11:43:12,www.ncbi.nlm.nih.gov
2014-03-21 11:43:13,www.ncbi.nlm.nih.gov
2014-03-21 11:43:14,annotathon.org
2014-03-21 11:43:43,www.ncbi.nlm.nih.gov
2014-03-21 11:43:44,annotathon.org
2014-03-21 11:43:44,www.ncbi.nlm.nih.gov
2014-03-21 11:44:13,www.ncbi.nlm.nih.gov
2014-03-21 11:44:14,annotathon.org
2014-03-21 11:44:15,www.ncbi.nlm.nih.gov
2014-03-21 11:44:44,www.ncbi.nlm.nih.gov
2014-03-21 11:44:44,annotathon.org
2014-03-21 11:44:45,www.ncbi.nlm.nih.gov
2014-03-21 11:45:14,www.ncbi.nlm.nih.gov
2014-03-21 11:45:14,annotathon.org
2014-03-21 11:45:16,www.ncbi.nlm.nih.gov
2014-03-21 11:45:44,annotathon.org
2014-03-21 11:45:45,www.ncbi.nlm.nih.gov
2014-03-21 11:45:47,www.ncbi.nlm.nih.gov
2014-03-21 11:46:14,annotathon.org
2014-03-21 11:46:16,www.ncbi.nlm.nih.gov
2014-03-21 11:46:17,www.ncbi.nlm.nih.gov
2014-03-21 11:46:44,annotathon.org
2014-03-21 11:46:47,www.ncbi.nlm.nih.gov
2014-03-21 11:46:48,www.ncbi.nlm.nih.gov
2014-03-21 11:46:49,www.ncbi.nlm.nih.gov
2014-03-21 11:47:14,annotathon.org
2014-03-21 11:47:44,annotathon.org
2014-03-21 11:48:14,annotathon.org
2014-03-21 11:48:44,annotathon.org
2014-03-21 11:49:14,annotathon.org
2014-03-21 11:49:44,annotathon.org
2014-03-21 11:50:14,annotathon.org
2014-03-21 11:50:44,annotathon.org
2014-03-21 11:51:14,annotathon.org
2014-03-21 11:51:44,annotathon.org
2014-03-21 11:52:14,annotathon.org
2014-03-21 11:52:44,annotathon.org
2014-03-21 11:53:14,annotathon.org
2014-03-21 11:53:44,annotathon.org
2014-03-21 11:54:14,annotathon.org
2014-03-21 11:54:44,annotathon.org
2014-03-21 11:55:03,annotathon.org
2014-03-21 11:55:04,annotathon.org
2014-03-21 11:55:06,annotathon.org
2014-03-21 11:55:07,annotathon.org
