timestamp,site
2014-01-16 10:24:03,fpdownload2.macromedia.com
2014-01-16 10:24:05,go.microsoft.com
2014-01-16 10:24:06,windows.microsoft.com
2014-01-16 10:24:06,res2.windows.microsoft.com
2014-01-16 10:24:06,res1.windows.microsoft.com
2014-01-16 10:24:06,js.microsoft.com
2014-01-16 10:24:06,ajax.microsoft.com
2014-01-22 12:58:07,go.microsoft.com
2014-01-22 12:58:07,windows.microsoft.com
2014-01-22 12:58:07,ajax.microsoft.com
2014-01-22 12:58:07,js.microsoft.com
2014-01-22 12:58:07,res1.windows.microsoft.com
2014-01-22 12:58:07,res2.windows.microsoft.com
2014-01-22 12:58:12,www.google.fr
2014-01-22 12:58:19,www.bing.com
2014-01-22 12:58:24,www.google.fr
2014-01-22 12:58:27,apis.google.com
2014-01-22 12:58:27,www.google.com
2014-01-22 13:00:38,www.google.fr
2014-01-22 13:00:38,apis.google.com
2014-01-22 13:00:38,www.google.com
2014-01-22 13:00:39,www.google.fr
2014-01-22 13:00:39,www.scd.univ-savoie.fr
2014-01-22 13:01:00,ieonline.microsoft.com
2014-01-22 13:01:00,go.microsoft.com
2014-01-22 13:01:12,www.google.fr
2014-01-22 13:02:25,www.facebook.com
2014-01-22 13:02:25,d.flashresultats.fr
2014-01-22 13:02:25,ajax.googleapis.com
2014-01-22 13:02:25,www.flashresultats.fr
2014-01-22 13:02:26,www.facebook.com
2014-01-22 13:02:26,connect.facebook.net
2014-01-22 13:02:26,www.flashresultats.fr
2014-01-22 13:02:26,s-static.ak.facebook.com
2014-01-22 13:02:26,static.ak.facebook.com
2014-01-22 13:02:26,affiliates.beaffiliates.fr
2014-01-22 13:02:27,www.flashresultats.fr
2014-01-22 13:02:28,d.flashresultats.fr
2014-01-22 13:02:28,static.ak.facebook.com
2014-01-22 13:02:28,www.facebook.com
2014-01-22 13:02:28,www.flashresultats.fr
2014-01-22 13:02:28,s-static.ak.facebook.com
2014-01-22 13:02:29,www.facebook.com
2014-01-22 13:02:36,apis.google.com
2014-01-22 13:03:51,www.bing.com
2014-01-22 13:03:52,www.bing.com
2014-01-22 13:03:53,www.bing.com
2014-01-22 13:03:53,cms.abmr.net
2014-01-22 13:03:53,fr-fr.facebook.com
2014-01-22 13:03:58,fr-fr.facebook.com
2014-01-22 13:04:00,www.bing.com
2014-01-22 13:04:01,cms.abmr.net
2014-01-22 13:04:02,www.bing.com
2014-01-22 13:04:03,www.bing.com
2014-01-22 13:04:03,www.facebook.com
2014-01-22 13:04:10,www.facebook.com
2014-01-22 13:04:11,login.live.com
2014-01-22 13:05:04,www.bing.com
2014-01-22 13:05:05,www.bing.com
2014-01-22 13:05:06,www.clermontfoot.com
2014-01-22 13:05:09,www.facebook.com
2014-01-22 13:05:09,www.clermontfoot.com
2014-01-22 13:05:10,platform.twitter.com
2014-01-22 13:05:16,www.facebook.com
2014-01-22 13:05:16,www.clermontfoot.com
2014-01-22 13:05:19,twitter.com
2014-01-22 13:05:21,apis.google.com
2014-01-22 13:05:21,twitter.com
2014-01-22 13:05:24,accounts.google.com
2014-01-22 13:05:32,billetterie.clermontfoot.dspsport.com
2014-01-22 13:05:44,maps.google.com
2014-01-22 13:05:44,s-static.ak.facebook.com
2014-01-22 13:05:44,www.facebook.com
2014-01-22 13:05:44,apis.google.com
2014-01-22 13:05:44,platform.twitter.com
2014-01-22 13:05:44,static.ak.facebook.com
2014-01-22 13:05:44,billetterie.clermontfoot.dspsport.com
2014-01-22 13:05:45,platform.twitter.com
2014-01-22 13:05:45,www.facebook.com
2014-01-22 13:05:45,billetterie.clermontfoot.dspsport.com
2014-01-22 13:05:45,clermontfoot.billetterie.datasport.eu
2014-01-22 13:05:45,apis.google.com
2014-01-22 13:05:46,www.facebook.com
2014-01-22 13:05:46,billetterie.clermontfoot.dspsport.com
2014-01-22 13:05:46,apis.google.com
2014-01-22 13:05:47,accounts.google.com
2014-01-22 13:05:47,billetterie.clermontfoot.dspsport.com
2014-01-22 13:05:48,billetterie.clermontfoot.dspsport.com
2014-01-22 13:05:51,maps.googleapis.com
2014-01-22 13:05:52,twitter.com
2014-01-22 13:05:54,twitter.com
2014-01-22 13:06:22,billetterie.clermontfoot.dspsport.com
2014-01-22 13:06:23,billetterie.clermontfoot.dspsport.com
2014-01-22 13:06:25,twitter.com
2014-01-22 13:06:25,billetterie.clermontfoot.dspsport.com
2014-01-22 13:06:28,billetterie.clermontfoot.dspsport.com
2014-01-22 13:06:30,billetterie.clermontfoot.dspsport.com
2014-01-22 13:06:49,maps.googleapis.com
2014-01-22 13:06:49,apis.google.com
2014-01-22 13:06:49,accounts.google.com
2014-01-22 13:10:01,www.google.fr
2014-01-22 13:10:13,www.google.fr
2014-01-22 13:10:40,www.google.fr
2014-01-22 13:10:41,steve-jobs-tpe.kazeo.com
2014-01-22 13:10:41,www.kazeo.com
2014-01-22 13:10:41,connect.facebook.net
2014-01-22 13:10:41,static.ak.facebook.com
2014-01-22 13:10:41,i43.tinypic.com
2014-01-22 13:10:41,ei4nytn1w8.s.ad6media.fr
2014-01-22 13:10:41,api.adyoulike.com
2014-01-22 13:10:41,www.google.fr
2014-01-22 13:10:42,www.upmycom.com
2014-01-22 13:10:42,cdnjs.cloudflare.com
2014-01-22 13:10:42,code.jquery.com
2014-01-22 13:10:42,gtbvm6ujqk.s.ad6media.fr
2014-01-22 13:10:42,steve-jobs-tpe.kazeo.com
2014-01-22 13:10:43,www.google.com
2014-01-22 13:10:43,www.google.fr
2014-01-22 13:11:01,steve-jobs-tpe.kazeo.com
2014-01-22 13:11:01,api.adyoulike.com
2014-01-22 13:11:01,ei4nytn1w8.s.ad6media.fr
2014-01-22 13:11:01,static.ak.facebook.com
2014-01-22 13:11:01,gtbvm6ujqk.s.ad6media.fr
2014-01-22 13:11:01,i43.tinypic.com
2014-01-22 13:11:01,s-static.ak.facebook.com
2014-01-22 13:11:02,steve-jobs-tpe.kazeo.com
2014-01-22 13:11:03,www.google.com
2014-01-22 13:11:03,www.google.fr
2014-01-22 13:11:03,steve-jobs-tpe.kazeo.com
2014-01-22 13:11:04,ei4nytn1w8.s.ad6media.fr
2014-01-22 13:11:04,gtbvm6ujqk.s.ad6media.fr
2014-01-22 13:11:04,i43.tinypic.com
2014-01-22 13:11:04,s-static.ak.facebook.com
2014-01-22 13:11:04,steve-jobs-tpe.kazeo.com
2014-01-22 13:11:04,api.adyoulike.com
2014-01-22 13:11:04,static.ak.facebook.com
2014-01-22 13:11:28,www.google.fr
2014-01-22 13:11:29,s.tf1.fr
2014-01-22 13:11:29,lci.tf1.fr
2014-01-22 13:11:29,www.tf1.fr
2014-01-22 13:11:29,www.google.fr
2014-01-22 13:11:30,s.tf1.fr
2014-01-22 13:11:30,www.tf1.fr
2014-01-22 13:11:30,s.wat.tv
2014-01-22 13:11:30,slpubmedias.tf1.fr
2014-01-22 13:11:30,sa.tf1.fr
2014-01-22 13:11:30,api.tf1.fr
2014-01-22 13:11:31,tf1.fr
2014-01-22 13:11:31,s.tf1.fr
2014-01-22 13:11:31,www.tf1.fr
2014-01-22 13:11:31,www.newsring.fr
2014-01-22 13:11:31,www.wat.tv
2014-01-22 13:11:31,debats.terrafemina.com
2014-01-22 13:11:32,www.wat.tv
2014-01-22 13:11:32,rbp.mxptint.net
2014-01-22 13:11:34,static.ak.facebook.com
2014-01-22 13:11:34,static.ebz.io
2014-01-22 13:11:34,platform.twitter.com
2014-01-22 13:11:34,www.facebook.com
2014-01-22 13:11:34,www.google.com
2014-01-22 13:11:34,s-static.ak.facebook.com
2014-01-22 13:11:34,lci.tf1.fr
2014-01-22 13:11:36,static1.shopoon.fr
2014-01-22 13:11:36,platform.twitter.com
2014-01-22 13:11:37,www.wat.tv
2014-01-22 13:11:37,static1.shopoon.fr
2014-01-22 13:11:38,www.wat.tv
2014-01-22 13:11:39,s.wat.tv
2014-01-22 13:11:39,www.wat.tv
2014-01-22 13:11:40,www.wat.tv
2014-01-22 13:11:41,s.wat.tv
2014-01-22 13:11:41,www.wat.tv
2014-01-22 13:11:42,n.dyntrk.com
2014-01-22 13:11:42,apis.google.com
2014-01-22 13:11:43,platform.twitter.com
2014-01-22 13:11:43,apis.google.com
2014-01-22 13:11:45,accounts.google.com
2014-01-22 13:11:45,apis.google.com
2014-01-22 13:11:45,platform.twitter.com
2014-01-22 13:11:45,lci.tf1.fr
2014-01-22 13:11:45,s.tf1.fr
2014-01-22 13:11:46,s.tf1.fr
2014-01-22 13:11:47,www.google.com
2014-01-22 13:13:47,accounts.google.com
2014-01-22 13:14:07,www.facebook.com
2014-01-22 13:14:10,s-static.ak.facebook.com
2014-01-22 13:14:29,www.google.fr
2014-01-22 13:14:49,www.google.fr
2014-03-26 12:08:34,api.bing.com
2014-03-26 12:08:35,api.bing.com
2014-03-26 12:08:36,www.bing.com
2014-03-26 12:08:37,www.bing.com
2014-03-26 12:08:41,login.live.com
2014-03-26 12:08:41,www.bing.com
2014-03-26 12:08:41,cms.abmr.net
2014-03-26 12:11:21,registration2.services.openoffice.org
2014-03-26 12:11:22,registration2.services.openoffice.org
2014-03-26 12:11:23,registration2.services.openoffice.org
2014-03-26 12:16:52,www.assemblee-nationale.fr
2014-03-26 12:16:53,www.assemblee-nationale.fr
2014-03-26 12:44:10,api.bing.com
2014-03-26 12:44:11,api.bing.com
2014-03-26 12:44:12,api.bing.com
2014-03-26 12:44:13,api.bing.com
2014-03-26 12:44:14,api.bing.com
2014-03-26 12:44:15,api.bing.com
2014-03-26 12:44:16,api.bing.com
2014-03-26 12:44:17,api.bing.com
2014-03-26 12:44:18,api.bing.com
2014-03-26 12:44:21,www.bing.com
2014-03-26 12:44:22,api.bing.com
2014-03-26 12:44:22,www.bing.com
2014-03-26 12:44:24,html5shim.googlecode.com
2014-03-26 12:44:24,login.live.com
2014-03-26 12:44:24,www.bing.com
2014-03-26 12:44:24,www.commentcamarche.net
2014-03-26 12:44:24,ba.commentcamarche.net
2014-03-26 12:44:24,ba.ccmbg.net
2014-03-26 12:44:24,static.ccm2.net
2014-03-26 12:44:25,platform.twitter.com
2014-03-26 12:44:25,static.ccm2.net
2014-03-26 12:44:25,ba.commentcamarche.net
2014-03-26 12:44:25,www.facebook.com
2014-03-26 12:44:25,twitter.com
2014-03-26 12:44:26,twitter.com
2014-03-26 12:44:26,static.ccm2.net
2014-03-26 12:44:26,ba.commentcamarche.net
2014-03-26 12:44:27,static.ccm2.net
2014-03-26 12:44:27,r.ccmbg.com
2014-03-26 12:44:27,ajax.googleapis.com
2014-03-26 12:44:27,fpdownload2.macromedia.com
2014-03-26 12:44:28,static.ccm2.net
2014-03-26 12:44:28,ba.commentcamarche.net
2014-03-26 12:44:28,connect.facebook.net
2014-03-26 12:44:28,loadr.exelator.com
2014-03-26 12:44:28,platform.twitter.com
2014-03-26 12:44:28,static.ak.facebook.com
2014-03-26 12:44:28,www.facebook.com
2014-03-26 12:44:28,s-static.ak.facebook.com
2014-03-26 12:44:28,ajax.googleapis.com
2014-03-26 12:44:29,twitter.com
2014-03-26 12:44:29,www.facebook.com
2014-03-26 12:44:29,static.ccmbg.com
2014-03-26 12:44:29,static.ccm2.net
2014-03-26 12:44:29,www.commentcamarche.net
2014-03-26 12:44:32,static.ccm2.net
2014-03-26 12:44:34,static.ccm2.net
2014-03-26 12:48:56,www.commentcamarche.net
2014-03-26 12:48:56,ba.commentcamarche.net
2014-03-26 12:48:56,static.ccm2.net
2014-03-26 12:48:56,html5shim.googlecode.com
2014-03-26 12:48:57,static.commentcamarche.net
2014-03-26 12:48:57,platform.twitter.com
2014-03-26 12:48:57,www.commentcamarche.net
2014-03-26 12:48:57,www.facebook.com
2014-03-26 12:48:57,twitter.com
2014-03-26 12:48:57,static.ccm2.net
2014-03-26 12:48:57,ba.commentcamarche.net
2014-03-26 12:48:58,static.ccm2.net
2014-03-26 12:48:58,www.facebook.com
2014-03-26 12:48:58,static.commentcamarche.net
2014-03-26 12:48:58,www.commentcamarche.net
2014-03-26 12:48:59,ba.commentcamarche.net
2014-03-26 12:48:59,static.ak.facebook.com
2014-03-26 12:48:59,www.facebook.com
2014-03-26 12:48:59,static.ccm2.net
2014-03-26 12:48:59,r.ccmbg.com
2014-03-26 12:48:59,twitter.com
2014-03-26 12:48:59,s-static.ak.facebook.com
2014-03-26 12:49:00,apis.google.com
2014-03-26 12:49:01,apis.google.com
2014-03-26 12:49:01,accounts.google.com
2014-03-26 12:49:01,twitter.com
2014-03-26 12:59:00,www.facebook.com
2014-03-26 13:10:29,api.bing.com
2014-03-26 13:10:30,api.bing.com
2014-03-26 13:10:33,api.bing.com
2014-03-26 13:10:34,api.bing.com
2014-03-26 13:10:35,api.bing.com
2014-03-26 13:10:37,api.bing.com
2014-03-26 13:10:38,api.bing.com
2014-03-26 13:10:39,api.bing.com
2014-03-26 13:10:40,api.bing.com
2014-03-26 13:10:41,api.bing.com
2014-03-26 13:10:42,api.bing.com
2014-03-26 13:10:44,www.bing.com
2014-03-26 13:10:46,login.live.com
2014-03-26 13:10:46,www.bing.com
2014-03-26 13:10:48,www.bing.com
2014-03-26 13:10:49,js.microsoft.com
2014-03-26 13:10:49,office.microsoft.com
2014-03-26 13:10:49,ssl.bing.com
2014-03-26 13:10:49,c.msn.com
2014-03-26 13:10:50,js.microsoft.com
2014-03-26 13:10:50,office.microsoft.com
2014-03-26 13:10:50,c.msn.com
2014-03-26 13:29:44,api.bing.com
2014-03-26 13:29:45,api.bing.com
2014-03-26 13:29:46,api.bing.com
2014-03-26 13:29:47,api.bing.com
2014-03-26 13:29:48,www.bing.com
2014-03-26 13:29:48,api.bing.com
2014-03-26 13:29:49,www.bing.com
2014-03-26 13:29:51,login.live.com
2014-03-26 13:29:51,www.bing.com
2014-03-26 13:29:52,ts4.mm.bing.net
2014-03-26 13:29:52,ts2.mm.bing.net
2014-03-26 13:29:52,ts3.mm.bing.net
2014-03-26 13:29:52,ts1.mm.bing.net
2014-03-26 13:29:52,www.bing.com
2014-03-26 13:29:53,ts4.mm.bing.net
2014-03-26 13:29:53,ts2.mm.bing.net
2014-03-26 13:29:53,ts3.mm.bing.net
2014-03-26 13:29:53,www.bing.com
2014-03-26 13:29:53,ts1.mm.bing.net
2014-03-26 13:29:54,ts1.mm.bing.net
2014-03-26 13:29:54,ts4.mm.bing.net
2014-03-26 13:29:54,ts3.mm.bing.net
2014-03-26 13:29:54,ts2.mm.bing.net
2014-03-26 13:29:55,api.bing.com
2014-03-26 13:29:55,www.bing.com
2014-03-26 13:29:55,ts2.mm.bing.net
2014-03-26 13:29:55,ts1.mm.bing.net
2014-03-26 13:29:55,ts3.mm.bing.net
2014-03-26 13:29:55,ts4.mm.bing.net
2014-03-26 13:29:56,ts3.mm.bing.net
2014-03-26 13:29:56,ts2.mm.bing.net
2014-03-26 13:29:56,ts1.mm.bing.net
2014-03-26 13:29:56,ts4.mm.bing.net
2014-03-26 13:29:56,www.bing.com
2014-03-26 13:29:56,ssl.bing.com
2014-03-26 13:29:56,login.live.com
2014-03-26 13:29:57,ts1.mm.bing.net
2014-03-26 13:29:58,www.bing.com
2014-03-26 13:30:02,www.bing.com
2014-03-26 13:30:04,www.bing.com
2014-03-26 13:30:04,ts1.mm.bing.net
2014-03-26 13:30:05,www.bing.com
2014-03-26 13:30:07,ts1.mm.bing.net
2014-03-26 13:30:07,www.bing.com
2014-03-26 13:30:07,ts4.mm.bing.net
2014-03-26 13:30:07,ts2.mm.bing.net
2014-03-26 13:30:07,ts3.mm.bing.net
2014-03-26 13:30:08,ts2.mm.bing.net
2014-03-26 13:30:08,ts4.mm.bing.net
2014-03-26 13:30:08,ts1.mm.bing.net
2014-03-26 13:30:08,ts3.mm.bing.net
2014-03-26 13:30:08,www.bing.com
2014-03-26 13:30:09,ts1.mm.bing.net
2014-03-26 13:30:09,www.bing.com
2014-03-26 13:30:10,ts1.mm.bing.net
2014-03-26 13:30:15,ts1.mm.bing.net
2014-03-26 13:30:16,ts1.mm.bing.net
2014-03-26 13:30:17,www.bing.com
2014-03-26 13:30:17,ts4.mm.bing.net
2014-03-26 13:30:17,ts3.mm.bing.net
2014-03-26 13:30:17,ts2.mm.bing.net
2014-03-26 13:30:17,ts1.mm.bing.net
2014-03-26 13:30:18,ts4.mm.bing.net
2014-03-26 13:30:18,ts3.mm.bing.net
2014-03-26 13:30:18,ts2.mm.bing.net
2014-03-26 13:30:18,ts1.mm.bing.net
2014-03-26 13:30:18,www.bing.com
2014-03-26 13:30:19,www.bing.com
2014-03-26 13:30:20,ts1.mm.bing.net
2014-03-26 13:30:20,www.bing.com
2014-03-26 13:30:21,ts1.mm.bing.net
2014-03-26 13:30:22,ts1.mm.bing.net
2014-03-26 13:30:22,www.bing.com
2014-03-26 13:30:25,ts1.mm.bing.net
2014-03-26 13:30:27,www.bing.com
2014-03-26 13:30:28,api.bing.com
2014-03-26 13:30:29,api.bing.com
2014-03-26 13:30:30,api.bing.com
2014-03-26 13:30:31,api.bing.com
2014-03-26 13:30:33,ts2.mm.bing.net
2014-03-26 13:30:33,ts3.mm.bing.net
2014-03-26 13:30:33,ts4.mm.bing.net
2014-03-26 13:30:33,ts1.mm.bing.net
2014-03-26 13:30:33,www.bing.com
2014-03-26 13:30:34,ts4.mm.bing.net
2014-03-26 13:30:34,ts2.mm.bing.net
2014-03-26 13:30:34,ts3.mm.bing.net
2014-03-26 13:30:34,ts1.mm.bing.net
2014-03-26 13:30:34,www.bing.com
2014-03-26 13:30:35,ts2.mm.bing.net
2014-03-26 13:30:35,ts3.mm.bing.net
2014-03-26 13:30:35,ts1.mm.bing.net
2014-03-26 13:30:35,ts4.mm.bing.net
2014-03-26 13:30:35,api.bing.com
2014-03-26 13:30:36,api.bing.com
2014-03-26 13:30:36,ts4.mm.bing.net
2014-03-26 13:30:36,login.live.com
2014-03-26 13:30:36,ts2.mm.bing.net
2014-03-26 13:30:37,ts1.mm.bing.net
2014-03-26 13:30:37,ts2.mm.bing.net
2014-03-26 13:30:37,ts3.mm.bing.net
2014-03-26 13:30:37,ts4.mm.bing.net
2014-03-26 13:30:37,www.bing.com
2014-03-26 13:30:38,ts2.mm.bing.net
2014-03-26 13:30:38,ts1.mm.bing.net
2014-03-26 13:30:38,www.bing.com
2014-03-26 13:30:38,ts3.mm.bing.net
2014-03-26 13:30:38,ts4.mm.bing.net
2014-03-26 13:30:39,www.bing.com
2014-03-26 13:30:39,ts1.mm.bing.net
2014-03-26 13:30:39,ts4.mm.bing.net
2014-03-26 13:30:39,api.bing.com
2014-03-26 13:30:39,ts3.mm.bing.net
2014-03-26 13:30:39,ts2.mm.bing.net
2014-03-26 13:30:40,www.bing.com
2014-03-26 13:30:40,ts1.mm.bing.net
2014-03-26 13:30:40,login.live.com
2014-03-26 13:30:41,www.bing.com
2014-03-26 13:30:42,ts1.mm.bing.net
2014-03-26 13:30:43,www.bing.com
2014-03-26 13:30:43,ts1.mm.bing.net
2014-03-26 13:30:45,www.bing.com
2014-03-26 13:30:45,ts1.mm.bing.net
2014-03-26 13:30:46,www.bing.com
2014-03-26 13:30:47,www.bing.com
2014-03-26 13:30:47,ts1.mm.bing.net
2014-03-26 13:30:48,www.bing.com
2014-03-26 13:30:50,www.bing.com
2014-03-26 13:30:52,www.bing.com
2014-03-26 13:30:54,www.bing.com
2014-03-26 13:30:54,ts1.mm.bing.net
2014-03-26 13:30:55,ts1.mm.bing.net
2014-03-26 13:30:56,www.bing.com
2014-03-26 13:30:57,www.bing.com
2014-03-26 13:30:59,api.bing.com
2014-03-26 13:31:00,api.bing.com
2014-03-26 13:31:01,api.bing.com
2014-03-26 13:31:03,ssl.bing.com
2014-03-26 13:31:03,ts4.mm.bing.net
2014-03-26 13:31:03,ts3.mm.bing.net
2014-03-26 13:31:03,www.bing.com
2014-03-26 13:31:03,ts1.mm.bing.net
2014-03-26 13:31:03,ts2.mm.bing.net
2014-03-26 13:31:04,ts4.mm.bing.net
2014-03-26 13:31:04,ts3.mm.bing.net
2014-03-26 13:31:04,ts2.mm.bing.net
2014-03-26 13:31:04,www.bing.com
2014-03-26 13:31:05,ts2.mm.bing.net
2014-03-26 13:31:05,ts3.mm.bing.net
2014-03-26 13:31:05,api.bing.com
2014-03-26 13:31:05,ts4.mm.bing.net
2014-03-26 13:31:05,ts1.mm.bing.net
2014-03-26 13:31:06,login.live.com
2014-03-26 13:31:06,www.bing.com
2014-03-26 13:31:06,ts4.mm.bing.net
2014-03-26 13:31:06,ts3.mm.bing.net
2014-03-26 13:31:06,ts2.mm.bing.net
2014-03-26 13:31:06,ts1.mm.bing.net
2014-03-26 13:31:07,www.bing.com
2014-03-26 13:31:08,ts1.mm.bing.net
2014-03-26 13:31:08,www.bing.com
2014-03-26 13:31:10,api.bing.com
2014-03-26 13:31:11,api.bing.com
2014-03-26 13:31:12,api.bing.com
2014-03-26 13:31:13,ssl.bing.com
2014-03-26 13:31:13,ts3.mm.bing.net
2014-03-26 13:31:13,ts4.mm.bing.net
2014-03-26 13:31:13,ts1.mm.bing.net
2014-03-26 13:31:13,www.bing.com
2014-03-26 13:31:13,ts2.mm.bing.net
2014-03-26 13:31:14,www.bing.com
2014-03-26 13:31:14,ts1.mm.bing.net
2014-03-26 13:31:14,ts4.mm.bing.net
2014-03-26 13:31:14,ts2.mm.bing.net
2014-03-26 13:31:14,ts3.mm.bing.net
2014-03-26 13:31:15,ts2.mm.bing.net
2014-03-26 13:31:15,ts4.mm.bing.net
2014-03-26 13:31:15,ts1.mm.bing.net
2014-03-26 13:31:15,www.bing.com
2014-03-26 13:31:15,ts3.mm.bing.net
2014-03-26 13:31:16,ts1.mm.bing.net
2014-03-26 13:31:16,ts4.mm.bing.net
2014-03-26 13:31:16,ts2.mm.bing.net
2014-03-26 13:31:16,www.bing.com
2014-03-26 13:31:16,login.live.com
2014-03-26 13:31:16,ssl.bing.com
2014-03-26 13:31:16,ts3.mm.bing.net
2014-03-26 13:31:17,ts2.mm.bing.net
2014-03-26 13:31:17,ts4.mm.bing.net
2014-03-26 13:31:17,ts3.mm.bing.net
2014-03-26 13:31:17,www.bing.com
2014-03-26 13:31:17,api.bing.com
2014-03-26 13:31:17,ts1.mm.bing.net
2014-03-26 13:31:18,ts1.mm.bing.net
2014-03-26 13:31:20,api.bing.com
2014-03-26 13:31:36,www.bing.com
2014-03-26 13:31:37,ts2.mm.bing.net
2014-03-26 13:31:37,ts3.mm.bing.net
2014-03-26 13:31:37,ts1.mm.bing.net
2014-03-26 13:31:37,ts4.mm.bing.net
2014-03-26 13:31:37,www.bing.com
2014-03-26 13:31:38,api.bing.com
2014-03-26 13:31:38,www.bing.com
2014-03-26 13:31:38,ts2.mm.bing.net
2014-03-26 13:31:38,ts4.mm.bing.net
2014-03-26 13:31:38,ts3.mm.bing.net
2014-03-26 13:31:38,ts1.mm.bing.net
2014-03-26 13:31:39,ts1.mm.bing.net
2014-03-26 13:31:39,ts4.mm.bing.net
2014-03-26 13:31:39,www.bing.com
2014-03-26 13:31:40,www.bing.com
2014-03-26 13:31:40,login.live.com
2014-03-26 13:31:46,ssl.bing.com
2014-03-26 13:31:46,ts1.mm.bing.net
2014-03-26 13:31:46,ts2.mm.bing.net
2014-03-26 13:31:46,www.bing.com
2014-03-26 13:31:47,ts1.mm.bing.net
2014-03-26 13:31:47,ts4.mm.bing.net
2014-03-26 13:31:47,ts3.mm.bing.net
2014-03-26 13:31:47,ts2.mm.bing.net
2014-03-26 13:31:50,api.bing.com
2014-03-26 13:31:51,api.bing.com
2014-03-26 13:31:51,www.bing.com
2014-03-26 13:31:52,api.bing.com
2014-03-26 13:31:53,api.bing.com
2014-03-26 13:31:54,api.bing.com
2014-03-26 13:31:55,api.bing.com
2014-03-26 13:31:55,ts2.mm.bing.net
2014-03-26 13:31:55,ts3.mm.bing.net
2014-03-26 13:31:55,ts1.mm.bing.net
2014-03-26 13:31:55,ts4.mm.bing.net
2014-03-26 13:31:55,www.bing.com
2014-03-26 13:31:56,ts3.mm.bing.net
2014-03-26 13:31:56,ts2.mm.bing.net
2014-03-26 13:31:56,ts4.mm.bing.net
2014-03-26 13:31:56,www.bing.com
2014-03-26 13:31:56,ts1.mm.bing.net
2014-03-26 13:31:57,www.bing.com
2014-03-26 13:31:57,api.bing.com
2014-03-26 13:31:57,ts3.mm.bing.net
2014-03-26 13:31:57,ts4.mm.bing.net
2014-03-26 13:31:57,ts1.mm.bing.net
2014-03-26 13:31:57,ts2.mm.bing.net
2014-03-26 13:31:58,login.live.com
2014-03-26 13:31:58,ts4.mm.bing.net
2014-03-26 13:31:58,www.bing.com
2014-03-26 13:31:58,ts1.mm.bing.net
2014-03-26 13:31:58,ts3.mm.bing.net
2014-03-26 13:31:58,ts2.mm.bing.net
2014-03-26 13:32:00,ts3.mm.bing.net
2014-03-26 13:32:00,ts4.mm.bing.net
2014-03-26 13:32:00,ssl.bing.com
2014-03-26 13:32:00,ts2.mm.bing.net
2014-03-26 13:32:00,www.bing.com
2014-03-26 13:32:00,ts1.mm.bing.net
2014-03-26 13:32:01,www.bing.com
2014-03-26 13:32:01,ts2.mm.bing.net
2014-03-26 13:32:01,ts1.mm.bing.net
2014-03-26 13:32:01,ts4.mm.bing.net
2014-03-26 13:32:01,ts3.mm.bing.net
2014-03-26 13:32:03,www.bing.com
2014-03-26 13:32:03,ts1.mm.bing.net
2014-03-26 13:32:04,www.bing.com
2014-03-26 13:32:04,ts1.mm.bing.net
2014-03-26 13:32:05,ts1.mm.bing.net
2014-03-26 13:32:06,ts1.mm.bing.net
2014-03-26 13:32:06,www.bing.com
2014-03-26 13:32:07,www.bing.com
2014-03-26 13:32:08,www.bing.com
2014-03-26 13:32:08,ts1.mm.bing.net
2014-03-26 13:32:09,ts1.mm.bing.net
2014-03-26 13:32:09,www.bing.com
2014-03-26 13:32:11,www.bing.com
2014-03-26 13:32:13,www.bing.com
2014-03-26 13:32:15,www.bing.com
2014-03-26 13:32:16,www.bing.com
2014-03-26 13:32:16,ts1.mm.bing.net
2014-03-26 13:32:17,www.bing.com
2014-03-26 13:32:18,www.bing.com
2014-03-26 13:32:19,www.bing.com
2014-03-26 13:32:19,ts1.mm.bing.net
2014-03-26 13:32:20,api.bing.com
2014-03-26 13:32:21,api.bing.com
2014-03-26 13:32:22,api.bing.com
2014-03-26 13:32:23,api.bing.com
2014-03-26 13:32:24,api.bing.com
2014-03-26 13:32:25,api.bing.com
2014-03-26 13:32:26,api.bing.com
2014-03-26 13:32:27,api.bing.com
2014-03-26 13:32:28,api.bing.com
2014-03-26 13:32:29,api.bing.com
2014-03-26 13:32:29,www.bing.com
2014-03-26 13:32:29,ts1.mm.bing.net
2014-03-26 13:32:29,ts3.mm.bing.net
2014-03-26 13:32:29,ts2.mm.bing.net
2014-03-26 13:32:29,ts4.mm.bing.net
2014-03-26 13:32:30,ts3.mm.bing.net
2014-03-26 13:32:30,ts1.mm.bing.net
2014-03-26 13:32:30,www.bing.com
2014-03-26 13:32:30,ts2.mm.bing.net
2014-03-26 13:32:30,ts4.mm.bing.net
2014-03-26 13:32:31,ts1.mm.bing.net
2014-03-26 13:32:31,ts2.mm.bing.net
2014-03-26 13:32:31,ts4.mm.bing.net
2014-03-26 13:32:31,ts3.mm.bing.net
2014-03-26 13:32:32,login.live.com
2014-03-26 13:32:32,www.bing.com
2014-03-26 13:32:32,ts3.mm.bing.net
2014-03-26 13:32:32,api.bing.com
2014-03-26 13:32:32,ts1.mm.bing.net
2014-03-26 13:32:32,ts4.mm.bing.net
2014-03-26 13:32:32,ts2.mm.bing.net
2014-03-26 13:32:33,www.bing.com
2014-03-26 13:32:35,www.bing.com
2014-03-26 13:32:36,api.bing.com
2014-03-26 13:32:39,api.bing.com
2014-03-26 13:32:40,api.bing.com
2014-03-26 13:32:41,api.bing.com
2014-03-26 13:32:58,api.bing.com
2014-03-26 13:33:18,www.bing.com
2014-03-26 13:33:19,api.bing.com
2014-03-26 13:33:20,api.bing.com
2014-03-26 13:33:21,api.bing.com
2014-03-26 13:33:22,www.bing.com
2014-03-26 13:33:22,api.bing.com
2014-03-26 13:33:23,ts4.mm.bing.net
2014-03-26 13:33:23,www.bing.com
2014-03-26 13:33:23,ts2.mm.bing.net
2014-03-26 13:33:23,ts3.mm.bing.net
2014-03-26 13:33:23,ssl.bing.com
2014-03-26 13:33:23,ts1.mm.bing.net
2014-03-26 13:33:24,ts2.mm.bing.net
2014-03-26 13:33:24,www.bing.com
2014-03-26 13:33:24,ts3.mm.bing.net
2014-03-26 13:33:24,ts4.mm.bing.net
2014-03-26 13:33:24,ts1.mm.bing.net
2014-03-26 13:33:25,api.bing.com
2014-03-26 13:33:25,ts1.mm.bing.net
2014-03-26 13:33:25,ts2.mm.bing.net
2014-03-26 13:33:25,ts4.mm.bing.net
2014-03-26 13:33:25,ts3.mm.bing.net
2014-03-26 13:33:26,login.live.com
2014-03-26 13:33:26,ts1.mm.bing.net
2014-03-26 13:33:26,www.bing.com
2014-03-26 13:33:27,www.bing.com
2014-03-26 13:33:36,www.bing.com
2014-03-26 13:33:37,ts4.mm.bing.net
2014-03-26 13:33:37,ts3.mm.bing.net
2014-03-26 13:33:37,www.bing.com
2014-03-26 13:33:37,ts1.mm.bing.net
2014-03-26 13:33:37,ts2.mm.bing.net
2014-03-26 13:33:37,ssl.bing.com
2014-03-26 13:33:38,ts4.mm.bing.net
2014-03-26 13:33:38,ts3.mm.bing.net
2014-03-26 13:33:38,ts1.mm.bing.net
2014-03-26 13:33:38,ts2.mm.bing.net
2014-03-26 13:33:39,www.bing.com
2014-03-26 13:33:41,ts1.mm.bing.net
2014-03-26 13:33:41,www.bing.com
2014-03-26 13:33:42,www.bing.com
2014-03-26 13:33:42,ts1.mm.bing.net
2014-03-26 13:33:44,ts1.mm.bing.net
2014-03-26 13:33:44,www.bing.com
2014-03-26 13:33:45,www.bing.com
2014-03-26 13:33:46,www.bing.com
2014-03-26 13:33:47,www.valdoise.fr
2014-03-26 13:33:47,www.retro-colo.fr
2014-03-26 13:33:47,ts3.mm.bing.net
2014-03-26 13:33:47,www.bing.com
2014-03-26 13:33:48,www.retro-colo.fr
2014-03-26 13:33:52,www.bing.com
2014-03-26 13:33:53,ts1.mm.bing.net
2014-03-26 13:33:54,ts1.mm.bing.net
2014-03-26 13:47:33,api.bing.com
2014-03-26 13:47:34,api.bing.com
2014-03-26 13:47:35,api.bing.com
2014-03-26 13:47:36,www.bing.com
2014-03-26 13:47:37,www.bing.com
2014-03-26 13:47:38,s.ytimg.com
2014-03-26 13:47:38,login.live.com
2014-03-26 13:47:38,fr.youtube.com
2014-03-26 13:47:38,www.youtube.com
2014-03-26 13:47:38,i1.ytimg.com
2014-03-26 13:47:39,i1.ytimg.com
2014-03-26 13:47:39,s.ytimg.com
2014-03-26 13:47:39,www.youtube.com
2014-03-26 13:47:40,i1.ytimg.com
2014-03-26 13:47:40,yt3.ggpht.com
2014-03-26 13:47:40,s.ytimg.com
2014-03-26 13:47:40,apis.google.com
2014-03-26 13:47:41,accounts.google.com
2014-03-26 13:47:41,yt3.ggpht.com
2014-03-26 13:47:41,s.ytimg.com
2014-03-26 13:47:41,apis.google.com
2014-03-26 13:47:42,accounts.google.com
2014-03-26 13:47:42,www.youtube.com
2014-03-26 13:47:42,i4.ytimg.com
2014-03-26 13:47:43,yt3.ggpht.com
2014-03-26 13:47:43,clients1.google.com
2014-03-26 13:47:44,clients1.google.com
2014-03-26 13:47:45,clients1.google.com
2014-03-26 13:47:46,clients1.google.com
2014-03-26 13:47:47,clients1.google.com
2014-03-26 13:47:49,s.ytimg.com
2014-03-26 13:47:49,i1.ytimg.com
2014-03-26 13:47:49,www.youtube.com
2014-03-26 13:47:49,www.google.com
2014-03-26 13:47:49,apis.google.com
2014-03-26 13:47:51,www.groupon.fr
2014-03-26 13:47:51,i1.ytimg.com
2014-03-26 13:47:51,yt3.ggpht.com
2014-03-26 13:47:52,yt3.ggpht.com
2014-03-26 13:47:52,s.ytimg.com
2014-03-26 13:47:52,r1---sn-gxo5uxg-jqbe.googlevideo.com
2014-03-26 13:47:52,www.youtube.com
2014-03-26 13:47:52,www.youtube-nocookie.com
2014-03-26 13:47:53,www.google.com
2014-03-26 13:47:53,apis.google.com
2014-03-26 13:47:53,yt3.ggpht.com
2014-03-26 13:47:53,s.ytimg.com
2014-03-26 13:47:53,s.youtube.com
2014-03-26 13:47:53,i1.ytimg.com
2014-03-26 13:47:54,www.youtube.com
2014-03-26 13:47:55,plus.googleapis.com
2014-03-26 13:47:55,www.youtube.com
2014-03-26 13:47:55,apis.google.com
2014-03-26 13:47:56,fei.pro-market.net
2014-03-26 13:47:56,www.youtube.com
2014-03-26 13:47:56,plus.googleapis.com
2014-03-26 13:48:00,p.videologygroup.com
2014-03-26 13:48:15,r1---sn-gxo5uxg-jqbe.googlevideo.com
2014-03-26 13:48:15,www.youtube.com
2014-03-26 13:48:16,s.youtube.com
2014-03-26 13:48:16,www.google.com
2014-03-26 13:48:16,r1---sn-gxo5uxg-jqbe.googlevideo.com
2014-03-26 13:48:20,s.youtube.com
2014-03-26 13:48:21,s.youtube.com
2014-03-26 13:48:25,s.youtube.com
2014-03-26 13:48:25,r1---sn-gxo5uxg-jqbe.googlevideo.com
2014-03-26 13:48:30,clients1.google.com
2014-03-26 13:48:31,s.youtube.com
2014-03-26 13:48:34,r1---sn-gxo5uxg-jqbe.googlevideo.com
2014-03-26 13:48:36,i1.ytimg.com
2014-03-26 13:48:39,r1---sn-gxo5uxg-jqbe.googlevideo.com
2014-03-26 13:48:39,i1.ytimg.com
2014-03-26 13:48:41,s.youtube.com
2014-03-26 13:48:44,r1---sn-gxo5uxg-jqbe.googlevideo.com
2014-03-26 13:48:46,s.youtube.com
2014-03-26 13:48:47,i1.ytimg.com
2014-03-26 13:48:48,plus.googleapis.com
2014-03-26 13:48:48,i1.ytimg.com
2014-03-26 13:48:48,r1---sn-gxo5uxg-jqbe.googlevideo.com
2014-03-26 13:48:49,i1.ytimg.com
2014-03-26 13:48:55,plus.googleapis.com
2014-03-26 13:48:56,plus.googleapis.com
