timestamp,site
2013-03-12 13:44:57,www.google.com
2013-03-12 13:44:57,clients1.google.com
2013-03-12 13:45:01,www.google.com
2013-03-12 13:45:01,clients1.google.com
2013-03-12 13:45:01,gtglobal-ocsp.geotrust.com
2013-03-12 13:45:02,ocsp.tcs.terena.org
2013-03-12 13:45:02,ocsp.usertrust.com
2013-03-12 13:45:02,ocsp.comodoca.com
2013-03-12 13:54:31,fxfeeds.mozilla.com
2013-03-12 13:54:32,feeds.bbci.co.uk
2013-03-12 13:54:32,newsrss.bbc.co.uk
2013-03-12 15:09:32,newsrss.bbc.co.uk
2013-03-12 15:09:32,fxfeeds.mozilla.com
2013-03-12 15:09:32,feeds.bbci.co.uk
2013-03-12 16:05:08,www.google.com
2013-03-12 16:05:08,clients1.google.com
2013-03-12 16:05:10,www.google.com
2013-03-12 16:05:10,clients1.google.com
2013-03-12 16:05:10,mail.google.com
2013-03-12 16:05:11,clients1.google.com
2013-03-12 16:05:23,mail.google.com
2013-03-12 16:05:24,clients1.google.com
2013-03-12 16:05:35,mail.google.com
2013-03-12 16:05:36,clients1.google.com
2013-03-12 16:07:01,apis.google.com
2013-03-12 16:07:01,mail.google.com
2013-03-12 16:07:02,clients1.google.com
2013-03-12 16:07:02,mail.google.com
2013-03-12 16:07:03,clients1.google.com
2013-03-12 16:07:04,0.drive.google.com
2013-03-12 16:07:08,mail.google.com
2013-03-12 16:07:08,www.google.com
2013-03-12 16:07:10,www.google.com
2013-03-12 16:08:05,0.drive.google.com
2013-03-12 16:09:04,0.drive.google.com
2013-03-12 16:09:21,accounts.google.com
2013-03-12 16:09:21,accounts.google.fr
2013-03-12 16:09:31,drive.google.com
2013-03-12 16:09:31,0.drive.google.com
2013-03-12 16:11:08,docs.google.com
2013-03-12 16:11:10,plus.google.com
2013-03-12 16:11:10,apis.google.com
2013-03-12 16:11:10,docs.google.com
2013-03-12 16:11:58,mail.google.com
2013-03-12 16:12:18,docs.google.com
2013-03-12 16:13:20,drive.google.com
2013-03-12 16:13:28,gg.google.com
2013-03-12 16:24:32,newsrss.bbc.co.uk
2013-03-12 16:24:32,fxfeeds.mozilla.com
2013-03-12 16:24:32,feeds.bbci.co.uk
2013-11-12 08:43:39,www.google.com
2013-11-12 08:43:40,clients1.google.com
2013-11-12 08:43:42,fr.openclassrooms.com
2013-11-12 08:43:42,www.google.com
2013-11-12 08:43:43,fr.openclassrooms.com
2013-11-12 08:43:44,www.google.com
2013-11-12 08:43:44,gtglobal-ocsp.geotrust.com
2013-11-12 08:43:44,static.siteduzero.com
2013-11-12 08:43:44,dnn506yrbagrg.cloudfront.net
2013-11-12 08:43:44,clients1.google.com
2013-11-12 08:43:44,fr.openclassrooms.com
2013-11-12 08:43:44,cip.gagnoo.com
2013-11-12 08:43:45,cip.gagnoo.com
2013-11-12 08:43:45,clients1.google.com
2013-11-12 08:43:45,data.decathlon.fr
2013-11-12 08:43:46,www.decathlon.fr
2013-11-12 08:43:46,ajax.googleapis.com
2013-11-12 08:43:46,www.miniinthebox.com
2013-11-12 08:43:46,minijscss.rightinthebox.com
2013-11-12 08:43:46,miniimg.rightinthebox.com
2013-11-12 08:43:47,www.decathlon.fr
2013-11-12 08:43:47,www.miniinthebox.com
2013-11-12 08:43:47,miniimg4.rightinthebox.com
2013-11-12 08:43:47,platform.twitter.com
2013-11-12 08:43:47,miniimg1.rightinthebox.com
2013-11-12 08:43:47,miniimg2.rightinthebox.com
2013-11-12 08:43:47,miniimg3.rightinthebox.com
2013-11-12 08:43:47,miniimg7.rightinthebox.com
2013-11-12 08:43:47,miniimg8.rightinthebox.com
2013-11-12 08:43:47,litbimg.rightinthebox.com
2013-11-12 08:43:47,minijscss.rightinthebox.com
2013-11-12 08:43:47,miniimg.rightinthebox.com
2013-11-12 08:43:47,miniimg6.rightinthebox.com
2013-11-12 08:43:47,www.facebook.com
2013-11-12 08:43:48,www.decathlon.fr
2013-11-12 08:43:48,miniimg1.rightinthebox.com
2013-11-12 08:43:48,miniimg5.rightinthebox.com
2013-11-12 08:43:48,miniimg2.rightinthebox.com
2013-11-12 08:43:48,miniimg3.rightinthebox.com
2013-11-12 08:43:48,miniimg8.rightinthebox.com
2013-11-12 08:43:48,miniimg6.rightinthebox.com
2013-11-12 08:43:48,miniimg4.rightinthebox.com
2013-11-12 08:43:49,miniimg7.rightinthebox.com
2013-11-12 08:43:49,miniimg4.rightinthebox.com
2013-11-12 08:43:49,miniimg2.rightinthebox.com
2013-11-12 08:43:49,miniimg1.rightinthebox.com
2013-11-12 08:43:49,miniimg5.rightinthebox.com
2013-11-12 08:43:49,miniimg6.rightinthebox.com
2013-11-12 08:43:49,miniimg8.rightinthebox.com
2013-11-12 08:43:49,www.decathlon.fr
2013-11-12 08:43:49,miniimg3.rightinthebox.com
2013-11-12 08:43:49,platform.twitter.com
2013-11-12 08:43:49,www.facebook.com
2013-11-12 08:43:50,rainbow-fr.mythings.com
2013-11-12 08:43:50,data.decathlon.fr
2013-11-12 08:43:50,fr.openclassrooms.com
2013-11-12 08:43:50,d3cxv97fi8q177.cloudfront.net
2013-11-12 08:43:50,www.decathlon.fr
2013-11-12 08:43:51,www.decathlon.fr
2013-11-12 08:43:51,www.google.fr
2013-11-12 08:43:51,www.google.com
2013-11-12 08:43:51,d3cxv97fi8q177.cloudfront.net
2013-11-12 08:43:51,fr.openclassrooms.com
2013-11-12 08:43:52,www.google.com
2013-11-12 08:43:52,fr.openclassrooms.com
2013-11-12 08:43:53,dnn506yrbagrg.cloudfront.net
2013-11-12 08:43:54,www.google.com
2013-11-12 08:43:54,clients1.google.com
2013-11-12 08:43:55,www.google.com
2013-11-12 08:43:55,ocsp.verisign.com
2013-11-12 08:43:56,ocsp.godaddy.com
2013-11-12 08:43:57,ocsp.verisign.com
2013-11-12 08:43:59,www.google.com
2013-11-12 08:43:59,fr.openclassrooms.com
2013-11-12 08:44:00,fr.openclassrooms.com
2013-11-12 08:44:00,www.google.com
2013-11-12 08:44:05,fr.openclassrooms.com
2013-11-12 08:44:05,www.google.com
2013-11-12 08:44:07,fr.openclassrooms.com
2013-11-12 08:44:07,static.siteduzero.com
2013-11-12 08:44:08,cs.specificclick.net
2013-11-12 08:44:08,www.google.com
2013-11-12 08:44:11,rubicon-match.dotomi.com
2013-11-12 08:44:11,um.simpli.fi
2013-11-12 08:44:14,www.google.com
2013-11-12 08:44:14,fr.openclassrooms.com
2013-11-12 08:44:16,fr.openclassrooms.com
2013-11-12 08:44:33,www.google.com
2013-11-12 08:44:33,fr.openclassrooms.com
2013-11-12 08:44:36,fr.openclassrooms.com
2013-11-12 08:44:48,www.google.com
2013-11-12 08:48:33,www.googleapis.com
2013-11-12 08:56:58,feeds.bbci.co.uk
2013-11-12 08:56:58,newsrss.bbc.co.uk
2013-11-12 08:56:58,fxfeeds.mozilla.com
2013-11-15 11:12:59,fpdownload2.macromedia.com
2013-11-15 11:13:02,windows.microsoft.com
2013-11-15 11:13:02,res1.windows.microsoft.com
2013-11-15 11:13:02,res2.windows.microsoft.com
2013-11-15 11:13:02,js.microsoft.com
2013-11-15 11:13:02,go.microsoft.com
2013-11-15 11:13:02,ajax.microsoft.com
2013-11-15 11:13:15,www.bing.com
2013-11-15 11:13:16,www.bing.com
2013-11-15 11:13:16,cms.abmr.net
2013-11-15 11:13:17,3.perf.msedge.net
2013-11-15 11:13:18,www.bing.com
2013-11-15 11:13:27,login.live.com
2013-11-15 11:17:45,dl.patchbeam.com
2013-11-15 11:18:06,dl.patchbeam.com
2013-11-15 11:18:06,www.powerarchiver.com
2013-11-19 15:01:32,www.google.com
2013-11-19 15:01:32,clients1.google.com
2013-11-19 15:01:39,www.google.com
2013-11-19 15:01:39,www.google.fr
2013-11-19 15:01:39,clients1.google.fr
2013-11-19 15:01:41,www.google.com
2013-11-19 15:01:41,clients1.google.com
2013-11-19 15:01:41,gtglobal-ocsp.geotrust.com
2013-11-19 15:01:42,clients1.google.com
2013-11-19 15:01:42,www.google.fr
2013-11-19 15:02:04,mail.google.com
2013-11-19 15:02:05,clients1.google.com
2013-11-19 15:02:27,mail.google.com
2013-11-19 15:02:30,clients1.google.com
2013-11-19 15:02:41,www.google.com
2013-11-19 15:06:02,accounts.google.com
2013-11-19 15:06:02,accounts.google.fr
2013-11-19 15:06:05,www.google.com
2013-11-19 15:06:27,mail.google.com
2013-11-19 15:06:28,mail.google.com
2013-11-19 15:06:30,mail.google.com
2013-11-19 15:15:40,fxfeeds.mozilla.com
2013-11-19 15:15:40,newsrss.bbc.co.uk
2013-11-19 15:15:40,feeds.bbci.co.uk
2013-11-22 10:24:58,javadl-esd.sun.com
2013-12-13 11:26:44,fpdownload2.macromedia.com
2013-12-13 11:26:58,www.bing.com
2013-12-13 11:26:59,www.bing.com
2013-12-13 11:26:59,cms.abmr.net
2013-12-13 11:27:00,login.live.com
2013-12-13 11:29:42,dl.patchbeam.com
2013-12-13 11:29:42,www.powerarchiver.com
2013-12-13 12:08:47,www.bing.com
2013-12-13 12:08:49,www.bing.com
2013-12-13 12:08:49,mail.google.com
2013-12-13 12:08:51,mail.google.com
2013-12-13 12:08:57,mail.google.com
2013-12-13 12:08:59,login.live.com
2013-12-13 12:09:00,accounts.google.com
2013-12-13 12:09:01,accounts.google.com
2013-12-13 12:09:02,accounts.google.com
2013-12-13 12:09:04,accounts.youtube.com
2013-12-13 12:09:16,mail.google.com
2013-12-13 12:09:27,plus.google.com
2013-12-13 12:09:31,accounts.google.fr
2013-12-13 12:09:33,plus.google.com
2013-12-13 12:09:34,plus.google.com
2013-12-13 12:09:35,accounts.google.com
2013-12-13 12:09:35,plus.google.com
2013-12-13 12:09:35,accounts.youtube.com
2013-12-13 12:09:35,accounts.google.fr
2013-12-13 12:09:35,clients2.google.com
2013-12-13 12:09:35,apis.google.com
2013-12-13 12:09:36,clients2.google.com
2013-12-13 12:09:37,www.google.com
2013-12-13 12:09:39,b.mail.google.com
2013-12-13 12:09:39,apis.google.com
2013-12-13 12:09:39,chatenabled.mail.google.com
2013-12-13 12:09:40,mail.google.com
2013-12-13 12:09:44,accounts.google.com
2013-12-13 12:09:44,www.google.com
2013-12-13 12:09:52,www.google.com
2013-12-13 12:09:53,chatenabled.mail.google.com
2013-12-13 12:09:53,apis.google.com
2013-12-13 12:09:53,mail.google.com
2013-12-13 12:09:57,mail.google.com
2013-12-13 12:10:42,mail.google.com
2013-12-13 12:10:51,b.mail.google.com
2013-12-13 12:10:52,accounts.youtube.com
2013-12-13 12:10:52,mail.google.com
2013-12-13 12:10:52,accounts.google.fr
2013-12-13 12:10:52,www.google.fr
2013-12-13 12:10:52,www.google.com
2013-12-13 12:10:58,accounts.google.fr
2013-12-13 12:10:58,accounts.google.com
2013-12-13 12:10:58,mail.google.com
2013-12-13 12:10:58,accounts.youtube.com
2013-12-16 13:53:43,www.google.com
2013-12-16 13:53:43,img.youtube.com
2013-12-16 13:53:43,clients1.google.com
2013-12-16 13:53:46,www.google.com
2013-12-16 13:53:46,fr.openclassrooms.com
2013-12-16 13:53:47,www.google.com
2013-12-16 13:53:47,fr.openclassrooms.com
2013-12-16 13:53:49,clients1.google.com
2013-12-16 13:53:49,dnn506yrbagrg.cloudfront.net
2013-12-16 13:53:49,gtglobal-ocsp.geotrust.com
2013-12-16 13:53:50,um.simpli.fi
2013-12-16 13:53:51,fr.openclassrooms.com
2013-12-16 13:53:51,cip.gagnoo.com
2013-12-16 13:53:54,www.xl.com
2013-12-16 13:53:54,img.publicidees.com
2013-12-16 13:53:54,ad.publicidees.com
2013-12-16 13:53:55,www.xl.com
2013-12-16 13:53:56,wwwimages.adobe.com
2013-12-16 13:53:56,mediaxft.frampro.fr
2013-12-16 13:53:56,s3.amazonaws.com
2013-12-16 13:53:56,www.adobe.com
2013-12-16 13:53:56,www.xl.com
2013-12-16 13:53:56,back.heliades.orchestra-platform.com
2013-12-16 13:53:57,ocsp.comodoca.com
2013-12-16 13:53:57,www.xl.com
2013-12-16 13:53:57,mediaxft.frampro.fr
2013-12-16 13:53:57,photos.marmara.com
2013-12-16 13:53:57,www.google.com
2013-12-16 13:53:57,www.google.fr
2013-12-16 13:53:57,rainbow-fr.mythings.com
2013-12-16 13:53:57,ocsp.usertrust.com
2013-12-16 13:53:59,calotag.com
2013-12-16 13:54:02,www.google.com
2013-12-16 13:54:02,fr.openclassrooms.com
2013-12-16 13:54:03,fr.openclassrooms.com
2013-12-16 13:54:04,dnn506yrbagrg.cloudfront.net
2013-12-16 13:54:08,fr.openclassrooms.com
2013-12-16 13:54:08,match.rtbidder.net
2013-12-16 13:54:09,fr.openclassrooms.com
2013-12-16 13:54:09,www.google.com
2013-12-16 13:54:13,fr.openclassrooms.com
2013-12-16 13:54:15,www.facebook.com
2013-12-16 13:54:15,clients1.google.com
2013-12-16 13:54:37,www.google.com
2013-12-16 13:58:02,www.googleapis.com
2013-12-16 14:07:36,fxfeeds.mozilla.com
2013-12-16 14:07:36,newsrss.bbc.co.uk
2013-12-16 14:07:36,feeds.bbci.co.uk
2013-12-16 15:22:37,feeds.bbci.co.uk
2013-12-16 15:22:37,fxfeeds.mozilla.com
2013-12-16 15:22:37,newsrss.bbc.co.uk
2013-12-16 15:55:19,www.google.com
2013-12-16 15:55:19,img.youtube.com
2013-12-16 15:55:19,clients1.google.com
2013-12-16 15:55:22,www.google.com
2013-12-16 15:55:23,www.google.com
2013-12-16 15:55:23,fr.openclassrooms.com
2013-12-16 15:55:24,www.google.com
2013-12-16 15:55:25,dnn506yrbagrg.cloudfront.net
2013-12-16 15:55:25,fr.openclassrooms.com
2013-12-16 15:56:07,www.ltam.lu
2013-12-16 15:56:07,www.google.com
2013-12-16 15:59:25,www.googleapis.com
2013-12-17 09:31:09,clients1.google.com
2013-12-17 09:31:10,gtglobal-ocsp.geotrust.com
2013-12-17 09:31:10,safebrowsing.clients.google.com
2013-12-17 09:31:10,safebrowsing-cache.google.com
2013-12-17 09:31:11,safebrowsing-cache.google.com
2013-12-17 09:31:12,safebrowsing-cache.google.com
2013-12-17 09:31:13,safebrowsing-cache.google.com
2013-12-17 09:31:14,safebrowsing-cache.google.com
2013-12-17 09:31:15,safebrowsing-cache.google.com
2013-12-17 09:31:18,www.google.com
2013-12-17 09:31:18,clients1.google.com
2013-12-17 09:31:20,bits.wikimedia.org
2013-12-17 09:31:20,www.google.com
2013-12-17 09:31:20,fr.wikipedia.org
2013-12-17 09:31:21,bits.wikimedia.org
2013-12-17 09:31:21,login.wikimedia.org
2013-12-17 09:31:21,meta.wikimedia.org
2013-12-17 09:31:21,www.google.com
2013-12-17 09:31:21,fr.wikipedia.org
2013-12-17 09:32:16,safebrowsing-cache.google.com
2013-12-17 09:32:17,safebrowsing-cache.google.com
2013-12-17 09:32:18,safebrowsing-cache.google.com
2013-12-17 09:32:19,safebrowsing-cache.google.com
2013-12-17 09:35:10,sb-ssl.google.com
2013-12-17 15:03:33,sb-ssl.google.com
2013-12-20 10:25:21,javadl-esd.sun.com
2014-03-31 13:42:47,www.bing.com
2014-03-31 13:42:48,cms.abmr.net
2014-03-31 13:42:48,www.bing.com
2014-03-31 13:42:49,www.bing.com
2014-03-31 13:42:49,login.live.com
2014-03-31 13:42:53,www.bing.com
2014-03-31 13:42:57,www.bing.com
2014-03-31 13:43:14,mail.google.com
2014-03-31 13:43:17,accounts.google.com
2014-03-31 13:43:32,accounts.google.fr
2014-03-31 13:43:32,accounts.youtube.com
2014-03-31 13:43:36,accounts.google.com
2014-03-31 13:43:36,mail.google.com
2014-03-31 13:43:36,accounts.google.fr
2014-03-31 13:43:37,clients2.google.com
2014-03-31 13:43:37,mail.google.com
2014-03-31 13:43:37,plus.google.com
2014-03-31 13:43:37,accounts.google.com
2014-03-31 13:43:37,apis.google.com
2014-03-31 13:43:38,mail.google.com
2014-03-31 13:43:38,plus.google.com
2014-03-31 13:43:38,apis.google.com
2014-03-31 13:43:39,www.google.com
2014-03-31 13:43:40,b.mail.google.com
2014-03-31 13:43:40,chatenabled.mail.google.com
2014-03-31 13:43:40,plus.google.com
2014-03-31 13:43:41,plus.google.com
2014-03-31 13:43:42,www.google.com
2014-03-31 13:43:43,plus.google.com
2014-03-31 13:43:43,chatenabled.mail.google.com
2014-03-31 13:43:43,apis.google.com
2014-03-31 13:43:46,mail.google.com
2014-03-31 13:43:50,mail.google.com
2014-03-31 13:43:53,www.google.com
2014-03-31 13:44:01,mail.google.com
2014-03-31 13:44:55,mail.google.com
2014-03-31 13:45:30,armmf.adobe.com
2014-03-31 13:45:32,armmf.adobe.com
2014-03-31 13:46:04,armmf.adobe.com
2014-03-31 13:46:06,armmf.adobe.com
2014-03-31 13:46:38,mail.google.com
2014-03-31 13:47:48,plus.google.com
2014-03-31 13:57:43,plus.google.com
2014-03-31 13:57:49,b.mail.google.com
2014-03-31 13:57:53,plus.google.com
2014-03-31 14:02:01,mail.google.com
2014-03-31 14:04:03,mail.google.com
2014-03-31 14:07:03,mail.google.com
2014-03-31 14:07:53,plus.google.com
2014-03-31 14:08:34,b.mail.google.com
2014-03-31 14:09:03,mail.google.com
2014-03-31 14:12:03,mail.google.com
2014-03-31 14:14:03,mail.google.com
2014-03-31 14:17:03,mail.google.com
2014-03-31 14:17:54,plus.google.com
2014-03-31 14:18:17,b.mail.google.com
2014-03-31 14:19:03,mail.google.com
2014-03-31 14:22:04,mail.google.com
2014-03-31 14:24:03,mail.google.com
2014-03-31 14:27:04,mail.google.com
2014-03-31 14:27:54,plus.google.com
2014-03-31 14:28:11,b.mail.google.com
2014-03-31 14:29:03,mail.google.com
2014-03-31 14:32:04,mail.google.com
2014-03-31 14:34:03,mail.google.com
2014-03-31 14:37:05,mail.google.com
2014-03-31 14:37:54,plus.google.com
2014-03-31 14:38:07,b.mail.google.com
2014-03-31 14:39:03,mail.google.com
2014-03-31 14:42:05,mail.google.com
2014-03-31 14:44:03,mail.google.com
2014-03-31 14:47:05,mail.google.com
2014-03-31 14:47:54,plus.google.com
2014-03-31 14:48:19,b.mail.google.com
2014-03-31 14:49:03,mail.google.com
2014-03-31 14:53:03,mail.google.com
2014-03-31 14:54:34,b.mail.google.com
2014-03-31 14:57:06,mail.google.com
2014-03-31 14:57:54,plus.google.com
2014-03-31 14:59:03,mail.google.com
2014-03-31 15:03:03,mail.google.com
2014-03-31 15:07:06,mail.google.com
2014-03-31 15:07:55,plus.google.com
2014-03-31 15:08:04,b.mail.google.com
2014-03-31 15:09:03,mail.google.com
2014-03-31 15:13:03,mail.google.com
2014-03-31 15:14:40,b.mail.google.com
2014-03-31 15:17:07,mail.google.com
2014-03-31 15:17:55,plus.google.com
2014-03-31 15:19:03,mail.google.com
2014-03-31 15:23:03,mail.google.com
2014-03-31 15:27:07,mail.google.com
2014-03-31 15:27:55,plus.google.com
2014-03-31 15:28:28,b.mail.google.com
2014-03-31 15:29:03,mail.google.com
2014-03-31 15:33:03,mail.google.com
2014-03-31 15:34:38,b.mail.google.com
2014-03-31 15:37:07,mail.google.com
2014-03-31 15:37:56,plus.google.com
2014-03-31 15:39:03,mail.google.com
2014-03-31 15:43:03,mail.google.com
2014-03-31 15:47:08,mail.google.com
2014-03-31 15:47:56,plus.google.com
2014-03-31 15:48:36,b.mail.google.com
2014-03-31 15:49:03,mail.google.com
2014-03-31 15:53:03,mail.google.com
2014-03-31 15:57:08,mail.google.com
2014-03-31 15:57:56,plus.google.com
2014-03-31 15:58:10,b.mail.google.com
2014-03-31 16:03:03,mail.google.com
2014-03-31 16:04:29,b.mail.google.com
2014-03-31 16:07:08,mail.google.com
2014-03-31 16:07:56,plus.google.com
2014-03-31 16:09:03,mail.google.com
2014-03-31 16:13:03,mail.google.com
2014-03-31 16:17:09,mail.google.com
2014-03-31 16:17:57,plus.google.com
2014-03-31 16:18:08,b.mail.google.com
2014-03-31 16:19:03,mail.google.com
2014-03-31 16:23:03,mail.google.com
2014-03-31 16:27:09,mail.google.com
2014-03-31 16:27:57,plus.google.com
2014-03-31 16:28:26,b.mail.google.com
2014-03-31 16:29:03,mail.google.com
2014-03-31 16:32:51,b.mail.google.com
2014-03-31 16:33:04,mail.google.com
2014-03-31 16:34:33,b.mail.google.com
2014-03-31 16:37:09,mail.google.com
2014-03-31 16:37:58,plus.google.com
2014-03-31 16:38:30,mail.google.com
2014-03-31 16:43:03,mail.google.com
2014-03-31 16:44:26,b.mail.google.com
2014-03-31 16:47:10,mail.google.com
2014-03-31 16:47:59,plus.google.com
2014-03-31 16:49:03,mail.google.com
2014-03-31 16:53:03,mail.google.com
2014-03-31 16:54:36,plus.google.com
2014-03-31 16:54:37,www.bing.com
2014-03-31 16:54:39,www.bing.com
2014-03-31 16:54:41,b.mail.google.com
2014-03-31 16:54:41,mail.google.com
2014-03-31 16:54:41,www.bing.com
2014-03-31 16:55:03,login.live.com
2014-04-25 13:42:09,armmf.adobe.com
2014-04-25 13:42:11,armmf.adobe.com
2014-04-25 13:43:08,service-updates.adobe.com
