timestamp,site
2013-11-25 09:04:20,armmf.adobe.com
2013-11-25 09:04:22,armmf.adobe.com
2013-11-25 09:04:23,armmf.adobe.com
2013-11-25 09:04:25,armmf.adobe.com
2013-11-25 09:04:29,fpdownload2.macromedia.com
2013-11-25 09:06:17,www.google.com
2013-11-25 09:06:18,www.google.fr
2013-11-25 09:06:18,www.google.com
2013-11-25 09:06:25,www.google.com
2013-11-25 09:06:25,www.google.fr
2013-11-25 09:06:26,www.google.fr
2013-11-25 09:07:21,www.google.fr
2013-11-25 09:07:59,www.gmail.com
2013-11-25 09:07:59,accounts.google.com
2013-11-25 09:07:59,mail.google.com
2013-11-25 09:08:00,accounts.google.com
2013-11-25 09:08:00,mail.google.com
2013-11-25 09:08:00,accounts.youtube.com
2013-11-25 09:08:21,accounts.google.fr
2013-11-25 09:08:23,mail.google.com
2013-11-25 09:08:23,accounts.youtube.com
2013-11-25 09:08:23,accounts.google.com
2013-11-25 09:08:23,accounts.google.fr
2013-11-25 09:08:24,mail.google.com
2013-11-25 09:08:25,mail.google.com
2013-11-25 09:08:26,apis.google.com
2013-11-25 09:08:26,clients2.google.com
2013-11-25 09:08:26,mail.google.com
2013-11-25 09:08:26,www.google.com
2013-11-25 09:08:27,mail.google.com
2013-11-25 09:08:27,www.google.com
2013-11-25 09:08:27,plus.google.com
2013-11-25 09:08:27,apis.google.com
2013-11-25 09:08:27,accounts.google.com
2013-11-25 09:08:28,chatenabled.mail.google.com
2013-11-25 09:08:28,b.mail.google.com
2013-11-25 09:08:28,mail.google.com
2013-11-25 09:08:31,mail.google.com
2013-11-25 09:08:31,chatenabled.mail.google.com
2013-11-25 09:08:37,mail.google.com
2013-11-25 09:08:37,plus.google.com
2013-11-25 09:08:38,plus.google.com
2013-11-25 09:08:38,mail.google.com
2013-11-25 09:09:03,accounts.google.com
2013-11-25 09:09:06,mail.google.com
2013-11-25 09:09:07,apis.google.com
2013-11-25 09:09:08,mail.google.com
2013-11-25 09:09:23,mail.google.com
2013-11-25 09:13:31,plus.google.com
2013-11-25 09:13:37,mail.google.com
2013-11-25 09:13:42,mail.google.com
2013-11-25 09:13:42,apis.google.com
2013-11-25 09:13:43,mail.google.com
2013-11-25 09:17:19,plus.google.com
2013-11-25 09:18:06,apis.google.com
2013-11-25 09:18:06,docs.google.com
2013-11-25 09:18:07,plus.google.com
2013-11-25 09:18:07,mail.google.com
2013-11-25 09:18:07,docs.google.com
2013-11-25 09:18:29,docs.google.com
2013-11-25 09:18:31,mail.google.com
2013-11-25 09:18:36,mail.google.com
2013-11-25 09:18:48,plus.google.com
2013-11-25 09:18:48,docs.google.com
2013-11-25 09:18:54,plus.google.com
2013-11-25 09:18:55,www.google.com
2013-11-25 09:19:50,b.mail.google.com
2013-11-25 09:19:51,mail.google.com
2013-11-25 09:19:53,plus.google.com
2013-11-25 09:19:58,plus.google.com
2013-11-25 09:20:07,apis.google.com
2013-11-25 09:20:07,mail.google.com
2013-11-25 09:20:26,www.google.com
2013-11-25 09:20:26,docs.google.com
2013-11-25 09:22:42,s.wordpress.org
2013-11-25 09:22:42,0.gravatar.com
2013-11-25 09:22:43,1.gravatar.com
2013-11-25 09:23:28,1.gravatar.com
2013-11-25 09:23:36,1.gravatar.com
2013-11-25 09:23:42,1.gravatar.com
2013-11-25 09:23:57,1.gravatar.com
2013-11-25 09:24:28,plus.google.com
2013-11-25 09:24:39,1.gravatar.com
2013-11-25 09:25:51,www.google.com
2013-11-25 09:25:51,www.hotmai.fr
2013-11-25 09:25:52,www.google.com
2013-11-25 09:25:52,www.hotmai.fr
2013-11-25 09:25:56,www.hotmail.fr
2013-11-25 09:25:57,login.live.com
2013-11-25 09:25:58,login.live.com
2013-11-25 09:25:59,windowslive.tt.omtrdc.net
2013-11-25 09:26:12,windowslive.tt.omtrdc.net
2013-11-25 09:26:46,login.live.com
2013-11-25 09:26:57,windowslive.tt.omtrdc.net
2013-11-25 09:26:58,login.live.com
2013-11-25 09:27:09,windowslive.tt.omtrdc.net
2013-11-25 09:27:12,login.live.com
2013-11-25 09:27:24,login.live.com
2013-11-25 09:27:36,windowslive.tt.omtrdc.net
2013-11-25 09:27:55,login.live.com
2013-11-25 09:27:56,mail.live.com
2013-11-25 09:27:56,login.live.com
2013-11-25 09:27:57,dub117.mail.live.com
2013-11-25 09:27:58,dub117.mail.live.com
2013-11-25 09:27:59,people.directory.live.com
2013-11-25 09:27:59,cid-91ac638840081a72.users.storage.live.com
2013-11-25 09:27:59,h.live.com
2013-11-25 09:28:00,h.live.com
2013-11-25 09:28:00,dub117.mail.live.com
2013-11-25 09:28:00,people.directory.live.com
2013-11-25 09:28:01,h.live.com
2013-11-25 09:28:01,dub117.mail.live.com
2013-11-25 09:28:02,dub117.mail.live.com
2013-11-25 09:28:02,h.live.com
2013-11-25 09:28:03,h.live.com
2013-11-25 09:28:04,h.live.com
2013-11-25 09:28:05,dub117.mail.live.com
2013-11-25 09:28:06,dub117.mail.live.com
2013-11-25 09:28:06,blufiles.storage.msn.com
2013-11-25 09:28:07,dub117.mail.live.com
2013-11-25 09:28:07,secure.shared.live.com
2013-11-25 09:28:07,js.live.net
2013-11-25 09:28:08,secure.shared.live.com
2013-11-25 09:28:08,api.skype.com
2013-11-25 09:28:08,dub117.mail.live.com
2013-11-25 09:28:08,go.trouter.io
2013-11-25 09:28:09,api.skype.com
2013-11-25 09:28:09,login.live.com
2013-11-25 09:28:09,bn1301files.storage.live.com
2013-11-25 09:28:10,storage.live.com
2013-11-25 09:28:10,dub117.mail.live.com
2013-11-25 09:28:11,api.skype.com
2013-11-25 09:28:11,prod.registrar.skype.com
2013-11-25 09:28:12,secure.shared.live.com
2013-11-25 09:28:14,dub117.mail.live.com
2013-11-25 09:28:15,dub117.mail.live.com
2013-11-25 09:28:16,dub117.mail.live.com
2013-11-25 09:28:21,dub117.mail.live.com
2013-11-25 09:28:21,h.live.com
2013-11-25 09:28:46,h.live.com
2013-11-25 09:28:47,dub117.mail.live.com
2013-11-25 09:28:48,dub117.mail.live.com
2013-11-25 09:28:55,dub117.mail.live.com
2013-11-25 09:29:00,b.mail.google.com
2013-11-25 09:29:27,1.gravatar.com
2013-11-25 09:29:51,bibliotheque.clermont-universite.fr
2013-11-25 09:29:56,h.live.com
2013-11-25 09:29:56,dub117.mail.live.com
2013-11-25 09:30:08,html5shim.googlecode.com
2013-11-25 09:30:08,catalogue.clermont-universite.fr
2013-11-25 09:30:08,bibliotheque.clermont-universite.fr
2013-11-25 09:31:10,bibliotheque.clermont-universite.fr
2013-11-25 09:31:10,catalogue.clermont-universite.fr
2013-11-25 09:31:30,catalogue.clermont-universite.fr
2013-11-25 09:31:31,catalogue.clermont-universite.fr
2013-11-25 09:31:31,bibliotheque.clermont-universite.fr
2013-11-25 09:31:39,catalogue.clermont-universite.fr
2013-11-25 09:31:39,bibliotheque.clermont-universite.fr
2013-11-25 09:32:03,catalogue.clermont-universite.fr
2013-11-25 09:32:04,catalogue.clermont-universite.fr
2013-11-25 09:32:04,bibliotheque.clermont-universite.fr
2013-11-25 09:32:04,html5shim.googlecode.com
2013-11-25 09:32:11,bibliotheque.clermont-universite.fr
2013-11-25 09:32:11,catalogue.clermont-universite.fr
2013-11-25 09:33:21,1.gravatar.com
2013-11-25 09:34:34,1.gravatar.com
2013-11-25 09:34:47,1.gravatar.com
2013-11-25 09:35:15,1.gravatar.com
2013-11-25 09:35:30,1.gravatar.com
2013-11-25 09:35:38,1.gravatar.com
2013-11-25 09:36:19,1.gravatar.com
2013-11-25 09:36:36,1.gravatar.com
2013-11-25 09:36:47,1.gravatar.com
2013-11-25 09:37:00,1.gravatar.com
2013-11-25 09:37:14,1.gravatar.com
2013-11-25 09:37:16,1.gravatar.com
2013-11-25 09:37:21,1.gravatar.com
2013-11-25 09:37:24,1.gravatar.com
2013-11-25 09:37:25,1.gravatar.com
2013-11-25 09:37:26,1.gravatar.com
2013-11-25 09:38:20,1.gravatar.com
2013-11-25 09:38:34,1.gravatar.com
2013-11-25 09:38:42,1.gravatar.com
2013-11-25 09:38:44,1.gravatar.com
2013-11-25 09:38:59,mail.google.com
2013-11-25 09:39:28,plus.google.com
2013-11-25 09:39:38,1.gravatar.com
2013-11-25 09:39:51,1.gravatar.com
2013-11-25 09:39:56,wpdotorg.files.wordpress.com
2013-11-25 09:40:10,1.gravatar.com
2013-11-25 09:40:12,1.gravatar.com
2013-11-25 09:41:02,1.gravatar.com
2013-11-25 09:41:28,1.gravatar.com
2013-11-25 09:41:32,1.gravatar.com
2013-11-25 09:41:57,1.gravatar.com
2013-11-25 09:42:19,1.gravatar.com
2013-11-25 09:42:22,1.gravatar.com
2013-11-25 09:42:23,1.gravatar.com
2013-11-25 09:42:34,b.mail.google.com
2013-11-25 09:42:42,1.gravatar.com
2013-11-25 09:42:43,1.gravatar.com
2013-11-25 09:43:14,1.gravatar.com
2013-11-25 09:43:23,1.gravatar.com
2013-11-25 09:43:45,1.gravatar.com
2013-11-25 09:44:00,1.gravatar.com
2013-11-25 09:44:12,1.gravatar.com
2013-11-25 09:44:21,1.gravatar.com
2013-11-25 09:45:07,1.gravatar.com
2013-11-25 09:45:15,1.gravatar.com
2013-11-25 09:46:00,1.gravatar.com
2013-11-25 09:46:08,1.gravatar.com
2013-11-25 09:46:26,1.gravatar.com
2013-11-25 09:47:32,1.gravatar.com
2013-11-25 09:48:07,mail.google.com
2013-11-25 09:48:27,1.gravatar.com
2013-11-25 09:48:28,0.gravatar.com
2013-11-25 09:48:44,1.gravatar.com
2013-11-25 09:49:50,1.gravatar.com
2013-11-25 09:50:07,1.gravatar.com
2013-11-25 09:50:57,www.google.com
2013-11-25 09:50:57,www.google.fr
2013-11-25 09:50:58,www.google.com
2013-11-25 09:50:58,www.google.fr
2013-11-25 09:50:59,www.google.com
2013-11-25 09:51:04,apis.google.com
2013-11-25 09:51:04,www.google.fr
2013-11-25 09:51:04,plus.google.com
2013-11-25 09:51:08,apis.google.com
2013-11-25 09:51:08,plus.google.com
2013-11-25 09:51:19,www.google.fr
2013-11-25 09:51:22,www.facebook.com
2013-11-25 09:51:22,www.planetepuydedome.com
2013-11-25 09:51:22,medias.sit.auvergne-tourisme.info
2013-11-25 09:51:22,www.google.fr
2013-11-25 09:51:23,medias.sit.auvergne-tourisme.info
2013-11-25 09:51:23,www.planetepuydedome.com
2013-11-25 09:52:20,1.gravatar.com
2013-11-25 09:52:31,1.gravatar.com
2013-11-25 09:52:59,mail.google.com
2013-11-25 09:53:13,b.mail.google.com
2013-11-25 09:53:57,1.gravatar.com
2013-11-25 09:54:02,www.facebook.com
2013-11-25 09:54:02,www.planetepuydedome.com
2013-11-25 09:54:02,platform.twitter.com
2013-11-25 09:54:03,www.planetepuydedome.com
2013-11-25 09:54:04,platform.twitter.com
2013-11-25 09:54:05,twitter.com
2013-11-25 09:54:06,mail.google.com
2013-11-25 09:54:18,www.facebook.com
2013-11-25 09:54:34,www.planetepuydedome.com
2013-11-25 09:54:35,medias.sit.auvergne-tourisme.info
2013-11-25 09:54:35,platform.twitter.com
2013-11-25 09:54:35,twitter.com
2013-11-25 09:54:35,www.planetepuydedome.com
2013-11-25 09:55:15,www.facebook.com
2013-11-25 09:55:34,1.gravatar.com
2013-11-25 09:55:45,1.gravatar.com
2013-11-25 09:55:56,1.gravatar.com
2013-11-25 09:56:23,1.gravatar.com
2013-11-25 09:56:46,craym.eu
2013-11-25 09:56:47,craym.eu
2013-11-25 09:56:51,1.gravatar.com
2013-11-25 09:57:03,1.gravatar.com
2013-11-25 09:58:01,1.gravatar.com
2013-11-25 09:58:07,mail.google.com
2013-11-25 09:58:14,1.gravatar.com
2013-11-25 09:59:06,plus.google.com
2013-11-25 09:59:26,1.gravatar.com
2013-11-25 10:01:22,mail.google.com
2013-11-25 10:01:39,1.gravatar.com
2013-11-25 10:01:56,1.gravatar.com
2013-11-25 10:01:57,www.google.com
2013-11-25 10:01:57,www.google.fr
2013-11-25 10:01:58,www.google.com
2013-11-25 10:01:58,www.google.fr
2013-11-25 10:02:03,apis.google.com
2013-11-25 10:02:04,plus.google.com
2013-11-25 10:02:04,www.google.com
2013-11-25 10:02:04,apis.google.com
2013-11-25 10:02:09,www.google.fr
2013-11-25 10:02:10,apis.google.com
2013-11-25 10:02:10,www.covoiturage.fr
2013-11-25 10:02:10,www.google.fr
2013-11-25 10:02:11,s-static.ak.facebook.com
2013-11-25 10:02:11,www.covoiturage.fr
2013-11-25 10:02:11,bbcphotos.s3.amazonaws.com
2013-11-25 10:02:11,connect.facebook.net
2013-11-25 10:02:11,www.facebook.com
2013-11-25 10:02:11,static.ak.facebook.com
2013-11-25 10:02:12,www.google.com
2013-11-25 10:02:12,www.facebook.com
2013-11-25 10:02:13,www.facebook.com
2013-11-25 10:02:13,www.covoiturage.fr
2013-11-25 10:02:14,www.covoiturage.fr
2013-11-25 10:02:15,www.covoiturage.fr
2013-11-25 10:02:16,www.covoiturage.fr
2013-11-25 10:02:16,www.facebook.com
2013-11-25 10:02:16,connect.facebook.net
2013-11-25 10:02:16,s-static.ak.facebook.com
2013-11-25 10:02:36,www.hotmail.fr
2013-11-25 10:02:37,login.live.com
2013-11-25 10:02:38,mail.live.com
2013-11-25 10:02:38,dub117.mail.live.com
2013-11-25 10:02:40,h.live.com
2013-11-25 10:02:40,cid-91ac638840081a72.users.storage.live.com
2013-11-25 10:02:41,dub117.mail.live.com
2013-11-25 10:02:41,people.directory.live.com
2013-11-25 10:02:48,blufiles.storage.msn.com
2013-11-25 10:02:48,js.live.net
2013-11-25 10:02:48,secure.shared.live.com
2013-11-25 10:02:49,api.skype.com
2013-11-25 10:02:49,secure.shared.live.com
2013-11-25 10:02:49,bn1301files.storage.live.com
2013-11-25 10:02:49,dub117.mail.live.com
2013-11-25 10:02:50,h.live.com
2013-11-25 10:02:50,login.live.com
2013-11-25 10:02:51,go.trouter.io
2013-11-25 10:02:51,h.live.com
2013-11-25 10:02:52,prod.registrar.skype.com
2013-11-25 10:02:52,storage.live.com
2013-11-25 10:02:52,dub117.mail.live.com
2013-11-25 10:02:54,api.skype.com
2013-11-25 10:02:54,secure.shared.live.com
2013-11-25 10:02:59,dub117.mail.live.com
2013-11-25 10:03:07,mail.google.com
2013-11-25 10:03:14,h.live.com
2013-11-25 10:03:14,dub117.mail.live.com
2013-11-25 10:03:16,www.covoiturage.fr
2013-11-25 10:03:19,h.live.com
2013-11-25 10:03:19,dub117.mail.live.com
2013-11-25 10:03:24,h.live.com
2013-11-25 10:03:25,dub117.mail.live.com
2013-11-25 10:03:28,connect.facebook.net
2013-11-25 10:03:37,www.covoiturage.fr
2013-11-25 10:03:38,h.live.com
2013-11-25 10:03:38,s-static.ak.facebook.com
2013-11-25 10:03:38,www.covoiturage.fr
2013-11-25 10:03:38,www.facebook.com
2013-11-25 10:03:38,static.ak.facebook.com
2013-11-25 10:03:42,www.covoiturage.fr
2013-11-25 10:03:43,static.ak.facebook.com
2013-11-25 10:03:43,www.covoiturage.fr
2013-11-25 10:03:43,s-static.ak.facebook.com
2013-11-25 10:03:43,www.facebook.com
2013-11-25 10:03:43,bbcphotos.s3.amazonaws.com
2013-11-25 10:03:51,www.covoiturage.fr
2013-11-25 10:03:52,www.covoiturage.fr
2013-11-25 10:03:52,static.ak.facebook.com
2013-11-25 10:03:52,bbcphotos.s3.amazonaws.com
2013-11-25 10:03:52,s-static.ak.facebook.com
2013-11-25 10:03:52,www.facebook.com
2013-11-25 10:03:53,www.facebook.com
2013-11-25 10:04:41,dub117.mail.live.com
2013-11-25 10:05:02,b.mail.google.com
2013-11-25 10:07:10,1.gravatar.com
2013-11-25 10:08:07,mail.google.com
2013-11-25 10:08:42,proxy-blu-people.directory.live.com
2013-11-25 10:10:26,mail.google.com
2013-11-25 10:10:58,www.covoiturage.fr
2013-11-25 10:10:58,connect.facebook.net
2013-11-25 10:10:59,bbcphotos.s3.amazonaws.com
2013-11-25 10:10:59,static.ak.facebook.com
2013-11-25 10:10:59,www.facebook.com
2013-11-25 10:10:59,s-static.ak.facebook.com
2013-11-25 10:12:27,dub117.mail.live.com
2013-11-25 10:12:28,h2.msn.com
2013-11-25 10:12:28,g.msn.com
2013-11-25 10:12:41,h2.msn.com
2013-11-25 10:13:26,mail.google.com
2013-11-25 10:13:26,h.live.com
2013-11-25 10:13:47,proxy-blu-people.directory.live.com
2013-11-25 10:14:45,www.google.com
2013-11-25 10:14:45,www.google.fr
2013-11-25 10:14:46,www.google.com
2013-11-25 10:14:51,plus.google.com
2013-11-25 10:14:51,apis.google.com
2013-11-25 10:15:11,www.google.com
2013-11-25 10:15:12,apis.google.com
2013-11-25 10:15:13,plus.google.com
2013-11-25 10:15:13,www.google.fr
2013-11-25 10:15:13,id.google.fr
2013-11-25 10:15:14,id.google.fr
2013-11-25 10:15:14,www.google.com
2013-11-25 10:15:14,clients1.google.fr
2013-11-25 10:15:14,www.google.fr
2013-11-25 10:15:15,www.google.fr
2013-11-25 10:15:16,www.google.fr
2013-11-25 10:15:25,plus.google.com
2013-11-25 10:15:25,www.google.fr
2013-11-25 10:15:26,cantal-location-gite.fr
2013-11-25 10:15:26,ajax.googleapis.com
2013-11-25 10:15:27,ajax.googleapis.com
2013-11-25 10:15:27,www.youtube.com
2013-11-25 10:15:27,cantal-location-gite.fr
2013-11-25 10:15:28,cantal-location-gite.fr
2013-11-25 10:15:29,s.ytimg.com
2013-11-25 10:15:29,cantal-location-gite.fr
2013-11-25 10:15:30,cantal-location-gite.fr
2013-11-25 10:15:35,www.google.fr
2013-11-25 10:15:36,cantal-location-gite.fr
2013-11-25 10:15:36,www.youtube.com
2013-11-25 10:15:42,www.google.fr
2013-11-25 10:15:42,clients1.google.fr
2013-11-25 10:15:42,id.google.fr
2013-11-25 10:15:43,www.google.fr
2013-11-25 10:15:44,0.gravatar.com
2013-11-25 10:15:44,atoutfranceamsterdam.files.wordpress.com
2013-11-25 10:15:44,s0.wp.com
2013-11-25 10:15:44,s2.wp.com
2013-11-25 10:15:44,s1.wp.com
2013-11-25 10:15:45,s2.wp.com
2013-11-25 10:15:45,1.gravatar.com
2013-11-25 10:15:45,atoutfranceamsterdam.wordpress.com
2013-11-25 10:15:45,cloud.eclipse.unrulymedia.com
2013-11-25 10:15:45,s1.wp.com
2013-11-25 10:15:45,atoutfranceamsterdam.files.wordpress.com
2013-11-25 10:15:46,i0.poll.fm
2013-11-25 10:15:46,s1.wp.com
2013-11-25 10:15:46,widgets.wp.com
2013-11-25 10:15:46,s0.wp.com
2013-11-25 10:15:46,polldaddy.com
2013-11-25 10:15:46,1.gravatar.com
2013-11-25 10:15:46,public-api.wordpress.com
2013-11-25 10:15:47,apis.google.com
2013-11-25 10:15:47,accounts.google.com
2013-11-25 10:15:47,public-api.wordpress.com
2013-11-25 10:15:47,s0.wp.com
2013-11-25 10:15:47,s2.wp.com
2013-11-25 10:15:47,s1.wp.com
2013-11-25 10:15:47,0.gravatar.com
2013-11-25 10:15:48,atoutfranceamsterdam.wordpress.com
2013-11-25 10:15:49,www.google.fr
2013-11-25 10:15:49,accounts.google.com
2013-11-25 10:15:50,atoutfranceamsterdam.wordpress.com
2013-11-25 10:15:51,atoutfranceamsterdam.wordpress.com
2013-11-25 10:15:51,polldaddy.com
2013-11-25 10:15:52,public-api.wordpress.com
2013-11-25 10:15:53,public-api.wordpress.com
2013-11-25 10:15:53,accounts.google.com
2013-11-25 10:15:54,clients1.google.fr
2013-11-25 10:15:54,www.google.fr
2013-11-25 10:15:54,id.google.fr
2013-11-25 10:16:03,www.google.fr
2013-11-25 10:16:13,www.google.fr
2013-11-25 10:16:13,plus.google.com
2013-11-25 10:16:21,www.alagnon.com
2013-11-25 10:16:21,www.google.fr
2013-11-25 10:16:22,www.google.fr
2013-11-25 10:16:22,dsms0mj1bbhn4.cloudfront.net
2013-11-25 10:16:22,player.vimeo.com
2013-11-25 10:16:22,www.alagnon.com
2013-11-25 10:16:23,dtym7iokkjlif.cloudfront.net
2013-11-25 10:16:23,www.facebook.com
2013-11-25 10:16:23,badge.facebook.com
2013-11-25 10:16:23,www.alagnon.com
2013-11-25 10:16:23,dsms0mj1bbhn4.cloudfront.net
2013-11-25 10:16:23,accounts.google.com
2013-11-25 10:16:23,apis.google.com
2013-11-25 10:16:24,dsms0mj1bbhn4.cloudfront.net
2013-11-25 10:16:24,www.alagnon.com
2013-11-25 10:16:24,dtym7iokkjlif.cloudfront.net
2013-11-25 10:16:24,s3.amazonaws.com
2013-11-25 10:16:25,dsms0mj1bbhn4.cloudfront.net
2013-11-25 10:16:25,graph.facebook.com
2013-11-25 10:16:25,s3.amazonaws.com
2013-11-25 10:16:25,www.linkedin.com
2013-11-25 10:16:28,www.google.fr
2013-11-25 10:16:31,badge.facebook.com
2013-11-25 10:16:31,www.alagnon.com
2013-11-25 10:16:31,www.facebook.com
2013-11-25 10:16:31,apis.google.com
2013-11-25 10:16:32,www.alagnon.com
2013-11-25 10:16:33,graph.facebook.com
2013-11-25 10:16:33,www.linkedin.com
2013-11-25 10:16:34,s3.amazonaws.com
2013-11-25 10:16:39,b.mail.google.com
2013-11-25 10:16:47,clients1.google.fr
2013-11-25 10:16:47,id.google.fr
2013-11-25 10:16:47,www.google.fr
2013-11-25 10:16:48,player.vimeo.com
2013-11-25 10:16:48,www.randonnee-auvergne.fr
2013-11-25 10:16:48,www.google.fr
2013-11-25 10:16:49,www.randonnee-auvergne.fr
2013-11-25 10:16:50,www.google.fr
2013-11-25 10:16:51,www.randonnee-auvergne.fr
2013-11-25 10:17:04,id.google.fr
2013-11-25 10:17:04,clients1.google.fr
2013-11-25 10:17:11,www.google.fr
2013-11-25 10:17:21,maps.googleapis.com
2013-11-25 10:17:21,www.tourisme-en-france.com
2013-11-25 10:17:21,www.google.fr
2013-11-25 10:17:22,mt1.googleapis.com
2013-11-25 10:17:22,mt0.googleapis.com
2013-11-25 10:17:22,www.tourisme-en-france.com
2013-11-25 10:17:23,mt1.googleapis.com
2013-11-25 10:17:23,mt0.googleapis.com
2013-11-25 10:17:23,maps.googleapis.com
2013-11-25 10:17:25,maps.googleapis.com
2013-11-25 10:17:29,maps.googleapis.com
2013-11-25 10:17:29,www.google.fr
2013-11-25 10:17:30,www.tourisme-en-france.com
2013-11-25 10:17:31,mt0.googleapis.com
2013-11-25 10:17:31,mt1.googleapis.com
2013-11-25 10:17:31,maps.googleapis.com
2013-11-25 10:17:32,maps.googleapis.com
2013-11-25 10:17:37,maps.googleapis.com
2013-11-25 10:17:46,mail.google.com
2013-11-25 10:17:56,apis.google.com
2013-11-25 10:18:02,mail.google.com
2013-11-25 10:20:23,www.facebook.com
2013-11-25 10:20:37,www.facebook.com
2013-11-25 10:22:54,apis.google.com
2013-11-25 10:23:23,plus.google.com
2013-11-25 10:25:18,mail.google.com
2013-11-25 10:27:46,mail.google.com
2013-11-25 10:29:15,b.mail.google.com
2013-11-25 10:30:46,mail.google.com
2013-11-25 10:33:31,plus.google.com
2013-11-25 10:40:29,b.mail.google.com
2013-11-25 10:42:42,plus.google.com
2013-11-25 10:46:16,b.mail.google.com
2013-11-25 10:46:17,mail.google.com
2013-11-25 10:49:18,mail.google.com
2013-11-25 10:51:17,mail.google.com
2013-11-25 10:53:56,mail.google.com
2013-11-25 10:54:24,www.planetepuydedome.com
2013-11-25 10:54:33,www.planetepuydedome.com
2013-11-25 10:54:34,medias.sit.auvergne-tourisme.info
2013-11-25 10:54:34,www.planetepuydedome.com
2013-11-25 10:54:34,platform.twitter.com
2013-11-25 10:54:34,www.facebook.com
2013-11-25 10:54:35,www.planetepuydedome.com
2013-11-25 10:54:36,www.planetepuydedome.com
2013-11-25 10:54:38,www.planetepuydedome.com
2013-11-25 10:54:38,platform.twitter.com
2013-11-25 10:54:39,www.planetepuydedome.com
2013-11-25 10:54:39,platform.twitter.com
2013-11-25 10:55:01,twitter.com
2013-11-25 10:55:01,medias.sit.auvergne-tourisme.info
2013-11-25 10:55:01,www.planetepuydedome.com
2013-11-25 10:55:18,www.google.com
2013-11-25 10:55:18,www.google.fr
2013-11-25 10:56:05,1.gravatar.com
2013-11-25 10:56:35,1.gravatar.com
2013-11-25 10:56:47,1.gravatar.com
2013-11-25 10:57:12,1.gravatar.com
2013-11-25 10:57:20,1.gravatar.com
2013-11-25 10:57:51,1.gravatar.com
2013-11-25 10:57:52,1.gravatar.com
2013-11-25 10:58:05,apis.google.com
2013-11-25 10:58:21,1.gravatar.com
2013-11-25 10:59:19,www.google.fr
2013-11-25 10:59:24,plus.google.com
2013-11-25 11:00:11,www.google.fr
2013-11-25 11:00:13,www.google.com
2013-11-25 11:00:13,clients1.google.fr
2013-11-25 11:00:13,www.google.fr
2013-11-25 11:00:14,www.google.fr
2013-11-25 11:00:14,media1.voyages.woopic.com
2013-11-25 11:00:14,apis.google.com
2013-11-25 11:00:14,iz.orange.fr
2013-11-25 11:00:14,voyages.orange.fr
2013-11-25 11:00:14,c.woopic.com
2013-11-25 11:00:15,media1.voyages.woopic.com
2013-11-25 11:00:15,maps.118712.fr
2013-11-25 11:00:15,media2.voyages.woopic.com
2013-11-25 11:00:15,c.woopic.com
2013-11-25 11:00:16,www.google.fr
2013-11-25 11:00:16,images.orangepublicite.fr
2013-11-25 11:00:16,media2.voyages.woopic.com
2013-11-25 11:00:16,media1.voyages.woopic.com
2013-11-25 11:00:16,c.woopic.com
2013-11-25 11:00:16,media3.voyages.woopic.com
2013-11-25 11:00:16,voyages.orange.fr
2013-11-25 11:00:16,iapref.orange.fr
2013-11-25 11:00:16,c.orange.fr
2013-11-25 11:00:17,api-ssl.bitly.com
2013-11-25 11:00:17,voyages.orange.fr
2013-11-25 11:00:17,ecn.dev.virtualearth.net
2013-11-25 11:00:17,c.woopic.com
2013-11-25 11:00:17,iz.orange.fr
2013-11-25 11:00:18,iapref.orange.fr
2013-11-25 11:00:18,tc.airfrance.com
2013-11-25 11:00:19,www.google.fr
2013-11-25 11:00:20,clients1.google.fr
2013-11-25 11:00:20,www.google.fr
2013-11-25 11:00:21,www.google.fr
2013-11-25 11:00:24,www.google.fr
2013-11-25 11:00:25,www.parcs-naturels-regionaux.tm.fr
2013-11-25 11:00:26,www.google.fr
2013-11-25 11:00:26,www.parcs-naturels-regionaux.tm.fr
2013-11-25 11:00:26,plus.google.com
2013-11-25 11:00:27,www.google.fr
2013-11-25 11:00:28,www.parcs-naturels-regionaux.tm.fr
2013-11-25 11:00:29,www.parcs-naturels-regionaux.tm.fr
2013-11-25 11:00:30,www.parcs-naturels-regionaux.tm.fr
2013-11-25 11:00:36,www.google.fr
2013-11-25 11:00:37,atoutfranceamsterdam.wordpress.com
2013-11-25 11:00:37,www.google.fr
2013-11-25 11:00:37,clients1.google.fr
2013-11-25 11:00:38,www.google.fr
2013-11-25 11:00:38,cloud.eclipse.unrulymedia.com
2013-11-25 11:00:38,1.gravatar.com
2013-11-25 11:00:38,polldaddy.com
2013-11-25 11:00:38,widgets.wp.com
2013-11-25 11:00:38,0.gravatar.com
2013-11-25 11:00:39,accounts.google.com
2013-11-25 11:00:39,public-api.wordpress.com
2013-11-25 11:00:39,s0.wp.com
2013-11-25 11:00:40,s0.wp.com
2013-11-25 11:00:40,apis.google.com
2013-11-25 11:00:57,atoutfranceamsterdam.wordpress.com
2013-11-25 11:00:57,s0.wp.com
2013-11-25 11:00:57,s1.wp.com
2013-11-25 11:00:57,0.gravatar.com
2013-11-25 11:00:57,accounts.google.com
2013-11-25 11:00:58,public-api.wordpress.com
2013-11-25 11:00:58,www.google.fr
2013-11-25 11:00:59,atoutfranceamsterdam.wordpress.com
2013-11-25 11:00:59,s1.wp.com
2013-11-25 11:01:00,public-api.wordpress.com
2013-11-25 11:01:00,atoutfranceamsterdam.wordpress.com
2013-11-25 11:01:00,polldaddy.com
2013-11-25 11:01:11,clients1.google.fr
2013-11-25 11:01:29,1.gravatar.com
2013-11-25 11:01:40,1.gravatar.com
2013-11-25 11:01:41,www.google.fr
2013-11-25 11:01:59,1.gravatar.com
2013-11-25 11:02:15,1.gravatar.com
2013-11-25 11:02:31,1.gravatar.com
2013-11-25 11:02:42,1.gravatar.com
2013-11-25 11:02:43,plus.google.com
2013-11-25 11:03:03,1.gravatar.com
2013-11-25 11:03:17,1.gravatar.com
2013-11-25 11:03:26,1.gravatar.com
2013-11-25 11:03:42,1.gravatar.com
2013-11-25 11:03:54,1.gravatar.com
2013-11-25 11:04:10,1.gravatar.com
2013-11-25 11:04:24,1.gravatar.com
2013-11-25 11:04:31,www.google.fr
2013-11-25 11:04:44,www.google.fr
2013-11-25 11:04:44,www.sancy.com
2013-11-25 11:04:44,france.meteofrance.com
2013-11-25 11:04:44,t629.trafiz.net
2013-11-25 11:04:45,connect.facebook.net
2013-11-25 11:04:45,www.meteofrance.com
2013-11-25 11:04:45,www.sancy.com
2013-11-25 11:04:45,static.ak.facebook.com
2013-11-25 11:04:45,www.trinum.com
2013-11-25 11:04:45,s-static.ak.facebook.com
2013-11-25 11:04:46,www.sancy.com
2013-11-25 11:04:46,www.facebook.com
2013-11-25 11:04:46,france.meteofrance.com
2013-11-25 11:04:46,www.google.fr
2013-11-25 11:04:46,www.meteofrance.com
2013-11-25 11:04:47,s-static.ak.facebook.com
2013-11-25 11:04:47,www.sancy.com
2013-11-25 11:04:47,www.facebook.com
2013-11-25 11:04:47,static.ak.facebook.com
2013-11-25 11:04:59,clients1.google.fr
2013-11-25 11:05:02,www.google.fr
2013-11-25 11:05:02,cantal-location-gite.fr
2013-11-25 11:05:05,cantal-location-gite.fr
2013-11-25 11:05:05,www.youtube.com
2013-11-25 11:05:11,www.google.fr
2013-11-25 11:05:11,cantal-location-gite.fr
2013-11-25 11:05:11,www.youtube.com
2013-11-25 11:05:22,clients1.google.fr
2013-11-25 11:05:29,1.gravatar.com
2013-11-25 11:05:52,www.google.fr
2013-11-25 11:06:03,1.gravatar.com
2013-11-25 11:06:44,1.gravatar.com
2013-11-25 11:07:07,1.gravatar.com
2013-11-25 11:07:28,1.gravatar.com
2013-11-25 11:07:39,1.gravatar.com
2013-11-25 11:07:44,www.google.fr
2013-11-25 11:07:47,1.gravatar.com
2013-11-25 11:08:03,1.gravatar.com
2013-11-25 11:08:16,1.gravatar.com
2013-11-25 11:09:39,1.gravatar.com
2013-11-25 11:10:06,clients1.google.fr
2013-11-25 11:10:06,www.google.fr
2013-11-25 11:10:08,www.google.fr
2013-11-25 11:10:15,www.google.fr
2013-11-25 11:10:15,clients1.google.fr
2013-11-25 11:10:17,www.google.fr
2013-11-25 11:10:21,www.google.fr
2013-11-25 11:10:23,www.google.fr
2013-11-25 11:10:23,cms.cotedazur-tourisme.com
2013-11-25 11:10:24,www.cotedazur-montagne.com
2013-11-25 11:10:24,www.cotedazur-tourisme.com
2013-11-25 11:10:24,widget.itea.fr
2013-11-25 11:10:24,cms.cotedazur-tourisme.com
2013-11-25 11:10:25,www.cotedazur-montagne.com
2013-11-25 11:10:25,cms.cotedazur-tourisme.com
2013-11-25 11:10:32,www.google.fr
2013-11-25 11:10:33,www.cotedazur-montagne.com
2013-11-25 11:10:34,www.cotedazur-montagne.com
2013-11-25 11:11:04,www.google.fr
2013-11-25 11:11:04,clients1.google.fr
2013-11-25 11:11:19,mail.google.com
2013-11-25 11:11:37,www.google.fr
2013-11-25 11:11:51,www.google.fr
2013-11-25 11:12:11,www.google.fr
2013-11-25 11:12:11,us.123rf.com
2013-11-25 11:12:12,www.google.fr
2013-11-25 11:12:12,d3fqh47ho4rujh.cloudfront.net
2013-11-25 11:12:12,fr.123rf.com
2013-11-25 11:12:13,fr.123rf.com
2013-11-25 11:12:13,us.cdn2.123rf.com
2013-11-25 11:12:13,us.cdn4.123rf.com
2013-11-25 11:12:13,us.cdn3.123rf.com
2013-11-25 11:12:13,us.cdn1.123rf.com
2013-11-25 11:12:13,d3fqh47ho4rujh.cloudfront.net
2013-11-25 11:12:14,www.google.com
2013-11-25 11:12:14,static.123rf.net
2013-11-25 11:12:14,us.cdn1.123rf.com
2013-11-25 11:12:14,us.cdn4.123rf.com
2013-11-25 11:12:14,fr.123rf.com
2013-11-25 11:12:14,d3fqh47ho4rujh.cloudfront.net
2013-11-25 11:12:14,us.cdn3.123rf.com
2013-11-25 11:12:14,us.cdn2.123rf.com
2013-11-25 11:12:15,seal-chicago.bbb.org
2013-11-25 11:12:15,www.123rf.com
2013-11-25 11:12:15,d3fqh47ho4rujh.cloudfront.net
2013-11-25 11:12:15,www.facebook.com
2013-11-25 11:12:23,www.google.fr
2013-11-25 11:12:24,d3fqh47ho4rujh.cloudfront.net
2013-11-25 11:12:24,fr.123rf.com
2013-11-25 11:12:24,www.123rf.com
2013-11-25 11:12:24,www.facebook.com
2013-11-25 11:12:37,img.123rf.net
2013-11-25 11:12:53,www.google.fr
2013-11-25 11:12:53,clients1.google.fr
2013-11-25 11:13:23,plus.google.com
2013-11-25 11:14:03,1.gravatar.com
2013-11-25 11:14:24,mail.google.com
2013-11-25 11:15:04,1.gravatar.com
2013-11-25 11:15:23,1.gravatar.com
2013-11-25 11:15:42,1.gravatar.com
2013-11-25 11:16:19,mail.google.com
2013-11-25 11:17:49,www.google.fr
2013-11-25 11:17:52,1.gravatar.com
2013-11-25 11:18:06,1.gravatar.com
2013-11-25 11:18:29,1.gravatar.com
2013-11-25 11:18:53,1.gravatar.com
2013-11-25 11:19:11,1.gravatar.com
2013-11-25 11:19:24,mail.google.com
2013-11-25 11:20:28,1.gravatar.com
2013-11-25 11:20:35,1.gravatar.com
2013-11-25 11:20:54,1.gravatar.com
2013-11-25 11:21:08,1.gravatar.com
2013-11-25 11:21:20,mail.google.com
2013-11-25 11:21:29,1.gravatar.com
2013-11-25 11:21:33,1.gravatar.com
2013-11-25 11:22:39,1.gravatar.com
2013-11-25 11:22:43,plus.google.com
2013-11-25 11:22:54,1.gravatar.com
2013-11-25 11:23:22,1.gravatar.com
2013-11-25 11:23:24,b.mail.google.com
2013-11-25 11:23:38,1.gravatar.com
2013-11-25 11:24:24,mail.google.com
2013-11-25 11:24:31,1.gravatar.com
2013-11-25 11:24:32,1.gravatar.com
2013-11-25 11:24:38,1.gravatar.com
2013-11-25 11:25:06,1.gravatar.com
2013-11-25 11:25:31,1.gravatar.com
2013-11-25 11:26:19,1.gravatar.com
2013-11-25 11:26:20,mail.google.com
2013-11-25 11:26:57,plus.google.com
2013-11-25 11:27:07,plus.google.com
2013-11-25 11:29:24,mail.google.com
2013-11-25 11:31:20,mail.google.com
2013-11-25 11:34:24,mail.google.com
2013-11-25 11:34:58,1.gravatar.com
2013-11-25 11:35:53,1.gravatar.com
2013-11-25 11:36:21,mail.google.com
2013-11-25 11:37:26,b.mail.google.com
2013-11-25 11:39:15,www.google.fr
2013-11-25 11:39:24,mail.google.com
2013-11-25 11:41:21,mail.google.com
2013-11-25 11:41:50,plus.google.com
2013-11-25 11:42:22,b.mail.google.com
2013-11-25 11:42:25,apis.google.com
2013-11-25 11:42:25,mail.google.com
2013-11-25 11:42:25,plus.google.com
