timestamp,site
2014-01-27 15:54:56,go.microsoft.com
2014-01-27 15:54:56,www.iegallery.com
2014-01-27 15:54:57,www.iegallery.com
2014-01-27 15:54:58,www.iegallery.com
2014-01-27 15:54:59,www.iegallery.com
2014-01-27 15:55:00,www.iegallery.com
2014-01-27 15:55:00,www.bing.com
2014-01-27 15:55:01,www.bing.com
2014-01-27 15:55:01,api.bing.com
2014-01-27 15:55:02,www.bing.com
2014-01-27 15:55:03,www.bing.com
2014-01-27 15:55:03,cms.abmr.net
2014-01-27 15:55:04,www.google.fr
2014-01-27 15:55:10,www.google.fr
2014-01-27 15:55:11,www.bing.com
2014-01-27 15:55:15,login.live.com
2014-01-27 15:55:18,www.google.fr
2014-01-27 15:55:19,www.google.fr
2014-01-27 15:55:20,www.google.fr
2014-01-27 15:55:22,www.google.com
2014-01-27 15:55:39,www.google.com
2014-01-27 15:55:40,www.google.fr
2014-01-27 15:55:41,www.google.fr
2014-01-27 15:55:42,www.google.fr
2014-01-27 15:55:42,www.ccg.org
2014-01-27 15:55:43,www.ccg.org
2014-01-27 15:55:44,www.ccg.org
2014-01-27 15:56:09,ieonline.microsoft.com
2014-01-27 15:57:14,api.bing.com
2014-01-27 15:57:14,www.bing.com
2014-01-27 15:57:16,www.google.fr
2014-01-27 15:57:16,www.bing.com
2014-01-27 15:57:25,www.bing.com
2014-01-27 15:57:28,login.live.com
2014-01-27 15:57:30,www.google.fr
2014-01-27 15:57:33,www.google.com
2014-01-27 15:57:42,ssl.bing.com
2014-01-27 15:57:45,www.bing.com
2014-01-27 15:57:47,login.live.com
2014-01-27 15:57:47,www.bing.com
2014-01-27 15:58:06,www.google.com
2014-01-27 15:58:06,img1.starwars-holonet.com
2014-01-27 15:58:06,www.google.fr
2014-01-27 15:58:21,www.starwars-holonet.com
2014-01-27 15:58:22,connect.facebook.net
2014-01-27 15:58:22,apis.google.com
2014-01-27 15:58:22,www.starwars-holonet.com
2014-01-27 15:58:22,platform.twitter.com
2014-01-27 15:58:24,apis.google.com
2014-01-27 15:58:24,ajax.googleapis.com
2014-01-27 15:58:24,s-static.ak.facebook.com
2014-01-27 15:58:24,www.starwars-holonet.com
2014-01-27 15:58:24,static.ak.facebook.com
2014-01-27 15:58:24,img1.starwars-holonet.com
2014-01-27 15:58:24,platform.twitter.com
2014-01-27 15:58:25,www.starwars-holonet.com
2014-01-27 15:58:25,www.facebook.com
2014-01-27 15:58:25,apis.google.com
2014-01-27 15:58:25,img1.starwars-holonet.com
2014-01-27 15:58:26,www.facebook.com
2014-01-27 15:58:26,img1.starwars-holonet.com
2014-01-27 15:58:26,www.starwars-holonet.com
2014-01-27 15:58:27,apis.google.com
2014-01-27 15:58:27,www.starwars-holonet.com
2014-01-27 15:58:29,www.starwars-holonet.com
2014-01-27 15:58:29,www.google.com
2014-01-27 15:58:29,www.facebook.com
2014-01-27 15:58:35,twitter.com
2014-01-27 15:58:36,twitter.com
2014-01-27 15:58:36,apis.google.com
2014-01-27 15:58:38,javadl-esd.sun.com
2014-01-27 15:58:39,accounts.google.com
2014-01-27 15:58:39,javadl-esd.sun.com
2014-01-27 16:00:43,www.google.fr
2014-01-27 16:00:56,www.google.fr
2014-01-27 16:10:29,office14client.microsoft.com
2014-01-27 16:10:29,office.microsoft.com
2014-01-27 16:11:11,office.microsoft.com
2014-01-27 16:18:36,www.bing.com
2014-01-27 16:18:46,www.bing.com
2014-01-27 16:18:51,login.live.com
2014-01-27 16:19:05,www.bing.com
2014-01-27 16:19:05,ssl.bing.com
2014-01-27 16:20:05,ssl.bing.com
2014-01-27 16:34:37,www.bing.com
2014-01-27 16:34:37,api.bing.com
2014-01-27 16:34:39,www.bing.com
2014-01-27 16:34:39,login.live.com
2014-01-27 16:34:40,www.bing.com
2014-01-27 16:34:50,www.bing.com
2014-01-27 16:34:51,ts1.mm.bing.net
2014-01-27 16:34:51,www.bing.com
2014-01-27 16:34:51,ts4.mm.bing.net
2014-01-27 16:34:51,ts2.mm.bing.net
2014-01-27 16:34:52,ts1.mm.bing.net
2014-01-27 16:34:52,ts4.mm.bing.net
2014-01-27 16:34:52,www.bing.com
2014-01-27 16:34:52,ts3.mm.bing.net
2014-01-27 16:34:52,ts2.mm.bing.net
2014-01-27 16:34:53,ts3.mm.bing.net
2014-01-27 16:34:53,ts2.mm.bing.net
2014-01-27 16:34:53,ts4.mm.bing.net
2014-01-27 16:34:53,login.live.com
2014-01-27 16:34:53,ts1.mm.bing.net
2014-01-27 16:34:54,ts1.mm.bing.net
2014-01-27 16:34:54,ts4.mm.bing.net
2014-01-27 16:34:54,ts2.mm.bing.net
2014-01-27 16:34:54,ts3.mm.bing.net
2014-01-27 16:34:54,ts1.explicit.bing.net
2014-01-27 16:34:55,ts2.mm.bing.net
2014-01-27 16:34:55,www.bing.com
2014-01-27 16:34:55,ts3.mm.bing.net
2014-01-27 16:34:55,ts1.mm.bing.net
2014-01-27 16:34:55,ts4.mm.bing.net
2014-01-27 16:34:56,login.live.com
2014-01-27 16:34:56,ts3.mm.bing.net
2014-01-27 16:34:56,www.bing.com
2014-01-27 16:34:56,ts4.mm.bing.net
2014-01-27 16:34:56,ts2.mm.bing.net
2014-01-27 16:34:56,ts1.mm.bing.net
2014-01-27 16:34:57,ts2.mm.bing.net
2014-01-27 16:34:57,ts1.mm.bing.net
2014-01-27 16:34:57,ts4.mm.bing.net
2014-01-27 16:34:57,ts3.mm.bing.net
2014-01-27 16:34:58,ts4.mm.bing.net
2014-01-27 16:34:58,ts1.mm.bing.net
2014-01-27 16:34:58,ts3.mm.bing.net
2014-01-27 16:34:58,ts2.mm.bing.net
2014-01-27 16:34:59,ts2.mm.bing.net
2014-01-27 16:34:59,ts4.mm.bing.net
2014-01-27 16:34:59,ts1.mm.bing.net
2014-01-27 16:34:59,ts3.explicit.bing.net
2014-01-27 16:34:59,ts3.mm.bing.net
2014-01-27 16:35:00,ts3.mm.bing.net
2014-01-27 16:35:00,ts1.mm.bing.net
2014-01-27 16:35:00,ts2.mm.bing.net
2014-01-27 16:35:01,ts4.mm.bing.net
2014-01-27 16:35:01,ts1.mm.bing.net
2014-01-27 16:35:01,ts3.mm.bing.net
2014-01-27 16:35:01,www.bing.com
2014-01-27 16:35:01,ts2.mm.bing.net
2014-01-27 16:35:02,ts1.mm.bing.net
2014-01-27 16:35:02,www.bing.com
2014-01-27 16:35:04,www.bing.com
2014-01-27 16:35:07,ts1.mm.bing.net
2014-01-27 16:35:07,www.bing.com
2014-01-27 16:35:07,ts4.mm.bing.net
2014-01-27 16:35:07,ts3.mm.bing.net
2014-01-27 16:35:08,ts2.mm.bing.net
2014-01-27 16:35:08,ts1.mm.bing.net
2014-01-27 16:35:08,ts3.mm.bing.net
2014-01-27 16:35:08,ts4.mm.bing.net
2014-01-27 16:35:09,ts3.mm.bing.net
2014-01-27 16:35:09,ts2.mm.bing.net
2014-01-27 16:35:09,ts4.mm.bing.net
2014-01-27 16:35:09,ts1.mm.bing.net
2014-01-27 16:35:10,ssl.bing.com
2014-01-27 16:35:10,www.bing.com
2014-01-27 16:35:10,ts1.mm.bing.net
2014-01-27 16:35:10,ts2.mm.bing.net
2014-01-27 17:20:53,www.bing.com
2014-01-27 17:20:53,api.bing.com
2014-01-27 17:20:59,www.bing.com
2014-01-27 17:21:00,office.microsoft.com
2014-01-27 17:21:07,login.live.com
2014-02-20 09:14:15,windows.microsoft.com
2014-02-20 09:14:15,res1.windows.microsoft.com
2014-02-20 09:14:15,res2.windows.microsoft.com
2014-02-20 09:14:15,ajax.microsoft.com
2014-02-20 09:14:15,js.microsoft.com
2014-02-20 09:14:15,go.microsoft.com
2014-02-20 09:14:16,windows.microsoft.com
2014-02-20 09:14:16,js.microsoft.com
2014-02-20 09:14:16,res1.windows.microsoft.com
2014-02-20 09:14:42,www.google.fr
2014-02-20 09:15:10,www.google.fr
2014-02-20 09:15:40,apis.google.com
2014-02-20 09:15:40,www.google.com
2014-02-20 09:15:56,www.google.fr
2014-02-20 09:16:09,apis.google.com
2014-02-20 09:16:09,www.google.com
2014-02-20 09:16:09,www.google.fr
2014-02-20 09:16:10,www.google.fr
2014-02-20 09:16:22,www.google.fr
2014-02-20 09:16:50,www.google.fr
2014-02-20 09:16:50,player.vimeo.com
2014-02-20 09:18:27,javadl-esd.sun.com
2014-02-20 09:37:31,office14client.microsoft.com
2014-02-20 09:37:52,office14client.microsoft.com
2014-02-20 09:38:12,office14client.microsoft.com
2014-02-20 09:38:20,officeredir.microsoft.com
2014-02-20 09:38:33,office14client.microsoft.com
2014-02-20 09:39:18,www.bing.com
2014-02-20 09:39:19,www.bing.com
2014-02-20 09:39:20,cms.abmr.net
2014-02-20 09:39:20,www.bing.com
2014-02-20 09:39:28,www.bing.com
2014-02-20 09:39:43,login.live.com
2014-02-20 09:39:57,www.bing.com
2014-02-20 09:39:57,ssl.bing.com
2014-02-20 09:43:42,onlinestores.metaservices.microsoft.com
2014-02-20 09:43:44,go.microsoft.com
2014-02-20 09:48:17,ssl.bing.com
2014-02-26 10:23:59,safebrowsing.clients.google.com
2014-02-26 10:23:59,safebrowsing-cache.google.com
2014-02-26 10:24:00,safebrowsing-cache.google.com
2014-02-26 10:24:05,ocsp.thawte.com
2014-02-26 10:24:25,clients1.google.com
2014-02-26 10:24:25,gtglobal-ocsp.geotrust.com
2014-02-26 10:24:26,ocsp.tcs.terena.org
2014-02-26 10:24:26,clients1.google.com
2014-02-26 10:24:26,ocsp.usertrust.com
2014-02-26 10:24:42,player.vimeo.com
2014-02-26 10:24:42,livepassdl.conviva.com
2014-02-26 10:24:43,livepassdl.conviva.com
2014-02-26 10:24:43,gtssl-ocsp.geotrust.com
2014-02-26 10:24:43,ocsp.godaddy.com
2014-02-26 10:24:44,livepassdl.conviva.com
2014-02-26 10:24:45,pings.conviva.com
2014-02-26 10:24:45,ocsp.godaddy.com
2014-02-26 10:24:46,pings.conviva.com
2014-02-26 10:29:27,ocsp.verisign.com
2014-02-26 10:31:27,ocsp.digicert.com
2014-02-26 11:04:08,ocsp.thawte.com
2014-02-26 11:04:24,clients1.google.com
2014-02-26 11:04:25,gtglobal-ocsp.geotrust.com
2014-02-26 11:04:25,clients1.google.com
2014-02-26 11:04:29,www.google.fr
2014-02-26 11:04:29,www.commentcamarche.net
2014-02-26 11:04:29,static.ccm2.net
2014-02-26 11:04:30,www.facebook.com
2014-02-26 11:04:30,pixel.alephd.com
2014-02-26 11:04:30,kh6qrx0f8h.s.ad6media.fr
2014-02-26 11:04:30,ba.commentcamarche.net
2014-02-26 11:04:30,static.ccm2.net
2014-02-26 11:04:30,r.ccm2.net
2014-02-26 11:04:30,clients1.google.com
2014-02-26 11:04:31,pixel.alephd.com
2014-02-26 11:04:31,s-static.ak.facebook.com
2014-02-26 11:04:31,static.ak.facebook.com
2014-02-26 11:04:31,connect.facebook.net
2014-02-26 11:04:31,platform.twitter.com
2014-02-26 11:04:31,www.facebook.com
2014-02-26 11:04:31,clients1.google.com
2014-02-26 11:04:32,evsecure-ocsp.verisign.com
2014-02-26 11:04:32,mm.eulerian.net
2014-02-26 11:04:32,its.tradelab.fr
2014-02-26 11:04:32,www.facebook.com
2014-02-26 11:04:32,platform.twitter.com
2014-02-26 11:04:32,www.commentcamarche.net
2014-02-26 11:04:33,clients1.google.com
2014-02-26 11:04:33,ba.commentcamarche.net
2014-02-26 11:04:33,static.ccm2.net
2014-02-26 11:04:33,static.ccmbg.com
2014-02-26 11:04:33,www.facebook.com
2014-02-26 11:04:34,www.commentcamarche.net
2014-02-26 11:05:01,its.tradelab.fr
2014-02-26 11:05:03,twitter.com
2014-02-26 11:06:20,safebrowsing.clients.google.com
2014-02-26 11:06:20,safebrowsing-cache.google.com
2014-02-26 11:06:21,safebrowsing-cache.google.com
2014-02-26 11:07:22,www.google.fr
2014-02-26 11:07:22,www.google.com
2014-02-26 11:07:25,ajax.googleapis.com
2014-02-26 11:07:26,apis.google.com
2014-02-26 11:07:27,accounts.google.com
2014-02-26 11:37:18,safebrowsing.clients.google.com
2014-02-26 11:37:18,safebrowsing-cache.google.com
2014-02-26 11:37:19,safebrowsing-cache.google.com
2014-02-26 12:08:59,safebrowsing-cache.google.com
2014-02-26 12:08:59,safebrowsing.clients.google.com
2014-02-26 12:09:00,safebrowsing-cache.google.com
2014-03-17 16:04:58,windows.microsoft.com
2014-03-17 16:04:58,res1.windows.microsoft.com
2014-03-17 16:04:58,res2.windows.microsoft.com
2014-03-17 16:04:58,go.microsoft.com
2014-03-17 16:04:59,ajax.microsoft.com
2014-03-17 16:04:59,res2.windows.microsoft.com
2014-03-17 16:04:59,res1.windows.microsoft.com
2014-03-17 16:04:59,windows.microsoft.com
2014-03-17 16:04:59,js.microsoft.com
2014-03-17 16:05:04,www.bing.com
2014-03-17 16:06:43,api.bing.com
2014-03-17 16:06:44,api.bing.com
2014-03-17 16:06:46,api.bing.com
2014-03-17 16:06:47,www.bing.com
2014-03-17 16:06:48,www.bing.com
2014-03-17 16:06:48,cms.abmr.net
2014-03-17 16:06:57,ieonline.microsoft.com
2014-03-17 16:06:58,go.microsoft.com
2014-03-17 16:06:58,ieonline.microsoft.com
2014-03-17 16:07:12,www.bing.com
2014-03-19 10:18:42,ocsp.thawte.com
2014-03-19 10:18:43,gtglobal-ocsp.geotrust.com
2014-03-19 10:18:43,clients1.google.com
2014-03-19 10:18:44,www.commentcamarche.net
2014-03-19 10:18:45,platform.twitter.com
2014-03-19 10:18:45,www.facebook.com
2014-03-19 10:18:45,clients1.google.com
2014-03-19 10:18:45,r.ccm2.net
2014-03-19 10:18:45,www.commentcamarche.net
2014-03-19 10:18:45,static.ccm2.net
2014-03-19 10:18:45,ba.commentcamarche.net
2014-03-19 10:18:46,static.ccm2.net
2014-03-19 10:18:46,www.facebook.com
2014-03-19 10:18:46,evsecure-ocsp.verisign.com
2014-03-19 10:18:46,clients1.google.com
2014-03-19 10:18:46,ba.commentcamarche.net
2014-03-19 10:18:47,www.facebook.com
2014-03-19 10:18:47,platform.twitter.com
2014-03-19 10:18:47,ba.commentcamarche.net
2014-03-19 10:18:48,loadr.exelator.com
2014-03-19 10:18:48,clients1.google.com
2014-03-19 10:18:49,clients1.google.com
2014-03-19 10:18:49,pixel.alephd.com
2014-03-19 10:18:50,static.ccmbg.com
2014-03-19 10:18:50,platform.twitter.com
2014-03-19 10:18:50,static.ak.facebook.com
2014-03-19 10:18:50,connect.facebook.net
2014-03-19 10:18:50,static.ccm2.net
2014-03-19 10:18:50,pixel.alephd.com
2014-03-19 10:18:50,hal9000.redintelligence.net
2014-03-19 10:18:50,ba.commentcamarche.net
2014-03-19 10:18:50,www.facebook.com
2014-03-19 10:18:50,s-static.ak.facebook.com
2014-03-19 10:18:51,static.ccmbg.com
2014-03-19 10:18:51,n2.hal9000.redintelligence.net
2014-03-19 10:18:52,www.facebook.com
2014-03-19 10:18:52,gtssl-ocsp.geotrust.com
2014-03-19 10:18:52,banniere.reussissonsensemble.fr
2014-03-19 10:18:53,ea.numericable.fr
2014-03-19 10:18:53,rapidssl-ocsp.geotrust.com
2014-03-19 10:18:53,banniere.reussissonsensemble.fr
2014-03-19 10:18:54,www.facebook.com
2014-03-19 10:18:54,banniere.reussissonsensemble.fr
2014-03-19 10:19:21,twitter.com
2014-03-19 10:19:33,ocsp.tcs.terena.org
2014-03-19 10:19:34,ocsp.usertrust.com
2014-03-19 10:21:37,sb-ssl.google.com
2014-03-19 10:21:40,ajax.googleapis.com
2014-03-19 10:21:43,accounts.google.com
2014-03-19 10:21:43,apis.google.com
2014-03-19 10:22:01,safebrowsing.clients.google.com
2014-03-19 10:22:01,safebrowsing-cache.google.com
2014-03-19 10:22:21,ocsp.verisign.com
2014-03-19 10:24:21,ocsp.digicert.com
2014-03-19 10:24:28,gtssl-ocsp.geotrust.com
2014-03-19 10:29:39,clients1.google.com
2014-03-19 10:29:43,www.google.fr
2014-03-19 10:29:43,www.01net.com
2014-03-19 10:29:44,www.01net.com
2014-03-19 10:29:45,www.01net.com
2014-03-19 10:29:45,listener.ezakus.net
2014-03-19 10:29:45,www.facebook.com
2014-03-19 10:29:45,pixel.alephd.com
2014-03-19 10:29:46,casale-match.dotomi.com
2014-03-19 10:29:46,www.01net.com
2014-03-19 10:29:46,ce.lijit.com
2014-03-19 10:29:47,www.facebook.com
2014-03-19 10:29:47,dtm.neimanmarcus.com
2014-03-19 10:29:48,pixel.alephd.com
2014-03-19 10:29:49,platform.twitter.com
2014-03-19 10:29:49,dsp.active-agent.com
2014-03-19 10:29:49,clients1.google.com
2014-03-19 10:29:49,pixel.alephd.com
2014-03-19 10:29:49,www.google.com
2014-03-19 10:29:49,www.01net.com
2014-03-19 10:29:49,www.facebook.com
2014-03-19 10:29:49,mm.eulerian.net
2014-03-19 10:29:49,its.tradelab.fr
2014-03-19 10:29:50,www.01net.com
2014-03-19 10:29:53,static.ak.facebook.com
2014-03-19 10:29:53,ad.referencement.01net.com
2014-03-19 10:29:53,safebrowsing.clients.google.com
2014-03-19 10:29:53,pixel.alephd.com
2014-03-19 10:29:53,d.adapd.com
2014-03-19 10:29:53,platform.twitter.com
2014-03-19 10:29:54,s-static.ak.facebook.com
2014-03-19 10:29:54,ajax.googleapis.com
2014-03-19 10:29:54,platform.twitter.com
2014-03-19 10:29:57,www.facebook.com
2014-03-19 10:29:58,col001.ip-label.net
2014-03-19 10:29:58,c1.adform.net
2014-03-19 10:29:58,www.facebook.com
2014-03-19 10:30:00,sourceforge.net
2014-03-19 10:30:00,ocsp.comodoca.com
2014-03-19 10:30:00,a.fsdn.com
2014-03-19 10:30:01,www.01net.com
2014-03-19 10:30:01,images.sourceforge.net
2014-03-19 10:30:01,d3f8ykwhia686p.cloudfront.net
2014-03-19 10:30:01,sourceforge.net
2014-03-19 10:30:01,consent-st.truste.com
2014-03-19 10:30:01,its.tradelab.fr
2014-03-19 10:30:01,a.fsdn.com
2014-03-19 10:30:02,consent-st.truste.com
2014-03-19 10:30:02,www.01net.com
2014-03-19 10:30:02,sourceforge.net
2014-03-19 10:30:03,consent-st.truste.com
2014-03-19 10:30:03,ajax.googleapis.com
2014-03-19 10:30:03,www.google.com
2014-03-19 10:30:03,teras.slashdotmedia.com
2014-03-19 10:30:04,www.google.com
2014-03-19 10:30:04,ajax.googleapis.com
2014-03-19 10:30:05,listener.ezakus.net
2014-03-19 10:30:06,pixel.alephd.com
2014-03-19 10:30:07,www.01net.com
2014-03-19 10:30:09,pixel.alephd.com
2014-03-19 10:30:09,tc.airfrance.com
2014-03-19 10:30:10,pixel.alephd.com
2014-03-19 10:30:10,www.facebook.com
2014-03-19 10:30:15,pixel2368.everesttech.net
2014-03-19 10:30:17,mm.eulerian.net
2014-03-19 10:30:17,its.tradelab.fr
2014-03-19 10:30:18,videosfr.s3.amazonaws.com
2014-03-19 10:30:19,ad.referencement.01net.com
2014-03-19 10:30:19,static.ak.facebook.com
2014-03-19 10:30:20,s-static.ak.facebook.com
2014-03-19 10:30:20,pixel.alephd.com
2014-03-19 10:30:20,dfn.dl.sourceforge.net
2014-03-19 10:30:21,platform.twitter.com
2014-03-19 10:30:28,twitter.com
2014-03-19 10:31:43,oo.rfihub.com
2014-03-19 10:31:44,oo.rfihub.com
2014-03-19 10:31:44,www.networkadvertising.org
2014-03-19 10:31:44,www.themig.com
2014-03-19 10:31:44,rp.gwallet.com
2014-03-19 10:31:45,rp.gwallet.com
2014-03-19 10:31:45,www.radiumone.com
2014-03-19 10:31:46,www.facebook.com
2014-03-19 10:31:46,radiumone.com
2014-03-19 10:31:47,rp.gwallet.com
2014-03-19 10:31:47,platform.twitter.com
2014-03-19 10:31:47,www.google.com
2014-03-19 10:31:47,www.google.fr
2014-03-19 10:31:47,radiumone.com
2014-03-19 10:31:48,207-xli-813.mktoresp.com
2014-03-19 10:31:49,privacy.tidaltv.com
2014-03-19 10:31:50,privacy.tidaltv.com
2014-03-19 10:31:51,www.bidtheatre.com
2014-03-19 10:31:52,www.bidtheatre.com
2014-03-19 10:31:52,crimtan.com
2014-03-19 10:31:53,crimtan.com
2014-03-19 10:31:53,pbs.twimg.com
2014-03-19 10:31:53,www.bidtheatre.com
2014-03-19 10:31:53,ag.ctnsnet.com
2014-03-19 10:31:54,platform.twitter.com
2014-03-19 10:31:56,www.google.fr
2014-03-19 10:31:56,www.google.com
2014-03-19 10:31:58,delivery.ctasnet.com
2014-03-19 10:31:58,www.openx.net
2014-03-19 10:31:59,www.openx.net
2014-03-19 10:32:09,www.google.fr
2014-03-19 10:32:11,www.commentcamarche.net
2014-03-19 10:32:12,clients1.google.com
2014-03-19 10:32:12,ba.commentcamarche.net
2014-03-19 10:32:12,r.ccmbg.com
2014-03-19 10:32:12,static.ccm2.net
2014-03-19 10:32:13,ba.commentcamarche.net
2014-03-19 10:32:14,ad.publicidees.com
2014-03-19 10:32:14,style2.ad6.fr
2014-03-19 10:32:14,www.facebook.com
2014-03-19 10:32:14,kh6qrx0f8h.s.ad6media.fr
2014-03-19 10:32:14,static.ccm2.net
2014-03-19 10:32:15,eulerian.kpark.fr
2014-03-19 10:32:15,static.ccm2.net
2014-03-19 10:32:15,ba.commentcamarche.net
2014-03-19 10:32:15,kh6qrx0f8h.s.ad6media.fr
2014-03-19 10:32:15,pixel.alephd.com
2014-03-19 10:32:16,ba.commentcamarche.net
2014-03-19 10:32:16,www.kpark.fr
2014-03-19 10:32:16,static.ak.facebook.com
2014-03-19 10:32:17,www.kpark.fr
2014-03-19 10:32:17,eulerian.kpark.fr
2014-03-19 10:32:17,s-static.ak.facebook.com
2014-03-19 10:32:18,ba.commentcamarche.net
2014-03-19 10:32:18,www.kpark.fr
2014-03-19 10:32:18,www.google.fr
2014-03-19 10:32:18,eulerian.kpark.fr
2014-03-19 10:32:18,www.google.com
2014-03-19 10:32:18,pixel.alephd.com
2014-03-19 10:32:18,platform.twitter.com
2014-03-19 10:32:18,www.facebook.com
2014-03-19 10:32:19,kh6qrx0f8h.s.ad6media.fr
2014-03-19 10:32:19,ocsp.gandi.net
2014-03-19 10:32:19,ocsp.usertrust.com
2014-03-19 10:32:21,www.facebook.com
2014-03-19 10:32:22,www.facebook.com
2014-03-19 10:32:32,twitter.com
2014-03-19 10:32:37,apis.google.com
2014-03-19 10:32:49,choice.live.com
2014-03-19 10:32:54,choice.microsoft.com
2014-03-19 10:33:02,kh6qrx0f8h.s.ad6media.fr
2014-03-19 10:33:04,static.yakarouler.biz
2014-03-19 10:33:04,clic.reussissonsensemble.fr
2014-03-19 10:33:04,banniere.reussissonsensemble.fr
2014-03-19 10:33:04,kh6qrx0f8h.s.ad6media.fr
2014-03-19 10:33:04,tag.yakarouler.com
2014-03-19 10:33:05,images.yakarouler.com
2014-03-19 10:33:05,static.yakarouler.biz
2014-03-19 10:34:17,static.ccm2.net
2014-03-19 10:34:26,static.ccm2.net
2014-03-19 10:34:31,www.google.com
2014-03-19 10:34:31,www.google.fr
2014-03-19 10:40:09,ocsp.thawte.com
2014-03-19 10:40:24,www.squid-cache.org
2014-03-19 10:40:29,gtglobal-ocsp.geotrust.com
2014-03-19 10:40:29,clients1.google.com
2014-03-19 10:40:29,www.google.com
2014-03-19 10:40:36,clients1.google.com
2014-03-19 10:40:45,kdevelop.org
2014-03-19 10:40:45,www.google.fr
2014-03-19 10:40:46,kdevelop.org
2014-03-19 10:43:33,www.google.com
2014-03-19 10:43:35,www.google.fr
2014-03-19 10:44:35,safebrowsing-cache.google.com
2014-03-19 10:44:35,safebrowsing.clients.google.com
2014-03-19 10:47:37,www.google.fr
2014-03-19 10:47:37,fr.openclassrooms.com
2014-03-19 10:47:37,static.siteduzero.com
2014-03-19 10:47:38,static.siteduzero.com
2014-03-19 10:47:38,fr.openclassrooms.com
2014-03-19 10:47:38,www.google.com
2014-03-19 10:47:39,www.google.com
2014-03-19 10:47:40,dnn506yrbagrg.cloudfront.net
2014-03-19 10:47:40,doug1izaerwt3.cloudfront.net
2014-03-19 10:47:41,clients1.google.com
2014-03-19 10:47:45,fr.openclassrooms.com
2014-03-19 10:47:46,www.google.com
2014-03-19 10:47:47,doug1izaerwt3.cloudfront.net
2014-03-19 10:47:47,dnn506yrbagrg.cloudfront.net
2014-03-19 10:48:25,fr.openclassrooms.com
2014-03-19 10:48:26,doug1izaerwt3.cloudfront.net
2014-03-19 10:48:26,www.google.com
2014-03-19 10:48:41,fr.openclassrooms.com
2014-03-19 10:48:42,doug1izaerwt3.cloudfront.net
2014-03-19 10:48:42,www.google.com
2014-03-19 10:49:34,fr.openclassrooms.com
2014-03-19 10:49:35,www.google.com
2014-03-19 10:49:36,doug1izaerwt3.cloudfront.net
2014-03-19 10:49:41,fr.openclassrooms.com
2014-03-19 10:49:42,doug1izaerwt3.cloudfront.net
2014-03-19 10:49:42,www.google.com
2014-03-19 10:49:42,fr.openclassrooms.com
2014-03-19 10:49:50,fr.openclassrooms.com
2014-03-19 10:49:51,www.google.com
2014-03-19 10:49:52,fr.openclassrooms.com
2014-03-19 10:49:53,doug1izaerwt3.cloudfront.net
2014-03-19 10:50:04,fr.openclassrooms.com
2014-03-19 10:50:04,www.google.com
2014-03-19 10:50:05,doug1izaerwt3.cloudfront.net
2014-03-19 10:50:08,fr.openclassrooms.com
2014-03-19 10:50:29,www.google.com
2014-03-19 10:50:30,www.google.fr
2014-03-19 10:50:31,id.google.fr
2014-03-19 10:51:56,ocsp.tcs.terena.org
2014-03-19 10:51:56,ocsp.usertrust.com
2014-03-19 10:53:03,www.googleapis.com
2014-03-19 11:02:44,www.google.com
2014-03-19 11:02:51,www.google.fr
2014-03-19 11:02:51,forum.hardware.fr
2014-03-19 11:02:52,forum-images.hardware.fr
2014-03-19 11:02:52,wtpn.twenga.fr
2014-03-19 11:02:52,script.affilizr.com
2014-03-19 11:02:54,fr.primary.affinitad.com
2014-03-19 11:02:55,wtpn.twenga.fr
2014-03-19 11:02:56,forum.hardware.fr
2014-03-19 11:02:56,rbx-cdn-tpn.c4tw.net
2014-03-19 11:02:56,i11.twenga.com
2014-03-19 11:02:56,i10.twenga.com
2014-03-19 11:05:43,www.google.com
2014-03-19 11:05:45,www.google.fr
2014-03-19 11:05:49,ajax.googleapis.com
2014-03-19 11:13:42,safebrowsing.clients.google.com
2014-03-19 11:13:42,safebrowsing-cache.google.com
2014-03-19 11:14:15,bits.wikimedia.org
2014-03-19 11:14:15,www.google.fr
2014-03-19 11:14:15,fr.wikipedia.org
2014-03-19 11:14:16,bits.wikimedia.org
2014-03-19 11:14:16,login.wikimedia.org
2014-03-19 11:14:17,fr.wikipedia.org
2014-03-19 11:14:17,meta.wikimedia.org
2014-03-19 11:14:17,bits.wikimedia.org
2014-03-19 11:17:07,www.google.com
2014-03-19 11:17:09,www.google.fr
2014-03-19 11:41:48,safebrowsing-cache.google.com
2014-03-19 11:41:48,safebrowsing.clients.google.com
2014-03-19 11:48:49,www.google.com
2014-03-19 11:49:05,gtglobal-ocsp.geotrust.com
2014-03-19 11:49:05,clients1.google.com
2014-03-19 11:49:15,www.google.com
2014-03-19 11:49:15,www.developpez.com
2014-03-19 11:49:15,rperrot.developpez.com
2014-03-19 11:49:15,www.google.fr
2014-03-19 11:49:16,www.developpez.com
2014-03-19 11:49:16,rperrot.developpez.com
2014-03-19 11:52:02,www.google.com
2014-03-19 11:52:10,www.google.fr
2014-03-31 15:57:30,api.bing.com
2014-03-31 15:57:31,api.bing.com
2014-03-31 15:57:32,www.google.fr
2014-03-31 15:57:35,www.google.com
2014-03-31 15:57:35,apis.google.com
2014-03-31 15:57:35,www.google.fr
2014-03-31 15:57:40,www.bing.com
2014-03-31 15:57:40,www.google.com
2014-03-31 15:57:40,apis.google.com
2014-03-31 15:57:52,www.google.fr
2014-03-31 15:57:52,www.google.com
2014-03-31 15:58:37,www.google.fr
2014-03-31 15:58:57,www.google.fr
2014-03-31 15:58:58,www.google.fr
2014-03-31 15:58:58,www.facebook.com
2014-03-31 15:58:58,platform.twitter.com
2014-03-31 15:58:58,ba.commentcamarche.net
2014-03-31 15:58:58,r.ccmbg.com
2014-03-31 15:58:58,static.ccm2.net
2014-03-31 15:58:58,www.commentcamarche.net
2014-03-31 15:58:58,ajax.googleapis.com
2014-03-31 15:58:59,static.ccm2.net
2014-03-31 15:58:59,twitter.com
2014-03-31 15:59:00,loadr.exelator.com
2014-03-31 15:59:00,connect.facebook.net
2014-03-31 15:59:00,s-static.ak.facebook.com
2014-03-31 15:59:00,static.ak.facebook.com
2014-03-31 15:59:00,ba.commentcamarche.net
2014-03-31 15:59:00,twitter.com
2014-03-31 15:59:01,s-static.ak.facebook.com
2014-03-31 15:59:01,broadcast.piximedia.fr
2014-03-31 15:59:02,ftn.fortuneo.fr
2014-03-31 15:59:02,www.facebook.com
2014-03-31 15:59:02,platform.twitter.com
2014-03-31 15:59:02,static.ccm2.net
2014-03-31 15:59:02,broadcast.piximedia.fr
2014-03-31 15:59:02,ba.commentcamarche.net
2014-03-31 15:59:02,static.ccmbg.com
2014-03-31 15:59:03,static.ccm2.net
2014-03-31 15:59:03,www.facebook.com
2014-03-31 15:59:03,www.commentcamarche.net
2014-03-31 15:59:06,i1-js-14-3-01-10165-854803455-i.init.cedexis-radar.net
2014-03-31 15:59:33,twitter.com
2014-03-31 15:59:40,ieonline.microsoft.com
2014-03-31 16:02:24,api.bing.com
2014-03-31 16:02:25,api.bing.com
2014-03-31 16:02:26,www.bing.com
2014-03-31 16:02:27,www.bing.com
2014-03-31 16:02:27,cms.abmr.net
2014-03-31 16:02:28,www.bing.com
2014-03-31 16:03:21,us-request.foxitservice.com
2014-04-14 15:42:31,api.bing.com
2014-04-14 15:42:33,api.bing.com
2014-04-14 15:44:54,ieonline.microsoft.com
2014-04-14 15:50:23,api.bing.com
2014-04-14 15:50:24,api.bing.com
2014-04-14 15:50:25,api.bing.com
2014-04-14 15:50:31,api.bing.com
2014-04-14 15:50:32,api.bing.com
2014-04-14 15:50:33,api.bing.com
2014-04-14 15:50:34,api.bing.com
2014-04-14 15:50:39,api.bing.com
2014-04-14 15:50:41,api.bing.com
2014-04-14 15:50:45,api.bing.com
2014-04-14 15:50:49,api.bing.com
2014-04-14 15:50:52,api.bing.com
2014-04-14 15:50:53,api.bing.com
2014-04-14 15:50:54,api.bing.com
2014-04-14 15:50:56,api.bing.com
2014-04-14 15:52:30,www.squid-cache.org
2014-04-14 15:52:43,api.bing.com
2014-04-14 15:52:44,api.bing.com
2014-04-14 15:53:10,api.bing.com
2014-04-14 15:53:13,api.bing.com
2014-04-14 15:53:18,api.bing.com
2014-04-14 15:53:20,api.bing.com
2014-04-14 15:53:24,api.bing.com
2014-04-14 15:53:25,api.bing.com
2014-04-14 15:53:26,api.bing.com
2014-04-14 15:53:34,www.bing.com
2014-04-14 15:53:35,www.bing.com
2014-04-14 15:53:35,cms.abmr.net
2014-04-14 15:53:41,www.bing.com
2014-04-14 15:53:49,api.bing.com
2014-04-14 16:00:15,api.bing.com
2014-04-14 16:00:16,api.bing.com
2014-04-14 16:00:18,api.bing.com
2014-04-14 16:00:20,api.bing.com
2014-04-14 16:00:21,www.bing.com
2014-04-14 16:00:21,api.bing.com
2014-04-14 16:00:24,www.bing.com
2014-04-14 16:00:24,fr.msn.com
2014-04-14 16:00:24,c.fr.msn.com
2014-04-14 16:00:24,h2.msn.com
2014-04-14 16:00:24,api.bing.com
2014-04-14 16:00:24,www.facebook.com
2014-04-14 16:00:25,fr.msn.com
2014-04-14 16:00:25,www.bing.com
2014-04-14 16:00:25,platform.twitter.com
2014-04-14 16:00:26,dps.bing.com
2014-04-14 16:00:26,fr.msn.com
2014-04-14 16:00:26,static.ak.facebook.com
2014-04-14 16:00:26,connect.facebook.net
2014-04-14 16:00:26,login.secure.emea.msn.com
2014-04-14 16:00:26,login.live.com
2014-04-14 16:00:26,pbs.twimg.com
2014-04-14 16:00:26,s-static.ak.facebook.com
2014-04-14 16:00:26,platform.twitter.com
2014-04-14 16:00:26,www.facebook.com
2014-04-14 16:00:27,www.mail.live.com
2014-04-14 16:00:27,login.live.com
2014-04-14 16:00:27,twitter.com
2014-04-14 16:00:27,g.msn.com
2014-04-14 16:00:28,login.live.com
2014-04-14 16:00:29,windowslive.tt.omtrdc.net
2014-04-14 16:00:41,windowslive.tt.omtrdc.net
2014-04-14 16:00:48,login.live.com
2014-04-14 16:00:49,login.live.com
2014-04-14 16:00:52,mail.live.com
2014-04-14 16:00:52,h.live.com
2014-04-14 16:00:52,dub117.mail.live.com
2014-04-14 16:00:53,dub117.mail.live.com
2014-04-14 16:00:53,h.live.com
2014-04-14 16:00:53,h.bing.com
2014-04-14 16:00:53,people.directory.live.com
2014-04-14 16:00:54,go.trouter.io
2014-04-14 16:00:55,h.bing.com
2014-04-14 16:00:55,secure.shared.live.com
2014-04-14 16:00:56,dub117.mail.live.com
2014-04-14 16:00:56,cid-1c4a4d4ba192214f.users.storage.live.com
2014-04-14 16:00:56,storage.live.com
2014-04-14 16:00:56,h.live.com
2014-04-14 16:00:57,secure.shared.live.com
2014-04-14 16:01:04,dub117.mail.live.com
2014-04-14 16:01:13,dub117.mail.live.com
2014-04-14 16:01:13,blufiles.storage.msn.com
2014-04-14 16:01:13,js.live.net
2014-04-14 16:01:19,dub117.mail.live.com
2014-04-14 16:01:19,h.live.com
2014-04-14 16:01:19,dub117.afx.ms
2014-04-14 16:01:19,go.trouter.io
2014-04-14 16:02:13,word-view.officeapps.live.com
2014-04-14 16:02:14,dub117.mail.live.com
2014-04-14 16:02:14,h.live.com
2014-04-14 16:02:14,word-view.officeapps.live.com
2014-04-14 16:02:17,go.trouter.io
2014-04-14 16:02:17,storage.live.com
2014-04-14 16:02:37,dub117.mail.live.com
2014-04-14 16:02:41,go.trouter.io
2014-04-14 16:03:16,blufiles.storage.msn.com
2014-04-14 16:03:16,h.live.com
2014-04-14 16:03:16,dub117.mail.live.com
2014-04-14 16:03:40,dub117.mail.live.com
2014-04-14 16:04:11,p.sfx.ms
2014-04-14 16:24:48,api.bing.com
2014-04-14 16:25:03,www.bing.com
2014-04-14 16:25:04,www.bing.com
2014-04-14 16:25:05,api.bing.com
2014-04-14 16:25:05,c.fr.msn.com
2014-04-14 16:25:05,fr.msn.com
2014-04-14 16:25:05,www.bing.com
2014-04-14 16:25:06,www.bing.com
2014-04-14 16:25:06,fr.msn.com
2014-04-14 16:25:07,twitter.com
2014-04-14 16:25:07,s-static.ak.facebook.com
2014-04-14 16:25:07,www.facebook.com
2014-04-14 16:25:07,g.msn.com
2014-04-14 16:25:07,connect.facebook.net
2014-04-14 16:25:07,platform.twitter.com
2014-04-14 16:25:07,fr.msn.com
2014-04-14 16:25:08,login.live.com
2014-04-14 16:25:08,www.facebook.com
2014-04-14 16:25:08,fr.msn.com
2014-04-14 16:25:08,cm.adgrx.com
2014-04-14 16:25:12,hotmailproxy.fr.msn.com
2014-04-14 16:25:12,platform.twitter.com
2014-04-14 16:25:12,twitter.com
2014-04-14 16:25:12,login.secure.emea.msn.com
2014-04-14 16:25:20,www.mail.live.com
2014-04-14 16:25:20,g.msn.com
2014-04-14 16:25:20,login.live.com
2014-04-14 16:25:23,mail.live.com
2014-04-14 16:25:23,h.live.com
2014-04-14 16:25:24,people.directory.live.com
2014-04-14 16:25:28,storage.live.com
2014-04-14 16:25:28,go.trouter.io
2014-04-14 16:25:29,h.live.com
2014-04-14 16:26:28,dub117.mail.live.com
2014-04-14 16:26:28,h.live.com
2014-04-14 16:26:31,dub117.mail.live.com
2014-04-14 16:26:44,h.live.com
2014-04-14 16:26:51,go.trouter.io
2014-04-14 16:27:22,dub117.mail.live.com
2014-04-14 16:32:35,api.bing.com
2014-04-14 16:32:36,api.bing.com
2014-04-14 16:32:37,api.bing.com
2014-04-14 16:32:38,api.bing.com
2014-04-14 16:32:39,api.bing.com
2014-04-14 16:32:40,www.bing.com
2014-04-14 16:32:43,office.microsoft.com
2014-04-14 16:32:43,www.bing.com
2014-04-14 16:32:44,c.msn.com
2014-04-14 16:32:44,js.microsoft.com
2014-04-14 16:32:44,office.microsoft.com
2014-04-16 10:20:45,ocsp.thawte.com
2014-04-16 10:21:26,www.google.com
2014-04-16 10:21:27,clients1.google.com
2014-04-16 10:21:27,gtglobal-ocsp.geotrust.com
2014-04-16 10:21:29,clients1.google.com
2014-04-16 10:21:33,www.google.fr
2014-04-16 10:21:34,ocsp.usertrust.com
2014-04-16 10:21:34,clients1.google.com
2014-04-16 10:21:34,ocsp.tcs.terena.org
2014-04-16 10:21:35,clients1.google.com
2014-04-16 10:21:36,gtssl-ocsp.geotrust.com
2014-04-16 10:22:37,safebrowsing-cache.google.com
2014-04-16 10:22:37,safebrowsing.clients.google.com
2014-04-16 10:22:38,safebrowsing-cache.google.com
2014-04-16 10:24:24,www.google.com
2014-04-16 10:24:25,id.google.fr
2014-04-16 10:24:25,www.google.fr
2014-04-16 10:24:25,apis.google.com
2014-04-16 10:27:13,www.google.fr
2014-04-16 10:27:15,ajax.googleapis.com
2014-04-16 10:27:15,www.developpez.net
2014-04-16 10:27:16,ajax.googleapis.com
2014-04-16 10:27:16,www.google.com
2014-04-16 10:27:16,www.developpez.net
2014-04-16 10:27:17,www.google.com
2014-04-16 10:27:17,www.developpez.net
2014-04-16 10:27:18,sync.uuidcshmg.com
2014-04-16 10:27:18,www.developpez.net
2014-04-16 10:27:19,jslog.krxd.net
2014-04-16 10:28:31,ocsp.verisign.com
2014-04-16 10:30:00,www.google.com
2014-04-16 10:30:02,www.google.fr
2014-04-16 10:30:30,ocsp.digicert.com
2014-04-16 10:31:53,www.google.fr
2014-04-16 10:31:54,fr.openclassrooms.com
2014-04-16 10:31:55,fr.openclassrooms.com
2014-04-16 10:31:55,doug1izaerwt3.cloudfront.net
2014-04-16 10:31:55,www.google.com
2014-04-16 10:31:55,dnn506yrbagrg.cloudfront.net
2014-04-16 10:31:56,www.google.com
2014-04-16 10:31:56,fr.openclassrooms.com
2014-04-16 10:31:57,www.google.com
2014-04-16 10:31:57,fr.openclassrooms.com
2014-04-16 10:31:59,user-disp.tidaltv.com
2014-04-16 10:32:00,www.google.com
2014-04-16 10:32:00,clients1.google.com
2014-04-16 10:34:12,fr.openclassrooms.com
2014-04-16 10:34:13,fr.openclassrooms.com
2014-04-16 10:34:13,www.google.com
2014-04-16 10:34:13,dnn506yrbagrg.cloudfront.net
2014-04-16 10:34:13,doug1izaerwt3.cloudfront.net
2014-04-16 10:34:15,fr.openclassrooms.com
2014-04-16 10:34:16,www.google.com
2014-04-16 10:34:17,fr.openclassrooms.com
2014-04-16 10:34:18,ad.publicidees.com
2014-04-16 10:34:18,www.facebook.com
2014-04-16 10:34:19,ce.lijit.com
2014-04-16 10:34:23,c1.adform.net
2014-04-16 10:34:24,match.rtbidder.net
2014-04-16 10:34:24,rp.gwallet.com
2014-04-16 10:34:45,www.google.com
2014-04-16 10:34:46,id.google.fr
2014-04-16 10:34:47,www.google.fr
2014-04-16 10:37:10,www.googleapis.com
2014-04-16 10:39:09,www.google.fr
2014-04-16 10:39:10,www.commentcamarche.net
2014-04-16 10:39:10,static.ccm2.net
2014-04-16 10:39:10,ba.commentcamarche.net
2014-04-16 10:39:10,r.ccmbg.com
2014-04-16 10:39:11,static.ccm2.net
2014-04-16 10:39:11,assets.ebz.io
2014-04-16 10:39:12,www.facebook.com
2014-04-16 10:39:12,ba.commentcamarche.net
2014-04-16 10:39:12,platform.twitter.com
2014-04-16 10:39:12,static.ccm2.net
2014-04-16 10:39:14,static.ccm2.net
2014-04-16 10:39:14,evsecure-ocsp.verisign.com
2014-04-16 10:39:15,ba.commentcamarche.net
2014-04-16 10:39:15,connect.facebook.net
2014-04-16 10:39:16,static.ak.facebook.com
2014-04-16 10:39:16,ba.commentcamarche.net
2014-04-16 10:39:16,pixel.alephd.com
2014-04-16 10:39:16,s-static.ak.facebook.com
2014-04-16 10:39:17,www.commentcamarche.net
2014-04-16 10:39:17,www.facebook.com
2014-04-16 10:39:17,static.ccmbg.com
2014-04-16 10:39:17,static.ccm2.net
2014-04-16 10:39:17,ba.commentcamarche.net
2014-04-16 10:39:17,platform.twitter.com
2014-04-16 10:39:18,static.ccm2.net
2014-04-16 10:39:18,gtssl-ocsp.geotrust.com
2014-04-16 10:39:18,assets.ebz.io
2014-04-16 10:39:18,www.facebook.com
2014-04-16 10:39:19,id.impressiondesk.com
2014-04-16 10:39:20,assets.ebz.io
2014-04-16 10:39:20,id.impressiondesk.com
2014-04-16 10:39:21,static.ebz.io
2014-04-16 10:39:21,assets.ebz.io
2014-04-16 10:39:21,www.facebook.com
2014-04-16 10:39:21,www.commentcamarche.net
2014-04-16 10:39:22,www.facebook.com
2014-04-16 10:39:22,assets.ebz.io
2014-04-16 10:39:27,assets.ebz.io
2014-04-16 10:39:28,www.commentcamarche.net
2014-04-16 10:39:29,static.ebz.io
2014-04-16 10:39:48,twitter.com
2014-04-16 10:40:27,static.ccm2.net
2014-04-16 10:41:59,www.google.com
2014-04-16 10:42:01,www.google.fr
2014-04-16 10:42:04,ajax.googleapis.com
2014-04-16 10:45:48,clients1.google.com
2014-04-16 10:53:06,safebrowsing.clients.google.com
2014-04-16 10:53:07,safebrowsing-cache.google.com
2014-04-16 10:55:09,www.google.fr
2014-04-16 10:55:11,www.videoprojecteur24.fr
2014-04-16 10:55:12,www.videoprojecteur24.fr
2014-04-16 10:55:12,static1.celexongroup.com
2014-04-16 10:55:13,www.facebook.com
2014-04-16 10:55:13,connect.facebook.net
2014-04-16 10:55:13,mycliplister.com
2014-04-16 10:55:13,static1.celexongroup.com
2014-04-16 10:55:13,www.videoprojecteur24.fr
2014-04-16 10:55:14,s-static.ak.facebook.com
2014-04-16 10:55:14,clients1.google.com
2014-04-16 10:55:14,mycliplister.com
2014-04-16 10:55:14,static.ak.facebook.com
2014-04-16 10:55:14,ocsp.thawte.com
2014-04-16 10:55:14,reviewcollect.alatest.com
2014-04-16 10:55:15,mycliplister.com
2014-04-16 10:55:15,reviewcollect.alatest.com
2014-04-16 10:55:15,www.videoprojecteur24.fr
2014-04-16 10:55:16,www.videoprojecteur24.fr
2014-04-16 10:55:16,static1.celexongroup.com
2014-04-16 10:55:16,ii.alatest.com
2014-04-16 10:55:17,www.google.fr
2014-04-16 10:55:17,www.google.com
2014-04-16 10:55:17,clients1.google.com
2014-04-16 10:55:20,img.idealo.com
2014-04-16 10:56:42,www.videoprojecteur24.fr
2014-04-16 10:56:58,www.google.com
2014-04-16 10:57:19,www.google.fr
2014-04-16 10:58:10,apis.google.com
2014-04-16 10:58:12,accounts.google.com
2014-04-16 11:00:59,www.videoprojecteur24.fr
2014-04-16 11:01:09,www.videoprojecteur24.fr
2014-04-16 11:01:31,www.videoprojecteur24.fr
2014-04-16 11:01:34,www.videoprojecteur24.fr
2014-04-16 11:01:34,ii.alatest.com
2014-04-16 11:01:35,ii.alatest.com
2014-04-16 11:02:53,fr.openclassrooms.com
2014-04-16 11:02:54,fr.openclassrooms.com
2014-04-16 11:02:55,fr.openclassrooms.com
2014-04-16 11:02:56,fr.openclassrooms.com
2014-04-16 11:02:57,fr.openclassrooms.com
2014-04-16 11:02:58,fr.openclassrooms.com
2014-04-16 11:02:59,doug1izaerwt3.cloudfront.net
2014-04-16 11:02:59,fr.openclassrooms.com
2014-04-16 11:02:59,www.google.com
2014-04-16 11:03:00,dnn506yrbagrg.cloudfront.net
2014-04-16 11:03:01,clients1.google.com
2014-04-16 11:03:01,www.google.com
2014-04-16 11:03:02,www.google.com
2014-04-16 11:04:41,www.google.fr
2014-04-16 11:05:57,www.googleapis.com
2014-04-16 11:08:05,fr.openclassrooms.com
2014-04-16 11:08:07,www.google.com
2014-04-16 11:08:08,dnn506yrbagrg.cloudfront.net
2014-04-16 11:08:08,doug1izaerwt3.cloudfront.net
2014-04-16 11:08:09,www.google.com
2014-04-16 11:08:11,um.simpli.fi
2014-04-16 11:08:11,rbp.mxptint.net
2014-04-16 11:08:13,www.facebook.com
2014-04-16 11:08:14,www.facebook.com
2014-04-16 11:08:52,fr.openclassrooms.com
2014-04-16 11:08:53,dnn506yrbagrg.cloudfront.net
2014-04-16 11:08:53,doug1izaerwt3.cloudfront.net
2014-04-16 11:08:53,www.google.com
2014-04-16 11:08:54,www.google.com
2014-04-16 11:08:58,rp.gwallet.com
2014-04-16 11:09:00,eulerian.canal-plus.com
2014-04-16 11:09:00,rapidssl-ocsp.geotrust.com
2014-04-16 11:11:01,www.google.com
2014-04-16 11:11:50,www.googleapis.com
2014-04-16 11:23:54,safebrowsing.clients.google.com
2014-04-16 11:23:54,safebrowsing-cache.google.com
2014-04-16 11:23:55,safebrowsing-cache.google.com
2014-04-16 11:31:57,www.google.fr
2014-04-16 11:37:36,www.google.fr
2014-04-16 11:39:12,ocsp.tcs.terena.org
2014-04-16 11:39:13,ocsp.usertrust.com
2014-04-16 11:53:50,clients1.google.com
2014-04-16 11:53:50,gtglobal-ocsp.geotrust.com
2014-04-16 11:53:54,www.google.fr
2014-04-16 11:53:54,meta.wikimedia.org
2014-04-16 11:53:54,login.wikimedia.org
2014-04-16 11:53:54,bits.wikimedia.org
2014-04-16 11:53:54,fr.wikipedia.org
2014-04-16 11:53:55,meta.wikimedia.org
2014-04-16 11:54:53,safebrowsing.clients.google.com
2014-04-16 11:54:53,safebrowsing-cache.google.com
2014-04-16 11:54:54,safebrowsing-cache.google.com
2014-04-16 11:55:49,www.google.com
2014-04-16 11:55:49,www.google.fr
2014-04-25 10:18:06,gtglobal-ocsp.geotrust.com
2014-04-25 10:18:06,clients1.google.com
2014-04-25 10:18:06,ocsp.thawte.com
2014-04-25 10:18:56,gtssl-ocsp.geotrust.com
2014-04-25 10:19:09,ent.univ-bpclermont.fr
2014-04-25 10:19:13,ocsp.usertrust.com
2014-04-25 10:19:13,ocsp.tcs.terena.org
2014-04-25 10:19:13,ent.univ-bpclermont.fr
2014-04-25 10:19:13,clients1.google.com
2014-04-25 10:19:14,ent.univ-bpclermont.fr
2014-04-25 10:19:14,clients1.google.com
2014-04-25 10:19:14,www.univ-bpclermont.fr
2014-04-25 10:20:05,safebrowsing.clients.google.com
2014-04-25 10:20:05,safebrowsing-cache.google.com
2014-04-25 10:20:31,www.univ-bpclermont.fr
2014-04-25 10:20:32,www.univ-bpclermont.fr
2014-04-25 10:20:46,ent.univ-bpclermont.fr
2014-04-25 10:20:47,ent.univ-bpclermont.fr
2014-04-25 10:20:48,www.univ-bpclermont.fr
2014-04-25 10:20:48,ent.univ-bpclermont.fr
2014-04-25 10:20:49,ent.univ-bpclermont.fr
2014-04-25 10:21:01,sb-ssl.google.com
2014-04-25 10:22:00,claroline.univ-bpclermont.fr
2014-04-25 10:22:00,ent.univ-bpclermont.fr
2014-04-25 10:22:00,www.univ-bpclermont.fr
2014-04-25 10:22:06,claroline.univ-bpclermont.fr
2014-04-25 10:22:07,claroline.univ-bpclermont.fr
2014-04-25 10:22:08,claroline.univ-bpclermont.fr
2014-04-25 10:22:18,claroline.univ-bpclermont.fr
2014-04-25 10:23:21,ent.univ-bpclermont.fr
2014-04-25 10:23:22,ent.univ-bpclermont.fr
2014-04-25 10:23:23,ent.univ-bpclermont.fr
2014-04-25 10:23:26,ent.univ-bpclermont.fr
2014-04-25 10:23:27,www.univ-bpclermont.fr
2014-04-25 10:23:28,claroline.univ-bpclermont.fr
2014-04-25 10:23:38,claroline.univ-bpclermont.fr
2014-04-25 10:23:45,claroline.univ-bpclermont.fr
2014-04-25 10:23:46,claroline.univ-bpclermont.fr
2014-04-25 10:23:46,ocsp.verisign.com
2014-04-25 10:23:54,claroline.univ-bpclermont.fr
2014-04-25 10:23:55,claroline.univ-bpclermont.fr
2014-04-25 10:23:57,claroline.univ-bpclermont.fr
2014-04-25 10:23:58,claroline.univ-bpclermont.fr
2014-04-25 10:25:45,ocsp.digicert.com
2014-04-25 10:32:39,clients1.google.com
2014-04-25 10:32:52,www.google.fr
2014-04-25 10:32:53,www.google.fr
2014-04-25 10:32:54,fr.openclassrooms.com
2014-04-25 10:32:55,www.google.com
2014-04-25 10:32:55,fr.openclassrooms.com
2014-04-25 10:32:55,doug1izaerwt3.cloudfront.net
2014-04-25 10:32:55,dnn506yrbagrg.cloudfront.net
2014-04-25 10:32:56,fr.openclassrooms.com
2014-04-25 10:32:57,www.google.com
2014-04-25 10:33:04,www.google.com
2014-04-25 10:33:05,www.google.com
2014-04-25 10:33:14,clients1.google.com
2014-04-25 10:33:17,fr.openclassrooms.com
2014-04-25 10:33:23,doug1izaerwt3.cloudfront.net
2014-04-25 10:33:23,www.google.com
2014-04-25 10:33:23,fr.openclassrooms.com
2014-04-25 10:33:23,dnn506yrbagrg.cloudfront.net
2014-04-25 10:33:30,www.google.com
2014-04-25 10:33:34,fr.openclassrooms.com
2014-04-25 10:35:41,apis.google.com
2014-04-25 10:35:42,www.google.fr
2014-04-25 10:36:08,www.google.com
2014-04-25 10:36:27,www.googleapis.com
2014-04-25 11:30:43,gtglobal-ocsp.geotrust.com
2014-04-25 11:30:43,clients1.google.com
2014-04-25 11:30:54,clients1.google.com
2014-04-25 11:30:54,www.google.fr
2014-04-25 11:30:55,stackoverflow.com
2014-04-25 11:30:55,i.stack.imgur.com
2014-04-25 11:30:55,ajax.googleapis.com
2014-04-25 11:30:56,cdn-careers.sstatic.net
2014-04-25 11:30:57,cdn-careers.sstatic.net
2014-04-25 11:30:57,stackoverflow.com
2014-04-25 11:30:57,i.stack.imgur.com
2014-04-25 11:30:58,careers.stackoverflow.com
2014-04-25 11:30:58,ocsp.digicert.com
2014-04-25 11:30:58,cdn-careers.sstatic.net
2014-04-25 11:31:14,stackauth.com
2014-04-25 11:32:03,stackoverflow.com
2014-04-25 11:32:52,www.gravatar.com
2014-04-25 11:33:39,www.google.com
2014-04-25 11:33:41,www.google.fr
2014-04-25 11:33:56,ocsp.verisign.com
2014-04-25 11:33:58,adzerk-www.s3.amazonaws.com
2014-04-25 11:46:50,safebrowsing.clients.google.com
2014-04-25 11:46:50,safebrowsing-cache.google.com
