timestamp,site
2014-02-20 15:40:29,res1.windows.microsoft.com
2014-02-20 15:40:29,ajax.microsoft.com
2014-02-20 15:40:29,res2.windows.microsoft.com
2014-02-20 15:40:29,js.microsoft.com
2014-02-20 15:40:29,windows.microsoft.com
2014-02-20 15:40:29,go.microsoft.com
2014-02-20 15:40:33,www.google.fr
2014-02-20 15:40:38,www.google.fr
2014-02-20 15:40:46,www.bing.com
2014-02-20 15:40:47,www.google.fr
2014-02-20 15:40:49,www.google.fr
2014-02-20 15:40:50,apis.google.com
2014-02-20 15:40:52,www.google.com
2014-02-20 15:41:03,apis.google.com
2014-02-20 15:41:03,www.google.fr
2014-02-20 15:41:04,www.google.fr
2014-02-20 15:41:04,www.google.com
2014-02-20 15:41:54,player.vimeo.com
2014-02-20 15:42:33,office.microsoft.com
2014-02-20 15:42:33,office14client.microsoft.com
2014-02-20 15:42:34,office.microsoft.com
2014-02-20 15:42:35,office.microsoft.com
2014-02-20 15:43:19,ieonline.microsoft.com
2014-02-20 15:43:19,go.microsoft.com
2014-02-20 16:06:10,www.google.fr
2014-02-20 16:06:11,www.google.fr
2014-02-20 16:06:22,www.google.fr
2014-02-20 16:06:23,www.google.fr
2014-02-20 16:06:36,www.google.fr
2014-02-20 16:06:37,www.google.fr
2014-02-20 16:06:37,www.cbs.dtu.dk
2014-02-20 16:09:19,www.cbs.dtu.dk
2014-02-20 16:09:19,code.jquery.com
2014-02-20 16:19:03,www.google.fr
2014-02-20 16:19:15,www.google.fr
2014-02-20 16:19:15,www.ebi.ac.uk
2014-02-20 16:19:16,www.ebi.ac.uk
2014-02-20 16:19:54,www.ebi.ac.uk
2014-02-20 16:19:55,www.ebi.ac.uk
2014-02-20 16:19:56,www.ebi.ac.uk
2014-02-20 16:20:00,www.ebi.ac.uk
2014-02-20 16:20:01,www.ebi.ac.uk
2014-02-20 16:20:20,www.ebi.ac.uk
2014-02-20 16:20:21,www.ebi.ac.uk
2014-02-20 16:21:02,www.ebi.ac.uk
2014-02-20 16:21:03,www.ebi.ac.uk
2014-02-20 16:21:04,www.ebi.ac.uk
2014-02-20 16:21:08,www.ebi.ac.uk
2014-02-20 16:21:15,www.ebi.ac.uk
2014-02-20 16:21:16,www.ebi.ac.uk
2014-02-20 16:22:03,www.ebi.ac.uk
2014-02-20 16:22:04,www.ebi.ac.uk
2014-02-20 16:22:08,www.ebi.ac.uk
2014-02-20 16:22:09,www.ebi.ac.uk
2014-02-20 16:22:13,www.ebi.ac.uk
2014-02-20 16:22:14,www.ebi.ac.uk
2014-02-20 16:22:15,www.ebi.ac.uk
2014-02-20 16:22:19,www.ebi.ac.uk
2014-02-20 16:22:26,www.ebi.ac.uk
2014-02-20 16:22:31,www.ebi.ac.uk
2014-02-20 16:22:54,www.ebi.ac.uk
2014-02-20 16:26:02,www.ebi.ac.uk
2014-02-20 16:44:52,www.ebi.ac.uk
2014-02-20 16:44:54,www.ebi.ac.uk
2014-02-20 16:45:16,www.ebi.ac.uk
2014-02-20 16:47:00,www.ebi.ac.uk
2014-02-20 16:47:33,www.ebi.ac.uk
2014-02-20 16:49:06,www.ebi.ac.uk
2014-02-20 16:49:09,www.ebi.ac.uk
2014-02-20 16:49:19,www.ebi.ac.uk
2014-02-20 16:49:21,www.ebi.ac.uk
2014-02-20 16:49:27,www.ebi.ac.uk
2014-02-20 16:49:34,www.ebi.ac.uk
2014-02-20 16:49:35,www.ebi.ac.uk
2014-02-20 16:49:40,www.ebi.ac.uk
2014-02-20 16:49:50,www.ebi.ac.uk
2014-02-20 16:49:52,www.ebi.ac.uk
2014-02-20 16:49:56,www.ebi.ac.uk
2014-02-20 16:50:03,www.ebi.ac.uk
2014-02-20 16:50:08,www.ebi.ac.uk
2014-02-20 16:50:09,www.ebi.ac.uk
2014-02-20 16:50:10,www.ebi.ac.uk
2014-02-20 16:50:16,www.ebi.ac.uk
2014-02-20 16:50:57,www.ebi.ac.uk
2014-02-20 16:50:59,www.ebi.ac.uk
2014-02-20 16:52:38,www.ebi.ac.uk
2014-02-20 16:52:43,www.ebi.ac.uk
2014-02-20 16:54:25,www.ebi.ac.uk
2014-02-20 16:55:06,www.ebi.ac.uk
2014-02-20 16:55:44,www.ebi.ac.uk
2014-02-20 17:00:21,www.ebi.ac.uk
2014-02-20 17:00:41,www.ebi.ac.uk
2014-02-20 17:01:02,www.ebi.ac.uk
2014-02-20 17:01:22,www.ebi.ac.uk
2014-02-20 17:01:53,www.ebi.ac.uk
2014-02-20 17:02:15,www.ebi.ac.uk
2014-02-20 17:03:08,www.ebi.ac.uk
2014-02-20 17:04:00,www.cathdb.info
2014-02-20 17:04:01,ajax.googleapis.com
2014-02-20 17:04:01,www.cathdb.info
2014-02-20 17:04:02,www.cathdb.info
2014-02-20 17:04:04,www.cathdb.info
2014-02-20 17:04:31,supfam.org
2014-02-20 17:04:32,supfam.org
2014-02-20 17:04:43,www.ebi.ac.uk
2014-02-20 17:07:59,www.ebi.ac.uk
2014-02-20 17:08:02,www.ebi.ac.uk
2014-02-20 17:08:02,www.google.fr
2014-02-20 17:08:08,www.ebi.ac.uk
2014-02-20 17:08:09,www.ebi.ac.uk
2014-02-20 17:08:13,www.ebi.ac.uk
2014-02-20 17:08:18,www.ebi.ac.uk
2014-02-20 17:08:19,www.ebi.ac.uk
2014-02-20 17:10:19,www.google.fr
2014-02-20 17:14:28,www.ebi.ac.uk
2014-02-20 17:14:56,www.ebi.ac.uk
2014-02-20 17:15:17,www.ebi.ac.uk
2014-02-20 17:15:42,www.ebi.ac.uk
2014-02-20 17:16:23,www.ebi.ac.uk
2014-02-20 17:18:12,www.ebi.ac.uk
2014-02-20 17:20:45,player.vimeo.com
2014-02-26 10:04:30,www.google.fr
2014-02-26 10:04:45,www.google.fr
2014-02-26 10:04:46,apis.google.com
2014-02-26 10:04:48,www.google.com
2014-02-26 10:04:49,www.google.com
2014-02-26 10:04:52,www.google.fr
2014-02-26 10:04:52,apis.google.com
2014-02-26 10:04:52,www.google.com
2014-02-26 10:05:19,player.vimeo.com
2014-02-26 10:07:38,ieonline.microsoft.com
2014-02-26 10:11:23,genes.mit.edu
2014-02-26 10:11:24,genes.mit.edu
2014-02-26 10:12:06,genes.mit.edu
2014-02-26 10:12:07,genes.mit.edu
2014-02-26 10:16:18,genes.mit.edu
2014-02-26 10:16:31,genes.mit.edu
2014-02-26 10:16:39,genes.mit.edu
2014-02-26 10:24:18,www.ncbi.nlm.nih.gov
2014-02-26 10:24:19,www.ncbi.nlm.nih.gov
2014-02-26 10:27:28,www.ncbi.nlm.nih.gov
2014-02-26 10:50:54,www.ncbi.nlm.nih.gov
2014-02-26 10:55:11,www.google.fr
2014-02-26 10:55:12,www.google.fr
2014-02-26 10:55:28,www.google.fr
2014-02-26 10:55:34,www.ebi.ac.uk
2014-02-26 10:55:34,www.google.fr
2014-02-26 10:55:35,www.ebi.ac.uk
2014-02-26 10:57:10,www.ebi.ac.uk
2014-02-26 10:57:11,www.ebi.ac.uk
2014-02-26 10:57:12,www.ebi.ac.uk
2014-02-26 10:57:14,www.ebi.ac.uk
2014-02-26 10:57:15,www.ebi.ac.uk
2014-02-26 11:01:56,www.google.fr
2014-02-26 11:02:09,www.google.fr
2014-02-26 11:02:16,www.google.fr
2014-02-26 11:02:17,www.google.fr
2014-02-26 11:02:17,www.ebi.ac.uk
2014-02-26 11:03:00,www.ebi.ac.uk
2014-02-26 11:03:01,www.ebi.ac.uk
2014-02-26 11:03:02,www.ebi.ac.uk
2014-02-26 11:03:05,www.ebi.ac.uk
2014-02-26 11:03:11,www.ebi.ac.uk
2014-02-26 11:03:18,www.ebi.ac.uk
2014-02-26 11:03:18,www.google.fr
2014-02-26 11:04:04,www.ebi.ac.uk
2014-02-26 11:04:05,www.ebi.ac.uk
2014-02-26 11:08:58,www.ebi.ac.uk
2014-02-26 11:09:00,www.ebi.ac.uk
2014-02-26 11:09:23,www.ebi.ac.uk
2014-02-26 11:10:03,www.ebi.ac.uk
2014-02-26 11:10:32,www.ebi.ac.uk
2014-02-26 11:10:34,www.ebi.ac.uk
2014-02-26 11:11:00,www.ebi.ac.uk
2014-02-26 11:11:25,www.ebi.ac.uk
2014-02-26 11:11:26,www.ebi.ac.uk
2014-02-26 11:11:27,www.ebi.ac.uk
2014-02-26 11:11:33,www.ebi.ac.uk
2014-02-26 11:11:34,www.ebi.ac.uk
2014-02-26 11:11:38,www.ebi.ac.uk
2014-02-26 11:11:43,www.ebi.ac.uk
2014-02-26 11:11:44,www.ebi.ac.uk
2014-02-26 11:11:54,www.ebi.ac.uk
2014-02-26 11:12:21,www.ebi.ac.uk
2014-02-26 11:12:45,www.ebi.ac.uk
2014-02-26 11:13:14,www.ebi.ac.uk
2014-02-26 11:27:07,office14client.microsoft.com
2014-02-26 11:27:08,rr.office.microsoft.com
2014-02-26 11:27:08,api.bing.com
2014-02-26 11:27:08,office.microsoft.com
2014-02-26 11:27:10,integrate.factiva.com
2014-02-26 11:27:10,www.worldlingo.com
2014-02-26 11:27:10,www.microsofttranslator.com
2014-02-26 11:27:10,services.highbeam.com
2014-02-26 11:27:31,www.ebi.ac.uk
2014-02-26 11:27:42,www.ebi.ac.uk
2014-02-26 11:28:55,www.ebi.ac.uk
2014-02-26 11:29:09,www.ebi.ac.uk
2014-02-26 11:29:10,www.ebi.ac.uk
2014-02-26 11:29:11,www.ebi.ac.uk
2014-02-26 11:29:18,www.ebi.ac.uk
2014-02-26 11:29:21,platform.twitter.com
2014-02-26 11:29:21,www.ebi.ac.uk
2014-02-26 11:29:42,www.cathdb.info
2014-02-26 11:29:44,ajax.googleapis.com
2014-02-26 11:29:44,www.cathdb.info
2014-02-26 11:29:45,www.cathdb.info
2014-02-26 11:29:46,www.cathdb.info
2014-02-26 11:29:47,www.cathdb.info
