timestamp,site
2013-04-12 16:37:32,fpdownload2.macromedia.com
2013-04-12 16:40:23,www.bing.com
2013-04-12 16:40:24,www.bing.com
2013-04-12 16:40:25,www.bing.com
2013-04-12 16:40:25,cms.abmr.net
2013-04-12 16:40:26,www.puydedome.com
2013-04-12 16:40:27,www.puydedome.com
2013-04-12 16:40:28,www.puydedome.com
2013-04-12 16:40:31,www.puydedome.com
2013-04-12 16:40:35,login.live.com
2013-04-12 16:41:23,www.bing.com
2013-04-12 16:41:23,www.pagesjaunes.fr
2013-04-12 16:41:23,logc258.at.pagesjaunes.fr
2013-04-12 16:41:23,ecn.api.tiles.virtualearth.net
2013-04-12 16:41:25,www.puydedome.com
2013-04-12 16:41:35,login.live.com
2013-04-12 16:41:40,www.pagesjaunes.fr
2013-04-12 16:41:40,www.bing.com
2013-04-12 16:41:40,logc258.at.pagesjaunes.fr
2013-04-12 16:41:41,www.bing.com
2013-04-12 16:41:42,www.sncf.com
2013-04-12 16:41:42,login.live.com
2013-04-12 16:41:43,www.sncf.com
2013-04-12 16:41:55,www.sncf.com
2013-04-12 16:41:59,www.sncf.com
2013-04-12 16:42:00,www.sncf.com
2013-04-12 16:42:01,www.sncf.com
2013-04-12 16:42:07,www.sncf.com
2013-04-12 16:42:07,www.voyages-sncf.com
2013-04-12 16:42:07,www.squid-cache.org
2013-04-12 17:04:00,www.bing.com
2013-04-12 17:04:02,mail.google.com
2013-04-12 17:04:02,www.bing.com
2013-04-12 17:04:02,login.live.com
2013-04-12 17:04:13,accounts.google.com
2013-04-12 17:04:16,accounts.youtube.com
2013-04-12 17:04:19,mail.google.com
2013-04-12 17:04:39,accounts.google.fr
2013-04-12 17:04:40,accounts.google.com
2013-04-12 17:04:40,accounts.youtube.com
2013-04-12 17:04:41,accounts.google.fr
2013-04-12 17:04:41,mail.google.com
2013-04-12 17:04:41,clients2.google.com
2013-04-12 17:04:41,apis.google.com
2013-04-12 17:04:42,apis.google.com
2013-04-12 17:04:43,www.google.com
2013-04-12 17:04:45,chatenabled.mail.google.com
2013-04-12 17:04:45,accounts.google.com
2013-04-12 17:04:45,b.mail.google.com
2013-04-12 17:04:45,mail.google.com
2013-04-12 17:04:46,www.google.com
2013-04-12 17:04:46,b.mail.google.com
2013-04-12 17:04:46,chatenabled.mail.google.com
2013-04-12 17:04:46,mail.google.com
2013-04-12 17:04:47,www.google.fr
2013-04-12 17:04:47,accounts.google.fr
2013-04-12 17:04:47,mail.google.com
2013-04-12 17:04:56,accounts.google.com
2013-04-12 17:04:56,b.mail.google.com
2013-04-12 17:04:57,accounts.youtube.com
2013-04-12 17:04:57,accounts.google.fr
2013-04-12 17:05:08,clients2.google.com
2013-04-12 17:05:09,b.mail.google.com
2013-04-12 17:05:09,chatenabled.mail.google.com
2013-04-12 17:05:10,accounts.google.fr
2013-04-12 17:05:10,www.google.com
2013-04-12 17:05:10,www.google.fr
2013-04-12 17:05:10,mail.google.com
2013-04-12 17:08:35,accounts.google.fr
2013-04-12 17:08:35,mail.google.com
2013-04-12 17:08:35,accounts.google.com
2013-04-12 17:08:35,www.google.fr
2013-04-12 17:08:42,www.google.fr
2013-04-12 17:08:55,drive.google.com
2013-04-12 17:08:56,accounts.youtube.com
2013-04-12 17:09:09,mail.google.com
2013-04-12 17:09:16,mail.google.com
2013-04-12 17:09:24,www.google.fr
2013-04-12 17:09:25,apis.google.com
2013-04-12 17:09:25,drive.google.com
2013-04-12 17:09:25,accounts.youtube.com
2013-04-12 17:09:25,accounts.google.com
2013-04-12 17:09:25,www.google.com
2013-04-12 17:09:25,accounts.google.fr
2013-04-12 17:09:28,0.drive.google.com
2013-04-12 17:09:28,drive.google.com
2013-04-12 17:09:30,www.google.com
2013-04-12 17:09:30,docs.google.com
2013-04-12 17:09:30,plus.google.com
2013-04-12 17:09:31,drive.google.com
2013-04-12 17:09:31,docs.google.com
2013-04-12 17:09:40,docs.google.com
2013-04-12 17:09:45,docs.google.com
2013-04-12 17:09:53,docs.google.com
2013-04-12 17:10:02,docs.google.com
2013-04-12 17:10:03,apis.google.com
2013-04-12 17:10:03,docs.google.com
2013-04-12 17:10:05,0.docs.google.com
2013-04-12 17:10:06,docs.google.com
2013-04-12 17:10:25,docs.google.com
2013-04-12 17:10:26,docs.google.com
2013-04-12 17:10:28,docs.google.com
2013-04-12 17:10:29,docs.google.com
2013-04-12 17:10:29,gg.google.com
2013-04-12 17:10:30,apis.google.com
2013-04-12 17:10:31,www.google.com
2013-04-12 17:10:32,1.docs.google.com
2013-04-12 17:10:32,accounts.google.com
2013-04-12 17:10:33,apis.google.com
2013-04-12 17:10:44,clients6.google.com
2013-04-12 17:10:53,apis.google.com
2013-04-12 17:11:42,docs.google.com
2013-04-12 17:12:06,docs.google.com
2013-04-12 17:12:07,1.docs.google.com
2013-04-12 17:12:08,apis.google.com
2013-04-12 17:12:09,docs.google.com
2013-04-12 17:12:09,0.docs.google.com
2013-04-12 17:12:10,apis.google.com
2013-04-12 17:12:10,docs.google.com
2013-04-12 17:12:11,plus.google.com
2013-04-12 17:12:11,docs.google.com
2013-04-12 17:12:12,clients6.google.com
2013-04-12 17:12:12,accounts.google.com
2013-04-12 17:12:12,www.google.com
2013-04-12 17:12:12,docs.google.com
2013-04-12 17:12:12,apis.google.com
2013-04-12 17:12:13,apis.google.com
2013-04-12 17:12:13,gg.google.com
2013-04-12 17:12:13,www.google.fr
2013-04-12 17:12:13,accounts.youtube.com
2013-04-12 17:12:13,drive.google.com
2013-04-12 17:12:13,plus.google.com
2013-04-12 17:12:13,www.google.com
2013-04-12 17:12:13,accounts.google.com
2013-04-12 17:12:14,accounts.google.fr
2013-04-12 17:12:28,0.drive.google.com
2013-04-12 17:12:28,docs.google.com
2013-04-12 17:12:28,accounts.google.com
2013-04-12 17:12:28,www.google.com
2013-04-12 17:12:28,drive.google.com
2013-04-12 17:12:28,accounts.google.fr
2013-04-12 17:12:28,accounts.youtube.com
2013-11-12 14:18:36,www.bing.com
2013-11-12 14:18:37,www.bing.com
2013-11-12 14:18:38,cms.abmr.net
2013-11-12 14:18:38,www.bing.com
2013-11-12 14:18:40,www.bing.com
2013-11-12 14:18:41,www.isima.fr
2013-11-12 14:18:46,login.live.com
2013-11-12 14:19:29,www.bing.com
2013-11-12 14:19:32,www.commentcamarche.net
2013-11-12 14:19:32,www.bing.com
2013-11-12 14:19:32,static.ccm2.net
2013-11-12 14:19:32,ba.commentcamarche.net
2013-11-12 14:19:33,ba.commentcamarche.net
2013-11-12 14:19:33,static.ccm2.net
2013-11-12 14:19:33,www.facebook.com
2013-11-12 14:19:33,r.ccm2.net
2013-11-12 14:19:33,connect.facebook.net
2013-11-12 14:19:33,static.ccmbg.com
2013-11-12 14:19:34,platform.twitter.com
2013-11-12 14:19:34,static.ak.facebook.com
2013-11-12 14:19:34,static.ccm2.net
2013-11-12 14:19:34,s-static.ak.facebook.com
2013-11-12 14:19:40,login.live.com
2013-11-12 14:19:43,twitter.com
2013-11-12 14:19:45,www.facebook.com
2013-11-12 14:19:45,ajax.googleapis.com
2013-11-12 14:19:46,www.bing.com
2013-11-12 14:19:47,login.live.com
2013-11-12 14:19:47,www.bing.com
2013-11-12 14:19:48,ajax.googleapis.com
2013-11-12 14:19:48,twitter.com
2013-11-12 14:19:48,www.bing.com
2013-11-12 14:19:48,www.socsci.umn.edu
2013-11-12 14:19:49,www.socsci.umn.edu
2013-11-12 14:19:58,www.bing.com
2013-11-12 14:20:00,www.bing.com
2013-11-12 14:20:05,www.bing.com
2013-11-12 14:20:09,login.live.com
2013-11-12 14:20:10,login.live.com
2013-11-12 14:20:12,www.bing.com
2013-11-12 14:20:12,dubois.gilles.pagesperso-orange.fr
2013-11-12 14:20:13,dubois.gilles.pagesperso-orange.fr
2013-11-12 14:20:14,dubois.gilles.pagesperso-orange.fr
2013-11-12 14:20:15,ssl.bing.com
2013-11-12 14:20:15,dubois.gilles.pagesperso-orange.fr
2013-11-12 14:20:26,www.bing.com
2013-11-12 14:20:27,www.bing.com
2013-11-12 14:20:28,www.bing.com
2013-11-12 14:20:34,www.bing.com
2013-11-12 14:20:35,api.bing.com
2013-11-12 14:20:35,www.bing.com
2013-11-12 14:20:39,login.live.com
2013-11-12 14:20:39,www.isir.upmc.fr
2013-11-12 14:20:39,www.bing.com
2013-11-12 14:20:41,login.live.com
2013-11-12 14:20:47,www.bing.com
2013-11-12 14:20:49,api.bing.com
2013-11-12 14:20:50,api.bing.com
2013-11-12 14:20:51,api.bing.com
2013-11-12 14:20:52,api.bing.com
2013-11-12 14:20:53,api.bing.com
2013-11-12 14:20:54,api.bing.com
2013-11-12 14:20:55,api.bing.com
2013-11-12 14:20:56,api.bing.com
2013-11-12 14:20:57,api.bing.com
2013-11-12 14:20:58,www.bing.com
2013-11-12 14:20:59,login.live.com
2013-11-12 14:21:00,login.live.com
2013-11-12 14:21:03,www.bing.com
2013-11-12 14:21:06,www.extpdf.com
2013-11-12 14:21:11,www.extpdf.com
2013-11-12 14:21:14,ssl.bing.com
2013-11-12 15:31:27,www.bing.com
2013-11-12 15:31:30,login.live.com
2013-11-20 16:22:48,fpdownload2.macromedia.com
2013-11-20 16:23:13,www.bing.com
2013-11-20 16:23:14,www.bing.com
2013-11-20 16:23:15,www.bing.com
2013-11-20 16:23:15,fabrice.sincere.pagesperso-orange.fr
2013-11-20 16:23:16,fabrice.sincere.pagesperso-orange.fr
2013-11-20 16:25:12,www.bing.com
2013-11-20 16:25:13,www.bing.com
2013-11-20 16:25:13,cms.abmr.net
2013-11-20 16:25:15,www.bing.com
2013-11-20 16:25:15,nte.mines-albi.fr
2013-11-20 16:25:16,www2.ulg.ac.be
2013-11-20 16:25:16,nte.mines-albi.fr
2013-11-20 16:25:17,nte.mines-albi.fr
2013-11-20 16:25:17,www.bing.com
2013-11-20 16:25:18,physics.unblog.fr
2013-11-20 16:25:18,nte.mines-albi.fr
2013-11-20 16:25:19,nte.mines-albi.fr
2013-11-20 16:25:19,www.bing.com
2013-11-20 16:25:20,www.commentcamarche.net
2013-11-20 16:25:20,static.ccm2.net
2013-11-20 16:25:20,ba.commentcamarche.net
2013-11-20 16:25:21,static.ccm2.net
2013-11-20 16:25:21,nte.mines-albi.fr
2013-11-20 16:25:21,ba.commentcamarche.net
2013-11-20 16:25:22,static.ccmbg.com
2013-11-20 16:25:22,connect.facebook.net
2013-11-20 16:25:22,www.facebook.com
2013-11-20 16:25:22,platform.twitter.com
2013-11-20 16:25:22,static.ak.facebook.com
2013-11-20 16:25:22,s-static.ak.facebook.com
2013-11-20 16:25:22,ba.commentcamarche.net
2013-11-20 16:25:22,r.ccm2.net
2013-11-20 16:25:22,static.ccm2.net
2013-11-20 16:25:22,nte.mines-albi.fr
2013-11-20 16:25:23,nte.mines-albi.fr
2013-11-20 16:25:23,login.live.com
2013-11-20 16:25:24,nte.mines-albi.fr
2013-11-20 16:25:31,ajax.googleapis.com
2013-11-20 16:25:32,static.ccm2.net
2013-11-20 16:25:32,www.facebook.com
2013-11-20 16:25:32,www.commentcamarche.net
2013-11-20 16:25:32,twitter.com
2013-11-20 16:25:37,ssl.bing.com
2013-11-20 16:25:37,www.bing.com
2013-11-20 16:25:54,s.ytimg.com
2013-11-20 16:25:54,www.youtube.com
2013-11-20 16:25:59,nte.mines-albi.fr
2013-11-20 16:26:03,twitter.com
2013-11-20 16:26:16,static.ccm2.net
2013-11-20 16:26:16,s.ytimg.com
2013-11-20 16:26:16,www.youtube.com
2013-11-20 16:26:20,s.ytimg.com
2013-11-20 16:30:27,ssl.bing.com
2013-11-20 16:30:59,www.bing.com
2013-11-20 16:31:04,www.bing.com
2013-11-20 16:31:16,www.bing.com
2013-11-20 16:31:16,login.live.com
2013-11-20 16:31:37,www.bing.com
2013-11-20 16:31:38,www.bing.com
2013-11-20 16:31:39,www.bing.com
2013-11-20 16:31:40,www.bing.com
2013-11-20 16:31:43,ssl.bing.com
2013-11-20 16:31:43,www.commentcamarche.net
2013-11-20 16:31:44,static.ccm2.net
2013-11-20 16:31:44,ba.commentcamarche.net
2013-11-20 16:31:44,kh6qrx0f8h.s.ad6media.fr
2013-11-20 16:31:45,ba.commentcamarche.net
2013-11-20 16:31:45,s-static.ak.facebook.com
2013-11-20 16:31:45,static.ak.facebook.com
2013-11-20 16:31:45,www.facebook.com
2013-11-20 16:31:49,login.live.com
2013-11-20 16:31:55,twitter.com
2013-11-20 16:31:56,ajax.googleapis.com
2013-11-20 16:31:56,twitter.com
2013-11-20 16:31:56,www.facebook.com
2013-11-20 16:32:14,www.facebook.com
2013-11-20 16:32:17,www.bing.com
2013-11-20 16:32:19,www.bing.com
2013-11-20 16:32:19,login.live.com
2013-11-20 16:32:19,ajax.googleapis.com
2013-11-20 16:32:20,fr.primary.affinitad.com
2013-11-20 16:32:20,wtpn.twenga.fr
2013-11-20 16:32:20,forum.hardware.fr
2013-11-20 16:32:20,forum-images.hardware.fr
2013-11-20 16:32:21,forum.hardware.fr
2013-11-20 16:32:21,rbx-cdn-tpn.c4tw.net
2013-11-20 16:32:21,fr.primary.affinitad.com
2013-11-20 16:32:21,www.google.com
2013-11-20 16:32:22,wtpn.twenga.fr
2013-11-20 16:32:26,rbx-cdn-tpn.c4tw.net
2013-11-20 16:32:26,fr.primary.affinitad.com
2013-11-20 16:34:30,www.bing.com
2013-11-20 16:34:42,login.live.com
2013-11-20 16:34:56,www.bing.com
2013-11-20 16:34:56,ssl.bing.com
2013-11-20 16:35:03,www.bing.com
2013-11-20 16:35:09,www.bing.com
2013-11-20 16:35:13,www.usherbrooke.ca
2013-11-20 16:35:14,www.usherbrooke.ca
2013-11-20 16:35:15,login.live.com
2013-11-20 16:35:15,www.bing.com
2013-11-20 16:35:15,www.usherbrooke.ca
2013-11-20 16:35:16,www.usherbrooke.ca
2013-11-20 16:35:17,www.usherbrooke.ca
2013-11-20 16:35:17,www.bing.com
2013-11-20 16:35:18,www.usherbrooke.ca
2013-11-20 16:35:19,fr.numberempire.com
2013-11-20 16:35:19,www.usherbrooke.ca
2013-11-20 16:35:20,fr.numberempire.com
2013-11-20 16:35:20,www.usherbrooke.ca
2013-11-20 16:35:21,hal9000.redintelligence.net
2013-11-20 16:35:21,www.usherbrooke.ca
2013-11-20 16:35:22,www.usherbrooke.ca
2013-11-20 16:35:22,hal9000.redintelligence.net
2013-11-20 16:35:22,www.conforama.fr
2013-11-20 16:35:22,boutique-online.orange.fr
2013-11-20 16:35:22,ea.numericable.fr
2013-11-20 16:36:15,fr.numberempire.com
2013-11-20 16:36:17,fr.numberempire.com
2013-11-20 16:36:17,www.google.com
2013-11-20 16:36:17,apis.google.com
2013-11-20 16:36:24,fr.numberempire.com
2013-11-20 16:36:29,apis.google.com
2013-11-20 16:36:30,www.groupon.fr
2013-11-20 16:36:32,accounts.google.com
2013-11-20 16:36:41,accounts.google.com
2013-11-20 16:36:41,fr.numberempire.com
2013-11-20 16:36:59,fr.numberempire.com
2013-11-20 16:37:00,fr.numberempire.com
2013-11-20 16:37:53,fr.numberempire.com
2013-11-20 16:37:53,apis.google.com
2013-11-20 16:37:55,ssl.bing.com
2013-11-20 16:41:54,apis.google.com
2013-11-20 16:42:09,www.bing.com
2013-11-20 16:42:18,login.live.com
2013-11-20 16:54:27,www.bing.com
2013-11-20 16:56:53,www.bing.com
2013-11-20 16:56:57,www.bing.com
2013-11-20 16:58:00,www.squid-cache.org
2013-11-20 16:58:00,www.bing.com
2013-11-20 16:59:58,www.google.fr
2013-11-20 17:00:00,www.google.fr
2013-11-27 15:47:49,www.bing.com
2013-11-27 15:47:50,www.bing.com
2013-11-27 15:47:51,www.bing.com
2013-11-27 15:47:51,bits.wikimedia.org
2013-11-27 15:47:51,fr.wikipedia.org
2013-11-27 15:47:52,cms.abmr.net
2013-11-27 15:47:52,bits.wikimedia.org
2013-11-27 15:47:52,fr.wikipedia.org
2013-11-27 15:47:52,login.live.com
2013-11-27 15:47:54,meta.wikimedia.org
2013-11-27 15:47:54,bits.wikimedia.org
2013-11-27 15:47:54,fr.wikipedia.org
2013-11-27 15:47:57,www.bing.com
2013-11-27 15:47:58,www.bing.com
2013-11-27 15:47:58,cms.abmr.net
2013-11-27 15:47:59,www.bing.com
2013-11-27 15:48:00,www.bing.com
2013-11-27 15:48:02,fabrice.sincere.pagesperso-orange.fr
2013-11-27 15:48:02,login.live.com
2013-11-27 15:48:02,www.bing.com
2013-11-27 15:48:08,fr.wikipedia.org
2013-11-27 15:48:08,login.live.com
2013-11-27 15:48:08,bits.wikimedia.org
2013-11-27 16:24:09,fpdownload2.macromedia.com
2013-11-27 16:24:31,player.vimeo.com
2013-11-27 16:58:10,oeconomia.net
2013-11-27 16:58:11,oeconomia.net
2013-11-27 16:58:12,oeconomia.net
2013-11-27 16:58:13,oeconomia.net
2013-11-27 16:58:14,oeconomia.net
2013-11-27 16:58:18,oeconomia.net
2013-11-27 16:58:20,oeconomia.net
2013-11-27 16:58:31,oeconomia.net
2013-11-27 16:58:37,oeconomia.net
2013-11-27 16:58:38,oeconomia.net
2013-11-27 16:58:46,oeconomia.net
2013-11-27 17:12:50,ajax.googleapis.com
2013-11-27 17:29:29,www.bing.com
2013-11-27 17:29:30,www.bing.com
2013-11-27 17:29:33,www.bing.com
2013-11-27 17:29:34,www.bing.com
2013-11-27 17:29:35,www.bing.com
2013-11-27 17:29:35,login.live.com
2013-11-27 17:29:35,drive.google.com
2013-11-27 17:29:45,www.bing.com
2013-11-27 17:29:46,mail.google.com
2013-11-27 17:29:46,www.bing.com
2013-11-27 17:29:52,mail.google.com
2013-11-27 17:29:54,mail.google.com
2013-11-27 17:29:56,login.live.com
2013-11-27 17:29:58,accounts.google.com
2013-11-27 17:29:59,accounts.google.com
2013-11-27 17:30:01,accounts.youtube.com
2013-11-27 17:30:06,mail.google.com
2013-11-27 17:30:26,accounts.google.fr
2013-11-27 17:30:26,mail.google.com
2013-11-27 17:30:28,accounts.google.com
2013-11-27 17:30:28,accounts.youtube.com
2013-11-27 17:30:28,accounts.google.fr
2013-11-27 17:30:28,mail.google.com
2013-11-27 17:30:28,clients2.google.com
2013-11-27 17:30:28,apis.google.com
2013-11-27 17:30:29,clients2.google.com
2013-11-27 17:30:30,www.google.com
2013-11-27 17:30:32,apis.google.com
2013-11-27 17:30:32,accounts.google.com
2013-11-27 17:30:32,www.google.com
2013-11-27 17:30:32,clients6.google.com
2013-11-27 17:30:32,b.mail.google.com
2013-11-27 17:30:32,chatenabled.mail.google.com
2013-11-27 17:30:33,mail.google.com
2013-11-27 17:31:14,chatenabled.mail.google.com
2013-11-27 17:31:14,apis.google.com
2013-11-27 17:31:15,b.mail.google.com
2013-11-27 17:31:16,www.google.fr
2013-11-27 17:31:16,clients6.google.com
2013-11-27 17:31:16,mail.google.com
2013-11-27 17:31:16,www.google.com
2013-11-27 17:31:16,accounts.google.fr
2013-11-27 17:31:16,accounts.youtube.com
2013-11-27 17:31:17,accounts.google.fr
2013-11-27 17:31:17,accounts.google.com
2013-11-27 17:31:17,accounts.youtube.com
2013-11-27 17:31:17,mail.google.com
2013-11-28 10:46:52,login.live.com
2013-11-28 10:48:01,login.live.com
2013-11-28 10:48:26,login.live.com
2013-11-28 10:55:20,login.live.com
2013-11-28 10:55:36,fr.wikipedia.org
2013-11-28 10:55:36,bits.wikimedia.org
2013-11-28 10:55:36,login.wikimedia.org
2013-11-28 10:56:34,bits.wikimedia.org
2013-11-28 10:56:34,login.wikimedia.org
2013-11-28 10:56:34,fr.wikipedia.org
2013-11-28 11:29:45,login.live.com
2013-11-28 11:29:53,login.live.com
2013-11-28 11:30:06,bits.wikimedia.org
2013-11-28 16:32:42,login.live.com
2013-11-28 16:32:45,www.google.fr
2013-11-28 16:32:48,www.google.com
2013-11-28 16:33:48,www.google.fr
2013-11-28 16:33:48,www.google.com
2013-11-28 16:35:44,www.google.com
2013-11-28 16:35:48,www.google.fr
2013-11-28 16:35:58,mts1.google.com
2013-11-28 16:35:58,mts0.google.com
2013-11-28 16:35:58,www.google.com
2013-11-28 16:35:58,maps.google.fr
2013-11-28 16:35:59,mts1.google.com
2013-11-28 16:35:59,mts0.google.com
2013-11-28 16:36:00,apis.google.com
2013-11-28 16:36:00,maps.google.fr
2013-11-28 16:36:00,mts1.google.com
2013-11-28 16:36:00,mts0.google.com
2013-11-28 16:36:01,apis.google.com
2013-11-28 16:36:01,mts1.google.com
2013-11-28 16:36:01,maps.google.fr
2013-11-28 16:36:01,mts0.google.com
2013-11-28 16:36:05,maps.google.fr
2013-11-28 16:36:50,maps.google.fr
2013-11-28 16:37:24,mts1.google.com
2013-11-28 16:37:27,mts1.google.com
2013-11-28 16:37:27,mts0.google.com
2013-11-28 16:37:27,www.google.fr
2013-11-28 16:42:01,pbs.twimg.com
2013-11-28 16:42:06,twitter.com
2013-11-28 16:43:44,www.google.fr
2013-11-28 16:45:14,www.google.fr
2013-11-28 16:45:24,www.google.com
2013-11-28 16:45:29,www.google.fr
2013-11-28 16:51:38,apis.google.com
2013-11-28 16:51:38,login.live.com
2013-11-28 16:51:40,login.live.com
2013-11-28 16:51:41,www.google.fr
2013-11-28 16:51:44,www.google.com
2013-11-28 16:51:48,login.live.com
2013-11-28 16:51:52,www.google.com
2013-11-28 16:51:55,ssl.bing.com
2013-11-28 16:52:10,ssl.bing.com
2013-11-28 16:52:53,ajax.googleapis.com
2013-11-28 16:52:54,ajax.googleapis.com
2013-11-28 16:55:32,www.google.fr
2013-11-28 17:26:34,login.live.com
2013-12-12 10:05:04,fpdownload2.macromedia.com
2013-12-12 10:05:17,oeconomia.net
2013-12-12 10:05:18,oeconomia.net
2013-12-12 10:05:23,oeconomia.net
2013-12-12 10:05:24,oeconomia.net
2013-12-12 10:05:28,oeconomia.net
2013-12-12 10:05:30,oeconomia.net
2013-12-12 10:05:32,oeconomia.net
2013-12-12 10:05:36,oeconomia.net
2013-12-12 10:05:48,oeconomia.net
2013-12-12 11:27:05,www.bing.com
2013-12-12 11:27:06,www.bing.com
2013-12-12 11:27:07,fr.wikipedia.org
2013-12-12 11:27:07,login.live.com
2013-12-12 11:27:07,www.bing.com
2013-12-12 11:27:07,bits.wikimedia.org
2013-12-12 11:27:08,fr.wikipedia.org
2013-12-12 11:27:08,bits.wikimedia.org
2013-12-12 11:27:08,login.wikimedia.org
2013-12-12 11:27:08,meta.wikimedia.org
2013-12-12 11:27:22,bits.wikimedia.org
2013-12-12 11:28:22,bits.wikimedia.org
2013-12-12 11:28:40,www.bing.com
2013-12-12 11:28:42,login.live.com
2013-12-12 11:45:14,www.bing.com
2013-12-12 11:45:15,www.bing.com
2013-12-12 11:45:16,www.covoiturage.fr
2013-12-12 11:45:17,www.covoiturage.fr
2013-12-12 11:45:17,bbcphotos.s3.amazonaws.com
2013-12-12 11:45:17,connect.facebook.net
2013-12-12 11:45:17,www.facebook.com
2013-12-12 11:45:18,static.ak.facebook.com
2013-12-12 11:45:18,www.google.com
2013-12-12 11:45:18,www.google.fr
2013-12-12 11:45:18,s-static.ak.facebook.com
2013-12-12 11:45:18,www.facebook.com
2013-12-12 11:45:21,www.covoiturage.fr
2013-12-12 11:45:22,www.covoiturage.fr
2013-12-12 11:45:24,www.covoiturage.fr
2013-12-12 11:45:26,login.live.com
2013-12-12 11:45:28,www.covoiturage.fr
2013-12-12 11:45:35,www.covoiturage.fr
2013-12-12 11:45:38,www.covoiturage.fr
2013-12-12 11:45:39,s-static.ak.facebook.com
2013-12-12 11:45:39,www.facebook.com
2013-12-12 11:45:39,static.ak.facebook.com
2013-12-12 11:45:39,www.covoiturage.fr
2013-12-12 11:45:39,bbcphotos.s3.amazonaws.com
2013-12-12 11:45:40,www.facebook.com
2013-12-12 11:46:04,maps.google.com
2013-12-12 11:46:04,www.covoiturage.fr
2013-12-12 11:46:05,www.facebook.com
2013-12-12 11:46:05,s-static.ak.facebook.com
2013-12-12 11:46:05,static.ak.facebook.com
2013-12-12 11:46:05,bbcphotos.s3.amazonaws.com
2013-12-12 11:46:10,maps.googleapis.com
2013-12-12 11:46:18,www.facebook.com
2013-12-12 11:46:21,www.facebook.com
2013-12-12 11:47:56,www.covoiturage.fr
2013-12-12 11:47:57,s-static.ak.facebook.com
2013-12-12 11:47:57,www.facebook.com
2013-12-12 11:47:57,static.ak.facebook.com
2013-12-12 11:47:57,bbcphotos.s3.amazonaws.com
2013-12-12 11:47:57,www.covoiturage.fr
2013-12-12 11:48:30,static.ak.facebook.com
2013-12-12 11:48:30,bbcphotos.s3.amazonaws.com
2013-12-12 11:48:30,maps.google.com
2013-12-12 11:48:30,www.covoiturage.fr
2013-12-12 11:48:30,s-static.ak.facebook.com
2013-12-12 11:48:30,www.facebook.com
2013-12-12 11:48:31,www.facebook.com
2013-12-12 11:48:35,maps.googleapis.com
2013-12-12 11:48:50,static.ak.facebook.com
2013-12-12 11:48:50,bbcphotos.s3.amazonaws.com
2013-12-12 11:48:50,maps.google.com
2013-12-12 11:48:50,www.covoiturage.fr
2013-12-12 11:48:50,s-static.ak.facebook.com
2013-12-12 11:48:51,www.facebook.com
2013-12-12 11:48:56,maps.googleapis.com
2013-12-13 09:38:34,www.bing.com
2013-12-13 09:38:35,www.bing.com
2013-12-13 09:38:36,www.bing.com
2013-12-13 09:38:40,www.bing.com
2013-12-13 09:38:40,mail.google.com
2013-12-13 09:38:46,login.live.com
2013-12-13 09:38:46,mail.google.com
2013-12-13 09:38:51,accounts.google.com
2013-12-13 09:38:53,accounts.google.com
2013-12-13 09:38:56,accounts.youtube.com
2013-12-13 09:39:07,mail.google.com
2013-12-13 09:39:08,mail.google.com
2013-12-13 09:39:12,accounts.google.fr
2013-12-13 09:39:13,mail.google.com
2013-12-13 09:39:15,clients2.google.com
2013-12-13 09:39:15,apis.google.com
2013-12-13 09:39:15,mail.google.com
2013-12-13 09:39:15,accounts.google.com
2013-12-13 09:39:15,accounts.youtube.com
2013-12-13 09:39:15,accounts.google.fr
2013-12-13 09:39:16,apis.google.com
2013-12-13 09:39:17,www.google.com
2013-12-13 09:39:18,accounts.google.com
2013-12-13 09:39:18,mail.google.com
2013-12-13 09:39:19,chatenabled.mail.google.com
2013-12-13 09:39:19,b.mail.google.com
2013-12-13 09:39:20,www.google.com
2013-12-13 09:39:20,mail.google.com
2013-12-13 09:39:48,clients6.google.com
2013-12-13 09:41:15,mail.google.com
2013-12-13 09:42:21,b.mail.google.com
2013-12-13 09:42:22,accounts.youtube.com
2013-12-13 09:42:22,accounts.google.fr
2013-12-13 09:42:22,www.google.com
2013-12-13 09:42:22,apis.google.com
2013-12-13 09:42:22,chatenabled.mail.google.com
2013-12-13 09:42:22,www.google.fr
2013-12-13 09:42:22,clients6.google.com
2013-12-13 09:43:03,accounts.google.com
2013-12-13 09:43:03,accounts.google.fr
2013-12-13 09:43:03,accounts.youtube.com
2013-12-13 09:43:03,mail.google.com
2013-12-19 13:57:47,fpdownload2.macromedia.com
2013-12-19 14:20:19,www.bing.com
2013-12-19 14:20:20,www.bing.com
2013-12-19 14:20:21,www.bing.com
2013-12-19 14:20:21,cms.abmr.net
2013-12-19 14:20:23,www.bing.com
2013-12-19 14:20:24,math.univ-lyon1.fr
2013-12-19 14:20:31,login.live.com
2013-12-19 14:20:45,www.bing.com
2013-12-19 14:20:45,ssl.bing.com
2013-12-19 14:20:51,www.bing.com
2013-12-19 14:20:52,www.lsta.upmc.fr
2013-12-19 14:20:58,www.bing.com
2013-12-19 14:20:59,www.bing.com
2013-12-19 14:20:59,cms.abmr.net
2013-12-19 14:21:01,www.bing.com
2013-12-19 14:21:04,www.bing.com
2013-12-19 14:21:09,www.bing.com
2013-12-19 14:21:09,iml.univ-mrs.fr
2013-12-19 14:21:13,www.bing.com
2013-12-19 14:21:15,www.bing.com
2013-12-19 14:21:15,nobelis.eu
2013-12-19 14:21:15,login.live.com
2013-12-19 14:21:15,ssl.bing.com
2013-12-19 14:21:16,nobelis.eu
2013-12-19 14:21:19,www.bing.com
2013-12-19 14:21:21,www.bing.com
2013-12-19 14:21:21,login.live.com
2013-12-19 14:21:25,ssl.bing.com
2013-12-19 14:21:25,bits.wikimedia.org
2013-12-19 14:21:25,meta.wikimedia.org
2013-12-19 14:21:25,login.wikimedia.org
2013-12-19 14:21:25,www.bing.com
2013-12-19 14:21:25,fr.wikipedia.org
2013-12-19 14:21:26,meta.wikimedia.org
2013-12-19 14:21:26,bits.wikimedia.org
2013-12-19 14:21:26,fr.wikipedia.org
2013-12-19 14:21:29,www.bing.com
2013-12-19 14:21:31,www.proba.jussieu.fr
2013-12-19 14:21:31,www.bing.com
2013-12-19 14:21:32,www.proba.jussieu.fr
2013-12-19 14:21:35,www.bing.com
2013-12-19 14:21:37,www.bing.com
2013-12-19 14:21:37,www.proba.jussieu.fr
2013-12-19 14:21:39,www.bing.com
2013-12-19 14:21:39,bits.wikimedia.org
2013-12-19 14:21:45,www.bing.com
2013-12-19 14:21:50,login.live.com
2013-12-19 14:21:52,login.live.com
2013-12-19 14:21:53,www.bing.com
2013-12-19 14:21:56,www.math.sciences.univ-nantes.fr
2013-12-19 14:21:56,www.bing.com
2013-12-19 14:21:56,ssl.bing.com
2013-12-19 14:21:57,www.math.sciences.univ-nantes.fr
2013-12-19 14:21:58,www.math.sciences.univ-nantes.fr
2013-12-19 14:22:00,www.math.sciences.univ-nantes.fr
2013-12-19 14:22:18,www.bing.com
2013-12-19 14:22:20,www.bing.com
2013-12-19 14:22:22,cipcnet.insa-lyon.fr
2013-12-19 14:22:22,www.bing.com
2013-12-19 14:22:23,cipcnet.insa-lyon.fr
2013-12-19 14:22:26,www.bing.com
2013-12-19 14:22:27,www.bing.com
2013-12-19 14:22:28,ba.commentcamarche.net
2013-12-19 14:22:28,static.ccm2.net
2013-12-19 14:22:28,www.commentcamarche.net
2013-12-19 14:22:28,kh6qrx0f8h.s.ad6media.fr
2013-12-19 14:22:29,connect.facebook.net
2013-12-19 14:22:29,s-static.ak.facebook.com
2013-12-19 14:22:29,static.ccm2.net
2013-12-19 14:22:29,static.ak.facebook.com
2013-12-19 14:22:29,www.facebook.com
2013-12-19 14:22:29,static.ccmbg.com
2013-12-19 14:22:29,platform.twitter.com
2013-12-19 14:22:29,r.ccm2.net
2013-12-19 14:22:30,static.ccm2.net
2013-12-19 14:22:31,www.bing.com
2013-12-19 14:22:33,login.live.com
2013-12-19 14:22:33,www.bing.com
2013-12-19 14:22:35,www.bing.com
2013-12-19 14:22:37,www.bing.com
2013-12-19 14:22:37,twitter.com
2013-12-19 14:22:37,login.live.com
2013-12-19 14:22:38,www.bing.com
2013-12-19 14:22:40,ajax.googleapis.com
2013-12-19 14:22:40,math.univ-lille1.fr
2013-12-19 14:22:40,www.bing.com
2013-12-19 14:22:42,www.bing.com
2013-12-19 14:22:42,math.univ-lille1.fr
2013-12-19 14:22:55,www.bing.com
2013-12-19 14:22:57,forum.mathematex.net
2013-12-19 14:22:57,www.mathematex.net
2013-12-19 14:22:57,www.google.fr
2013-12-19 14:22:57,www.google.com
2013-12-19 14:22:58,www.google.com
2013-12-19 14:22:58,clients1.google.com
2013-12-19 14:22:58,www.bing.com
2013-12-19 14:22:58,www.mathematex.net
2013-12-19 14:22:59,mathematex.net
2013-12-19 14:22:59,www.google.com
2013-12-19 14:22:59,www.proba.jussieu.fr
2013-12-19 14:23:10,www.googleapis.com
2013-12-19 14:23:36,ssl.bing.com
2013-12-19 14:23:36,www.googleapis.com
2013-12-19 14:25:55,www.bing.com
2013-12-19 14:25:57,www.bing.com
2013-12-19 14:25:58,fr.wikipedia.org
2013-12-19 14:25:58,meta.wikimedia.org
2013-12-19 14:25:58,bits.wikimedia.org
2013-12-19 14:25:59,www.bing.com
2013-12-19 14:26:00,bits.wikimedia.org
2013-12-19 14:26:00,fr.wikipedia.org
2013-12-19 14:26:00,www.bing.com
2013-12-19 14:26:00,meta.wikimedia.org
2013-12-19 14:26:01,fr.wikipedia.org
2013-12-19 14:26:01,meta.wikimedia.org
2013-12-19 14:26:06,login.live.com
2013-12-19 14:26:14,bits.wikimedia.org
2013-12-19 14:26:39,login.wikimedia.org
2013-12-19 14:26:39,bits.wikimedia.org
2013-12-19 14:26:39,commons.wikimedia.org
2013-12-19 14:26:39,meta.wikimedia.org
2013-12-19 14:26:40,bits.wikimedia.org
2013-12-19 14:26:40,commons.wikimedia.org
2013-12-19 14:26:40,meta.wikimedia.org
2013-12-19 14:26:41,commons.wikimedia.org
2013-12-19 14:29:53,fr.wikipedia.org
2013-12-19 14:30:07,bits.wikimedia.org
2013-12-19 14:30:07,commons.wikimedia.org
2013-12-19 14:30:08,commons.wikimedia.org
2013-12-19 14:30:08,meta.wikimedia.org
2013-12-19 14:30:08,bits.wikimedia.org
2013-12-19 14:30:15,fr.wikipedia.org
2013-12-19 14:30:15,meta.wikimedia.org
2013-12-19 14:30:19,www.bing.com
2013-12-19 14:30:28,www.bing.com
2013-12-19 14:30:30,www.bing.com
2013-12-19 14:30:30,fr.wikipedia.org
2013-12-19 14:30:30,bits.wikimedia.org
2013-12-19 14:30:31,login.live.com
2013-12-19 14:30:31,meta.wikimedia.org
2013-12-19 14:30:31,fr.wikipedia.org
2013-12-19 14:30:31,bits.wikimedia.org
2013-12-19 14:30:32,login.live.com
2013-12-19 14:30:37,www.bing.com
2013-12-19 14:30:38,fr.wikipedia.org
2013-12-19 14:30:38,www.bing.com
2013-12-19 14:30:39,fr.wikipedia.org
2013-12-19 14:30:39,bits.wikimedia.org
2013-12-19 14:30:39,meta.wikimedia.org
2013-12-19 14:30:58,www.bing.com
2013-12-19 14:31:06,www.bing.com
2013-12-19 14:31:07,login.live.com
2013-12-19 14:31:07,www.bing.com
2013-12-19 14:31:08,login.live.com
2013-12-19 14:31:08,fr.wikipedia.org
2013-12-19 14:31:08,bits.wikimedia.org
2013-12-19 14:31:08,meta.wikimedia.org
2013-12-19 14:31:52,www.bing.com
2013-12-19 14:31:56,www.bing.com
2013-12-19 14:31:57,meta.wikimedia.org
2013-12-19 14:31:57,bits.wikimedia.org
2013-12-19 14:31:57,fr.wikipedia.org
2013-12-19 14:31:57,login.live.com
2013-12-19 14:32:09,www.bing.com
2013-12-19 14:32:10,www.bing.com
2013-12-19 14:32:11,www.statelem.com
2013-12-19 14:32:11,www.editions-humanis.com
2013-12-19 14:32:11,rcm-fr.amazon.fr
2013-12-19 14:32:12,www.editions-humanis.com
2013-12-19 14:32:12,rcm-fr.amazon.fr
2013-12-19 14:32:12,www.statelem.com
2013-12-19 14:32:12,ecx.images-amazon.com
2013-12-19 14:32:12,www.google.com
2013-12-19 14:32:19,www.bing.com
2013-12-19 14:32:28,login.live.com
2013-12-19 14:32:42,ssl.bing.com
2013-12-19 14:32:43,www.bing.com
2013-12-19 14:33:38,www.bing.com
2013-12-19 14:33:39,www.bing.com
2013-12-19 14:33:40,login.live.com
2013-12-19 14:33:40,www.bing.com
2013-12-19 14:33:40,fr.wikipedia.org
2013-12-19 14:33:41,bits.wikimedia.org
2013-12-19 14:33:41,meta.wikimedia.org
2013-12-19 14:33:41,fr.wikipedia.org
2013-12-19 14:33:44,www.bing.com
2013-12-19 14:33:46,www.bing.com
2013-12-19 14:33:46,ssl.bing.com
2013-12-19 14:33:46,www.statelem.com
2013-12-19 14:33:47,rcm-fr.amazon.fr
2013-12-19 14:33:47,ecx.images-amazon.com
2013-12-19 14:33:47,www.google.com
2013-12-19 14:33:47,hal9000.redintelligence.net
2013-12-19 14:33:47,www.statelem.com
2013-12-19 14:33:48,hal9000.redintelligence.net
2013-12-19 14:33:50,www.bing.com
2013-12-19 14:33:52,login.live.com
2013-12-19 14:33:52,ssl.bing.com
2013-12-19 14:33:52,www.bing.com
2013-12-19 14:33:54,www.bibmath.net
2013-12-19 14:33:54,www.facebook.com
2013-12-19 14:33:55,www.bibmath.net
2013-12-19 14:33:55,banniere.reussissonsensemble.fr
2013-12-19 14:33:55,www.google.com
2013-12-19 14:33:59,apis.google.com
2013-12-19 14:34:02,accounts.google.com
2013-12-19 14:37:59,apis.google.com
2013-12-19 14:38:02,accounts.google.com
2013-12-19 14:43:20,www.bing.com
2013-12-19 14:43:22,meta.wikimedia.org
2013-12-19 14:43:22,bits.wikimedia.org
2013-12-19 14:43:22,login.live.com
2013-12-19 14:43:22,www.bing.com
2013-12-19 14:43:22,fr.wikipedia.org
2013-12-19 14:43:23,fr.wikipedia.org
2013-12-19 14:43:23,meta.wikimedia.org
2013-12-19 14:43:31,www.bing.com
2013-12-19 14:43:34,www.bing.com
2013-12-19 14:43:35,rcm-fr.amazon.fr
2013-12-19 14:43:35,www.statelem.com
2013-12-19 14:43:36,ecx.images-amazon.com
2013-12-19 14:43:36,rcm-fr.amazon.fr
2013-12-19 14:43:36,www.statelem.com
2013-12-19 14:43:42,login.live.com
2013-12-19 14:43:44,www.bing.com
2013-12-19 14:43:44,www.statelem.com
2013-12-19 14:43:47,www.bing.com
2013-12-19 14:43:47,login.live.com
2013-12-19 14:43:50,www.normalesup.org
2013-12-19 14:43:50,www.bing.com
2013-12-19 14:44:38,www.bing.com
2013-12-19 14:44:40,www.bing.com
2013-12-19 14:44:48,www.bing.com
2013-12-19 14:44:51,login.live.com
2013-12-19 14:44:51,ssl.bing.com
2013-12-19 14:44:51,www.bing.com
2013-12-19 14:45:51,ssl.bing.com
2013-12-19 14:47:37,www.pagesjaunes.fr
2013-12-19 14:47:37,www.bing.com
2013-12-19 14:47:37,logc258.at.pagesjaunes.fr
2013-12-19 14:47:37,ecn.api.tiles.virtualearth.net
2013-12-19 14:47:38,www.bing.com
2013-12-19 14:47:41,www.ensae.fr
2013-12-19 14:47:44,www.bing.com
2013-12-19 14:47:45,www.bing.com
2013-12-19 14:47:49,login.live.com
2013-12-19 14:47:50,www.bing.com
2013-12-19 14:47:52,login.live.com
2013-12-19 14:47:52,www.bing.com
2013-12-19 14:47:52,www.univ-lyon2.fr
2013-12-19 14:47:53,www.univ-lyon2.fr
2013-12-19 14:47:53,www.youtube.com
2013-12-19 14:47:53,i1.ytimg.com
2013-12-19 14:47:53,s.ytimg.com
2013-12-19 14:47:54,i1.ytimg.com
2013-12-19 14:47:55,login.live.com
2013-12-19 14:48:05,www.ensae.fr
2013-12-19 14:48:09,ssl.bing.com
2013-12-19 14:48:09,www.bing.com
2013-12-19 14:48:11,www.ensae.fr
2013-12-19 14:48:37,www.ensae.fr
2013-12-19 14:48:41,www.bing.com
2013-12-19 14:48:41,www.math.univ-paris-diderot.fr
2013-12-19 14:48:41,ssl.bing.com
2013-12-19 14:48:42,www.math.univ-paris-diderot.fr
2013-12-19 14:48:44,www.math.univ-paris-diderot.fr
2013-12-19 14:48:45,www.univ-lyon2.fr
2013-12-19 14:48:50,www.univ-lyon2.fr
2013-12-19 14:48:51,www.univ-lyon2.fr
2013-12-19 14:48:52,www.univ-lyon2.fr
2013-12-19 14:48:55,www.math.univ-paris-diderot.fr
2013-12-19 14:49:03,www.univ-paris-diderot.fr
2013-12-19 14:49:11,www.ensae.fr
2013-12-19 14:49:23,www.ensae.fr
2013-12-19 14:49:39,www.ensae.fr
2013-12-19 14:49:43,www.ensae.fr
2013-12-19 14:50:01,www.ensae.fr
2013-12-19 14:50:10,www.ensae.fr
2013-12-19 14:50:13,www.ensae.fr
2013-12-19 14:50:24,www.univ-paris-diderot.fr
2013-12-19 14:50:25,www.univ-paris-diderot.fr
2013-12-19 14:50:27,www.univ-paris-diderot.fr
2013-12-19 14:50:55,www.univ-paris-diderot.fr
2013-12-19 14:51:04,www.univ-lyon2.fr
2013-12-19 14:51:06,www.univ-lyon2.fr
2013-12-19 14:51:41,www.univ-lyon2.fr
2013-12-19 14:51:43,www.univ-lyon2.fr
2013-12-19 14:51:48,www.univ-lyon2.fr
2013-12-19 14:51:53,www.univ-lyon2.fr
2013-12-19 14:51:55,www.univ-lyon2.fr
2013-12-19 14:51:57,www.univ-lyon2.fr
2013-12-19 14:51:58,www.univ-lyon2.fr
2013-12-19 14:51:59,www.univ-lyon2.fr
2013-12-19 14:54:05,logc258.at.pagesjaunes.fr
2013-12-19 14:54:05,www.pagesjaunes.fr
2013-12-19 14:54:05,ecn.api.tiles.virtualearth.net
2013-12-19 14:54:05,www.bing.com
2013-12-19 14:54:14,logc258.at.pagesjaunes.fr
2013-12-19 14:54:14,www.bing.com
2013-12-19 14:54:14,ecn.api.tiles.virtualearth.net
2013-12-19 14:54:14,www.pagesjaunes.fr
2013-12-19 14:54:16,www.bing.com
2013-12-19 14:54:16,www.univ-paris-diderot.fr
2013-12-19 14:54:16,login.live.com
2013-12-19 14:54:17,www.univ-paris-diderot.fr
2013-12-19 14:54:27,www.bing.com
2013-12-19 14:54:28,www.bing.com
2013-12-19 14:54:29,www.bing.com
2013-12-19 14:54:29,login.live.com
2013-12-19 14:54:29,www.u-paris10.fr
2013-12-19 14:54:30,www.bing.com
2013-12-19 14:54:30,ssl.bing.com
2013-12-19 14:54:40,www.u-paris10.fr
2013-12-19 14:54:40,apis.google.com
2013-12-19 14:54:41,www.u-paris10.fr
2013-12-19 14:54:41,cri.u-paris10.fr
2013-12-19 14:54:42,www.u-paris10.fr
2013-12-19 14:54:46,www.u-paris10.fr
2013-12-19 14:54:47,www.u-paris10.fr
2013-12-19 14:54:47,cri.u-paris10.fr
2013-12-19 14:54:58,accounts.google.com
2013-12-19 14:55:01,accounts.google.com
2013-12-19 14:55:01,cri.u-paris10.fr
2013-12-19 14:55:01,www.u-paris10.fr
2013-12-19 14:55:02,www.u-paris10.fr
2013-12-19 14:55:17,ssl.bing.com
2013-12-19 14:55:17,www.u-paris10.fr
2013-12-19 14:55:19,www.u-paris10.fr
2013-12-19 14:55:21,apis.google.com
2013-12-19 14:55:21,www.bing.com
2013-12-19 14:55:22,www.bing.com
2013-12-19 14:55:23,accounts.google.com
2013-12-19 14:55:23,www.bing.com
2013-12-19 14:55:24,isifar.u-paris10.fr
2013-12-19 14:55:25,www.bing.com
2013-12-19 14:55:25,isifar.u-paris10.fr
2013-12-19 14:55:29,www.univ-paris-diderot.fr
2013-12-19 14:55:29,cri.u-paris10.fr
2013-12-19 14:55:29,apis.google.com
2013-12-19 14:55:29,isifar.u-paris10.fr
2013-12-19 14:55:29,www.u-paris10.fr
2013-12-19 14:55:30,isifar.u-paris10.fr
2013-12-19 14:55:30,apis.google.com
2013-12-19 14:55:31,www.u-paris10.fr
2013-12-19 14:55:33,www.bing.com
2013-12-19 14:55:33,login.live.com
2013-12-19 14:55:35,www.math.univ-paris-diderot.fr
2013-12-19 14:55:46,ssl.bing.com
2013-12-19 14:55:46,www.math.univ-paris-diderot.fr
2013-12-19 14:55:47,www.math.univ-paris-diderot.fr
2013-12-19 14:55:47,cri.u-paris10.fr
2013-12-19 14:55:47,www.bing.com
2013-12-19 14:55:47,www.u-paris10.fr
2013-12-19 14:55:49,cri.u-paris10.fr
2013-12-19 14:55:50,cri.u-paris10.fr
2013-12-19 14:55:59,isifar.u-paris10.fr
2013-12-19 14:55:59,apis.google.com
2013-12-19 14:55:59,accounts.google.com
2013-12-19 14:55:59,www.u-paris10.fr
2013-12-19 14:56:00,isifar.u-paris10.fr
2013-12-19 14:56:00,cri.u-paris10.fr
2013-12-19 14:56:01,accounts.google.com
2013-12-19 14:56:07,www.math.univ-paris-diderot.fr
2013-12-19 14:56:28,accounts.google.com
2013-12-19 14:56:28,isifar.u-paris10.fr
2013-12-19 14:56:57,www.bing.com
2013-12-19 14:56:58,www.bing.com
2013-12-19 14:57:00,www.univ-paris-diderot.fr
2013-12-19 14:57:00,www.bing.com
2013-12-19 14:57:01,www.univ-paris-diderot.fr
2013-12-19 14:57:07,www.univ-paris-diderot.fr
2013-12-19 14:57:08,www.univ-paris-diderot.fr
2013-12-19 14:57:09,login.live.com
2013-12-19 14:57:10,www.univ-paris-diderot.fr
2013-12-19 14:57:14,www.univ-paris-diderot.fr
2013-12-19 14:57:27,s-static.ak.facebook.com
2013-12-19 14:57:27,www.facebook.com
2013-12-19 14:57:27,static.ak.facebook.com
2013-12-19 14:57:27,platform.twitter.com
2013-12-19 14:57:27,www.univ-paris-diderot.fr
2013-12-19 14:57:27,www.univ-paris7.fr
2013-12-19 14:57:34,www.univ-paris-diderot.fr
2013-12-19 14:57:35,www.univ-paris-diderot.fr
2013-12-19 14:57:36,www.univ-paris-diderot.fr
2013-12-19 14:57:37,twitter.com
2013-12-19 14:57:43,www.univ-paris-diderot.fr
2013-12-19 14:57:48,www.univ-paris-diderot.fr
2013-12-19 14:57:59,www.univ-paris-diderot.fr
2013-12-19 14:58:03,www.univ-paris-diderot.fr
2013-12-19 14:58:07,twitter.com
2013-12-19 14:58:08,www.univ-paris-diderot.fr
2013-12-19 14:58:10,www.univ-paris-diderot.fr
2013-12-19 14:58:13,www.u-paris10.fr
2013-12-19 14:58:22,accounts.google.com
2013-12-19 14:58:22,apis.google.com
2013-12-19 15:01:07,ssl.bing.com
2013-12-19 15:01:26,www.univ-paris-diderot.fr
2013-12-19 15:01:27,www.univ-paris-diderot.fr
2013-12-19 15:01:33,www.univ-paris-diderot.fr
2013-12-19 15:01:40,www.univ-paris-diderot.fr
2013-12-19 15:01:41,www.univ-paris-diderot.fr
2013-12-19 15:01:58,www.univ-paris-diderot.fr
2013-12-19 15:02:00,www.univ-paris-diderot.fr
2013-12-19 15:02:03,www.univ-paris-diderot.fr
2013-12-19 15:02:31,www.bing.com
2013-12-19 15:02:31,www.pagesjaunes.fr
2013-12-19 15:02:32,logc258.at.pagesjaunes.fr
2013-12-19 15:02:32,ecn.api.tiles.virtualearth.net
2013-12-19 15:02:32,www.bing.com
2013-12-19 15:02:43,login.live.com
2013-12-19 15:02:44,www.bing.com
2013-12-19 15:02:45,www.bing.com
2013-12-19 15:02:45,ravel2008.mediactive.fr
2013-12-19 15:02:45,regie.aef.info
2013-12-19 15:02:45,ssl.bing.com
2013-12-19 15:02:46,ravel2008.mediactive.fr
2013-12-19 15:02:46,regie.aef.info
2013-12-19 15:02:52,www.pagesjaunes.fr
2013-12-19 15:02:52,www.bing.com
2013-12-19 15:02:54,www.bing.com
2013-12-19 15:03:01,www.bing.com
2013-12-19 15:03:01,logc258.at.pagesjaunes.fr
2013-12-19 15:03:01,www.pagesjaunes.fr
2013-12-19 15:03:05,www.univ-paris-diderot.fr
2013-12-19 15:03:06,www.bing.com
2013-12-19 15:03:06,www.univ-paris-diderot.fr
2013-12-19 15:03:06,static.ak.facebook.com
2013-12-19 15:03:06,www.facebook.com
2013-12-19 15:03:06,s-static.ak.facebook.com
2013-12-19 15:03:09,www.pagesjaunes.fr
2013-12-19 15:03:10,www.bing.com
2013-12-19 15:03:12,login.live.com
2013-12-19 15:03:12,www.bing.com
2013-12-19 15:03:16,twitter.com
2013-12-19 15:03:27,www.bing.com
2013-12-19 15:03:29,login.live.com
2013-12-19 15:03:30,www.bing.com
2013-12-19 15:03:51,ajax.googleapis.com
2013-12-19 15:04:40,ssl.bing.com
2014-01-20 15:57:56,fpdownload2.macromedia.com
2014-01-20 15:58:01,go.microsoft.com
2014-01-20 15:58:01,windows.microsoft.com
2014-01-20 15:58:01,res1.windows.microsoft.com
2014-01-20 15:58:01,ajax.microsoft.com
2014-01-20 15:58:01,res2.windows.microsoft.com
2014-01-20 15:58:01,js.microsoft.com
2014-01-20 15:58:02,js.microsoft.com
2014-01-20 15:58:02,res1.windows.microsoft.com
2014-01-20 15:58:05,www.bing.com
2014-01-20 15:58:06,www.bing.com
2014-01-20 15:58:07,cms.abmr.net
2014-01-20 15:58:07,login.live.com
2014-01-20 15:58:07,www.bing.com
2014-01-20 15:58:08,cerdi.org
2014-01-20 15:58:39,economie.u-clermont1.fr
2014-01-20 15:58:39,l.longtailvideo.com
2014-01-20 15:58:41,cerdi.org
2014-01-20 15:58:42,cerdi.org
2014-01-20 15:58:59,go.microsoft.com
2014-01-20 15:58:59,ieonline.microsoft.com
2014-01-20 16:53:15,ieonline.microsoft.com
2014-01-28 13:11:06,fpdownload2.macromedia.com
2014-01-28 13:11:14,www.bing.com
2014-01-28 13:11:15,www.bing.com
2014-01-28 13:11:16,www.bing.com
2014-01-28 13:11:16,cms.abmr.net
2014-01-28 13:11:16,mail.google.com
2014-01-28 13:11:25,www.bing.com
2014-01-28 13:11:26,login.live.com
2014-01-28 13:11:27,mail.google.com
2014-01-28 13:11:28,accounts.google.com
2014-01-28 13:11:29,accounts.google.com
2014-01-28 13:11:32,accounts.youtube.com
2014-01-28 13:11:40,ssl.bing.com
2014-01-28 13:11:44,mail.google.com
2014-01-28 13:11:50,accounts.google.com
2014-01-28 13:11:52,accounts.google.fr
2014-01-28 13:11:56,mail.google.com
2014-01-28 13:12:33,clients2.google.com
2014-01-28 13:12:38,mail.google.com
2014-01-28 13:12:46,www.bing.com
2014-01-28 13:12:47,www.bing.com
2014-01-28 13:12:48,login.live.com
2014-01-28 13:12:48,www.bing.com
2014-01-28 13:12:48,mail.google.com
2014-01-28 13:12:49,accounts.google.com
2014-01-28 13:12:51,accounts.google.com
2014-01-28 13:12:53,mail.google.com
2014-01-28 13:12:54,mail.google.com
2014-01-28 13:12:55,accounts.google.com
2014-01-28 13:12:55,mail.google.com
2014-01-28 13:12:57,clients2.google.com
2014-01-28 13:12:57,www.google.com
2014-01-28 13:12:57,mail.google.com
2014-01-28 13:12:59,mail.google.com
2014-01-28 13:13:04,mail.google.com
2014-01-28 13:13:04,clients2.google.com
2014-01-28 13:13:04,apis.google.com
2014-01-28 13:13:07,clients2.google.com
2014-01-28 13:13:08,mail.google.com
2014-01-28 13:13:09,mail.google.com
2014-01-28 13:13:24,mail.google.com
2014-01-28 13:13:25,mail.google.com
2014-01-28 13:13:25,chatenabled.mail.google.com
2014-01-28 13:13:29,accounts.google.com
2014-01-28 13:13:58,accounts.google.com
2014-01-28 13:13:58,accounts.youtube.com
2014-01-28 13:13:58,accounts.google.fr
2014-01-28 13:13:58,mail.google.com
2014-01-28 13:13:58,clients2.google.com
2014-01-28 13:14:18,ieonline.microsoft.com
2014-01-28 13:14:24,mail.google.com
2014-01-28 13:14:25,apis.google.com
2014-01-28 13:14:26,mail.google.com
2014-01-28 13:14:38,chatenabled.mail.google.com
2014-01-28 13:14:46,mail.google.com
2014-01-28 13:14:47,mail.google.com
2014-01-28 13:14:47,apis.google.com
2014-01-28 13:14:52,apis.google.com
2014-01-28 13:15:33,mail.google.com
2014-01-28 13:16:28,mail.google.com
2014-01-28 13:16:28,chatenabled.mail.google.com
2014-01-28 13:16:28,accounts.youtube.com
2014-01-28 13:16:29,www.google.com
2014-01-28 13:16:29,accounts.google.fr
2014-01-28 13:16:29,www.google.fr
2014-01-28 13:16:29,mail.google.com
2014-01-28 13:16:31,accounts.google.fr
2014-01-28 13:16:31,mail.google.com
2014-01-28 13:16:31,accounts.youtube.com
2014-01-28 13:16:31,accounts.google.com
2014-01-28 13:16:31,www.google.com
2014-02-13 10:14:26,www.gmail.com
2014-02-13 10:14:27,mail.google.com
2014-02-13 10:14:41,accounts.google.com
2014-02-13 10:14:44,accounts.youtube.com
2014-02-13 10:14:49,mail.google.com
2014-02-13 10:15:11,accounts.google.fr
2014-02-13 10:15:12,accounts.google.fr
2014-02-13 10:15:14,clients2.google.com
2014-02-13 10:15:14,mail.google.com
2014-02-13 10:15:14,accounts.google.fr
2014-02-13 10:15:14,accounts.youtube.com
2014-02-13 10:15:14,accounts.google.com
2014-02-13 10:15:14,apis.google.com
2014-02-13 10:15:16,www.google.com
2014-02-13 10:15:17,clients2.google.com
2014-02-13 10:15:20,chatenabled.mail.google.com
2014-02-13 10:15:20,mail.google.com
2014-02-13 10:15:26,apis.google.com
2014-02-13 10:15:26,accounts.google.com
2014-02-13 10:15:26,chatenabled.mail.google.com
2014-02-13 10:15:26,mail.google.com
2014-02-13 10:15:26,www.google.com
2014-02-13 10:15:28,drive.google.com
2014-02-13 10:15:29,plus.google.com
2014-02-13 10:15:56,clients6.google.com
2014-02-13 10:15:56,mail.google.com
2014-02-13 10:16:30,plus.google.com
2014-02-13 10:16:34,drive.google.com
2014-02-13 10:16:43,drive.google.com
2014-02-13 10:17:05,ieonline.microsoft.com
2014-02-13 10:17:11,apis.google.com
2014-02-13 10:17:11,clients6.google.com
2014-02-13 10:17:11,drive.google.com
2014-02-13 10:20:57,www.facebook.com
2014-02-13 10:21:05,www.bing.com
2014-02-13 10:21:05,apis.google.com
2014-02-13 10:21:06,www.bing.com
2014-02-13 10:21:07,cms.abmr.net
2014-02-13 10:21:07,www.bing.com
2014-02-13 10:21:08,www.bing.com
2014-02-13 10:21:15,fr-fr.facebook.com
2014-02-13 10:21:17,login.live.com
2014-02-13 10:21:21,mail.google.com
2014-02-13 10:21:21,drive.google.com
2014-02-13 10:21:23,fr-fr.facebook.com
2014-02-13 10:21:50,fr-fr.facebook.com
2014-02-13 10:22:06,mail.google.com
2014-02-13 10:22:08,www.google.fr
2014-02-13 10:22:08,www.google.com
2014-02-13 10:24:05,accounts.google.fr
2014-02-13 10:24:05,mail.google.com
2014-02-13 10:24:05,accounts.youtube.com
2014-02-13 10:24:05,accounts.google.com
2014-02-13 10:24:05,www.google.com
2014-02-13 11:46:11,www.bing.com
2014-02-13 11:46:12,www.bing.com
2014-02-13 11:46:13,mail.google.com
2014-02-13 11:46:13,www.bing.com
2014-02-13 11:46:17,www.bing.com
2014-02-13 11:46:22,www.bing.com
2014-02-13 11:46:26,login.live.com
2014-02-13 11:46:27,accounts.google.com
2014-02-13 11:46:30,accounts.youtube.com
2014-02-13 11:46:35,mail.google.com
2014-02-13 11:46:40,ssl.bing.com
2014-02-13 11:46:51,accounts.google.fr
2014-02-13 11:46:53,clients2.google.com
2014-02-13 11:46:53,accounts.google.com
2014-02-13 11:46:53,accounts.youtube.com
2014-02-13 11:46:53,accounts.google.fr
2014-02-13 11:46:53,mail.google.com
2014-02-13 11:46:53,apis.google.com
2014-02-13 11:46:54,mail.google.com
2014-02-13 11:46:56,www.google.com
2014-02-13 11:46:57,chatenabled.mail.google.com
2014-02-13 11:46:57,mail.google.com
2014-02-13 11:47:01,mail.google.com
2014-02-13 11:47:01,accounts.google.com
2014-02-13 11:47:09,mail.google.com
2014-02-13 11:47:09,chatenabled.mail.google.com
2014-02-13 11:47:16,apis.google.com
2014-02-13 11:47:16,www.google.com
2014-02-13 11:47:16,mail.google.com
2014-02-13 11:47:16,accounts.youtube.com
2014-02-13 11:47:16,accounts.google.com
2014-02-17 15:49:46,www.gmail.com
2014-02-17 15:49:46,mail.google.com
2014-02-17 15:50:00,accounts.google.com
2014-02-17 15:50:04,accounts.youtube.com
2014-02-17 15:50:18,mail.google.com
2014-02-17 15:50:19,mail.google.com
2014-02-17 15:50:23,accounts.google.fr
2014-02-17 15:50:26,clients2.google.com
2014-02-17 15:50:26,apis.google.com
2014-02-17 15:50:26,mail.google.com
2014-02-17 15:50:26,accounts.google.com
2014-02-17 15:50:26,accounts.youtube.com
2014-02-17 15:50:26,accounts.google.fr
2014-02-17 15:50:27,mail.google.com
2014-02-17 15:50:28,apis.google.com
2014-02-17 15:50:28,mail.google.com
2014-02-17 15:50:28,accounts.google.com
2014-02-17 15:50:28,www.google.com
2014-02-17 15:50:29,plus.google.com
2014-02-17 15:50:29,drive.google.com
2014-02-17 15:50:29,mail.google.com
2014-02-17 15:50:29,www.google.com
2014-02-17 15:50:30,chatenabled.mail.google.com
2014-02-17 15:50:30,plus.google.com
2014-02-17 15:50:30,mail.google.com
2014-02-17 15:50:33,drive.google.com
2014-02-17 15:50:43,drive.google.com
2014-02-17 15:50:58,drive.google.com
2014-02-17 15:50:58,clients6.google.com
2014-02-17 15:52:51,ieonline.microsoft.com
2014-02-17 15:54:16,clients6.google.com
2014-02-17 15:54:16,mail.google.com
2014-02-17 15:54:16,apis.google.com
2014-02-17 15:54:16,chatenabled.mail.google.com
2014-02-17 15:54:23,mail.google.com
2014-02-17 15:54:55,www.adobe.com
2014-02-17 15:58:16,mail.google.com
2014-02-17 15:58:16,drive.google.com
2014-02-17 16:21:38,mail.google.com
2014-02-17 16:26:39,mail.google.com
2014-02-17 16:31:39,mail.google.com
2014-02-17 16:36:39,mail.google.com
2014-02-17 16:40:06,mail.google.com
2014-02-17 16:42:38,mail.google.com
2014-02-17 16:46:11,mail.google.com
2014-02-17 16:47:38,mail.google.com
2014-02-17 16:51:39,mail.google.com
2014-02-17 16:55:36,mail.google.com
2014-02-17 16:55:37,mail.google.com
2014-02-17 16:57:19,mail.google.com
2014-02-17 16:57:22,mail.google.com
2014-02-17 16:57:22,drive.google.com
2014-02-17 16:57:22,www.google.fr
2014-02-17 16:57:23,www.google.com
2014-02-17 16:57:23,www.google.fr
2014-02-17 16:57:38,www.acrobat.com
2014-02-17 16:58:27,accounts.google.com
2014-02-17 16:58:27,mail.google.com
2014-02-17 16:58:27,accounts.youtube.com
2014-02-17 16:58:27,accounts.google.fr
2014-02-17 16:58:27,www.google.com
2014-02-24 15:53:49,www.gmail.com
2014-02-24 15:53:49,mail.google.com
2014-02-24 15:54:04,accounts.google.com
2014-02-24 15:54:07,accounts.youtube.com
2014-02-24 15:54:12,mail.google.com
2014-02-24 15:54:33,accounts.google.fr
2014-02-24 15:54:34,accounts.google.fr
2014-02-24 15:54:36,accounts.google.fr
2014-02-24 15:54:36,mail.google.com
2014-02-24 15:54:36,clients2.google.com
2014-02-24 15:54:36,apis.google.com
2014-02-24 15:54:36,accounts.google.com
2014-02-24 15:54:36,accounts.youtube.com
2014-02-24 15:54:37,clients2.google.com
2014-02-24 15:54:37,mail.google.com
2014-02-24 15:54:38,www.google.com
2014-02-24 15:54:38,accounts.google.com
2014-02-24 15:54:40,mail.google.com
2014-02-24 15:54:40,chatenabled.mail.google.com
2014-02-24 15:54:51,apis.google.com
2014-02-24 15:54:53,apis.google.com
2014-02-24 15:54:53,www.google.com
2014-02-24 15:54:53,chatenabled.mail.google.com
2014-02-24 15:54:54,mail.google.com
2014-02-24 15:54:56,drive.google.com
2014-02-24 15:54:56,plus.google.com
2014-02-24 15:54:59,mail.google.com
2014-02-24 15:55:24,clients6.google.com
2014-02-24 15:55:32,drive.google.com
2014-02-24 15:55:34,drive.google.com
2014-02-24 15:55:34,mail.google.com
2014-02-24 15:55:38,accounts.youtube.com
2014-02-24 15:55:38,accounts.google.com
2014-02-24 15:55:38,www.google.com
2014-02-24 15:55:38,clients6.google.com
2014-02-24 15:55:38,apis.google.com
2014-02-24 15:55:38,plus.google.com
2014-02-24 15:55:38,drive.google.com
2014-02-24 15:55:38,mail.google.com
2014-02-24 15:55:53,ieonline.microsoft.com
2014-03-02 15:50:03,www.bing.com
2014-03-02 15:50:04,www.bing.com
2014-03-02 15:50:05,cms.abmr.net
2014-03-02 15:50:06,www.bing.com
2014-03-02 15:50:06,mail.google.com
2014-03-02 15:50:10,mail.google.com
2014-03-02 15:50:13,www.bing.com
2014-03-02 15:50:15,mail.google.com
2014-03-02 15:50:18,accounts.google.com
2014-03-02 15:50:19,accounts.google.com
2014-03-02 15:50:20,accounts.google.com
2014-03-02 15:50:22,accounts.youtube.com
2014-03-02 15:50:34,mail.google.com
2014-03-02 15:50:35,mail.google.com
2014-03-02 15:50:36,accounts.google.fr
2014-03-02 15:50:39,accounts.google.com
2014-03-02 15:50:39,accounts.youtube.com
2014-03-02 15:50:39,accounts.google.fr
2014-03-02 15:50:39,mail.google.com
2014-03-02 15:50:39,clients2.google.com
2014-03-02 15:50:39,apis.google.com
2014-03-02 15:50:40,mail.google.com
2014-03-02 15:50:41,clients2.google.com
2014-03-02 15:50:41,www.google.com
2014-03-02 15:50:43,chatenabled.mail.google.com
2014-03-02 15:50:43,accounts.google.com
2014-03-02 15:50:43,mail.google.com
2014-03-02 15:50:46,www.google.com
2014-03-02 15:50:46,chatenabled.mail.google.com
2014-03-02 15:50:46,plus.google.com
2014-03-02 15:50:46,mail.google.com
2014-03-02 15:50:46,drive.google.com
2014-03-02 15:50:46,apis.google.com
2014-03-02 15:50:49,mail.google.com
2014-03-02 15:50:56,plus.google.com
2014-03-02 15:51:06,plus.google.com
2014-03-02 15:51:09,drive.google.com
2014-03-02 15:51:16,clients6.google.com
2014-03-02 15:52:07,mail.google.com
2014-03-02 15:52:07,drive.google.com
2014-03-02 15:52:13,apis.google.com
2014-03-02 15:52:13,clients6.google.com
2014-03-02 15:52:14,mail.google.com
2014-03-02 15:52:15,www.google.fr
2014-03-02 15:52:15,www.google.com
2014-03-02 15:52:15,plus.google.com
2014-03-02 15:52:15,mail.google.com
2014-03-02 15:52:16,mail.google.com
2014-03-02 15:52:16,accounts.youtube.com
2014-03-02 15:52:16,accounts.google.com
2014-03-02 15:52:16,accounts.google.fr
2014-03-02 15:52:16,docs.google.com
2014-03-02 15:52:16,www.google.com
2014-03-02 15:52:31,ieonline.microsoft.com
2014-03-02 16:23:08,www.bing.com
2014-03-02 16:23:10,2593244.r.msn.com
2014-03-02 16:23:10,www.bing.com
2014-03-02 16:23:10,login.live.com
2014-03-02 16:23:11,code.jquery.com
2014-03-02 16:23:12,www.bing.com
2014-03-02 16:23:15,mail.google.com
2014-03-02 16:23:15,www.gmail.com
2014-03-02 16:23:22,www.bing.com
2014-03-02 16:23:23,mail.google.com
2014-03-02 16:23:23,login.live.com
2014-03-02 16:23:27,accounts.google.com
2014-03-02 16:23:28,accounts.google.com
2014-03-02 16:23:30,accounts.youtube.com
2014-03-02 16:23:32,mail.google.com
2014-03-02 16:23:52,accounts.google.fr
2014-03-02 16:23:53,accounts.google.fr
2014-03-02 16:23:55,clients2.google.com
2014-03-02 16:23:57,www.google.com
2014-03-02 16:23:58,chatenabled.mail.google.com
2014-03-02 16:23:59,mail.google.com
2014-03-02 16:24:09,accounts.google.com
2014-03-02 16:24:10,mail.google.com
2014-03-02 16:24:11,mail.google.com
2014-03-02 16:24:11,chatenabled.mail.google.com
2014-03-02 16:24:11,clients2.google.com
2014-03-02 16:24:11,accounts.google.fr
2014-03-02 16:24:11,www.google.fr
2014-03-02 16:24:12,drive.google.com
2014-03-02 16:24:15,www.google.com
2014-03-02 16:24:18,accounts.youtube.com
2014-03-02 16:24:18,accounts.google.com
2014-03-02 16:25:13,mail.google.com
2014-03-02 16:25:13,accounts.google.fr
2014-03-02 16:25:13,accounts.google.com
2014-03-02 16:25:13,www.google.com
2014-03-02 16:25:13,accounts.youtube.com
2014-03-02 16:25:50,accounts.youtube.com
2014-03-02 16:25:50,accounts.google.com
2014-03-02 16:26:02,drive.google.com
2014-03-02 16:26:02,accounts.google.fr
2014-03-02 16:26:04,lh6.google.com
2014-03-02 16:26:04,www.google.com
2014-03-02 16:26:07,accounts.google.com
2014-03-02 16:26:07,accounts.youtube.com
2014-03-02 16:26:11,accounts.google.fr
2014-03-02 16:26:25,docs.google.com
2014-03-02 16:26:27,apis.google.com
2014-03-02 16:26:29,0.docs.google.com
2014-03-02 16:26:59,docs.google.com
2014-03-02 16:26:59,apis.google.com
2014-03-02 16:26:59,0.docs.google.com
2014-03-02 16:27:02,docs.google.com
2014-03-02 16:27:02,0.docs.google.com
2014-03-02 16:27:02,www.google.com
2014-03-02 16:27:02,drive.google.com
2014-03-02 16:27:02,lh6.google.com
2014-03-02 16:27:03,gg.google.com
2014-03-02 16:27:03,www.google.com
2014-03-02 17:26:35,mail.google.com
2014-03-02 17:26:42,mail.google.com
2014-03-02 17:26:47,accounts.google.com
2014-03-02 17:26:49,accounts.google.com
2014-03-02 17:26:51,accounts.youtube.com
2014-03-02 17:26:54,mail.google.com
2014-03-02 17:26:58,mail.google.com
2014-03-02 17:27:02,mail.google.com
2014-03-02 17:27:02,accounts.google.fr
2014-03-02 17:27:06,accounts.google.com
2014-03-02 17:27:06,accounts.youtube.com
2014-03-02 17:27:06,accounts.google.fr
2014-03-02 17:27:07,clients2.google.com
2014-03-02 17:27:07,www.google.com
2014-03-02 17:27:08,chatenabled.mail.google.com
2014-03-02 17:27:08,mail.google.com
2014-03-02 17:27:11,clients2.google.com
2014-03-02 17:27:11,apis.google.com
2014-03-02 17:27:21,www.google.com
2014-03-02 17:30:14,chatenabled.mail.google.com
2014-03-02 17:30:15,mail.google.com
2014-03-02 17:30:16,apis.google.com
2014-03-02 17:30:16,mail.google.com
2014-03-02 17:30:16,accounts.youtube.com
2014-03-02 17:30:16,accounts.google.com
2014-03-02 17:30:16,www.google.com
2014-03-02 17:30:16,www.google.fr
2014-03-03 16:19:27,www.google.fr
2014-03-03 16:19:47,clients2.google.com
2014-03-03 16:19:49,chatenabled.mail.google.com
2014-03-03 16:19:53,plus.google.com
2014-03-03 16:20:23,clients6.google.com
2014-03-03 16:20:23,apis.google.com
2014-03-03 16:20:26,drive.google.com
2014-03-03 16:20:54,accounts.youtube.com
2014-03-03 16:20:54,accounts.google.com
2014-03-03 16:20:54,accounts.google.fr
2014-03-03 16:20:54,www.google.com
2014-03-03 16:21:03,mail.google.com
2014-03-03 16:35:27,www.google.fr
2014-03-03 16:35:37,accounts.youtube.com
2014-03-03 16:35:37,accounts.google.com
2014-03-03 16:35:37,accounts.google.fr
2014-03-03 16:35:40,clients2.google.com
2014-03-03 16:35:40,www.google.com
2014-03-03 16:35:42,drive.google.com
2014-03-03 16:35:44,chatenabled.mail.google.com
2014-03-03 16:36:13,clients6.google.com
2014-03-03 16:36:22,plus.google.com
2014-03-03 16:38:02,apis.google.com
2014-03-03 16:38:02,mail.google.com
2014-03-03 16:40:07,accounts.google.com
2014-03-03 16:40:08,accounts.google.com
2014-03-03 16:40:11,accounts.youtube.com
2014-03-03 16:40:23,mail.google.com
2014-03-03 16:42:23,mail.google.com
2014-03-03 16:42:23,accounts.google.com
2014-03-03 16:42:23,accounts.youtube.com
2014-03-03 16:42:48,ieonline.microsoft.com
2014-03-03 17:09:56,mail.google.com
2014-03-03 17:37:11,accounts.google.com
2014-03-03 17:37:13,accounts.google.com
2014-03-03 17:37:16,accounts.youtube.com
2014-03-03 17:37:27,mail.google.com
2014-03-03 17:37:28,mail.google.com
2014-03-03 17:37:28,accounts.google.fr
2014-03-03 17:37:29,accounts.google.com
2014-03-03 17:37:29,accounts.youtube.com
2014-03-03 17:37:30,mail.google.com
2014-03-03 17:37:30,apis.google.com
2014-03-03 17:37:30,accounts.google.fr
2014-03-03 17:37:30,clients2.google.com
2014-03-03 17:37:32,www.google.com
2014-03-03 17:37:34,chatenabled.mail.google.com
2014-03-03 17:37:34,mail.google.com
2014-03-03 17:37:44,clients2.google.com
2014-03-03 17:37:58,mail.google.com
2014-03-03 17:38:04,mail.google.com
2014-03-03 17:38:04,accounts.google.com
2014-03-03 17:38:05,apis.google.com
2014-03-03 17:38:05,mail.google.com
2014-03-03 17:38:05,www.google.com
2014-03-03 17:38:05,chatenabled.mail.google.com
2014-03-03 17:38:06,apis.google.com
2014-03-03 17:38:06,clients2.google.com
2014-03-03 17:38:06,www.google.com
2014-03-03 17:38:07,mail.google.com
2014-03-03 17:38:08,chatenabled.mail.google.com
2014-03-03 17:38:08,plus.google.com
2014-03-03 17:39:55,mail.google.com
2014-03-03 17:39:56,mail.google.com
2014-03-03 17:40:09,accounts.google.com
2014-03-03 17:40:09,www.google.com
2014-03-03 17:40:09,mail.google.com
2014-03-03 17:40:09,accounts.youtube.com
2014-03-03 17:40:09,plus.google.com
2014-03-17 16:03:04,gtssl-ocsp.geotrust.com
2014-03-17 16:03:58,ocsp.verisign.com
2014-03-17 16:05:58,ocsp.digicert.com
2014-03-17 16:06:33,safebrowsing.clients.google.com
2014-03-17 16:06:33,safebrowsing-cache.google.com
2014-03-17 16:07:19,clients1.google.com
2014-03-17 16:07:19,gtglobal-ocsp.geotrust.com
2014-03-17 16:07:21,clients1.google.com
2014-03-17 16:07:25,www.google.fr
2014-03-17 16:07:26,www.t2c.fr
2014-03-17 16:07:26,www.google.fr
2014-03-17 16:07:31,www.t2c.fr
2014-03-17 16:07:32,www.t2c.fr
2014-03-17 16:07:35,www.t2c.fr
2014-03-17 16:07:36,www.t2c.fr
2014-03-17 16:07:39,www.t2c.fr
2014-03-17 16:07:40,www.t2c.fr
2014-03-17 16:07:41,www.t2c.fr
2014-03-17 16:07:42,www.t2c.fr
2014-03-17 16:07:48,www.t2c.fr
2014-03-17 16:07:49,www.t2c.fr
2014-03-17 16:07:50,www.t2c.fr
2014-03-17 16:07:51,www.t2c.fr
2014-03-17 16:08:18,ocsp.tcs.terena.org
2014-03-17 16:08:18,clients1.google.com
2014-03-17 16:08:18,ocsp.usertrust.com
2014-03-17 16:09:13,apis.google.com
2014-03-17 16:09:13,id.google.fr
2014-03-17 16:09:13,www.google.fr
2014-03-17 16:09:13,www.google.com
2014-03-17 16:27:26,accounts.google.com
2014-03-17 16:27:28,accounts.youtube.com
2014-03-17 16:27:33,mail.google.com
2014-03-17 16:27:49,accounts.google.fr
2014-03-17 16:27:51,accounts.google.com
2014-03-17 16:27:51,accounts.youtube.com
2014-03-17 16:27:51,accounts.google.fr
2014-03-17 16:27:52,clients2.google.com
2014-03-17 16:27:52,mail.google.com
2014-03-17 16:27:52,apis.google.com
2014-03-17 16:27:53,clients2.google.com
2014-03-17 16:27:54,mail.google.com
2014-03-17 16:27:54,drive.google.com
2014-03-17 16:27:54,plus.google.com
2014-03-17 16:27:54,accounts.google.com
2014-03-17 16:27:54,apis.google.com
2014-03-17 16:27:54,www.google.com
2014-03-17 16:27:55,www.google.com
2014-03-17 16:27:55,plus.google.com
2014-03-17 16:27:56,chatenabled.mail.google.com
2014-03-17 16:27:56,mail.google.com
2014-03-17 16:27:56,plus.google.com
2014-03-17 16:27:56,apis.google.com
2014-03-17 16:28:08,apis.google.com
2014-03-17 16:28:12,apis.google.com
2014-03-17 16:28:13,mail.google.com
2014-03-17 16:28:28,mail.google.com
2014-03-17 16:28:28,accounts.google.com
2014-03-17 16:28:28,www.google.com
2014-03-17 16:28:28,chatenabled.mail.google.com
2014-03-17 16:28:28,drive.google.com
2014-03-17 16:28:28,accounts.youtube.com
2014-03-17 16:28:43,ieonline.microsoft.com
2014-03-17 16:37:16,login.live.com
2014-03-17 16:37:20,www.facebook.com
2014-03-17 16:37:43,login.live.com
2014-03-17 16:38:55,login.live.com
2014-03-24 15:58:27,ieonline.microsoft.com
2014-03-24 16:55:04,www.gmail.com
2014-03-24 16:55:04,mail.google.com
2014-03-24 16:55:17,mail.google.com
2014-03-24 16:55:19,accounts.google.com
2014-03-24 16:55:20,accounts.google.com
2014-03-24 16:55:22,accounts.youtube.com
2014-03-24 16:55:36,mail.google.com
2014-03-24 16:56:05,accounts.google.fr
2014-03-24 16:56:07,apis.google.com
2014-03-24 16:56:07,mail.google.com
2014-03-24 16:56:07,clients2.google.com
2014-03-24 16:56:07,accounts.youtube.com
2014-03-24 16:56:07,accounts.google.com
2014-03-24 16:56:07,accounts.google.fr
2014-03-24 16:56:08,mail.google.com
2014-03-24 16:56:08,apis.google.com
2014-03-24 16:56:08,accounts.google.com
2014-03-24 16:56:09,www.google.com
2014-03-24 16:56:09,mail.google.com
2014-03-24 16:56:11,chatenabled.mail.google.com
2014-03-24 16:56:11,mail.google.com
2014-03-24 16:56:13,www.google.com
2014-03-24 16:56:19,apis.google.com
2014-03-24 16:56:23,apis.google.com
2014-03-24 16:56:45,apis.google.com
2014-03-24 16:56:45,chatenabled.mail.google.com
2014-03-24 16:56:45,www.google.com
2014-03-24 16:56:45,mail.google.com
2014-03-24 16:56:46,mail.google.com
2014-03-24 16:56:48,mail.google.com
2014-03-24 16:56:55,drive.google.com
2014-03-24 16:56:55,plus.google.com
2014-03-24 16:57:16,clients6.google.com
2014-03-24 16:57:59,mail.google.com
2014-03-24 16:58:15,apis.google.com
2014-03-24 16:58:15,clients6.google.com
2014-03-24 16:58:15,www.google.com
2014-03-24 16:58:15,mail.google.com
2014-03-24 16:58:15,accounts.youtube.com
2014-03-24 16:58:15,accounts.google.com
2014-03-31 15:52:41,www.gmail.com
2014-03-31 15:52:43,mail.google.com
2014-03-31 15:52:57,accounts.google.com
2014-03-31 15:52:59,accounts.youtube.com
2014-03-31 15:53:02,mail.google.com
2014-03-31 15:53:24,ieonline.microsoft.com
2014-03-31 15:53:29,accounts.google.fr
2014-03-31 15:53:30,accounts.google.com
2014-03-31 15:53:31,apis.google.com
2014-03-31 15:53:31,accounts.youtube.com
2014-03-31 15:53:31,mail.google.com
2014-03-31 15:53:31,accounts.google.fr
2014-03-31 15:53:31,clients2.google.com
2014-03-31 15:53:32,clients2.google.com
2014-03-31 15:53:33,apis.google.com
2014-03-31 15:53:33,www.google.com
2014-03-31 15:53:33,accounts.google.com
2014-03-31 15:53:35,chatenabled.mail.google.com
2014-03-31 15:53:35,www.google.com
2014-03-31 15:53:38,chatenabled.mail.google.com
2014-03-31 15:53:38,mail.google.com
2014-03-31 15:53:38,www.google.com
2014-03-31 15:53:38,www.google.fr
2014-03-31 15:53:40,www.google.com
2014-03-31 15:53:40,www.google.fr
2014-03-31 15:53:42,accounts.google.fr
2014-03-31 15:53:42,accounts.youtube.com
2014-03-31 15:53:42,accounts.google.com
2014-03-31 15:53:42,mail.google.com
2014-03-31 15:53:42,www.google.com
2014-03-31 16:55:36,pblvorg.free.fr
2014-03-31 16:55:36,lukasforums.free.fr
2014-03-31 16:55:36,connect.facebook.net
2014-03-31 16:55:36,www.plusbellelavie.org
2014-03-31 16:55:37,www.facebook.com
2014-03-31 16:55:37,static.ak.facebook.com
2014-03-31 16:55:37,fpdownload2.macromedia.com
2014-03-31 16:55:37,www.plusbellelavie.org
2014-03-31 16:55:37,pblvorg.free.fr
2014-03-31 16:55:38,tfobug5753.s.ad6media.fr
2014-03-31 16:55:38,style2.ad6.fr
2014-03-31 16:55:38,style.ad6.fr
2014-03-31 16:55:38,bi1281hpvj.s.ad6media.fr
2014-03-31 16:55:38,m.ad6media.fr
2014-03-31 16:55:38,f3flgwg3bv.s.ad6media.fr
2014-03-31 16:55:38,pblvorg.free.fr
2014-03-31 16:55:38,www.plusbellelavie.org
2014-03-31 16:55:38,www.google.com
2014-03-31 16:55:39,www.ad6media.fr
2014-03-31 16:55:39,bi1281hpvj.s.ad6media.fr
2014-03-31 16:55:39,style2.ad6.fr
2014-03-31 16:55:44,s-static.ak.facebook.com
2014-03-31 16:55:44,m.ad6media.fr
2014-03-31 16:55:44,style2.ad6.fr
2014-03-31 16:55:44,bi1281hpvj.s.ad6media.fr
2014-03-31 16:55:44,tfobug5753.s.ad6media.fr
2014-03-31 16:55:44,www.google.com
2014-03-31 16:55:44,tracking.s.ad6media.fr
2014-03-31 16:55:44,www.homair-villages.com
2014-03-31 16:55:46,tfobug5753.s.ad6media.fr
2014-03-31 16:55:49,m.ad6media.fr
2014-03-31 16:55:50,s-static.ak.facebook.com
2014-03-31 16:55:50,www.facebook.com
2014-03-31 16:55:50,pblvorg.free.fr
2014-03-31 16:55:50,www.plusbellelavie.org
2014-03-31 16:55:51,www.plusbellelavie.org
2014-03-31 16:55:51,tfobug5753.s.ad6media.fr
2014-03-31 16:55:51,f3flgwg3bv.s.ad6media.fr
2014-03-31 16:55:51,bi1281hpvj.s.ad6media.fr
2014-03-31 16:55:51,www.facebook.com
2014-03-31 16:55:51,pblvorg.free.fr
2014-03-31 16:55:52,www.facebook.com
2014-03-31 16:55:53,www.facebook.com
2014-03-31 16:55:54,graph.facebook.com
2014-03-31 16:56:43,www.facebook.com
2014-03-31 16:56:43,graph.facebook.com
2014-04-14 15:44:38,ieonline.microsoft.com
2014-04-14 15:54:36,www.bing.com
2014-04-14 15:54:37,www.bing.com
2014-04-14 15:54:37,cms.abmr.net
2014-04-14 15:54:38,wwwimages.adobe.com
2014-04-14 15:54:38,www.pylones.com
2014-04-14 15:54:38,www.adobe.com
2014-04-14 15:54:38,fpdownload2.macromedia.com
2014-04-14 15:54:39,www.pylones.com
2014-04-14 15:54:40,www.pylones.com
2014-04-14 15:54:41,www.pylones.com
2014-04-14 15:56:41,www.pylones.com
2014-04-14 15:58:41,www.pylones.com
2014-04-14 17:19:35,www.gmail.com
2014-04-14 17:19:48,mail.google.com
2014-04-14 17:19:51,accounts.google.com
2014-04-14 17:19:54,accounts.youtube.com
2014-04-14 17:20:09,accounts.google.fr
2014-04-14 17:20:11,accounts.google.fr
2014-04-14 17:20:11,clients2.google.com
2014-04-14 17:20:11,accounts.youtube.com
2014-04-14 17:20:11,accounts.google.com
2014-04-14 17:20:12,mail.google.com
2014-04-14 17:20:14,www.google.com
2014-04-14 17:20:14,clients2.google.com
2014-04-14 17:20:14,mail.google.com
2014-04-14 17:20:19,clients6.google.com
2014-04-14 17:20:19,apis.google.com
2014-04-14 17:20:19,mail.google.com
2014-04-14 17:20:24,chatenabled.mail.google.com
2014-04-14 17:20:25,mail.google.com
2014-04-14 17:20:44,www.google.com
2014-04-14 17:20:44,accounts.google.com
2014-04-14 17:20:58,clients6.google.com
2014-04-14 17:21:20,drive.google.com
2014-04-14 17:21:20,clients6.google.com
2014-04-14 17:21:22,chatenabled.mail.google.com
2014-04-14 17:22:35,drive.google.com
2014-04-14 17:22:35,mail.google.com
2014-04-14 17:22:35,apis.google.com
2014-04-14 17:22:37,mail.google.com
2014-04-14 17:22:38,clients6.google.com
2014-04-14 17:22:40,mail.google.com
2014-04-14 17:22:40,www.google.com
2014-04-14 17:22:41,mail.google.com
2014-04-14 17:22:55,mail.google.com
2014-04-14 17:22:57,mail.google.com
2014-04-14 17:23:01,mail.google.com
2014-04-14 17:23:05,www.google.fr
2014-04-14 17:23:05,mail.google.com
2014-04-14 17:23:05,www.google.com
2014-04-14 17:27:01,www.google.com
2014-04-14 17:27:01,mail.google.com
2014-04-14 17:27:05,accounts.google.fr
2014-04-14 17:27:07,accounts.google.com
2014-04-14 17:27:07,accounts.youtube.com
2014-04-14 17:27:07,mail.google.com
2014-04-14 17:27:43,mail.google.com
2014-04-14 17:27:45,accounts.google.com
2014-04-14 17:27:48,accounts.youtube.com
2014-04-14 17:28:09,accounts.google.fr
2014-04-14 17:28:11,accounts.google.fr
2014-04-14 17:28:13,accounts.google.com
2014-04-14 17:28:13,apis.google.com
2014-04-14 17:28:13,drive.google.com
2014-04-14 17:28:13,clients2.google.com
2014-04-14 17:28:14,clients6.google.com
2014-04-14 17:28:14,accounts.youtube.com
2014-04-14 17:28:15,www.google.com
2014-04-14 17:28:16,chatenabled.mail.google.com
2014-04-14 17:28:16,mail.google.com
2014-04-14 17:31:43,www.google.com
2014-04-14 17:31:44,mail.google.com
2014-04-14 17:31:45,accounts.youtube.com
2014-04-14 17:31:45,accounts.google.fr
2014-04-14 17:31:47,www.google.com
2014-04-14 17:31:48,accounts.google.com
2014-04-14 17:31:48,chatenabled.mail.google.com
2014-04-14 17:31:48,www.google.com
2014-04-14 17:31:48,mail.google.com
2014-04-14 17:31:48,clients2.google.com
2014-04-14 17:31:48,apis.google.com
2014-04-14 17:31:48,drive.google.com
